Entity,Code,Year,Daily birth rate in the peak month,Month with peak value
Australia,AUS,1962,62.976868,3
Australia,AUS,1963,61.67391,9
Australia,AUS,1964,57.644035,3
Australia,AUS,1965,56.87274,9
Australia,AUS,1966,54.714367,9
Australia,AUS,1967,55.26717,9
Australia,AUS,1968,57.813255,9
Australia,AUS,1969,58.291313,9
Australia,AUS,1970,58.683372,12
Australia,AUS,1971,61.357967,2
Australia,AUS,1972,58.434937,3
Australia,AUS,1973,53.802547,3
Australia,AUS,1974,50.81032,3
Australia,AUS,1975,48.20528,2
Australia,AUS,1976,46.70696,3
Australia,AUS,1977,45.808926,3
Australia,AUS,1978,45.60107,3
Australia,AUS,1979,44.612476,3
Australia,AUS,1980,43.490482,5
Australia,AUS,1981,45.592205,3
Australia,AUS,1982,46.065647,3
Australia,AUS,1983,46.702633,3
Australia,AUS,1984,45.044292,3
Australia,AUS,1985,43.97502,3
Australia,AUS,1986,43.37807,9
Australia,AUS,1987,43.368355,3
Australia,AUS,1988,43.90596,9
Australia,AUS,1989,43.655884,9
Australia,AUS,1990,43.67253,9
Australia,AUS,1991,42.33495,4
Australia,AUS,1992,43.23225,9
Australia,AUS,1993,42.365814,9
Australia,AUS,1994,42.892746,3
Australia,AUS,1995,41.668304,3
Australia,AUS,1996,40.208035,9
Australia,AUS,1997,39.574287,9
Australia,AUS,1998,38.91965,9
Australia,AUS,1999,39.083973,9
Australia,AUS,2000,37.916252,9
Australia,AUS,2001,37.122803,9
Australia,AUS,2002,36.68009,9
Australia,AUS,2003,36.93074,9
Australia,AUS,2004,36.20423,9
Australia,AUS,2005,38.27188,9
Australia,AUS,2006,39.192196,9
Australia,AUS,2007,39.13711,3
Australia,AUS,2008,38.80079,9
Australia,AUS,2009,38.73214,9
Australia,AUS,2010,38.945965,3
Australia,AUS,2011,38.29625,3
Australia,AUS,2012,37.37592,3
Australia,AUS,2013,37.230602,2
Australia,AUS,2014,37.553986,2
Australia,AUS,2015,35.826263,9
Australia,AUS,2016,35.937077,3
Australia,AUS,2017,34.29428,3
Australia,AUS,2018,33.279774,2
Australia,AUS,2019,33.209076,5
Australia,AUS,2020,31.342497,3
Australia,AUS,2021,35.06515,3
Austria,AUT,1914,67.45597,4
Austria,AUT,1915,66.44718,2
Austria,AUT,1916,43.049973,1
Austria,AUT,1917,40.38814,1
Austria,AUT,1918,41.56549,10
Austria,AUT,1919,61.339348,11
Austria,AUT,1920,62.292393,3
Austria,AUT,1921,66.16381,2
Austria,AUT,1922,66.08138,2
Austria,AUT,1923,64.29874,2
Austria,AUT,1924,60.505432,3
Austria,AUT,1925,59.46603,2
Austria,AUT,1926,55.704964,2
Austria,AUT,1927,51.938747,2
Austria,AUT,1928,49.439293,3
Austria,AUT,1929,47.574883,2
Austria,AUT,1930,47.78612,2
Austria,AUT,1931,46.34003,1
Austria,AUT,1932,43.971375,1
Austria,AUT,1933,42.860672,2
Austria,AUT,1934,40.02982,3
Austria,AUT,1935,38.12652,1
Austria,AUT,1936,37.94503,1
Austria,AUT,1937,36.74508,2
Austria,AUT,1938,42.868484,12
Austria,AUT,1939,57.227936,9
Austria,AUT,1940,67.31967,2
Austria,AUT,1941,60.738262,9
Austria,AUT,1942,50.178432,9
Austria,AUT,1943,54.963055,9
Austria,AUT,1944,54.776913,3
Austria,AUT,1945,51.1041,2
Austria,AUT,1946,50.76509,9
Austria,AUT,1947,56.76863,1
Austria,AUT,1948,53.043037,2
Austria,AUT,1949,52.194824,2
Austria,AUT,1950,46.898987,3
Austria,AUT,1951,44.23664,2
Austria,AUT,1952,43.42809,4
Austria,AUT,1953,44.159584,3
Austria,AUT,1954,44.735256,2
Austria,AUT,1955,45.684975,2
Austria,AUT,1956,49.522774,2
Austria,AUT,1957,50.186214,4
Austria,AUT,1958,51.95013,3
Austria,AUT,1959,52.99172,2
Austria,AUT,1960,52.90944,2
Austria,AUT,1961,54.512184,3
Austria,AUT,1962,54.711185,2
Austria,AUT,1963,57.520252,3
Austria,AUT,1964,55.49367,3
Austria,AUT,1965,54.26612,2
Austria,AUT,1966,50.971302,2
Austria,AUT,1967,51.82783,2
Austria,AUT,1968,49.803886,2
Austria,AUT,1969,48.458344,2
Austria,AUT,1970,44.584866,3
Austria,AUT,1971,43.247437,3
Austria,AUT,1972,40.759502,2
Austria,AUT,1973,38.316765,2
Austria,AUT,1974,37.58608,3
Austria,AUT,1975,36.566486,3
Austria,AUT,1976,34.320183,1
Austria,AUT,1977,33.32234,3
Austria,AUT,1978,32.19035,2
Austria,AUT,1979,32.863758,4
Austria,AUT,1980,34.702972,9
Austria,AUT,1981,35.464226,2
Austria,AUT,1982,35.23632,9
Austria,AUT,1983,34.2251,7
Austria,AUT,1984,34.125214,7
Austria,AUT,1985,33.10673,7
Austria,AUT,1986,33.103027,9
Austria,AUT,1987,32.84033,7
Austria,AUT,1988,33.320694,9
Austria,AUT,1989,33.594597,7
Austria,AUT,1990,33.830746,7
Austria,AUT,1991,35.537918,9
Austria,AUT,1992,35.380642,9
Austria,AUT,1993,34.71997,9
Austria,AUT,1994,33.6275,2
Austria,AUT,1995,32.50077,7
Austria,AUT,1996,31.435389,7
Austria,AUT,1997,30.511156,6
Austria,AUT,1998,29.356943,9
Austria,AUT,1999,29.232368,9
Austria,AUT,2000,28.398184,9
Austria,AUT,2001,26.981382,9
Austria,AUT,2002,28.62761,9
Austria,AUT,2003,27.50698,7
Austria,AUT,2004,28.424286,9
Austria,AUT,2005,27.712421,9
Austria,AUT,2006,27.63336,9
Austria,AUT,2007,26.950706,9
Austria,AUT,2008,27.304974,9
Austria,AUT,2009,27.11084,9
Austria,AUT,2010,27.65912,9
Austria,AUT,2011,27.719633,9
Austria,AUT,2012,27.544067,7
Austria,AUT,2013,28.16755,9
Austria,AUT,2014,28.588087,9
Austria,AUT,2015,28.629654,9
Austria,AUT,2016,30.631495,9
Austria,AUT,2017,29.119164,7
Austria,AUT,2018,28.732874,7
Austria,AUT,2019,28.350855,7
Austria,AUT,2020,27.78091,7
Austria,AUT,2021,29.334473,9
Austria,AUT,2022,27.927568,9
Austria,AUT,2023,24.865423,7
Belarus,BLR,1945,72.80489,1
Belarus,BLR,1946,69.04189,8
Belarus,BLR,1947,102.62713,1
Belarus,BLR,1948,97.2221,1
Belarus,BLR,1949,126.55736,1
Belarus,BLR,1950,105.88705,1
Belarus,BLR,1951,104.79236,1
Belarus,BLR,1952,103.76609,1
Belarus,BLR,1953,84.19852,1
Belarus,BLR,1954,88.15469,1
Belarus,BLR,1955,92.931885,1
Belarus,BLR,1956,97.55212,1
Belarus,BLR,1957,91.10069,1
Belarus,BLR,1958,96.03484,1
Belarus,BLR,1959,93.64021,1
Belarus,BLR,1964,59.350758,1
Belarus,BLR,1965,57.27274,1
Belarus,BLR,1966,52.909462,4
Belarus,BLR,1967,50.624737,1
Belarus,BLR,1968,48.662437,1
Belarus,BLR,1969,47.592945,1
Belarus,BLR,1970,48.180836,4
Belarus,BLR,1971,48.33291,5
Belarus,BLR,1972,48.98417,4
Belarus,BLR,1973,46.18925,6
Belarus,BLR,1974,46.696716,5
Belarus,BLR,1975,46.28313,5
Belarus,BLR,1976,46.686966,7
Belarus,BLR,1977,45.602024,5
Belarus,BLR,1978,46.766518,5
Belarus,BLR,1979,46.56355,4
Belarus,BLR,1980,47.79577,5
Belarus,BLR,1981,47.179596,8
Belarus,BLR,1982,46.92155,12
Belarus,BLR,1983,51.127235,7
Belarus,BLR,1984,50.191753,7
Belarus,BLR,1985,49.153564,4
Belarus,BLR,1986,52.07674,7
Belarus,BLR,1987,47.439323,10
Belarus,BLR,1988,48.501728,5
Belarus,BLR,1989,44.643738,5
Belarus,BLR,1990,42.3677,1
Belarus,BLR,1997,27.872004,1
Belarus,BLR,1998,28.300604,1
Belarus,BLR,1999,28.93811,1
Belarus,BLR,2000,28.23797,1
Belarus,BLR,2001,29.188717,1
Belarus,BLR,2002,28.552849,1
Belarus,BLR,2003,29.765867,1
Belarus,BLR,2004,29.216753,1
Belarus,BLR,2005,29.465479,1
Belarus,BLR,2006,29.720856,8
Belarus,BLR,2007,32.11133,7
Belarus,BLR,2008,34.81707,7
Belarus,BLR,2009,34.651752,7
Belarus,BLR,2010,33.0225,6
Belarus,BLR,2011,35.64098,7
Belarus,BLR,2012,36.482357,8
Belarus,BLR,2013,37.43164,7
Belarus,BLR,2014,37.86731,7
Belarus,BLR,2015,37.92121,7
Belarus,BLR,2016,35.991383,7
Belgium,BEL,1900,88.323,2
Belgium,BEL,1901,90.331665,2
Belgium,BEL,1902,86.764725,2
Belgium,BEL,1903,82.57348,3
Belgium,BEL,1904,79.75692,3
Belgium,BEL,1905,81.0058,2
Belgium,BEL,1906,78.62431,3
Belgium,BEL,1907,76.90222,2
Belgium,BEL,1908,75.484245,2
Belgium,BEL,1909,72.99225,2
Belgium,BEL,1910,70.43452,2
Belgium,BEL,1911,68.71652,2
Belgium,BEL,1912,68.76276,2
Belgium,BEL,1913,66.9737,3
Belgium,BEL,1914,645.4038,12
Belgium,BEL,1918,382.47855,2
Belgium,BEL,1919,65.04965,10
Belgium,BEL,1920,67.5929,2
Belgium,BEL,1921,64.6982,3
Belgium,BEL,1922,63.18514,1
Belgium,BEL,1923,61.85203,2
Belgium,BEL,1924,58.010662,3
Belgium,BEL,1925,59.75435,3
Belgium,BEL,1926,57.25715,2
Belgium,BEL,1927,53.411068,5
Belgium,BEL,1928,55.10084,3
Belgium,BEL,1929,54.11365,2
Belgium,BEL,1930,55.619377,2
Belgium,BEL,1931,54.1306,3
Belgium,BEL,1932,54.652016,2
Belgium,BEL,1933,50.323402,2
Belgium,BEL,1934,47.914455,2
Belgium,BEL,1935,46.767593,2
Belgium,BEL,1936,45.13041,3
Belgium,BEL,1937,45.249256,5
Belgium,BEL,1938,45.88427,5
Belgium,BEL,1939,46.577145,2
Belgium,BEL,1940,45.645756,2
Belgium,BEL,1941,38.202568,5
Belgium,BEL,1942,37.781494,3
Belgium,BEL,1943,42.200787,5
Belgium,BEL,1944,44.521736,5
Belgium,BEL,1945,44.67261,6
Belgium,BEL,1946,54.78233,5
Belgium,BEL,1947,52.42952,2
Belgium,BEL,1948,51.003365,7
Belgium,BEL,1949,50.126003,2
Belgium,BEL,1950,49.614872,2
Belgium,BEL,1951,47.656296,2
Belgium,BEL,1952,48.34453,2
Belgium,BEL,1953,48.048378,2
Belgium,BEL,1954,49.97161,5
Belgium,BEL,1955,48.653873,5
Belgium,BEL,1956,49.606876,3
Belgium,BEL,1957,49.340614,6
Belgium,BEL,1958,49.998203,3
Belgium,BEL,1959,50.45263,4
Belgium,BEL,1960,48.90539,5
Belgium,BEL,1961,50.264233,2
Belgium,BEL,1962,48.782764,5
Belgium,BEL,1963,50.01156,4
Belgium,BEL,1964,49.806416,4
Belgium,BEL,1965,47.69861,4
Belgium,BEL,1966,47.20963,4
Belgium,BEL,1967,46.031998,5
Belgium,BEL,1968,43.189327,5
Belgium,BEL,1969,43.156822,5
Belgium,BEL,1970,42.65768,6
Belgium,BEL,1971,43.129726,4
Belgium,BEL,1972,40.445866,6
Belgium,BEL,1973,39.341694,6
Belgium,BEL,1974,37.228603,5
Belgium,BEL,1975,35.589867,4
Belgium,BEL,1976,35.488995,6
Belgium,BEL,1977,36.837917,6
Belgium,BEL,1978,37.280487,5
Belgium,BEL,1979,37.121548,5
Belgium,BEL,1980,35.852623,4
Belgium,BEL,1981,35.84989,9
Belgium,BEL,1982,35.22229,4
Belgium,BEL,1983,34.76544,6
Belgium,BEL,1984,33.354214,7
Belgium,BEL,1985,33.296055,7
Belgium,BEL,1986,34.129272,6
Belgium,BEL,1987,34.628914,6
Belgium,BEL,1988,34.737038,3
Belgium,BEL,1989,34.776276,6
Belgium,BEL,1990,34.907562,5
Belgium,BEL,1991,36.473194,7
Belgium,BEL,1992,35.637283,2
Belgium,BEL,1993,34.783844,7
Belgium,BEL,1994,33.761673,6
Belgium,BEL,1995,33.682842,6
Belgium,BEL,1996,32.370537,7
Belgium,BEL,1997,33.28703,7
Belgium,BEL,1998,32.612175,9
Belgium,BEL,1999,32.20562,9
Belgium,BEL,2000,32.135334,8
Belgium,BEL,2001,31.736357,7
Belgium,BEL,2002,31.420013,7
Belgium,BEL,2003,32.08485,7
Belgium,BEL,2004,32.33342,7
Belgium,BEL,2005,32.443855,9
Belgium,BEL,2006,33.764725,9
Belgium,BEL,2007,33.93729,8
Belgium,BEL,2008,34.653393,7
Belgium,BEL,2009,33.903667,9
Belgium,BEL,2010,34.10571,9
Belgium,BEL,2011,33.43601,8
Belgium,BEL,2012,32.30106,7
Belgium,BEL,2013,33.041473,7
Belgium,BEL,2014,32.491123,7
Belgium,BEL,2015,31.180998,7
Belgium,BEL,2016,30.84102,9
Belgium,BEL,2017,30.524126,8
Belgium,BEL,2018,30.070982,7
Belgium,BEL,2019,30.36635,7
Belgium,BEL,2020,29.273636,7
Belgium,BEL,2021,30.566467,9
Belgium,BEL,2022,27.823366,9
Belgium,BEL,2023,27.164366,8
Bulgaria,BGR,1900,72.43386,10
Bulgaria,BGR,1905,79.77364,1
Bulgaria,BGR,1910,85.230934,2
Bulgaria,BGR,1920,104.19589,2
Bulgaria,BGR,1925,97.06702,2
Bulgaria,BGR,1930,86.10816,3
Bulgaria,BGR,1935,77.50623,2
Bulgaria,BGR,1939,61.11435,10
Bulgaria,BGR,1940,64.83703,3
Bulgaria,BGR,1941,67.581985,3
Bulgaria,BGR,1942,72.51465,9
Bulgaria,BGR,1943,69.46001,9
Bulgaria,BGR,1944,70.864006,10
Bulgaria,BGR,1945,72.89411,9
Bulgaria,BGR,1946,83.99666,3
Bulgaria,BGR,1947,79.83095,2
Bulgaria,BGR,1948,77.38252,2
Bulgaria,BGR,1949,76.751015,2
Bulgaria,BGR,1950,79.89519,2
Bulgaria,BGR,1951,68.55852,1
Bulgaria,BGR,1952,63.31944,3
Bulgaria,BGR,1953,67.149574,3
Bulgaria,BGR,1954,59.602722,3
Bulgaria,BGR,1955,62.92071,3
Bulgaria,BGR,1956,59.264156,3
Bulgaria,BGR,1957,57.584785,3
Bulgaria,BGR,1958,54.882843,3
Bulgaria,BGR,1959,57.531376,2
Bulgaria,BGR,1960,56.171417,3
Bulgaria,BGR,1961,53.558804,3
Bulgaria,BGR,1962,54.035995,2
Bulgaria,BGR,1963,51.040028,3
Bulgaria,BGR,1964,48.58668,3
Bulgaria,BGR,1965,45.4183,4
Bulgaria,BGR,1966,42.93306,3
Bulgaria,BGR,1967,43.0564,3
Bulgaria,BGR,1968,52.225773,9
Bulgaria,BGR,1969,49.646217,3
Bulgaria,BGR,1970,47.709484,4
Bulgaria,BGR,1971,45.573807,4
Bulgaria,BGR,1972,44.28755,4
Bulgaria,BGR,1973,47.782543,12
Bulgaria,BGR,1974,50.78115,1
Bulgaria,BGR,1975,47.718025,5
Bulgaria,BGR,1976,47.524807,5
Bulgaria,BGR,1977,46.716343,3
Bulgaria,BGR,1978,44.27423,4
Bulgaria,BGR,1979,43.77616,5
Bulgaria,BGR,1980,41.090218,5
Bulgaria,BGR,1981,40.680393,6
Bulgaria,BGR,1982,41.026474,6
Bulgaria,BGR,1983,40.171013,8
Bulgaria,BGR,1984,39.752586,5
Bulgaria,BGR,1985,39.318245,8
Bulgaria,BGR,1986,39.01343,7
Bulgaria,BGR,1987,38.73186,7
Bulgaria,BGR,1988,38.668797,7
Bulgaria,BGR,1989,36.390167,6
Bulgaria,BGR,1990,34.5728,1
Bulgaria,BGR,1991,33.025005,7
Bulgaria,BGR,1992,30.735453,6
Bulgaria,BGR,1993,30.347939,7
Bulgaria,BGR,1994,27.356531,6
Bulgaria,BGR,1995,24.88642,8
Bulgaria,BGR,1996,26.56561,7
Bulgaria,BGR,1997,23.735256,5
Bulgaria,BGR,1998,24.324905,7
Bulgaria,BGR,1999,26.5646,7
Bulgaria,BGR,2000,26.86733,7
Bulgaria,BGR,2001,25.159266,7
Bulgaria,BGR,2002,25.065794,9
Bulgaria,BGR,2003,26.116703,7
Bulgaria,BGR,2004,26.155785,7
Bulgaria,BGR,2005,26.842382,8
Bulgaria,BGR,2006,28.718985,7
Bulgaria,BGR,2007,29.353662,7
Bulgaria,BGR,2008,30.9657,9
Bulgaria,BGR,2009,32.799683,9
Bulgaria,BGR,2010,29.475119,7
Bulgaria,BGR,2011,28.70094,7
Bulgaria,BGR,2012,27.915033,9
Bulgaria,BGR,2013,27.833275,9
Bulgaria,BGR,2014,27.609676,7
Bulgaria,BGR,2015,27.683138,7
Bulgaria,BGR,2016,27.236307,9
Bulgaria,BGR,2017,26.929045,7
Bulgaria,BGR,2018,26.426249,7
Bulgaria,BGR,2019,27.07073,7
Bulgaria,BGR,2020,25.782259,7
Bulgaria,BGR,2021,24.76401,9
Canada,CAN,1921,56.221394,3
Canada,CAN,1922,54.98833,3
Canada,CAN,1923,51.17363,3
Canada,CAN,1924,50.92368,3
Canada,CAN,1925,49.41411,3
Canada,CAN,1926,74.53408,4
Canada,CAN,1927,72.711494,4
Canada,CAN,1928,70.603355,3
Canada,CAN,1929,68.35275,5
Canada,CAN,1930,70.40338,3
Canada,CAN,1931,67.53221,4
Canada,CAN,1932,65.207664,3
Canada,CAN,1933,62.761093,4
Canada,CAN,1934,59.00565,4
Canada,CAN,1935,60.05238,4
Canada,CAN,1936,59.153717,3
Canada,CAN,1937,59.183495,5
Canada,CAN,1938,59.82292,4
Canada,CAN,1939,60.29801,3
Canada,CAN,1940,63.446526,7
Canada,CAN,1941,67.4234,4
Canada,CAN,1942,67.088684,5
Canada,CAN,1943,71.21401,5
Canada,CAN,1944,71.2654,6
Canada,CAN,1945,69.35011,6
Canada,CAN,1946,79.387146,7
Canada,CAN,1947,86.716,6
Canada,CAN,1948,77.23345,4
Canada,CAN,1949,79.973946,5
Canada,CAN,1950,79.94997,6
Canada,CAN,1951,80.72253,5
Canada,CAN,1952,81.05161,6
Canada,CAN,1953,80.77551,6
Canada,CAN,1954,82.019844,6
Canada,CAN,1955,82.10881,4
Canada,CAN,1956,80.469406,6
Canada,CAN,1957,82.93571,5
Canada,CAN,1958,80.21562,5
Canada,CAN,1959,78.16989,6
Canada,CAN,1960,77.56249,9
Canada,CAN,1961,74.244965,4
Canada,CAN,1962,72.44125,9
Canada,CAN,1963,71.627335,5
Canada,CAN,1964,68.83297,6
Canada,CAN,1965,61.90753,6
Canada,CAN,1966,56.628014,4
Canada,CAN,1967,53.217583,5
Canada,CAN,1968,51.14359,5
Canada,CAN,1969,51.436512,5
Canada,CAN,1970,50.30467,4
Canada,CAN,1971,48.60943,3
Canada,CAN,1972,44.70264,5
Canada,CAN,1973,44.040554,5
Canada,CAN,1974,43.957546,9
Canada,CAN,1975,44.740955,9
Canada,CAN,1976,44.090256,6
Canada,CAN,1977,43.51931,3
Canada,CAN,1978,42.935135,5
Canada,CAN,1979,43.475056,5
Canada,CAN,1980,44.083664,9
Canada,CAN,1981,43.084785,4
Canada,CAN,1982,42.67854,9
Canada,CAN,1983,42.407375,5
Canada,CAN,1984,42.147846,9
Canada,CAN,1985,41.93847,4
Canada,CAN,1986,42.06782,4
Canada,CAN,1987,41.36744,4
Canada,CAN,1988,40.56614,9
Canada,CAN,1989,41.669373,6
Canada,CAN,1990,43.09195,5
Canada,CAN,1991,42.14394,4
Canada,CAN,1992,41.569614,4
Canada,CAN,1993,39.78746,4
Canada,CAN,1994,38.757797,6
Canada,CAN,1995,38.137005,5
Canada,CAN,1996,36.162693,5
Canada,CAN,1997,34.31018,5
Canada,CAN,1998,33.553864,4
Canada,CAN,1999,32.182514,6
Canada,CAN,2000,31.404497,5
Canada,CAN,2001,31.174402,5
Canada,CAN,2002,30.698992,9
Canada,CAN,2003,31.115942,9
Canada,CAN,2004,30.692541,9
Canada,CAN,2005,31.109562,9
Canada,CAN,2006,32.31594,9
Canada,CAN,2007,32.501633,9
Canada,CAN,2008,33.786625,9
Canada,CAN,2009,33.499794,9
Canada,CAN,2010,32.695866,9
Canada,CAN,2011,32.420258,9
Canada,CAN,2012,31.98298,8
Canada,CAN,2013,31.392271,9
Canada,CAN,2014,31.825804,9
Canada,CAN,2015,31.344917,9
Canada,CAN,2016,31.346682,9
Canada,CAN,2017,29.844143,9
Canada,CAN,2018,29.161055,8
Canada,CAN,2019,29.145947,7
Canada,CAN,2020,27.50003,7
Canada,CAN,2021,28.410166,9
Canada,CAN,2022,26.141891,8
Canada,CAN,2023,25.247622,9
Chile,CHL,1947,45.318127,10
Chile,CHL,1948,46.47726,11
Chile,CHL,1949,45.99775,11
Chile,CHL,1950,45.45661,10
Chile,CHL,1951,48.046497,10
Chile,CHL,1952,47.62708,9
Chile,CHL,1953,51.40792,9
Chile,CHL,1954,50.807907,9
Chile,CHL,1955,53.77032,9
Chile,CHL,1956,55.276634,9
Chile,CHL,1957,57.016422,9
Chile,CHL,1958,60.33282,9
Chile,CHL,1959,61.133675,9
Chile,CHL,1960,61.2656,10
Chile,CHL,1961,62.828278,9
Chile,CHL,1962,64.89946,9
Chile,CHL,1963,62.140396,9
Chile,CHL,1964,62.75547,9
Chile,CHL,1965,62.291027,9
Chile,CHL,1966,61.20146,9
Chile,CHL,1968,54.714275,9
Chile,CHL,1969,52.22384,9
Chile,CHL,1970,55.474964,9
Chile,CHL,1971,57.44572,9
Chile,CHL,1972,57.209732,9
Chile,CHL,1973,57.32522,9
Chile,CHL,1974,55.61555,9
Chile,CHL,1975,53.93812,1
Chile,CHL,1976,50.34346,9
Chile,CHL,1977,47.93336,9
Chile,CHL,1978,48.380234,9
Chile,CHL,1979,48.031273,9
Chile,CHL,1980,51.98534,9
Chile,CHL,1981,57.912678,9
Chile,CHL,1982,57.307644,9
Chile,CHL,1983,54.49335,9
Chile,CHL,1984,56.800518,9
Chile,CHL,1985,56.624783,9
Chile,CHL,1986,59.12275,9
Chile,CHL,1987,61.39226,9
Chile,CHL,1988,64.82916,9
Chile,CHL,1989,65.142975,9
Chile,CHL,1990,63.727043,9
Chile,CHL,1991,62.36885,9
Chile,CHL,1992,61.550224,9
Chile,CHL,1993,60.220703,9
Chile,CHL,1994,58.777115,9
Chile,CHL,1995,53.88816,1
Chile,CHL,1996,55.08525,9
Chile,CHL,1997,53.481434,1
Chile,CHL,1998,52.774136,9
Chile,CHL,1999,48.82413,9
Chile,CHL,2000,48.94487,9
Chile,CHL,2001,47.193375,1
Chile,CHL,2002,45.873215,1
Chile,CHL,2003,45.015785,1
Chile,CHL,2004,43.46518,9
Chile,CHL,2005,42.551254,9
Chile,CHL,2006,41.896225,9
Chile,CHL,2007,42.747364,9
Chile,CHL,2008,44.443443,9
Chile,CHL,2009,44.545124,9
Chile,CHL,2010,43.86108,9
Chile,CHL,2011,43.749363,3
Chile,CHL,2012,41.341595,3
Chile,CHL,2013,40.682877,1
Chile,CHL,2014,41.66895,1
Chile,CHL,2015,41.739098,1
Chile,CHL,2016,39.881584,3
Chile,CHL,2017,35.707016,3
Chile,CHL,2018,35.07187,5
Chile,CHL,2019,35.464447,1
Croatia,HRV,1950,78.50075,1
Croatia,HRV,1951,78.72604,1
Croatia,HRV,1952,68.745415,1
Croatia,HRV,1953,78.52328,1
Croatia,HRV,1954,69.22604,1
Croatia,HRV,1955,73.138695,1
Croatia,HRV,1956,66.89047,1
Croatia,HRV,1957,65.34344,1
Croatia,HRV,1958,64.86281,1
Croatia,HRV,1959,62.2719,1
Croatia,HRV,1960,61.56597,1
Croatia,HRV,1961,56.474274,1
Croatia,HRV,1962,57.352932,1
Croatia,HRV,1963,51.31499,1
Croatia,HRV,1964,51.172302,1
Croatia,HRV,1965,49.580208,1
Croatia,HRV,1966,50.999573,1
Croatia,HRV,1967,50.383766,1
Croatia,HRV,1968,49.182186,1
Croatia,HRV,1969,46.33594,1
Croatia,HRV,1970,42.926456,1
Croatia,HRV,1971,45.195442,9
Croatia,HRV,1972,45.90162,9
Croatia,HRV,1973,45.52913,4
Croatia,HRV,1974,45.487324,1
Croatia,HRV,1975,45.6225,1
Croatia,HRV,1976,46.522438,9
Croatia,HRV,1977,46.095623,9
Croatia,HRV,1978,46.522438,9
Croatia,HRV,1979,46.39602,8
Croatia,HRV,1980,45.78021,7
Croatia,HRV,1981,45.071278,4
Croatia,HRV,1982,44.14781,9
Croatia,HRV,1983,44.383373,8
Croatia,HRV,1984,43.084663,9
Croatia,HRV,1985,42.626812,4
Croatia,HRV,1986,40.500515,9
Croatia,HRV,1987,40.2229,7
Croatia,HRV,1988,39.646893,9
Croatia,HRV,1989,37.031704,9
Croatia,HRV,1990,37.436737,7
Croatia,HRV,1991,35.184776,6
Croatia,HRV,1992,33.159363,11
Croatia,HRV,1993,33.471523,1
Croatia,HRV,1994,33.45425,9
Croatia,HRV,1995,35.890953,9
Croatia,HRV,1996,36.8377,9
Croatia,HRV,1997,37.722363,9
Croatia,HRV,1998,32.37558,9
Croatia,HRV,1999,33.14384,9
Croatia,HRV,2000,30.233763,9
Croatia,HRV,2001,28.250187,9
Croatia,HRV,2002,28.329111,9
Croatia,HRV,2003,28.482727,9
Croatia,HRV,2004,28.668016,9
Croatia,HRV,2005,28.540857,9
Croatia,HRV,2006,27.94496,9
Croatia,HRV,2007,29.386482,9
Croatia,HRV,2008,30.273739,9
Croatia,HRV,2009,31.88376,9
Croatia,HRV,2010,30.236242,9
Croatia,HRV,2011,28.04185,9
Croatia,HRV,2012,29.741127,9
Croatia,HRV,2013,29.021635,9
Croatia,HRV,2014,29.257307,9
Croatia,HRV,2015,26.406166,9
Croatia,HRV,2016,29.433643,9
Croatia,HRV,2017,26.719835,9
Croatia,HRV,2018,27.500292,9
Croatia,HRV,2019,27.098448,9
Croatia,HRV,2020,27.656713,9
Czechia,CZE,1919,83.00419,9
Czechia,CZE,1920,80.80271,5
Czechia,CZE,1921,83.230354,5
Czechia,CZE,1922,85.04709,4
Czechia,CZE,1923,82.27093,5
Czechia,CZE,1924,78.351326,4
Czechia,CZE,1925,76.18365,5
Czechia,CZE,1926,74.01767,4
Czechia,CZE,1927,69.98068,6
Czechia,CZE,1928,68.74445,3
Czechia,CZE,1929,67.97764,5
Czechia,CZE,1930,69.64646,4
Czechia,CZE,1931,66.78925,5
Czechia,CZE,1932,64.94672,3
Czechia,CZE,1933,59.239082,2
Czechia,CZE,1934,59.066586,3
Czechia,CZE,1935,54.632866,3
Czechia,CZE,1936,53.62983,5
Czechia,CZE,1937,51.94356,5
Czechia,CZE,1945,53.200996,5
Czechia,CZE,1946,66.25139,5
Czechia,CZE,1947,67.625114,3
Czechia,CZE,1948,67.28137,2
Czechia,CZE,1949,60.196823,3
Czechia,CZE,1950,61.42654,3
Czechia,CZE,1951,61.622623,3
Czechia,CZE,1952,59.31532,4
Czechia,CZE,1953,56.449394,5
Czechia,CZE,1954,55.539814,5
Czechia,CZE,1955,53.278633,4
Czechia,CZE,1956,51.753727,5
Czechia,CZE,1957,50.05381,4
Czechia,CZE,1958,48.726517,3
Czechia,CZE,1959,41.344322,4
Czechia,CZE,1960,41.151653,4
Czechia,CZE,1961,41.78337,4
Czechia,CZE,1962,43.11864,4
Czechia,CZE,1963,46.01209,5
Czechia,CZE,1964,50.675407,4
Czechia,CZE,1965,49.337,4
Czechia,CZE,1966,45.914078,4
Czechia,CZE,1967,43.811314,4
Czechia,CZE,1968,42.496872,4
Czechia,CZE,1969,45.715244,4
Czechia,CZE,1970,46.788532,4
Czechia,CZE,1971,49.750813,4
Czechia,CZE,1972,49.90969,6
Czechia,CZE,1973,55.225376,4
Czechia,CZE,1974,61.218746,4
Czechia,CZE,1975,59.22423,4
Czechia,CZE,1976,56.588852,3
Czechia,CZE,1977,54.74518,5
Czechia,CZE,1978,54.133827,4
Czechia,CZE,1979,53.022892,4
Czechia,CZE,1980,47.075447,4
Czechia,CZE,1981,43.2645,4
Czechia,CZE,1982,41.69834,4
Czechia,CZE,1983,40.00792,4
Czechia,CZE,1984,40.168198,3
Czechia,CZE,1985,39.99064,4
Czechia,CZE,1986,40.32837,4
Czechia,CZE,1987,38.834694,4
Czechia,CZE,1988,38.232826,3
Czechia,CZE,1989,37.44119,4
Czechia,CZE,1990,36.644176,3
Czechia,CZE,1991,38.044147,4
Czechia,CZE,1992,34.826416,6
Czechia,CZE,1993,34.95181,6
Czechia,CZE,1994,32.454613,4
Czechia,CZE,1995,27.73164,3
Czechia,CZE,1996,26.12396,5
Czechia,CZE,1997,26.941319,5
Czechia,CZE,1998,26.69302,7
Czechia,CZE,1999,25.778328,6
Czechia,CZE,2000,26.44178,5
Czechia,CZE,2001,25.90056,4
Czechia,CZE,2002,26.52637,4
Czechia,CZE,2003,27.85517,7
Czechia,CZE,2004,27.890558,6
Czechia,CZE,2005,29.63988,6
Czechia,CZE,2006,29.98825,6
Czechia,CZE,2007,32.391304,7
Czechia,CZE,2008,34.38656,7
Czechia,CZE,2009,34.405884,7
Czechia,CZE,2010,32.57815,7
Czechia,CZE,2011,30.659317,6
Czechia,CZE,2012,29.774542,7
Czechia,CZE,2013,30.853533,7
Czechia,CZE,2014,31.648857,7
Czechia,CZE,2015,31.020573,7
Czechia,CZE,2016,32.10451,7
Czechia,CZE,2017,31.537683,7
Czechia,CZE,2018,32.001812,7
Czechia,CZE,2019,32.100647,7
Czechia,CZE,2020,31.296133,7
Czechia,CZE,2021,30.968466,7
Denmark,DNK,1901,89.14952,3
Denmark,DNK,1902,84.208824,3
Denmark,DNK,1903,85.107834,4
Denmark,DNK,1904,86.2079,3
Denmark,DNK,1905,85.75891,4
Denmark,DNK,1906,83.13369,3
Denmark,DNK,1907,83.40129,3
Denmark,DNK,1908,85.907394,4
Denmark,DNK,1909,85.71327,3
Denmark,DNK,1910,81.06876,3
Denmark,DNK,1911,77.59526,2
Denmark,DNK,1912,77.62704,4
Denmark,DNK,1913,76.87052,4
Denmark,DNK,1914,75.85344,3
Denmark,DNK,1915,74.913246,3
Denmark,DNK,1916,74.408936,4
Denmark,DNK,1917,72.223145,4
Denmark,DNK,1918,71.86194,4
Denmark,DNK,1919,69.2593,11
Denmark,DNK,1920,79.92574,2
Denmark,DNK,1921,72.25335,3
Denmark,DNK,1922,69.205345,2
Denmark,DNK,1923,68.046326,3
Denmark,DNK,1924,65.7164,3
Denmark,DNK,1925,63.39333,5
Denmark,DNK,1926,60.50806,3
Denmark,DNK,1927,58.80003,3
Denmark,DNK,1928,58.99043,3
Denmark,DNK,1929,56.170437,2
Denmark,DNK,1930,56.58689,4
Denmark,DNK,1931,55.908596,3
Denmark,DNK,1932,55.371613,3
Denmark,DNK,1933,52.44003,3
Denmark,DNK,1934,53.952274,3
Denmark,DNK,1935,54.163094,3
Denmark,DNK,1936,54.102676,3
Denmark,DNK,1937,55.4718,4
Denmark,DNK,1938,55.00736,3
Denmark,DNK,1939,54.157784,4
Denmark,DNK,1940,55.21613,3
Denmark,DNK,1941,54.732033,4
Denmark,DNK,1942,59.861095,5
Denmark,DNK,1943,64.15696,4
Denmark,DNK,1944,67.444405,4
Denmark,DNK,1945,70.51375,4
Denmark,DNK,1946,73.85867,3
Denmark,DNK,1947,69.311745,3
Denmark,DNK,1948,62.443165,3
Denmark,DNK,1949,57.527264,4
Denmark,DNK,1950,58.28588,3
Denmark,DNK,1951,54.47757,3
Denmark,DNK,1952,54.506832,4
Denmark,DNK,1953,55.34122,4
Denmark,DNK,1954,52.305588,3
Denmark,DNK,1955,53.016743,4
Denmark,DNK,1956,52.229847,3
Denmark,DNK,1957,49.691715,4
Denmark,DNK,1958,50.784363,4
Denmark,DNK,1959,49.677624,3
Denmark,DNK,1960,49.032223,3
Denmark,DNK,1961,48.719532,3
Denmark,DNK,1962,49.941227,4
Denmark,DNK,1963,53.053017,3
Denmark,DNK,1964,52.814213,4
Denmark,DNK,1965,53.6696,4
Denmark,DNK,1966,55.858643,4
Denmark,DNK,1967,51.610306,4
Denmark,DNK,1968,48.26764,4
Denmark,DNK,1969,44.195583,4
Denmark,DNK,1970,44.53266,4
Denmark,DNK,1971,45.742744,4
Denmark,DNK,1972,46.60019,4
Denmark,DNK,1973,43.307476,3
Denmark,DNK,1974,42.55724,3
Denmark,DNK,1975,43.920242,4
Denmark,DNK,1976,39.598938,3
Denmark,DNK,1977,36.48026,3
Denmark,DNK,1978,37.709576,5
Denmark,DNK,1979,35.985214,4
Denmark,DNK,1980,34.780872,4
Denmark,DNK,1981,31.005178,4
Denmark,DNK,1982,30.731052,5
Denmark,DNK,1983,29.824862,4
Denmark,DNK,1984,29.799623,4
Denmark,DNK,1985,32.137283,4
Denmark,DNK,1986,32.757305,4
Denmark,DNK,1987,33.2377,6
Denmark,DNK,1988,33.51734,9
Denmark,DNK,1989,35.063217,5
Denmark,DNK,1990,36.88232,7
Denmark,DNK,1991,36.508064,4
Denmark,DNK,1992,38.399307,7
Denmark,DNK,1993,37.985596,7
Denmark,DNK,1994,38.64439,7
Denmark,DNK,1995,38.810234,8
Denmark,DNK,1996,36.294746,8
Denmark,DNK,1997,37.73285,7
Denmark,DNK,1998,37.018253,7
Denmark,DNK,1999,36.04125,7
Denmark,DNK,2000,36.03958,4
Denmark,DNK,2001,35.28094,7
Denmark,DNK,2002,34.63191,9
Denmark,DNK,2003,36.647026,7
Denmark,DNK,2004,35.23336,7
Denmark,DNK,2005,34.6458,8
Denmark,DNK,2006,35.188725,8
Denmark,DNK,2007,34.58243,9
Denmark,DNK,2008,35.854454,7
Denmark,DNK,2009,33.233494,7
Denmark,DNK,2010,33.56523,6
Denmark,DNK,2011,31.579844,8
Denmark,DNK,2012,30.65691,7
Denmark,DNK,2013,29.63872,7
Denmark,DNK,2014,30.265978,7
Denmark,DNK,2015,30.853174,9
Denmark,DNK,2016,32.47728,7
Denmark,DNK,2017,31.187704,9
Denmark,DNK,2018,31.391207,7
Denmark,DNK,2019,31.698597,8
Denmark,DNK,2020,31.412558,8
Denmark,DNK,2021,32.43564,7
Denmark,DNK,2022,29.060987,7
Denmark,DNK,2023,28.423347,7
Denmark,DNK,2024,27.692215,7
East Germany,OWID_GDR,1946,36.993576,10
East Germany,OWID_GDR,1947,41.478077,2
East Germany,OWID_GDR,1948,43.393272,9
East Germany,OWID_GDR,1949,47.157413,9
East Germany,OWID_GDR,1950,50.42259,3
East Germany,OWID_GDR,1951,50.149338,5
East Germany,OWID_GDR,1952,50.668694,3
East Germany,OWID_GDR,1953,49.901424,3
East Germany,OWID_GDR,1954,48.85729,5
East Germany,OWID_GDR,1955,49.092537,3
East Germany,OWID_GDR,1956,47.077896,3
East Germany,OWID_GDR,1957,45.281994,2
East Germany,OWID_GDR,1958,46.781464,9
East Germany,OWID_GDR,1959,49.43434,4
East Germany,OWID_GDR,1960,49.335995,2
East Germany,OWID_GDR,1961,51.028046,2
East Germany,OWID_GDR,1962,50.23465,3
East Germany,OWID_GDR,1963,52.018017,3
East Germany,OWID_GDR,1964,50.259342,2
East Germany,OWID_GDR,1965,49.537342,2
East Germany,OWID_GDR,1966,47.070988,3
East Germany,OWID_GDR,1967,44.664276,2
East Germany,OWID_GDR,1968,42.803135,3
East Germany,OWID_GDR,1969,41.449768,2
East Germany,OWID_GDR,1970,40.562103,4
East Germany,OWID_GDR,1971,41.13115,3
East Germany,OWID_GDR,1972,39.43925,1
East Germany,OWID_GDR,1973,32.620277,1
East Germany,OWID_GDR,1974,32.637947,1
East Germany,OWID_GDR,1975,31.901999,4
East Germany,OWID_GDR,1976,34.260586,3
East Germany,OWID_GDR,1977,39.99257,5
East Germany,OWID_GDR,1978,41.364292,5
East Germany,OWID_GDR,1979,41.972755,3
East Germany,OWID_GDR,1980,42.872887,4
East Germany,OWID_GDR,1981,42.006653,3
East Germany,OWID_GDR,1982,41.438194,3
East Germany,OWID_GDR,1983,41.43876,3
East Germany,OWID_GDR,1984,39.98406,3
East Germany,OWID_GDR,1985,40.099663,3
East Germany,OWID_GDR,1986,38.80911,9
East Germany,OWID_GDR,1987,39.802414,3
East Germany,OWID_GDR,1988,37.951866,3
East Germany,OWID_GDR,1989,35.458923,2
East Germany,OWID_GDR,1990,32.90868,3
East Germany,OWID_GDR,1991,23.50634,1
East Germany,OWID_GDR,1992,16.490866,7
East Germany,OWID_GDR,1993,15.412203,7
East Germany,OWID_GDR,1994,14.562978,9
East Germany,OWID_GDR,1995,16.126793,9
East Germany,OWID_GDR,1996,18.41598,9
East Germany,OWID_GDR,1997,19.610294,7
East Germany,OWID_GDR,1998,20.725777,9
East Germany,OWID_GDR,1999,21.256577,9
East Germany,OWID_GDR,2000,22.332552,9
East Germany,OWID_GDR,2001,21.56738,7
East Germany,OWID_GDR,2002,21.506762,7
East Germany,OWID_GDR,2003,23.03214,9
East Germany,OWID_GDR,2004,23.231165,7
East Germany,OWID_GDR,2005,21.967035,9
East Germany,OWID_GDR,2006,22.905638,9
East Germany,OWID_GDR,2007,24.486086,9
East Germany,OWID_GDR,2008,25.009638,9
East Germany,OWID_GDR,2009,24.97517,7
East Germany,OWID_GDR,2010,24.95797,9
East Germany,OWID_GDR,2011,24.996653,8
East Germany,OWID_GDR,2012,24.994518,7
East Germany,OWID_GDR,2013,25.62502,9
East Germany,OWID_GDR,2014,26.397888,9
East Germany,OWID_GDR,2015,23.959429,9
East Germany,OWID_GDR,2016,28.180054,9
East Germany,OWID_GDR,2017,27.204187,7
East Germany,OWID_GDR,2018,27.222729,7
East Germany,OWID_GDR,2019,25.946453,9
East Germany,OWID_GDR,2020,25.157467,9
England and Wales,,1938,44.55553,5
England and Wales,,1939,43.994934,5
England and Wales,,1940,41.994507,4
England and Wales,,1941,40.31408,9
England and Wales,,1942,44.64725,6
England and Wales,,1943,46.97865,5
England and Wales,,1944,52.75873,5
England and Wales,,1945,46.56988,5
England and Wales,,1946,59.288017,12
England and Wales,,1947,62.72949,3
England and Wales,,1948,52.398243,4
England and Wales,,1949,49.718643,4
England and Wales,,1950,47.581566,3
England and Wales,,1951,45.99925,5
England and Wales,,1952,44.556213,4
England and Wales,,1953,45.65253,5
England and Wales,,1954,44.793938,5
England and Wales,,1955,43.09232,3
England and Wales,,1956,46.06217,3
England and Wales,,1957,46.326828,3
England and Wales,,1958,48.718956,3
England and Wales,,1959,48.384068,3
England and Wales,,1960,49.262375,3
England and Wales,,1961,50.99954,3
England and Wales,,1962,53.60555,3
England and Wales,,1963,54.27974,3
England and Wales,,1964,53.91335,3
England and Wales,,1965,53.41802,3
England and Wales,,1966,52.156925,3
England and Wales,,1967,52.0088,3
England and Wales,,1968,49.87309,3
England and Wales,,1969,49.824795,3
England and Wales,,1970,46.573433,3
England and Wales,,1971,47.979668,3
England and Wales,,1972,43.492004,3
England and Wales,,1973,41.427094,3
England and Wales,,1974,37.61984,3
England and Wales,,1975,35.68675,3
England and Wales,,1976,35.42559,3
England and Wales,,1977,33.299633,9
England and Wales,,1978,35.50933,9
England and Wales,,1979,37.03815,5
England and Wales,,1980,37.69383,7
England and Wales,,1981,36.731667,7
England and Wales,,1982,36.451176,9
England and Wales,,1983,36.44941,9
England and Wales,,1984,37.13337,9
England and Wales,,1985,38.08797,9
England and Wales,,1986,37.775414,9
England and Wales,,1987,39.198322,6
England and Wales,,1988,39.319923,9
England and Wales,,1989,39.11304,6
England and Wales,,1990,40.065365,6
England and Wales,,1991,39.40059,7
England and Wales,,1992,38.714546,7
England and Wales,,1993,38.58032,9
England and Wales,,1994,37.26002,6
England and Wales,,1995,36.29627,6
England and Wales,,1996,36.54982,9
England and Wales,,1997,35.285824,7
England and Wales,,1998,35.654083,9
England and Wales,,1999,34.07295,6
England and Wales,,2000,32.57508,7
England and Wales,,2001,32.26044,9
England and Wales,,2002,32.907005,9
England and Wales,,2003,34.12431,9
England and Wales,,2004,34.80726,9
England and Wales,,2005,35.07737,9
England and Wales,,2006,36.460255,9
England and Wales,,2007,36.920147,9
England and Wales,,2008,36.59288,9
England and Wales,,2009,36.249203,9
England and Wales,,2010,37.659653,9
England and Wales,,2011,36.209976,9
England and Wales,,2012,37.050495,9
England and Wales,,2013,35.22094,9
England and Wales,,2014,35.473995,9
England and Wales,,2015,34.605095,9
England and Wales,,2016,34.33945,9
England and Wales,,2017,33.33081,9
England and Wales,,2018,31.689638,9
England and Wales,,2019,31.0047,9
England and Wales,,2020,29.740889,9
England and Wales,,2021,30.814524,9
England and Wales,,2022,28.820564,9
Estonia,EST,1959,50.422676,5
Estonia,EST,1960,53.52819,4
Estonia,EST,1961,50.692394,3
Estonia,EST,1962,51.7728,4
Estonia,EST,1963,49.563473,4
Estonia,EST,1964,47.585495,4
Estonia,EST,1965,45.973312,5
Estonia,EST,1966,44.222313,5
Estonia,EST,1967,44.396378,4
Estonia,EST,1968,44.38436,3
Estonia,EST,1969,47.34542,5
Estonia,EST,1970,48.61791,4
Estonia,EST,1971,49.58165,4
Estonia,EST,1972,48.68185,4
Estonia,EST,1973,45.946743,5
Estonia,EST,1974,46.144535,5
Estonia,EST,1975,45.1733,4
Estonia,EST,1976,44.931347,3
Estonia,EST,1977,45.89379,3
Estonia,EST,1978,43.273346,7
Estonia,EST,1979,43.276085,4
Estonia,EST,1980,45.08739,4
Estonia,EST,1981,45.300213,4
Estonia,EST,1982,45.12046,3
Estonia,EST,1983,47.970554,4
Estonia,EST,1984,48.6164,6
Estonia,EST,1985,45.992245,4
Estonia,EST,1986,46.11225,5
Estonia,EST,1987,49.094784,4
Estonia,EST,1988,50.664757,4
Estonia,EST,1989,46.23801,3
Estonia,EST,1990,43.248802,2
Estonia,EST,1991,39.134876,4
Estonia,EST,1992,35.541943,3
Estonia,EST,1993,31.890163,2
Estonia,EST,1994,30.012035,3
Estonia,EST,1995,27.78473,3
Estonia,EST,1996,28.451492,4
Estonia,EST,1997,26.58837,5
Estonia,EST,1998,25.369793,4
Estonia,EST,1999,27.221775,5
Estonia,EST,2000,28.049244,6
Estonia,EST,2001,27.301908,5
Estonia,EST,2002,27.123627,3
Estonia,EST,2003,29.537306,7
Estonia,EST,2004,30.519867,6
Estonia,EST,2005,30.937798,9
Estonia,EST,2006,33.22445,7
Estonia,EST,2007,34.468983,8
Estonia,EST,2008,35.61289,7
Estonia,EST,2009,35.00161,7
Estonia,EST,2010,35.008293,7
Estonia,EST,2011,33.610004,7
Estonia,EST,2012,32.243084,7
Estonia,EST,2013,30.317215,9
Estonia,EST,2014,32.73769,7
Estonia,EST,2015,33.544495,7
Estonia,EST,2016,31.723186,8
Estonia,EST,2017,31.676739,8
Estonia,EST,2018,33.47702,7
Estonia,EST,2019,32.664654,8
Finland,FIN,1859,90.51009,2
Finland,FIN,1860,101.04665,9
Finland,FIN,1861,98.03253,3
Finland,FIN,1862,98.719795,1
Finland,FIN,1863,100.9452,1
Finland,FIN,1864,103.36315,9
Finland,FIN,1865,101.91064,1
Finland,FIN,1866,89.075264,9
Finland,FIN,1867,93.556076,9
Finland,FIN,1868,74.56756,1
Finland,FIN,1869,105.65783,7
Finland,FIN,1870,96.14312,6
Finland,FIN,1871,97.96708,7
Finland,FIN,1872,104.56149,1
Finland,FIN,1873,102.63608,9
Finland,FIN,1874,109.73775,9
Finland,FIN,1875,107.55598,3
Finland,FIN,1876,109.67011,6
Finland,FIN,1877,116.09762,7
Finland,FIN,1878,112.432236,1
Finland,FIN,1879,111.35676,7
Finland,FIN,1880,108.70893,6
Finland,FIN,1881,103.18408,3
Finland,FIN,1882,113.97229,9
Finland,FIN,1883,106.52073,9
Finland,FIN,1884,105.08641,7
Finland,FIN,1885,98.68285,6
Finland,FIN,1886,103.67764,1
Finland,FIN,1887,107.23612,7
Finland,FIN,1888,105.668915,1
Finland,FIN,1889,98.776215,1
Finland,FIN,1890,100.50763,7
Finland,FIN,1891,103.59789,1
Finland,FIN,1892,97.83428,1
Finland,FIN,1893,91.5557,1
Finland,FIN,1894,95.67286,6
Finland,FIN,1895,103.25198,7
Finland,FIN,1896,97.44418,7
Finland,FIN,1897,95.377174,1
Finland,FIN,1898,103.438255,1
Finland,FIN,1899,100.81099,7
Finland,FIN,1900,97.69357,1
Finland,FIN,1901,100.24708,7
Finland,FIN,1902,98.559456,1
Finland,FIN,1903,92.76837,7
Finland,FIN,1904,99.597404,7
Finland,FIN,1905,94.27556,1
Finland,FIN,1906,102.06182,7
Finland,FIN,1907,97.084404,1
Finland,FIN,1908,97.762146,7
Finland,FIN,1909,98.57889,1
Finland,FIN,1910,94.12513,1
Finland,FIN,1911,92.91462,6
Finland,FIN,1912,93.62238,1
Finland,FIN,1913,87.94868,1
Finland,FIN,1914,85.50769,7
Finland,FIN,1915,84.71274,1
Finland,FIN,1916,76.05302,7
Finland,FIN,1917,77.92663,3
Finland,FIN,1918,77.24986,3
Finland,FIN,1919,67.81627,9
Finland,FIN,1920,81.03767,7
Finland,FIN,1921,77.565475,1
Finland,FIN,1922,74.921585,2
Finland,FIN,1923,76.414604,7
Finland,FIN,1924,73.47743,1
Finland,FIN,1925,71.54026,7
Finland,FIN,1926,71.1259,7
Finland,FIN,1927,70.14669,7
Finland,FIN,1928,67.46083,7
Finland,FIN,1929,66.871544,4
Finland,FIN,1930,66.734146,5
Finland,FIN,1931,63.36623,7
Finland,FIN,1932,60.38695,7
Finland,FIN,1933,55.958908,7
Finland,FIN,1934,58.28973,6
Finland,FIN,1935,58.80815,6
Finland,FIN,1936,58.04889,6
Finland,FIN,1937,61.568344,6
Finland,FIN,1938,62.632214,7
Finland,FIN,1939,62.525986,4
Finland,FIN,1940,65.42935,5
Finland,FIN,1941,75.37991,3
Finland,FIN,1942,62.169964,2
Finland,FIN,1943,59.18488,4
Finland,FIN,1944,61.020226,4
Finland,FIN,1945,112.37426,9
Finland,FIN,1946,83.44144,3
Finland,FIN,1947,85.40856,3
Finland,FIN,1948,81.59863,6
Finland,FIN,1949,77.78122,4
Finland,FIN,1950,73.58007,4
Finland,FIN,1951,69.70667,6
Finland,FIN,1952,69.937805,4
Finland,FIN,1953,65.201485,6
Finland,FIN,1954,63.89332,4
Finland,FIN,1955,61.299057,4
Finland,FIN,1956,63.73674,4
Finland,FIN,1957,60.06949,4
Finland,FIN,1958,56.119854,4
Finland,FIN,1959,56.137615,6
Finland,FIN,1960,55.797977,3
Finland,FIN,1961,53.97218,4
Finland,FIN,1962,53.71696,3
Finland,FIN,1963,54.667645,3
Finland,FIN,1964,53.258064,4
Finland,FIN,1965,51.38505,4
Finland,FIN,1966,51.02349,4
Finland,FIN,1967,49.636456,4
Finland,FIN,1968,50.114853,3
Finland,FIN,1969,44.67784,4
Finland,FIN,1970,43.912655,4
Finland,FIN,1971,40.34206,3
Finland,FIN,1972,39.915897,4
Finland,FIN,1973,35.978275,3
Finland,FIN,1974,40.01611,4
Finland,FIN,1975,43.779358,4
Finland,FIN,1976,43.958687,3
Finland,FIN,1977,42.457287,3
Finland,FIN,1978,40.520023,3
Finland,FIN,1979,41.005035,3
Finland,FIN,1980,40.07615,3
Finland,FIN,1981,40.190613,4
Finland,FIN,1982,41.358532,3
Finland,FIN,1983,40.86967,4
Finland,FIN,1984,39.327858,3
Finland,FIN,1985,38.64859,4
Finland,FIN,1986,36.864048,4
Finland,FIN,1987,36.410583,4
Finland,FIN,1988,38.98638,3
Finland,FIN,1989,37.145435,3
Finland,FIN,1990,38.604195,3
Finland,FIN,1991,38.704605,4
Finland,FIN,1992,39.220066,4
Finland,FIN,1993,38.695107,4
Finland,FIN,1994,37.960518,4
Finland,FIN,1995,36.615486,4
Finland,FIN,1996,34.967777,4
Finland,FIN,1997,34.240273,4
Finland,FIN,1998,32.917793,7
Finland,FIN,1999,32.57936,7
Finland,FIN,2000,31.427483,7
Finland,FIN,2001,31.341665,6
Finland,FIN,2002,31.266735,9
Finland,FIN,2003,31.781282,7
Finland,FIN,2004,32.195164,7
Finland,FIN,2005,31.693249,9
Finland,FIN,2006,31.84218,6
Finland,FIN,2007,31.650316,8
Finland,FIN,2008,31.921824,7
Finland,FIN,2009,32.186512,7
Finland,FIN,2010,32.79128,9
Finland,FIN,2011,32.60043,9
Finland,FIN,2012,32.090942,8
Finland,FIN,2013,31.119642,7
Finland,FIN,2014,30.893372,9
Finland,FIN,2015,29.49346,7
Finland,FIN,2016,27.913244,9
Finland,FIN,2017,27.026926,7
Finland,FIN,2018,25.445236,8
Finland,FIN,2019,24.455944,9
Finland,FIN,2020,24.457827,8
Finland,FIN,2021,26.289314,9
Finland,FIN,2022,23.606943,8
Finland,FIN,2023,22.934654,7
Finland,FIN,2024,22.167768,7
France,FRA,1861,82.915085,4
France,FRA,1862,78.799545,3
France,FRA,1863,81.08598,2
France,FRA,1864,81.50849,2
France,FRA,1865,80.180244,2
France,FRA,1866,79.218,2
France,FRA,1867,79.90699,3
France,FRA,1868,76.79899,3
France,FRA,1869,79.91284,2
France,FRA,1870,83.71465,2
France,FRA,1871,77.82333,2
France,FRA,1872,82.34167,4
France,FRA,1873,82.439674,2
France,FRA,1874,80.35355,3
France,FRA,1875,81.09835,2
France,FRA,1876,83.02801,2
France,FRA,1877,79.550064,3
France,FRA,1878,78.54105,2
France,FRA,1879,77.70268,2
France,FRA,1880,77.67331,3
France,FRA,1881,75.8135,3
France,FRA,1882,77.87233,2
France,FRA,1883,76.89101,2
France,FRA,1884,75.58801,3
France,FRA,1885,75.30293,2
France,FRA,1886,74.45222,3
France,FRA,1887,72.85866,2
France,FRA,1888,72.75051,3
France,FRA,1889,71.80926,4
France,FRA,1890,69.93978,3
France,FRA,1891,71.96138,2
France,FRA,1892,71.17202,4
France,FRA,1893,71.49162,2
France,FRA,1894,68.76604,3
France,FRA,1895,68.63623,2
France,FRA,1896,71.615906,3
France,FRA,1897,68.88767,2
France,FRA,1898,68.90741,2
France,FRA,1899,68.35236,3
France,FRA,1900,68.52688,2
France,FRA,1901,70.783195,2
France,FRA,1902,69.5047,2
France,FRA,1903,66.55123,3
France,FRA,1904,65.82353,3
France,FRA,1905,65.81137,2
France,FRA,1906,65.91599,3
France,FRA,1907,64.5578,3
France,FRA,1908,65.789276,4
France,FRA,1909,62.926426,3
France,FRA,1910,62.213154,4
France,FRA,1911,58.952316,4
France,FRA,1912,59.456516,2
France,FRA,1913,60.865818,12
France,FRA,1914,67.588135,4
France,FRA,1915,64.00732,3
France,FRA,1916,36.321312,5
France,FRA,1917,37.24413,7
France,FRA,1918,43.33708,4
France,FRA,1919,53.23083,12
France,FRA,1920,62.079575,2
France,FRA,1921,62.42224,2
France,FRA,1922,58.554893,1
France,FRA,1923,57.40981,2
France,FRA,1924,55.119473,3
France,FRA,1925,56.87278,3
France,FRA,1926,55.47043,3
France,FRA,1927,53.190456,4
France,FRA,1928,54.46406,2
France,FRA,1929,52.510403,2
France,FRA,1930,52.499718,3
France,FRA,1931,52.644062,3
France,FRA,1932,51.566254,2
France,FRA,1933,48.149155,3
France,FRA,1934,48.237286,2
France,FRA,1935,46.089275,2
France,FRA,1936,44.680134,3
France,FRA,1937,44.384563,5
France,FRA,1938,43.372322,2
France,FRA,1939,44.513214,4
France,FRA,1940,48.214886,3
France,FRA,1941,43.291126,6
France,FRA,1942,42.756615,9
France,FRA,1943,45.870926,3
France,FRA,1944,48.12741,2
France,FRA,1945,49.342182,2
France,FRA,1946,63.339737,4
France,FRA,1947,62.725266,5
France,FRA,1948,61.715664,2
France,FRA,1949,61.69782,4
France,FRA,1950,60.824635,3
France,FRA,1951,57.222874,5
France,FRA,1952,56.401695,4
France,FRA,1953,54.11005,5
France,FRA,1954,54.57166,5
France,FRA,1955,54.034008,4
France,FRA,1956,53.430717,5
France,FRA,1957,53.051865,2
France,FRA,1958,52.003635,5
France,FRA,1959,52.67458,4
France,FRA,1960,51.823555,5
France,FRA,1961,52.787766,5
France,FRA,1962,51.349724,5
France,FRA,1963,52.64092,5
France,FRA,1964,52.32624,5
France,FRA,1965,51.400116,5
France,FRA,1966,51.9651,5
France,FRA,1967,50.63922,5
France,FRA,1968,48.74152,5
France,FRA,1969,49.37269,5
France,FRA,1970,49.01512,5
France,FRA,1971,51.170223,5
France,FRA,1972,49.832058,5
France,FRA,1973,50.118202,5
France,FRA,1974,45.50847,5
France,FRA,1975,44.042034,5
France,FRA,1976,40.30594,6
France,FRA,1977,43.51294,5
France,FRA,1978,42.569473,5
France,FRA,1979,42.733555,5
France,FRA,1980,44.334927,5
France,FRA,1981,43.616283,5
France,FRA,1982,42.90526,5
France,FRA,1983,40.568333,5
France,FRA,1984,40.263077,7
France,FRA,1985,40.99865,5
France,FRA,1986,40.808746,5
France,FRA,1987,40.788395,6
France,FRA,1988,39.471848,5
France,FRA,1989,39.123276,5
France,FRA,1990,39.163746,7
France,FRA,1991,38.96265,7
France,FRA,1992,37.652,7
France,FRA,1993,36.37354,7
France,FRA,1994,35.714115,7
France,FRA,1995,36.66565,7
France,FRA,1996,36.75832,7
France,FRA,1997,36.124428,7
France,FRA,1998,36.36456,9
France,FRA,1999,36.919205,7
France,FRA,2000,37.106007,7
France,FRA,2001,37.193523,7
France,FRA,2002,36.623066,7
France,FRA,2003,36.193443,7
France,FRA,2004,36.5612,7
France,FRA,2005,36.17458,9
France,FRA,2006,37.34338,9
France,FRA,2007,35.7584,9
France,FRA,2008,36.414635,7
France,FRA,2009,36.54813,7
France,FRA,2010,36.02098,10
France,FRA,2011,35.854053,7
France,FRA,2012,35.459442,10
France,FRA,2013,35.429935,7
France,FRA,2014,35.02205,9
France,FRA,2015,33.883705,9
France,FRA,2016,33.617756,7
France,FRA,2017,32.49321,7
France,FRA,2018,32.20302,7
France,FRA,2019,31.974566,7
France,FRA,2020,30.891378,7
France,FRA,2021,31.333324,9
France,FRA,2022,30.052164,7
France,FRA,2023,27.364166,7
Germany,DEU,1946,36.448,9
Germany,DEU,1947,37.06467,9
Germany,DEU,1948,39.16033,9
Germany,DEU,1949,40.915092,2
Germany,DEU,1950,42.114555,3
Germany,DEU,1951,40.656315,3
Germany,DEU,1952,41.387066,3
Germany,DEU,1953,41.130547,3
Germany,DEU,1954,41.06928,5
Germany,DEU,1955,41.62112,3
Germany,DEU,1956,42.816715,3
Germany,DEU,1957,42.789158,2
Germany,DEU,1958,44.555164,3
Germany,DEU,1959,46.080395,3
Germany,DEU,1960,46.334465,3
Germany,DEU,1961,48.87229,3
Germany,DEU,1962,48.317997,3
Germany,DEU,1963,50.906887,3
Germany,DEU,1964,50.298767,4
Germany,DEU,1965,49.622887,2
Germany,DEU,1966,49.30323,3
Germany,DEU,1967,47.76646,2
Germany,DEU,1968,45.55306,3
Germany,DEU,1969,43.65081,3
Germany,DEU,1970,39.131493,3
Germany,DEU,1971,38.1144,3
Germany,DEU,1972,34.562748,3
Germany,DEU,1973,30.143503,3
Germany,DEU,1974,29.606773,5
Germany,DEU,1975,28.479856,4
Germany,DEU,1976,29.085972,9
Germany,DEU,1977,29.512417,5
Germany,DEU,1978,29.624336,5
Germany,DEU,1979,29.556177,9
Germany,DEU,1980,31.566616,7
Germany,DEU,1981,31.653946,9
Germany,DEU,1982,31.64677,9
Germany,DEU,1983,29.927612,9
Germany,DEU,1984,29.267334,7
Germany,DEU,1985,29.898067,9
Germany,DEU,1986,31.77804,9
Germany,DEU,1987,32.008076,9
Germany,DEU,1988,33.199627,9
Germany,DEU,1989,32.181362,7
Germany,DEU,1990,33.751457,9
Germany,DEU,1991,30.071297,9
Germany,DEU,1992,29.358364,9
Germany,DEU,1993,28.837593,9
Germany,DEU,1994,27.0477,9
Germany,DEU,1995,27.6548,9
Germany,DEU,1996,29.171232,9
Germany,DEU,1997,29.195093,7
Germany,DEU,1998,28.883356,9
Germany,DEU,1999,28.092188,9
Germany,DEU,2000,27.249199,9
Germany,DEU,2001,26.314281,7
Germany,DEU,2002,25.974453,9
Germany,DEU,2003,26.141722,7
Germany,DEU,2004,25.852991,7
Germany,DEU,2005,24.899643,9
Germany,DEU,2006,24.739706,9
Germany,DEU,2007,25.512901,9
Germany,DEU,2008,25.315443,9
Germany,DEU,2009,24.960379,7
Germany,DEU,2010,25.359922,9
Germany,DEU,2011,25.029415,9
Germany,DEU,2012,24.734495,8
Germany,DEU,2013,25.915731,9
Germany,DEU,2014,26.72988,9
Germany,DEU,2015,27.52337,9
Germany,DEU,2016,29.172318,9
Germany,DEU,2017,28.056166,9
Germany,DEU,2018,28.633957,7
Germany,DEU,2019,28.208454,7
Germany,DEU,2020,27.84121,9
Greece,GRC,1956,54.55879,1
Greece,GRC,1957,50.8541,2
Greece,GRC,1958,56.06603,1
Greece,GRC,1959,58.199356,1
Greece,GRC,1960,51.023315,2
Greece,GRC,1961,51.89213,1
Greece,GRC,1962,53.962517,1
Greece,GRC,1963,48.576557,2
Greece,GRC,1964,48.72196,1
Greece,GRC,1965,48.855293,2
Greece,GRC,1966,48.91397,2
Greece,GRC,1967,51.95176,1
Greece,GRC,1968,51.246403,2
Greece,GRC,1969,49.75881,1
Greece,GRC,1970,45.88305,1
Greece,GRC,1971,43.067913,2
Greece,GRC,1972,42.27892,1
Greece,GRC,1973,41.815155,1
Greece,GRC,1974,43.486015,2
Greece,GRC,1975,43.600655,7
Greece,GRC,1976,43.64703,7
Greece,GRC,1977,43.34934,6
Greece,GRC,1978,45.45572,1
Greece,GRC,1979,45.472282,5
Greece,GRC,1980,44.438747,7
Greece,GRC,1981,42.98646,6
Greece,GRC,1982,39.869812,5
Greece,GRC,1983,39.426716,7
Greece,GRC,1984,37.21585,6
Greece,GRC,1985,35.235485,5
Greece,GRC,1986,34.70281,7
Greece,GRC,1987,32.346645,7
Greece,GRC,1988,31.174503,6
Greece,GRC,1989,30.299854,7
Greece,GRC,1990,29.296227,7
Greece,GRC,1991,29.265022,6
Greece,GRC,1992,29.206842,9
Greece,GRC,1993,28.71762,7
Greece,GRC,1994,29.249142,7
Greece,GRC,1995,29.114687,9
Greece,GRC,1996,29.666464,7
Greece,GRC,1997,30.036263,7
Greece,GRC,1998,29.340546,7
Greece,GRC,1999,29.340977,7
Greece,GRC,2000,28.730263,7
Greece,GRC,2001,27.909492,7
Greece,GRC,2002,28.450369,9
Greece,GRC,2003,29.466127,7
Greece,GRC,2004,29.374964,7
Greece,GRC,2005,29.532444,9
Greece,GRC,2006,31.260277,7
Greece,GRC,2007,30.033491,9
Greece,GRC,2008,32.918774,9
Greece,GRC,2009,33.546165,7
Greece,GRC,2010,31.387852,7
Greece,GRC,2011,28.89628,7
Greece,GRC,2012,26.633688,7
Greece,GRC,2013,26.689209,9
Greece,GRC,2014,26.277723,9
Greece,GRC,2015,26.163082,7
Greece,GRC,2016,26.989384,9
Greece,GRC,2017,25.356956,9
Greece,GRC,2018,24.596241,7
Greece,GRC,2019,23.813654,7
Hong Kong,HKG,1971,44.83741,10
Hong Kong,HKG,1972,47.894016,9
Hong Kong,HKG,1973,46.86077,9
Hong Kong,HKG,1974,48.88472,9
Hong Kong,HKG,1975,43.572617,9
Hong Kong,HKG,1976,45.08445,10
Hong Kong,HKG,1977,44.46097,10
Hong Kong,HKG,1978,46.514328,9
Hong Kong,HKG,1979,46.937233,10
Hong Kong,HKG,1980,47.875782,11
Hong Kong,HKG,1981,49.225277,10
Hong Kong,HKG,1982,49.666416,10
Hong Kong,HKG,1983,47.000565,11
Hong Kong,HKG,1984,44.51979,10
Hong Kong,HKG,1985,43.266956,10
Hong Kong,HKG,1986,40.16349,11
Hong Kong,HKG,1987,39.81242,10
Hong Kong,HKG,1988,46.631447,11
Hong Kong,HKG,1989,37.669804,1
Hong Kong,HKG,1990,38.443153,10
Hong Kong,HKG,1991,39.585567,11
Hong Kong,HKG,1992,38.333374,11
Hong Kong,HKG,1993,37.712852,10
Hong Kong,HKG,1994,36.776306,11
Hong Kong,HKG,1995,34.726772,10
Hong Kong,HKG,1996,30.979656,11
Hong Kong,HKG,1997,26.895754,1
Hong Kong,HKG,1998,24.628113,10
Hong Kong,HKG,1999,23.246174,9
Hong Kong,HKG,2000,26.443775,11
Hong Kong,HKG,2001,21.89789,1
Hong Kong,HKG,2002,23.008821,11
Hong Kong,HKG,2003,21.746126,10
Hong Kong,HKG,2004,24.531733,10
Hong Kong,HKG,2005,26.957174,11
Hong Kong,HKG,2006,31.714338,10
Hong Kong,HKG,2007,36.013332,11
Hong Kong,HKG,2008,36.80376,11
Hong Kong,HKG,2009,39.194546,10
Hong Kong,HKG,2010,40.056892,11
Hong Kong,HKG,2011,38.925316,8
Hong Kong,HKG,2012,38.868504,10
Hong Kong,HKG,2013,24.118837,1
Hong Kong,HKG,2014,27.047071,10
Hong Kong,HKG,2015,24.977617,1
Hong Kong,HKG,2016,25.039585,11
Hong Kong,HKG,2017,22.100962,9
Hong Kong,HKG,2018,21.425238,1
Hong Kong,HKG,2019,20.629145,9
Hong Kong,HKG,2020,19.481758,1
Hong Kong,HKG,2021,14.495587,11
Hong Kong,HKG,2022,13.791882,9
Hong Kong,HKG,2023,12.970641,10
Hungary,HUN,1950,62.356834,3
Hungary,HUN,1951,60.358814,2
Hungary,HUN,1952,58.772945,9
Hungary,HUN,1953,66.56417,9
Hungary,HUN,1954,67.76506,5
Hungary,HUN,1955,65.57056,3
Hungary,HUN,1956,58.74653,3
Hungary,HUN,1957,50.072926,5
Hungary,HUN,1958,48.40204,3
Hungary,HUN,1959,46.168827,3
Hungary,HUN,1960,45.049862,3
Hungary,HUN,1961,43.118275,3
Hungary,HUN,1962,39.25025,2
Hungary,HUN,1963,40.341885,3
Hungary,HUN,1964,39.750515,3
Hungary,HUN,1965,39.23359,5
Hungary,HUN,1966,40.562916,5
Hungary,HUN,1967,41.618244,3
Hungary,HUN,1968,44.07588,5
Hungary,HUN,1969,44.004158,3
Hungary,HUN,1970,44.57663,3
Hungary,HUN,1971,42.491253,5
Hungary,HUN,1972,42.738754,7
Hungary,HUN,1973,43.54161,7
Hungary,HUN,1974,54.656258,8
Hungary,HUN,1975,53.779663,7
Hungary,HUN,1976,50.13522,7
Hungary,HUN,1977,49.04052,3
Hungary,HUN,1978,46.159435,5
Hungary,HUN,1979,43.80522,5
Hungary,HUN,1980,40.14395,7
Hungary,HUN,1981,39.203102,7
Hungary,HUN,1982,35.753757,9
Hungary,HUN,1983,35.098404,7
Hungary,HUN,1984,35.597034,7
Hungary,HUN,1985,36.42538,9
Hungary,HUN,1986,36.155586,7
Hungary,HUN,1987,35.366806,7
Hungary,HUN,1988,34.05382,7
Hungary,HUN,1989,35.090553,7
Hungary,HUN,1990,35.358036,7
Hungary,HUN,1991,35.39957,7
Hungary,HUN,1992,34.17751,7
Hungary,HUN,1993,33.397007,7
Hungary,HUN,1994,32.04482,2
Hungary,HUN,1995,33.409737,9
Hungary,HUN,1996,30.067028,7
Hungary,HUN,1997,28.193378,7
Hungary,HUN,1998,28.099283,7
Hungary,HUN,1999,27.189495,9
Hungary,HUN,2000,26.981003,7
Hungary,HUN,2001,27.967216,7
Hungary,HUN,2002,28.49356,9
Hungary,HUN,2003,28.59507,7
Hungary,HUN,2004,28.05785,7
Hungary,HUN,2005,29.053991,9
Hungary,HUN,2006,29.650171,9
Hungary,HUN,2007,28.536125,9
Hungary,HUN,2008,29.91405,7
Hungary,HUN,2009,28.888613,7
Hungary,HUN,2010,26.521893,2
Hungary,HUN,2011,26.548424,9
Hungary,HUN,2012,27.112188,9
Hungary,HUN,2013,27.413687,9
Hungary,HUN,2014,28.068022,7
Hungary,HUN,2015,28.34388,9
Hungary,HUN,2016,29.21664,9
Hungary,HUN,2017,27.833527,9
Hungary,HUN,2018,27.341022,7
Hungary,HUN,2019,27.196177,9
Hungary,HUN,2020,29.109112,9
Iceland,ISL,1878,122.1284,8
Iceland,ISL,1879,107.97024,10
Iceland,ISL,1880,101.50416,10
Iceland,ISL,1881,107.55254,8
Iceland,ISL,1882,131.69202,7
Iceland,ISL,1883,126.00306,8
Iceland,ISL,1884,123.63018,9
Iceland,ISL,1885,106.97594,9
Iceland,ISL,1886,106.969185,8
Iceland,ISL,1887,100.94434,9
Iceland,ISL,1888,98.56556,9
Iceland,ISL,1889,114.54964,9
Iceland,ISL,1890,108.18257,6
Iceland,ISL,1891,119.792015,6
Iceland,ISL,1892,112.37014,8
Iceland,ISL,1893,105.4015,9
Iceland,ISL,1894,108.654106,7
Iceland,ISL,1895,118.679855,8
Iceland,ISL,1896,120.05642,9
Iceland,ISL,1897,105.2285,6
Iceland,ISL,1898,96.049706,8
Iceland,ISL,1899,100.838844,9
Iceland,ISL,1900,103.2674,9
Iceland,ISL,1901,102.35712,9
Iceland,ISL,1902,96.34092,10
Iceland,ISL,1903,107.654686,8
Iceland,ISL,1904,104.07381,7
Iceland,ISL,1905,105.89866,8
Iceland,ISL,1906,105.27276,9
Iceland,ISL,1907,98.84908,9
Iceland,ISL,1908,91.06997,7
Iceland,ISL,1909,98.90182,8
Iceland,ISL,1910,86.282845,9
Iceland,ISL,1911,89.45322,8
Iceland,ISL,1912,86.98859,6
Iceland,ISL,1913,81.437325,9
Iceland,ISL,1914,97.51878,8
Iceland,ISL,1915,108.60941,9
Iceland,ISL,1916,91.2233,9
Iceland,ISL,1917,89.27014,8
Iceland,ISL,1918,92.18799,8
Iceland,ISL,1919,85.20029,11
Iceland,ISL,1920,86.45387,7
Iceland,ISL,1921,96.42752,6
Iceland,ISL,1922,85.83181,9
Iceland,ISL,1923,89.471245,7
Iceland,ISL,1924,85.57468,9
Iceland,ISL,1925,87.446396,7
Iceland,ISL,1926,87.32852,9
Iceland,ISL,1927,82.438484,7
Iceland,ISL,1928,79.240906,8
Iceland,ISL,1929,82.17135,9
Iceland,ISL,1930,87.13498,9
Iceland,ISL,1931,83.14369,5
Iceland,ISL,1932,69.97088,6
Iceland,ISL,1933,70.87968,10
Iceland,ISL,1934,69.10033,10
Iceland,ISL,1935,67.83607,9
Iceland,ISL,1936,69.3795,6
Iceland,ISL,1937,65.086006,10
Iceland,ISL,1938,63.4713,6
Iceland,ISL,1939,68.652054,6
Iceland,ISL,1940,60.43915,11
Iceland,ISL,1941,70.42851,9
Iceland,ISL,1942,73.335625,10
Iceland,ISL,1943,79.22351,7
Iceland,ISL,1944,79.08865,12
Iceland,ISL,1945,78.480606,3
Iceland,ISL,1946,88.66412,9
Iceland,ISL,1947,82.05887,9
Iceland,ISL,1948,88.915215,5
Iceland,ISL,1949,82.50354,8
Iceland,ISL,1950,86.01026,4
Iceland,ISL,1951,83.56955,2
Iceland,ISL,1952,84.71687,6
Iceland,ISL,1953,89.06883,6
Iceland,ISL,1954,81.61768,6
Iceland,ISL,1955,86.218765,1
Iceland,ISL,1956,86.042206,6
Iceland,ISL,1957,84.57649,2
Iceland,ISL,1958,82.59484,1
Iceland,ISL,1959,83.408295,2
Iceland,ISL,1960,82.20212,8
Iceland,ISL,1961,75.647934,3
Iceland,ISL,1962,78.4201,5
Iceland,ISL,1963,77.991165,7
Iceland,ISL,1964,72.20619,2
Iceland,ISL,1965,76.59672,9
Iceland,ISL,1966,72.3429,8
Iceland,ISL,1967,72.27983,5
Iceland,ISL,1968,63.077,4
Iceland,ISL,1969,62.840733,6
Iceland,ISL,1970,57.467197,4
Iceland,ISL,1971,62.734077,5
Iceland,ISL,1972,71.16133,5
Iceland,ISL,1973,65.792145,5
Iceland,ISL,1974,62.66099,5
Iceland,ISL,1975,62.159237,7
Iceland,ISL,1976,58.486164,6
Iceland,ISL,1977,57.227627,5
Iceland,ISL,1978,55.088055,8
Iceland,ISL,1979,61.958668,3
Iceland,ISL,1980,62.46727,5
Iceland,ISL,1981,61.873432,4
Iceland,ISL,1982,53.930084,4
Iceland,ISL,1983,57.272804,9
Iceland,ISL,1984,54.41069,7
Iceland,ISL,1985,49.039658,7
Iceland,ISL,1986,48.143982,6
Iceland,ISL,1987,50.882824,4
Iceland,ISL,1988,57.647923,5
Iceland,ISL,1989,54.569866,8
Iceland,ISL,1990,58.437454,5
Iceland,ISL,1991,55.195942,5
Iceland,ISL,1992,51.73181,8
Iceland,ISL,1993,53.78894,5
Iceland,ISL,1994,49.23294,7
Iceland,ISL,1995,47.742886,2
Iceland,ISL,1996,46.497486,11
Iceland,ISL,1997,45.63943,5
Iceland,ISL,1998,46.613598,7
Iceland,ISL,1999,44.148376,8
Iceland,ISL,2000,44.864353,6
Iceland,ISL,2001,45.01,8
Iceland,ISL,2002,42.73223,9
Iceland,ISL,2003,43.204865,8
Iceland,ISL,2004,44.61994,7
Iceland,ISL,2005,45.445896,9
Iceland,ISL,2006,47.17439,6
Iceland,ISL,2007,43.15098,9
Iceland,ISL,2008,47.683273,9
Iceland,ISL,2009,48.534893,8
Iceland,ISL,2010,50.135803,9
Iceland,ISL,2011,44.050285,8
Iceland,ISL,2012,44.220238,8
Iceland,ISL,2013,40.895275,6
Iceland,ISL,2014,43.60941,7
Iceland,ISL,2015,38.505634,9
Iceland,ISL,2016,40.610622,9
Iceland,ISL,2017,36.152985,8
Iceland,ISL,2018,39.42744,9
Iceland,ISL,2019,39.3043,10
Iceland,ISL,2020,40.768673,9
Iceland,ISL,2021,39.6847,8
Iceland,ISL,2022,36.456253,9
Iceland,ISL,2023,35.395767,8
Ireland,IRL,1978,61.962486,5
Ireland,IRL,1979,63.40997,5
Ireland,IRL,1980,63.088585,5
Ireland,IRL,1981,60.794884,4
Ireland,IRL,1982,59.87326,3
Ireland,IRL,1983,55.813038,3
Ireland,IRL,1984,53.458755,3
Ireland,IRL,1985,51.96978,5
Ireland,IRL,1986,51.829243,3
Ireland,IRL,1987,47.656143,4
Ireland,IRL,1988,44.75626,6
Ireland,IRL,1989,44.317204,5
Ireland,IRL,1990,44.532455,5
Ireland,IRL,1991,42.81004,5
Ireland,IRL,1992,42.318645,4
Ireland,IRL,1993,39.894173,9
Ireland,IRL,1994,38.79258,3
Ireland,IRL,1995,38.765343,5
Ireland,IRL,1996,40.576023,9
Ireland,IRL,1997,41.71509,9
Ireland,IRL,1998,43.054092,9
Ireland,IRL,1999,41.36074,6
Ireland,IRL,2000,40.915165,9
Ireland,IRL,2001,43.706924,9
Ireland,IRL,2002,45.048588,9
Ireland,IRL,2003,44.041542,7
Ireland,IRL,2004,44.38374,9
Ireland,IRL,2005,43.10891,7
Ireland,IRL,2006,45.330284,9
Ireland,IRL,2007,47.97642,9
Ireland,IRL,2008,48.370983,9
Ireland,IRL,2009,47.83943,7
Ireland,IRL,2010,47.92535,9
Ireland,IRL,2011,46.585125,9
Ireland,IRL,2012,44.18944,7
Ireland,IRL,2013,43.239136,9
Ireland,IRL,2014,42.695744,9
Ireland,IRL,2015,41.309547,9
Ireland,IRL,2016,39.659756,9
Ireland,IRL,2017,37.05883,9
Ireland,IRL,2018,35.55512,9
Ireland,IRL,2019,34.139843,8
Ireland,IRL,2020,32.694187,9
Ireland,IRL,2021,34.82383,9
Ireland,IRL,2022,30.846363,1
Israel,ISR,1980,68.0799,9
Israel,ISR,1981,68.06531,7
Israel,ISR,1982,73.38644,9
Israel,ISR,1983,72.4496,8
Israel,ISR,1984,69.08093,8
Israel,ISR,1985,68.97308,9
Israel,ISR,1986,69.1881,9
Israel,ISR,1987,65.799446,9
Israel,ISR,1988,66.87429,8
Israel,ISR,1989,69.142784,8
Israel,ISR,1990,64.53032,8
Israel,ISR,1991,61.780144,8
Israel,ISR,1992,60.543007,8
Israel,ISR,1993,62.370697,8
Israel,ISR,1994,62.801304,9
Israel,ISR,1995,63.45076,9
Israel,ISR,1996,62.34328,8
Israel,ISR,1997,62.902454,7
Israel,ISR,1998,62.59989,8
Israel,ISR,1999,63.304966,9
Israel,ISR,2000,62.58055,8
Israel,ISR,2001,62.51741,8
Israel,ISR,2002,62.295677,9
Israel,ISR,2003,62.631855,10
Israel,ISR,2004,60.782814,10
Israel,ISR,2005,60.23618,9
Israel,ISR,2006,61.61189,8
Israel,ISR,2007,61.643543,8
Israel,ISR,2008,63.73407,9
Israel,ISR,2009,63.71928,9
Italy,ITA,1900,101.97936,2
Italy,ITA,1901,101.7337,2
Italy,ITA,1902,98.22832,3
Italy,ITA,1903,98.09045,1
Italy,ITA,1904,97.36705,2
Italy,ITA,1905,102.794365,1
Italy,ITA,1906,99.15275,1
Italy,ITA,1907,96.85897,2
Italy,ITA,1908,99.62571,2
Italy,ITA,1909,104.61525,1
Italy,ITA,1910,99.05012,2
Italy,ITA,1911,101.843666,1
Italy,ITA,1912,94.701035,1
Italy,ITA,1913,100.00784,1
Italy,ITA,1914,94.58544,1
Italy,ITA,1915,99.378006,1
Italy,ITA,1916,92.0864,1
Italy,ITA,1917,67.6596,1
Italy,ITA,1918,58.45505,1
Italy,ITA,1919,89.56456,11
Italy,ITA,1920,114.26801,1
Italy,ITA,1921,105.44936,1
Italy,ITA,1922,114.66344,1
Italy,ITA,1923,107.87394,1
Italy,ITA,1924,102.157196,1
Italy,ITA,1925,94.45702,1
Italy,ITA,1926,93.60814,1
Italy,ITA,1927,92.68044,1
Italy,ITA,1928,91.13801,1
Italy,ITA,1929,83.26699,1
Italy,ITA,1930,83.63171,2
Italy,ITA,1931,83.807106,1
Italy,ITA,1932,75.810165,2
Italy,ITA,1933,72.691,1
Italy,ITA,1934,77.75283,1
Italy,ITA,1935,76.345634,1
Italy,ITA,1936,72.60545,1
Italy,ITA,1937,69.93564,1
Italy,ITA,1938,76.757095,1
Italy,ITA,1939,71.72899,2
Italy,ITA,1940,71.12885,2
Italy,ITA,1941,68.78066,1
Italy,ITA,1942,61.375298,9
Italy,ITA,1943,61.49262,1
Italy,ITA,1944,60.99627,1
Italy,ITA,1945,59.018826,1
Italy,ITA,1946,66.88851,2
Italy,ITA,1947,77.71559,1
Italy,ITA,1948,75.18307,1
Italy,ITA,1949,71.17998,1
Italy,ITA,1950,65.21875,1
Italy,ITA,1951,63.786995,1
Italy,ITA,1952,58.618225,1
Italy,ITA,1953,60.34224,1
Italy,ITA,1954,57.491936,1
Italy,ITA,1955,55.2979,1
Italy,ITA,1956,55.689796,2
Italy,ITA,1957,53.172165,1
Italy,ITA,1958,54.116837,1
Italy,ITA,1959,54.46669,1
Italy,ITA,1960,54.83075,1
Italy,ITA,1961,54.93015,1
Italy,ITA,1962,54.943726,1
Italy,ITA,1963,55.487576,9
Italy,ITA,1964,57.49573,7
Italy,ITA,1965,55.659832,1
Italy,ITA,1966,53.882812,3
Italy,ITA,1967,51.95912,1
Italy,ITA,1968,52.737667,1
Italy,ITA,1969,51.332584,7
Italy,ITA,1970,50.602848,7
Italy,ITA,1971,49.367203,7
Italy,ITA,1972,49.196392,7
Italy,ITA,1973,47.633377,7
Italy,ITA,1974,46.805,7
Italy,ITA,1975,45.027916,7
Italy,ITA,1976,40.868156,6
Italy,ITA,1977,39.92841,6
Italy,ITA,1978,37.533386,5
Italy,ITA,1979,35.587658,5
Italy,ITA,1980,33.67221,7
Italy,ITA,1981,32.375595,7
Italy,ITA,1982,32.074394,5
Italy,ITA,1983,32.014942,7
Italy,ITA,1984,31.232344,7
Italy,ITA,1985,30.693115,7
Italy,ITA,1986,29.034918,7
Italy,ITA,1987,29.489397,7
Italy,ITA,1988,30.246641,9
Italy,ITA,1989,29.519388,7
Italy,ITA,1990,30.30473,7
Italy,ITA,1991,28.763084,9
Italy,ITA,1992,29.433523,7
Italy,ITA,1993,29.657003,7
Italy,ITA,1994,27.051702,7
Italy,ITA,1995,27.570276,9
Italy,ITA,1996,27.678988,7
Italy,ITA,1997,29.001446,5
Italy,ITA,1998,28.96681,9
Italy,ITA,1999,28.07137,9
Italy,ITA,2000,27.684448,9
Italy,ITA,2001,27.55271,5
Italy,ITA,2002,27.692343,9
Italy,ITA,2003,27.865028,9
Italy,ITA,2004,30.415663,9
Italy,ITA,2005,28.29426,9
Italy,ITA,2006,28.981493,9
Italy,ITA,2007,29.07569,10
Italy,ITA,2008,29.936432,9
Italy,ITA,2009,29.128384,9
Italy,ITA,2010,28.61257,9
Italy,ITA,2011,27.048658,9
Italy,ITA,2012,26.567993,10
Italy,ITA,2013,25.522709,9
Italy,ITA,2014,25.90513,9
Italy,ITA,2015,23.768148,9
Italy,ITA,2016,24.428621,9
Italy,ITA,2017,22.22358,10
Italy,ITA,2018,21.671793,10
Italy,ITA,2019,21.498657,9
Italy,ITA,2020,21.290028,9
Italy,ITA,2021,21.01154,9
Italy,ITA,2022,19.996746,9
Japan,JPN,1899,59.609818,1
Japan,JPN,1900,66.03673,2
Japan,JPN,1901,69.44099,1
Japan,JPN,1902,72.20965,1
Japan,JPN,1903,69.607124,1
Japan,JPN,1904,69.88247,1
Japan,JPN,1905,68.30839,3
Japan,JPN,1906,63.484093,3
Japan,JPN,1907,82.702835,3
Japan,JPN,1908,86.03822,3
Japan,JPN,1909,88.00362,3
Japan,JPN,1910,90.16719,3
Japan,JPN,1911,90.13852,3
Japan,JPN,1912,91.46002,3
Japan,JPN,1913,92.57365,3
Japan,JPN,1914,93.94912,3
Japan,JPN,1915,93.38619,1
Japan,JPN,1916,96.20082,3
Japan,JPN,1917,97.2765,3
Japan,JPN,1918,99.58048,3
Japan,JPN,1919,96.42009,3
Japan,JPN,1920,109.64694,3
Japan,JPN,1921,106.4836,3
Japan,JPN,1922,105.959465,1
Japan,JPN,1923,111.947136,3
Japan,JPN,1924,108.9027,1
Japan,JPN,1925,109.484184,1
Japan,JPN,1926,108.83819,3
Japan,JPN,1927,110.1521,1
Japan,JPN,1928,108.07539,3
Japan,JPN,1929,110.777016,1
Japan,JPN,1930,104.31581,1
Japan,JPN,1931,115.04977,1
Japan,JPN,1932,107.81649,3
Japan,JPN,1933,117.388756,1
Japan,JPN,1934,106.774124,1
Japan,JPN,1935,112.21026,1
Japan,JPN,1936,119.410645,1
Japan,JPN,1937,113.46008,1
Japan,JPN,1938,112.99414,1
Japan,JPN,1939,104.25298,1
Japan,JPN,1940,109.76754,1
Japan,JPN,1941,113.7544,1
Japan,JPN,1942,121.23942,1
Japan,JPN,1943,108.23689,1
Japan,JPN,1944,114.356125,1
Japan,JPN,1945,83.421135,2
Japan,JPN,1946,84.32367,9
Japan,JPN,1947,124.587875,1
Japan,JPN,1948,132.31346,1
Japan,JPN,1949,130.44456,1
Japan,JPN,1950,101.39538,1
Japan,JPN,1951,100.60065,1
Japan,JPN,1952,88.0816,1
Japan,JPN,1953,80.6036,1
Japan,JPN,1954,74.99268,1
Japan,JPN,1955,73.486824,1
Japan,JPN,1956,64.58066,1
Japan,JPN,1957,62.456104,1
Japan,JPN,1958,63.206726,1
Japan,JPN,1959,63.063713,1
Japan,JPN,1960,58.330547,1
Japan,JPN,1961,55.45738,1
Japan,JPN,1962,56.492958,1
Japan,JPN,1963,57.01255,1
Japan,JPN,1964,54.586437,1
Japan,JPN,1965,55.774136,2
Japan,JPN,1966,43.9531,12
Japan,JPN,1967,62.626686,1
Japan,JPN,1968,53.880592,4
Japan,JPN,1969,56.34475,1
Japan,JPN,1970,55.062286,1
Japan,JPN,1971,54.4483,7
Japan,JPN,1972,54.674213,8
Japan,JPN,1973,55.15547,2
Japan,JPN,1974,53.9143,7
Japan,JPN,1975,49.487698,2
Japan,JPN,1976,47.005493,7
Japan,JPN,1977,44.967663,7
Japan,JPN,1978,43.105362,7
Japan,JPN,1979,40.67126,8
Japan,JPN,1980,39.232132,9
Japan,JPN,1981,37.93077,9
Japan,JPN,1982,37.889385,8
Japan,JPN,1983,36.660515,7
Japan,JPN,1984,36.38085,8
Japan,JPN,1985,35.013947,7
Japan,JPN,1986,33.062386,7
Japan,JPN,1987,32.32062,7
Japan,JPN,1988,31.618809,9
Japan,JPN,1989,28.8514,8
Japan,JPN,1990,28.300598,7
Japan,JPN,1991,28.319288,7
Japan,JPN,1992,28.468765,9
Japan,JPN,1993,27.483202,7
Japan,JPN,1994,28.584414,7
Japan,JPN,1995,27.473911,7
Japan,JPN,1996,27.8796,7
Japan,JPN,1997,27.625036,7
Japan,JPN,1998,27.883442,9
Japan,JPN,1999,26.696703,7
Japan,JPN,2000,27.388613,9
Japan,JPN,2001,27.20945,9
Japan,JPN,2002,26.281906,9
Japan,JPN,2003,25.405907,7
Japan,JPN,2004,25.365467,9
Japan,JPN,2005,24.508585,9
Japan,JPN,2006,24.60947,9
Japan,JPN,2007,24.546183,10
Japan,JPN,2008,25.10232,9
Japan,JPN,2009,24.29481,9
Japan,JPN,2010,24.313349,9
Japan,JPN,2011,24.444832,9
Japan,JPN,2012,23.751858,9
Japan,JPN,2013,24.017868,9
Japan,JPN,2014,23.987444,9
Japan,JPN,2015,23.116724,9
Japan,JPN,2016,22.679344,9
Japan,JPN,2017,21.910563,9
Japan,JPN,2018,20.949427,8
Japan,JPN,2019,19.902136,9
Japan,JPN,2020,19.731432,9
Japan,JPN,2021,19.769608,9
Japan,JPN,2022,19.099775,9
Japan,JPN,2023,17.274603,8
Latvia,LVA,1948,49.151333,8
Latvia,LVA,1949,54.46789,3
Latvia,LVA,1950,48.46187,3
Latvia,LVA,1951,46.02422,4
Latvia,LVA,1952,46.641674,4
Latvia,LVA,1953,46.362823,3
Latvia,LVA,1954,48.002224,5
Latvia,LVA,1955,48.98484,6
Latvia,LVA,1956,48.78362,5
Latvia,LVA,1957,49.856125,5
Latvia,LVA,1958,51.755478,4
Latvia,LVA,1959,51.4699,4
Latvia,LVA,1960,51.298317,3
Latvia,LVA,1961,51.68815,3
Latvia,LVA,1962,49.511078,9
Latvia,LVA,1963,49.3046,4
Latvia,LVA,1964,46.460495,4
Latvia,LVA,1965,43.394726,4
Latvia,LVA,1966,42.67591,6
Latvia,LVA,1967,43.32649,4
Latvia,LVA,1968,42.96529,4
Latvia,LVA,1969,45.011463,3
Latvia,LVA,1970,44.72343,5
Latvia,LVA,1971,46.029205,3
Latvia,LVA,1972,45.779377,4
Latvia,LVA,1973,42.71051,3
Latvia,LVA,1974,43.806385,5
Latvia,LVA,1975,42.864452,4
Latvia,LVA,1976,43.25983,3
Latvia,LVA,1977,41.39807,6
Latvia,LVA,1978,40.960533,5
Latvia,LVA,1979,40.989574,3
Latvia,LVA,1980,43.05638,4
Latvia,LVA,1981,43.50596,6
Latvia,LVA,1982,43.496838,3
Latvia,LVA,1983,47.33344,6
Latvia,LVA,1984,47.464,4
Latvia,LVA,1985,46.727726,4
Latvia,LVA,1986,50.840633,2
Latvia,LVA,1987,55.876007,2
Latvia,LVA,1988,47.490345,4
Latvia,LVA,1989,44.203236,5
Latvia,LVA,1990,42.128616,6
Latvia,LVA,1991,40.161457,3
Latvia,LVA,1992,36.89862,3
Latvia,LVA,1993,31.629309,4
Latvia,LVA,1994,31.345959,3
Latvia,LVA,1995,26.500116,3
Latvia,LVA,1996,24.153574,4
Latvia,LVA,1997,24.180706,4
Latvia,LVA,1998,22.00644,7
Latvia,LVA,1999,23.954788,6
Latvia,LVA,2000,25.480022,6
Latvia,LVA,2001,25.31319,5
Latvia,LVA,2002,26.155582,7
Latvia,LVA,2003,27.876982,7
Latvia,LVA,2004,27.39695,7
Latvia,LVA,2005,28.45203,8
Latvia,LVA,2006,30.293272,9
Latvia,LVA,2007,32.013165,8
Latvia,LVA,2008,32.83579,7
Latvia,LVA,2009,30.396782,6
Latvia,LVA,2010,27.543865,3
Latvia,LVA,2011,27.944296,7
Latvia,LVA,2012,30.830482,7
Latvia,LVA,2013,30.85979,7
Latvia,LVA,2014,32.800285,7
Latvia,LVA,2015,33.94811,7
Latvia,LVA,2016,33.502956,6
Latvia,LVA,2017,32.503548,7
Latvia,LVA,2018,30.249716,6
Latvia,LVA,2019,30.170305,7
Latvia,LVA,2020,27.152113,4
Latvia,LVA,2021,28.044804,9
Latvia,LVA,2022,26.454065,6
Latvia,LVA,2023,23.412006,6
Latvia,LVA,2024,20.360937,9
Lithuania,LTU,1958,71.99585,1
Lithuania,LTU,1959,70.13685,3
Lithuania,LTU,1960,71.07113,2
Lithuania,LTU,1961,70.65456,4
Lithuania,LTU,1962,66.42984,4
Lithuania,LTU,1963,64.26609,4
Lithuania,LTU,1964,60.913353,4
Lithuania,LTU,1965,57.566933,4
Lithuania,LTU,1966,58.471714,4
Lithuania,LTU,1967,55.07525,5
Lithuania,LTU,1968,55.23825,4
Lithuania,LTU,1969,54.28004,5
Lithuania,LTU,1970,55.029255,5
Lithuania,LTU,1971,55.247623,5
Lithuania,LTU,1972,51.760723,4
Lithuania,LTU,1973,48.660686,3
Lithuania,LTU,1974,47.7769,5
Lithuania,LTU,1975,47.0767,4
Lithuania,LTU,1976,46.99494,5
Lithuania,LTU,1977,46.320377,6
Lithuania,LTU,1978,46.446674,5
Lithuania,LTU,1979,46.30081,4
Lithuania,LTU,1980,47.066734,4
Lithuania,LTU,1981,46.019276,6
Lithuania,LTU,1982,46.120056,6
Lithuania,LTU,1983,48.924137,6
Lithuania,LTU,1984,48.117325,5
Lithuania,LTU,1985,49.76935,4
Lithuania,LTU,1986,51.753094,4
Lithuania,LTU,1987,51.93546,2
Lithuania,LTU,1988,56.194912,2
Lithuania,LTU,1989,50.236794,1
Lithuania,LTU,1990,49.60037,1
Lithuania,LTU,1991,49.083393,1
Lithuania,LTU,1992,43.9194,7
Lithuania,LTU,1993,40.30435,3
Lithuania,LTU,1994,35.51375,4
Lithuania,LTU,1995,33.380375,3
Lithuania,LTU,1996,33.127617,5
Lithuania,LTU,1997,31.653261,4
Lithuania,LTU,1998,31.205526,7
Lithuania,LTU,1999,31.453478,5
Lithuania,LTU,2000,28.67743,4
Lithuania,LTU,2001,26.631372,5
Lithuania,LTU,2002,25.040525,7
Lithuania,LTU,2003,27.168547,7
Lithuania,LTU,2004,26.819767,7
Lithuania,LTU,2005,26.395796,7
Lithuania,LTU,2006,26.849213,7
Lithuania,LTU,2007,27.584187,8
Lithuania,LTU,2008,30.0129,7
Lithuania,LTU,2009,30.459433,7
Lithuania,LTU,2010,30.093935,7
Lithuania,LTU,2011,30.195795,7
Lithuania,LTU,2012,29.614906,8
Lithuania,LTU,2013,30.00502,7
Lithuania,LTU,2014,30.955683,7
Lithuania,LTU,2015,31.926657,6
Lithuania,LTU,2016,31.141285,7
Lithuania,LTU,2017,29.21577,7
Lithuania,LTU,2018,27.705168,7
Lithuania,LTU,2019,29.016062,7
Lithuania,LTU,2020,26.40666,9
Lithuania,LTU,2021,25.600893,7
Lithuania,LTU,2022,24.041227,7
Lithuania,LTU,2023,21.35263,7
Lithuania,LTU,2024,19.856886,7
Luxembourg,LUX,1901,78.096756,3
Luxembourg,LUX,1902,72.224434,2
Luxembourg,LUX,1903,71.65485,2
Luxembourg,LUX,1904,73.363625,3
Luxembourg,LUX,1905,73.13579,2
Luxembourg,LUX,1906,75.18632,2
Luxembourg,LUX,1907,75.6273,3
Luxembourg,LUX,1908,75.00993,3
Luxembourg,LUX,1909,72.51303,4
Luxembourg,LUX,1910,68.21891,5
Luxembourg,LUX,1911,71.76876,2
Luxembourg,LUX,1912,72.746254,3
Luxembourg,LUX,1913,73.05494,3
Luxembourg,LUX,1914,66.07283,2
Luxembourg,LUX,1915,60.83257,2
Luxembourg,LUX,1916,53.345364,2
Luxembourg,LUX,1917,48.25742,3
Luxembourg,LUX,1918,42.186657,8
Luxembourg,LUX,1919,48.977676,10
Luxembourg,LUX,1920,62.148148,1
Luxembourg,LUX,1921,53.09345,3
Luxembourg,LUX,1922,52.681873,1
Luxembourg,LUX,1923,57.003433,3
Luxembourg,LUX,1924,53.505028,5
Luxembourg,LUX,1925,57.41501,4
Luxembourg,LUX,1926,56.694748,3
Luxembourg,LUX,1927,55.974487,5
Luxembourg,LUX,1928,60.81738,4
Luxembourg,LUX,1929,63.22486,2
Luxembourg,LUX,1930,63.48577,3
Luxembourg,LUX,1931,62.04525,3
Luxembourg,LUX,1932,52.88766,1
Luxembourg,LUX,1933,50.72688,5
Luxembourg,LUX,1934,47.162327,2
Luxembourg,LUX,1935,45.825684,4
Luxembourg,LUX,1936,44.656116,3
Luxembourg,LUX,1937,44.97509,4
Luxembourg,LUX,1938,43.38023,4
Luxembourg,LUX,1939,47.228474,3
Luxembourg,LUX,1940,42.78628,2
Luxembourg,LUX,1941,41.360073,9
Luxembourg,LUX,1942,44.553223,5
Luxembourg,LUX,1943,44.656116,4
Luxembourg,LUX,1944,42.49534,3
Luxembourg,LUX,1945,38.50451,2
Luxembourg,LUX,1946,47.434265,5
Luxembourg,LUX,1947,42.63596,4
Luxembourg,LUX,1948,41.906357,2
Luxembourg,LUX,1949,42.742283,4
Luxembourg,LUX,1950,42.491665,2
Luxembourg,LUX,1951,42.94734,2
Luxembourg,LUX,1952,48.360313,3
Luxembourg,LUX,1953,49.697937,3
Luxembourg,LUX,1954,47.101574,4
Luxembourg,LUX,1955,47.742947,3
Luxembourg,LUX,1956,46.888924,9
Luxembourg,LUX,1957,47.022686,3
Luxembourg,LUX,1958,49.389256,5
Luxembourg,LUX,1959,49.697937,3
Luxembourg,LUX,1960,48.18359,6
Luxembourg,LUX,1961,48.164593,3
Luxembourg,LUX,1962,47.140667,6
Luxembourg,LUX,1963,47.4849,4
Luxembourg,LUX,1964,48.84802,4
Luxembourg,LUX,1965,48.61512,2
Luxembourg,LUX,1966,47.042194,2
Luxembourg,LUX,1967,45.00251,2
Luxembourg,LUX,1968,42.73768,2
Luxembourg,LUX,1969,43.53048,3
Luxembourg,LUX,1970,38.63523,3
Luxembourg,LUX,1971,40.079075,5
Luxembourg,LUX,1972,35.945816,2
Luxembourg,LUX,1973,32.49501,3
Luxembourg,LUX,1974,34.359993,6
Luxembourg,LUX,1975,34.608147,5
Luxembourg,LUX,1976,34.061897,9
Luxembourg,LUX,1977,35.83659,3
Luxembourg,LUX,1978,33.685394,3
Luxembourg,LUX,1979,35.733288,7
Luxembourg,LUX,1980,34.171116,9
Luxembourg,LUX,1981,38.245266,2
Luxembourg,LUX,1982,37.82552,7
Luxembourg,LUX,1983,36.101994,8
Luxembourg,LUX,1984,34.57247,7
Luxembourg,LUX,1985,32.74702,7
Luxembourg,LUX,1986,37.595135,6
Luxembourg,LUX,1987,33.868465,7
Luxembourg,LUX,1988,37.612694,9
Luxembourg,LUX,1989,36.25563,4
Luxembourg,LUX,1990,38.921978,7
Luxembourg,LUX,1991,38.49222,5
Luxembourg,LUX,1992,42.517754,7
Luxembourg,LUX,1993,42.172802,9
Luxembourg,LUX,1994,42.581646,6
Luxembourg,LUX,1995,39.790974,6
Luxembourg,LUX,1996,39.120308,5
Luxembourg,LUX,1997,40.355602,6
Luxembourg,LUX,1998,37.027874,6
Luxembourg,LUX,1999,39.725693,6
Luxembourg,LUX,2000,39.251503,7
Luxembourg,LUX,2001,37.067425,5
Luxembourg,LUX,2002,36.175686,7
Luxembourg,LUX,2003,36.16856,7
Luxembourg,LUX,2004,36.6461,7
Luxembourg,LUX,2005,34.470604,6
Luxembourg,LUX,2006,34.645435,8
Luxembourg,LUX,2007,34.309288,5
Luxembourg,LUX,2008,37.633728,7
Luxembourg,LUX,2009,34.216892,7
Luxembourg,LUX,2010,35.65128,2
Luxembourg,LUX,2011,32.250126,7
Luxembourg,LUX,2012,33.08692,5
Luxembourg,LUX,2013,34.523525,7
Luxembourg,LUX,2014,32.672653,7
Luxembourg,LUX,2015,33.60906,7
Luxembourg,LUX,2016,32.91309,7
Luxembourg,LUX,2017,30.29734,6
Luxembourg,LUX,2018,30.783028,7
Luxembourg,LUX,2019,30.129864,11
Luxembourg,LUX,2020,30.87868,5
Luxembourg,LUX,2021,33.655556,9
Luxembourg,LUX,2022,29.91759,6
Luxembourg,LUX,2023,29.270676,5
Netherlands,NLD,1840,102.02288,3
Netherlands,NLD,1841,104.33977,2
Netherlands,NLD,1842,105.637146,2
Netherlands,NLD,1843,105.18131,2
Netherlands,NLD,1844,105.47029,2
Netherlands,NLD,1845,109.64504,3
Netherlands,NLD,1846,109.20202,2
Netherlands,NLD,1847,95.04772,2
Netherlands,NLD,1848,95.08693,12
Netherlands,NLD,1849,108.53655,3
Netherlands,NLD,1850,102.62265,2
Netherlands,NLD,1851,111.040634,2
Netherlands,NLD,1852,110.86408,3
Netherlands,NLD,1853,108.9982,2
Netherlands,NLD,1854,104.81146,3
Netherlands,NLD,1855,102.62591,2
Netherlands,NLD,1856,107.76051,2
Netherlands,NLD,1857,103.683,2
Netherlands,NLD,1858,107.97577,2
Netherlands,NLD,1859,112.11116,2
Netherlands,NLD,1860,108.70834,2
Netherlands,NLD,1861,107.65101,4
Netherlands,NLD,1862,108.47866,3
Netherlands,NLD,1863,111.419464,2
Netherlands,NLD,1864,112.95249,2
Netherlands,NLD,1865,112.7625,2
Netherlands,NLD,1866,113.21357,2
Netherlands,NLD,1867,107.57399,2
Netherlands,NLD,1868,104.74231,2
Netherlands,NLD,1869,104.89039,2
Netherlands,NLD,1870,114.73233,2
Netherlands,NLD,1871,110.494064,2
Netherlands,NLD,1872,109.390526,3
Netherlands,NLD,1873,113.953896,2
Netherlands,NLD,1874,109.31975,2
Netherlands,NLD,1875,113.490906,2
Netherlands,NLD,1876,117.178085,2
Netherlands,NLD,1877,111.625015,2
Netherlands,NLD,1893,100.5537,2
Netherlands,NLD,1894,96.66243,3
Netherlands,NLD,1895,99.97324,2
Netherlands,NLD,1896,98.24557,3
Netherlands,NLD,1897,99.40808,2
Netherlands,NLD,1898,95.24141,2
Netherlands,NLD,1899,95.26444,2
Netherlands,NLD,1900,97.59945,2
Netherlands,NLD,1901,97.33573,2
Netherlands,NLD,1902,98.02759,2
Netherlands,NLD,1903,95.21348,2
Netherlands,NLD,1904,93.2687,2
Netherlands,NLD,1905,93.67063,2
Netherlands,NLD,1906,91.922005,2
Netherlands,NLD,1907,91.70559,2
Netherlands,NLD,1908,89.2637,2
Netherlands,NLD,1909,87.02592,2
Netherlands,NLD,1910,85.478134,2
Netherlands,NLD,1911,84.36572,2
Netherlands,NLD,1912,82.46616,2
Netherlands,NLD,1913,82.44,2
Netherlands,NLD,1914,81.78312,3
Netherlands,NLD,1915,79.89972,2
Netherlands,NLD,1916,78.77342,2
Netherlands,NLD,1917,77.73624,3
Netherlands,NLD,1918,73.97216,3
Netherlands,NLD,1919,83.14065,11
Netherlands,NLD,1920,87.27168,2
Netherlands,NLD,1921,82.08118,2
Netherlands,NLD,1922,77.13574,1
Netherlands,NLD,1923,78.41826,2
Netherlands,NLD,1924,72.43971,3
Netherlands,NLD,1925,70.09296,2
Netherlands,NLD,1926,70.58469,2
Netherlands,NLD,1927,67.522606,2
Netherlands,NLD,1928,68.60807,3
Netherlands,NLD,1929,66.775734,2
Netherlands,NLD,1930,67.02436,3
Netherlands,NLD,1931,65.06856,2
Netherlands,NLD,1932,64.48903,3
Netherlands,NLD,1933,60.586323,2
Netherlands,NLD,1934,60.75615,2
Netherlands,NLD,1935,59.996,2
Netherlands,NLD,1936,59.12542,3
Netherlands,NLD,1937,57.66102,5
Netherlands,NLD,1938,59.8567,2
Netherlands,NLD,1939,58.745872,4
Netherlands,NLD,1940,61.225075,3
Netherlands,NLD,1941,61.692253,5
Netherlands,NLD,1942,61.783657,3
Netherlands,NLD,1943,65.97001,9
Netherlands,NLD,1944,68.901146,9
Netherlands,NLD,1945,74.88663,3
Netherlands,NLD,1946,97.03422,5
Netherlands,NLD,1947,83.68359,2
Netherlands,NLD,1948,74.73399,3
Netherlands,NLD,1949,70.72498,2
Netherlands,NLD,1950,66.94812,3
Netherlands,NLD,1951,64.45047,2
Netherlands,NLD,1952,64.50839,2
Netherlands,NLD,1953,63.016663,3
Netherlands,NLD,1954,62.628178,2
Netherlands,NLD,1955,60.660862,4
Netherlands,NLD,1956,62.533554,3
Netherlands,NLD,1957,60.893044,6
Netherlands,NLD,1958,61.523056,9
Netherlands,NLD,1959,62.670246,2
Netherlands,NLD,1960,59.776413,5
Netherlands,NLD,1961,61.918236,4
Netherlands,NLD,1962,60.977962,5
Netherlands,NLD,1963,60.37148,4
Netherlands,NLD,1964,60.763,4
Netherlands,NLD,1965,58.543407,4
Netherlands,NLD,1966,57.124104,4
Netherlands,NLD,1967,56.075813,4
Netherlands,NLD,1968,53.853325,4
Netherlands,NLD,1969,56.62491,4
Netherlands,NLD,1970,54.343304,4
Netherlands,NLD,1971,52.37254,4
Netherlands,NLD,1972,48.408283,4
Netherlands,NLD,1973,44.49417,3
Netherlands,NLD,1974,41.06586,5
Netherlands,NLD,1975,39.21522,4
Netherlands,NLD,1976,37.747448,6
Netherlands,NLD,1977,36.9294,5
Netherlands,NLD,1978,37.14332,5
Netherlands,NLD,1979,36.387165,4
Netherlands,NLD,1980,36.927975,9
Netherlands,NLD,1981,36.184586,9
Netherlands,NLD,1982,34.345356,9
Netherlands,NLD,1983,33.957493,6
Netherlands,NLD,1984,34.223133,7
Netherlands,NLD,1985,35.073296,9
Netherlands,NLD,1986,36.862648,4
Netherlands,NLD,1987,36.996853,6
Netherlands,NLD,1988,36.23048,3
Netherlands,NLD,1989,36.191296,5
Netherlands,NLD,1990,37.7385,5
Netherlands,NLD,1991,38.274487,9
Netherlands,NLD,1992,37.62633,9
Netherlands,NLD,1993,37.419678,9
Netherlands,NLD,1994,36.54936,6
Netherlands,NLD,1995,34.958046,9
Netherlands,NLD,1996,35.24198,9
Netherlands,NLD,1997,35.57063,7
Netherlands,NLD,1998,38.45206,9
Netherlands,NLD,1999,36.994957,9
Netherlands,NLD,2000,37.078976,9
Netherlands,NLD,2001,36.072685,7
Netherlands,NLD,2002,36.26925,9
Netherlands,NLD,2003,35.615604,7
Netherlands,NLD,2004,34.325397,7
Netherlands,NLD,2005,33.068512,9
Netherlands,NLD,2006,32.871975,9
Netherlands,NLD,2007,32.584038,9
Netherlands,NLD,2008,33.199192,9
Netherlands,NLD,2009,32.729504,9
Netherlands,NLD,2010,32.510853,9
Netherlands,NLD,2011,31.273642,9
Netherlands,NLD,2012,30.21063,8
Netherlands,NLD,2013,30.36805,7
Netherlands,NLD,2014,30.716927,9
Netherlands,NLD,2015,30.14256,9
Netherlands,NLD,2016,29.706367,7
Netherlands,NLD,2017,29.095377,8
Netherlands,NLD,2018,28.90132,9
Netherlands,NLD,2019,29.045692,9
Netherlands,NLD,2020,28.898476,7
Netherlands,NLD,2021,30.812784,9
Netherlands,NLD,2022,28.622616,9
Netherlands,NLD,2023,26.880672,7
New Zealand,NZL,1980,47.480408,9
New Zealand,NZL,1981,46.465958,9
New Zealand,NZL,1982,45.626972,9
New Zealand,NZL,1983,47.77114,9
New Zealand,NZL,1984,47.338116,10
New Zealand,NZL,1985,45.915733,10
New Zealand,NZL,1986,47.742672,9
New Zealand,NZL,1987,50.866917,9
New Zealand,NZL,1988,52.73965,9
New Zealand,NZL,1989,52.345516,9
New Zealand,NZL,1990,54.438587,9
New Zealand,NZL,1991,50.914646,9
New Zealand,NZL,1992,48.85661,9
New Zealand,NZL,1993,47.72427,9
New Zealand,NZL,1994,46.842037,9
New Zealand,NZL,1995,46.29319,9
New Zealand,NZL,1996,45.18342,10
New Zealand,NZL,1997,44.808365,10
New Zealand,NZL,1998,42.87677,10
New Zealand,NZL,1999,43.033024,9
New Zealand,NZL,2000,42.603504,9
New Zealand,NZL,2001,41.16269,10
New Zealand,NZL,2002,39.81754,10
New Zealand,NZL,2003,40.237614,9
New Zealand,NZL,2004,40.274017,9
New Zealand,NZL,2005,40.77707,9
New Zealand,NZL,2006,40.566578,11
New Zealand,NZL,2007,42.56516,10
New Zealand,NZL,2008,43.26694,2
New Zealand,NZL,2009,42.014225,9
New Zealand,NZL,2010,41.807884,9
New Zealand,NZL,2011,39.99881,3
New Zealand,NZL,2012,39.972496,10
New Zealand,NZL,2013,38.182667,2
New Zealand,NZL,2014,36.69606,10
New Zealand,NZL,2015,35.82077,2
New Zealand,NZL,2016,35.5654,8
New Zealand,NZL,2017,34.976376,10
New Zealand,NZL,2018,33.482662,2
New Zealand,NZL,2019,33.235832,10
New Zealand,NZL,2020,32.46493,9
Northern Ireland,,1955,62.178265,6
Northern Ireland,,1956,63.97999,4
Northern Ireland,,1957,65.168564,5
Northern Ireland,,1958,65.13811,4
Northern Ireland,,1959,66.76105,6
Northern Ireland,,1960,67.534454,5
Northern Ireland,,1961,68.11106,6
Northern Ireland,,1962,70.06493,5
Northern Ireland,,1963,67.83239,5
Northern Ireland,,1964,72.88095,4
Northern Ireland,,1965,69.18638,3
Northern Ireland,,1966,67.69282,6
Northern Ireland,,1967,69.4442,6
Northern Ireland,,1968,67.762344,1
Northern Ireland,,1969,64.75604,1
Northern Ireland,,1970,67.79053,4
Northern Ireland,,1971,63.62862,3
Northern Ireland,,1972,59.181995,6
Northern Ireland,,1973,58.935062,10
Northern Ireland,,1974,57.020847,1
Northern Ireland,,1975,51.398636,1
Northern Ireland,,1976,51.23743,6
Northern Ireland,,1977,52.767517,5
Northern Ireland,,1978,56.949577,10
Northern Ireland,,1979,58.273136,1
Northern Ireland,,1980,59.288193,1
Northern Ireland,,1981,53.694183,11
Northern Ireland,,1982,52.54528,11
Northern Ireland,,1983,52.904163,6
Northern Ireland,,1984,52.64728,10
Northern Ireland,,1985,53.28703,1
Northern Ireland,,1986,55.74949,4
Northern Ireland,,1987,54.121357,6
Northern Ireland,,1988,51.13983,5
Northern Ireland,,1989,48.621178,6
Northern Ireland,,1990,52.589943,1
Northern Ireland,,1991,54.454006,1
Northern Ireland,,1992,49.270348,1
Northern Ireland,,1993,46.923195,6
Northern Ireland,,1994,45.321476,1
Northern Ireland,,1995,43.751587,1
Northern Ireland,,1996,48.53703,1
Northern Ireland,,1997,45.765823,1
Northern Ireland,,1998,42.481827,9
Northern Ireland,,1999,41.148663,6
Northern Ireland,,2000,42.30179,1
Northern Ireland,,2001,45.180527,1
Northern Ireland,,2002,40.08954,1
Northern Ireland,,2003,40.0166,1
Northern Ireland,,2004,40.49732,1
Northern Ireland,,2005,40.544273,1
Northern Ireland,,2006,39.462006,9
Northern Ireland,,2007,40.78568,8
Northern Ireland,,2008,41.33912,10
Northern Ireland,,2009,40.335804,9
Northern Ireland,,2010,40.57971,9
Northern Ireland,,2011,40.717346,9
Northern Ireland,,2012,40.986736,9
Northern Ireland,,2013,39.148,9
Northern Ireland,,2014,39.567146,9
Northern Ireland,,2015,38.74995,9
Northern Ireland,,2016,38.1382,9
Northern Ireland,,2017,35.941463,9
Northern Ireland,,2018,35.90492,9
Northern Ireland,,2019,34.931774,9
Northern Ireland,,2020,33.818043,9
Northern Ireland,,2021,34.457672,9
Northern Ireland,,2022,31.35047,9
Norway,NOR,1931,51.508053,3
Norway,NOR,1932,49.05269,4
Norway,NOR,1933,45.338104,5
Norway,NOR,1934,43.68155,5
Norway,NOR,1935,45.155342,4
Norway,NOR,1936,44.93255,4
Norway,NOR,1937,45.281975,4
Norway,NOR,1938,47.879986,4
Norway,NOR,1939,49.136967,4
Norway,NOR,1940,52.921356,4
Norway,NOR,1941,47.598675,4
Norway,NOR,1942,52.809143,9
Norway,NOR,1943,55.248577,9
Norway,NOR,1944,62.924984,4
Norway,NOR,1945,63.048878,4
Norway,NOR,1946,74.90061,4
Norway,NOR,1947,69.09206,4
Norway,NOR,1948,65.010826,4
Norway,NOR,1949,61.897526,4
Norway,NOR,1950,62.714237,4
Norway,NOR,1951,59.269733,4
Norway,NOR,1952,61.114452,4
Norway,NOR,1953,59.212036,4
Norway,NOR,1954,57.67108,4
Norway,NOR,1955,57.513023,4
Norway,NOR,1956,57.20875,4
Norway,NOR,1957,56.758785,4
Norway,NOR,1958,56.8849,4
Norway,NOR,1959,55.635445,4
Norway,NOR,1960,54.764576,4
Norway,NOR,1961,54.186676,4
Norway,NOR,1962,53.00131,4
Norway,NOR,1963,55.347755,4
Norway,NOR,1964,55.684853,4
Norway,NOR,1965,54.914055,4
Norway,NOR,1966,56.869118,4
Norway,NOR,1967,55.569042,4
Norway,NOR,1968,55.37923,4
Norway,NOR,1969,55.448757,4
Norway,NOR,1970,52.983917,4
Norway,NOR,1971,51.832066,4
Norway,NOR,1972,49.865986,4
Norway,NOR,1973,48.141747,4
Norway,NOR,1974,48.06058,4
Norway,NOR,1975,45.18205,4
Norway,NOR,1976,41.070442,4
Norway,NOR,1977,39.57966,4
Norway,NOR,1978,39.475544,4
Norway,NOR,1979,40.155437,4
Norway,NOR,1980,38.893063,4
Norway,NOR,1981,38.38982,3
Norway,NOR,1982,39.392277,4
Norway,NOR,1983,36.68393,4
Norway,NOR,1984,36.329933,4
Norway,NOR,1985,37.984856,4
Norway,NOR,1986,39.185604,4
Norway,NOR,1987,38.714294,4
Norway,NOR,1988,41.074196,4
Norway,NOR,1989,41.314762,4
Norway,NOR,1990,42.764523,4
Norway,NOR,1991,42.99403,4
Norway,NOR,1992,42.28329,4
Norway,NOR,1993,41.8543,4
Norway,NOR,1994,40.726303,4
Norway,NOR,1995,40.832,4
Norway,NOR,1996,41.207405,4
Norway,NOR,1997,41.26991,4
Norway,NOR,1998,40.05926,4
Norway,NOR,1999,39.01085,5
Norway,NOR,2000,38.97612,5
Norway,NOR,2001,37.034405,4
Norway,NOR,2002,36.053944,7
Norway,NOR,2003,36.599026,7
Norway,NOR,2004,36.600784,7
Norway,NOR,2005,35.9643,4
Norway,NOR,2006,36.808006,7
Norway,NOR,2007,36.48321,6
Norway,NOR,2008,37.53373,7
Norway,NOR,2009,37.632816,6
Norway,NOR,2010,36.789,7
Norway,NOR,2011,36.327,6
Norway,NOR,2012,35.91108,7
Norway,NOR,2013,36.00862,7
Norway,NOR,2014,34.451767,7
Norway,NOR,2015,35.110565,7
Norway,NOR,2016,33.71649,7
Norway,NOR,2017,32.24031,6
Norway,NOR,2018,31.021309,6
Norway,NOR,2019,30.412811,7
Norway,NOR,2020,29.697834,6
Norway,NOR,2021,31.040981,8
Norway,NOR,2022,27.898857,6
Norway,NOR,2023,28.790833,6
Norway,NOR,2024,28.960115,6
Poland,POL,1985,54.430458,3
Poland,POL,1986,50.79872,4
Poland,POL,1987,48.021084,7
Poland,POL,1988,46.157764,3
Poland,POL,1989,43.077957,2
Poland,POL,1990,41.52795,7
Poland,POL,1991,41.786484,1
Poland,POL,1992,39.208244,7
Poland,POL,1993,37.530712,7
Poland,POL,1994,36.52364,3
Poland,POL,1995,34.173145,7
Poland,POL,1996,33.198425,7
Poland,POL,1997,31.638632,4
Poland,POL,1998,30.59006,7
Poland,POL,1999,29.115599,9
Poland,POL,2000,28.658897,1
Poland,POL,2001,27.872004,1
Poland,POL,2002,26.763079,7
Poland,POL,2003,27.552296,7
Poland,POL,2004,27.384266,7
Poland,POL,2005,27.760473,7
Poland,POL,2006,28.893358,9
Poland,POL,2007,30.258816,9
Poland,POL,2008,32.71786,9
Poland,POL,2009,32.48537,7
Poland,POL,2010,31.159664,7
Poland,POL,2011,30.457699,9
Poland,POL,2012,29.491814,7
Poland,POL,2013,28.825056,7
Poland,POL,2014,29.965515,7
Poland,POL,2015,29.437292,9
Poland,POL,2016,30.615828,9
Poland,POL,2017,31.11248,9
Poland,POL,2018,30.016302,7
Poland,POL,2019,30.100578,7
Poland,POL,2020,28.2812,9
Poland,POL,2021,26.338861,9
Poland,POL,2022,24.025429,6
Poland,POL,2023,21.568974,1
Portugal,PRT,1901,73.62948,2
Portugal,PRT,1902,70.73132,4
Portugal,PRT,1903,85.23731,2
Portugal,PRT,1904,76.111404,4
Portugal,PRT,1905,72.64192,4
Portugal,PRT,1906,82.725,2
Portugal,PRT,1907,73.36274,4
Portugal,PRT,1908,71.49991,4
Portugal,PRT,1909,78.26331,2
Portugal,PRT,1910,84.384415,12
Portugal,PRT,1918,74.75717,3
Portugal,PRT,1919,71.65175,12
Portugal,PRT,1920,84.59801,2
Portugal,PRT,1921,80.23129,2
Portugal,PRT,1922,82.84596,2
Portugal,PRT,1923,83.35773,2
Portugal,PRT,1924,83.45153,3
Portugal,PRT,1925,81.53863,2
Portugal,PRT,1929,83.059975,2
Portugal,PRT,1930,81.40505,1
Portugal,PRT,1931,81.976555,3
Portugal,PRT,1932,82.896835,3
Portugal,PRT,1933,82.35475,3
Portugal,PRT,1934,82.12784,3
Portugal,PRT,1935,82.36736,3
Portugal,PRT,1936,85.498,3
Portugal,PRT,1937,80.62344,3
Portugal,PRT,1938,80.106575,3
Portugal,PRT,1939,80.12338,1
Portugal,PRT,1940,74.87897,2
Portugal,PRT,1941,71.08685,4
Portugal,PRT,1942,70.75867,3
Portugal,PRT,1943,78.68967,2
Portugal,PRT,1944,80.70158,1
Portugal,PRT,1945,80.02877,1
Portugal,PRT,1946,81.684784,1
Portugal,PRT,1947,72.108154,1
Portugal,PRT,1948,82.318535,3
Portugal,PRT,1949,80.19203,1
Portugal,PRT,1950,76.90294,1
Portugal,PRT,1951,75.47494,1
Portugal,PRT,1952,75.21442,3
Portugal,PRT,1953,75.286674,1
Portugal,PRT,1954,70.37158,1
Portugal,PRT,1955,82.60082,1
Portugal,PRT,1956,72.287544,3
Portugal,PRT,1957,71.155174,4
Portugal,PRT,1958,75.339745,3
Portugal,PRT,1959,72.18259,3
Portugal,PRT,1960,71.40324,3
Portugal,PRT,1961,73.10951,3
Portugal,PRT,1962,75.45015,2
Portugal,PRT,1963,71.22344,3
Portugal,PRT,1964,72.861496,3
Portugal,PRT,1965,68.3234,3
Portugal,PRT,1966,67.72793,3
Portugal,PRT,1967,65.59708,3
Portugal,PRT,1968,64.90432,9
Portugal,PRT,1969,63.41609,9
Portugal,PRT,1970,61.026123,9
Portugal,PRT,1971,61.46493,9
Portugal,PRT,1972,57.428493,9
Portugal,PRT,1973,57.07013,1
Portugal,PRT,1974,55.272247,9
Portugal,PRT,1975,55.964764,9
Portugal,PRT,1976,57.378895,9
Portugal,PRT,1977,55.689312,5
Portugal,PRT,1978,52.1939,5
Portugal,PRT,1979,49.137554,5
Portugal,PRT,1980,47.826477,5
Portugal,PRT,1981,44.735897,5
Portugal,PRT,1982,44.669937,5
Portugal,PRT,1983,42.238102,5
Portugal,PRT,1984,41.25872,5
Portugal,PRT,1985,38.864025,5
Portugal,PRT,1986,36.857162,5
Portugal,PRT,1987,35.543026,6
Portugal,PRT,1988,35.559975,9
Portugal,PRT,1989,34.387554,5
Portugal,PRT,1990,33.322567,5
Portugal,PRT,1991,34.59973,9
Portugal,PRT,1992,33.88793,9
Portugal,PRT,1993,32.900013,7
Portugal,PRT,1994,31.559683,5
Portugal,PRT,1995,31.103247,5
Portugal,PRT,1996,31.288698,9
Portugal,PRT,1997,32.529617,5
Portugal,PRT,1998,33.212254,9
Portugal,PRT,1999,33.661583,9
Portugal,PRT,2000,34.13201,9
Portugal,PRT,2001,31.79262,5
Portugal,PRT,2002,33.052917,9
Portugal,PRT,2003,31.863087,9
Portugal,PRT,2004,31.601562,9
Portugal,PRT,2005,31.713284,9
Portugal,PRT,2006,30.106802,9
Portugal,PRT,2007,29.856918,9
Portugal,PRT,2008,30.659655,9
Portugal,PRT,2009,28.763952,9
Portugal,PRT,2010,29.978672,9
Portugal,PRT,2011,26.963995,9
Portugal,PRT,2012,25.267971,9
Portugal,PRT,2013,23.952711,9
Portugal,PRT,2014,24.774927,9
Portugal,PRT,2015,26.031874,9
Portugal,PRT,2016,25.921347,9
Portugal,PRT,2017,24.513153,11
Portugal,PRT,2018,25.311188,9
Portugal,PRT,2019,25.751783,9
Portugal,PRT,2020,24.530912,9
Portugal,PRT,2021,23.122341,9
Portugal,PRT,2022,24.612692,9
Portugal,PRT,2023,23.873825,9
Russia,RUS,1956,80.778145,1
Russia,RUS,1957,79.60321,1
Russia,RUS,1958,80.80366,1
Russia,RUS,1959,79.48196,1
Russia,RUS,1960,76.03923,1
Russia,RUS,1961,70.7284,1
Russia,RUS,1962,65.75556,1
Russia,RUS,1963,60.95594,1
Russia,RUS,1964,55.081448,1
Russia,RUS,1965,48.44356,1
Russia,RUS,1966,46.417553,1
Russia,RUS,1967,44.603905,1
Russia,RUS,1968,41.996853,1
Russia,RUS,1969,41.13636,5
Russia,RUS,1970,42.123802,4
Russia,RUS,1971,43.698456,1
Russia,RUS,1972,44.026356,6
Russia,RUS,1973,43.562267,1
Russia,RUS,1974,44.73343,6
Russia,RUS,1975,46.00816,6
Russia,RUS,1976,46.327705,6
Russia,RUS,1977,45.363808,4
Russia,RUS,1978,45.874153,6
Russia,RUS,1979,45.929466,6
Russia,RUS,1980,46.15032,6
Russia,RUS,1981,47.128056,6
Russia,RUS,1982,47.938465,6
Russia,RUS,1983,50.79686,6
Russia,RUS,1984,48.7476,6
Russia,RUS,1985,47.808342,7
Russia,RUS,1986,50.775867,7
Russia,RUS,1987,50.478336,6
Russia,RUS,1988,47.38189,6
Russia,RUS,1989,42.910698,6
Russia,RUS,1990,39.298145,6
Russia,RUS,1991,35.825607,1
Russia,RUS,1992,32.087936,1
Russia,RUS,1993,27.285458,1
Russia,RUS,1994,27.859905,3
Russia,RUS,1995,27.042135,1
Russia,RUS,1996,25.59647,4
Russia,RUS,1997,25.405195,1
Russia,RUS,1998,25.538816,6
Russia,RUS,1999,24.677805,6
Russia,RUS,2000,25.147575,6
Russia,RUS,2001,26.357145,7
Russia,RUS,2002,28.554443,7
Russia,RUS,2003,29.564993,7
Russia,RUS,2004,30.305727,6
Russia,RUS,2005,29.405699,7
Russia,RUS,2006,30.277157,8
Russia,RUS,2007,33.22801,8
Russia,RUS,2008,35.779465,7
Russia,RUS,2009,36.862194,7
Russia,RUS,2010,36.46756,7
Russia,RUS,2011,37.49252,7
Russia,RUS,2012,39.304523,8
Russia,RUS,2013,39.300297,7
Russia,RUS,2014,39.896427,7
Scotland,,1954,54.216953,3
Scotland,,1955,53.166542,4
Scotland,,1956,55.113514,3
Scotland,,1957,55.154278,4
Scotland,,1958,56.972794,4
Scotland,,1959,55.909767,1
Scotland,,1960,56.18154,4
Scotland,,1961,56.422493,5
Scotland,,1962,58.858242,3
Scotland,,1963,56.969063,4
Scotland,,1964,57.352085,4
Scotland,,1965,58.03752,3
Scotland,,1966,52.86143,8
Scotland,,1967,56.45784,3
Scotland,,1968,53.06115,1
Scotland,,1969,51.449482,1
Scotland,,1970,48.80924,4
Scotland,,1971,50.84452,3
Scotland,,1972,43.93015,3
Scotland,,1973,41.79625,1
Scotland,,1974,38.83139,1
Scotland,,1975,37.83925,4
Scotland,,1976,39.202755,3
Scotland,,1977,34.932873,10
Scotland,,1978,37.30287,10
Scotland,,1979,38.779274,10
Scotland,,1980,39.0342,10
Scotland,,1981,38.266426,3
Scotland,,1982,37.421047,3
Scotland,,1983,36.841904,6
Scotland,,1984,38.6786,10
Scotland,,1985,39.812767,10
Scotland,,1986,39.0916,4
Scotland,,1987,38.56966,6
Scotland,,1988,38.09056,3
Scotland,,1989,35.592793,3
Scotland,,1990,39.834435,10
Scotland,,1991,39.2958,10
Scotland,,1992,37.833332,7
Scotland,,1993,35.867184,3
Scotland,,1994,35.032043,6
Scotland,,1995,34.346428,10
Scotland,,1996,36.578793,10
Scotland,,1997,36.04846,4
Scotland,,1998,32.537174,6
Scotland,,1999,31.782322,6
Scotland,,2000,30.40892,5
Scotland,,2001,31.415506,1
Scotland,,2002,30.706348,10
Scotland,,2003,30.466137,7
Scotland,,2004,30.868713,6
Scotland,,2005,32.352013,8
Scotland,,2006,33.172848,10
Scotland,,2007,33.68502,10
Scotland,,2008,34.163387,1
Scotland,,2009,32.906765,7
Scotland,,2010,33.099186,6
Scotland,,2011,32.900703,8
Scotland,,2012,32.428074,10
Scotland,,2013,32.165314,1
Scotland,,2014,32.17667,10
Scotland,,2015,30.645779,7
Scotland,,2016,29.96225,6
Scotland,,2017,29.921125,8
Scotland,,2018,28.904709,1
Scotland,,2019,28.851013,1
Scotland,,2020,55.006954,7
Scotland,,2021,27.318052,11
Scotland,,2022,27.445848,11
Slovakia,SVK,1925,86.349754,5
Slovakia,SVK,1926,89.16428,3
Slovakia,SVK,1927,88.39297,2
Slovakia,SVK,1928,85.99325,1
Slovakia,SVK,1929,81.97785,1
Slovakia,SVK,1930,83.094284,3
Slovakia,SVK,1931,84.72671,1
Slovakia,SVK,1932,80.70161,2
Slovakia,SVK,1933,74.19099,1
Slovakia,SVK,1934,73.62808,3
Slovakia,SVK,1935,71.42337,1
Slovakia,SVK,1936,68.768326,5
Slovakia,SVK,1937,68.34615,3
Slovakia,SVK,1945,71.967514,3
Slovakia,SVK,1946,70.5468,4
Slovakia,SVK,1947,77.043045,1
Slovakia,SVK,1948,78.32835,3
Slovakia,SVK,1949,76.51029,2
Slovakia,SVK,1950,85.75746,3
Slovakia,SVK,1951,86.28129,3
Slovakia,SVK,1952,82.16335,3
Slovakia,SVK,1953,80.283806,3
Slovakia,SVK,1954,77.38913,9
Slovakia,SVK,1955,76.96352,3
Slovakia,SVK,1956,76.54404,3
Slovakia,SVK,1957,73.83853,4
Slovakia,SVK,1958,72.51874,3
Slovakia,SVK,1959,65.53103,3
Slovakia,SVK,1960,63.79528,3
Slovakia,SVK,1961,63.193104,3
Slovakia,SVK,1962,60.894585,4
Slovakia,SVK,1963,61.494686,4
Slovakia,SVK,1964,59.81513,3
Slovakia,SVK,1965,58.295258,5
Slovakia,SVK,1966,55.469223,4
Slovakia,SVK,1967,51.588142,3
Slovakia,SVK,1968,50.276066,3
Slovakia,SVK,1969,52.87582,3
Slovakia,SVK,1970,53.796154,7
Slovakia,SVK,1971,53.672752,4
Slovakia,SVK,1972,56.198254,6
Slovakia,SVK,1973,58.99702,7
Slovakia,SVK,1974,61.026928,5
Slovakia,SVK,1975,60.095196,4
Slovakia,SVK,1976,60.052567,6
Slovakia,SVK,1977,60.650497,5
Slovakia,SVK,1978,59.89517,5
Slovakia,SVK,1979,60.697865,4
Slovakia,SVK,1980,55.752018,7
Slovakia,SVK,1981,54.468754,7
Slovakia,SVK,1982,52.905163,6
Slovakia,SVK,1983,52.904854,7
Slovakia,SVK,1984,51.789585,5
Slovakia,SVK,1985,51.950897,7
Slovakia,SVK,1986,49.57353,7
Slovakia,SVK,1987,47.93389,3
Slovakia,SVK,1988,46.498436,3
Slovakia,SVK,1989,44.763477,7
Slovakia,SVK,1990,43.430145,7
Slovakia,SVK,1991,43.347694,7
Slovakia,SVK,1992,42.56813,7
Slovakia,SVK,1993,41.032425,7
Slovakia,SVK,1994,36.95339,3
Slovakia,SVK,1995,33.315117,3
Slovakia,SVK,1996,32.93014,5
Slovakia,SVK,1997,32.634666,7
Slovakia,SVK,1998,31.867455,9
Slovakia,SVK,1999,30.836378,9
Slovakia,SVK,2000,29.760712,8
Slovakia,SVK,2001,27.72242,6
Slovakia,SVK,2002,27.383131,9
Slovakia,SVK,2003,29.167685,7
Slovakia,SVK,2004,29.397314,9
Slovakia,SVK,2005,29.566967,2
Slovakia,SVK,2006,30.060822,9
Slovakia,SVK,2007,29.640753,6
Slovakia,SVK,2008,32.60443,7
Slovakia,SVK,2009,34.13064,9
Slovakia,SVK,2010,32.173363,1
Slovakia,SVK,2011,33.571712,9
Slovakia,SVK,2012,30.814587,9
Slovakia,SVK,2013,30.582193,9
Slovakia,SVK,2014,31.418444,7
Slovakia,SVK,2015,31.694899,9
Slovakia,SVK,2016,33.111794,9
Slovakia,SVK,2017,31.348257,8
Slovakia,SVK,2018,32.10186,9
Slovakia,SVK,2019,31.233389,7
Slovenia,SVN,1970,43.32258,4
Slovenia,SVN,1971,43.761826,1
Slovenia,SVN,1972,43.566357,4
Slovenia,SVN,1973,46.508526,3
Slovenia,SVN,1974,44.04829,3
Slovenia,SVN,1975,44.99419,9
Slovenia,SVN,1976,47.014053,4
Slovenia,SVN,1977,47.064606,5
Slovenia,SVN,1978,45.649128,7
Slovenia,SVN,1979,46.525375,3
Slovenia,SVN,1980,45.18573,4
Slovenia,SVN,1981,46.05636,4
Slovenia,SVN,1982,46.643333,12
Slovenia,SVN,1983,41.141075,6
Slovenia,SVN,1984,38.88764,3
Slovenia,SVN,1985,40.335323,4
Slovenia,SVN,1986,38.92,12
Slovenia,SVN,1987,37.552605,7
Slovenia,SVN,1988,36.6052,3
Slovenia,SVN,1989,33.142876,2
Slovenia,SVN,1990,31.84148,7
Slovenia,SVN,1991,32.00767,4
Slovenia,SVN,1992,29.165792,7
Slovenia,SVN,1993,28.781206,9
Slovenia,SVN,1994,27.61517,3
Slovenia,SVN,1995,28.596277,9
Slovenia,SVN,1996,27.805948,7
Slovenia,SVN,1997,27.057865,5
Slovenia,SVN,1998,26.778208,9
Slovenia,SVN,1999,26.120209,9
Slovenia,SVN,2000,26.812702,9
Slovenia,SVN,2001,25.151024,7
Slovenia,SVN,2002,27.511648,9
Slovenia,SVN,2003,26.078606,7
Slovenia,SVN,2004,26.727676,9
Slovenia,SVN,2005,26.470623,9
Slovenia,SVN,2006,27.918224,10
Slovenia,SVN,2007,28.897518,6
Slovenia,SVN,2008,32.12236,7
Slovenia,SVN,2009,32.065342,7
Slovenia,SVN,2010,32.198593,9
Slovenia,SVN,2011,31.850266,8
Slovenia,SVN,2012,31.867481,9
Slovenia,SVN,2013,30.693521,9
Slovenia,SVN,2014,30.571001,7
Slovenia,SVN,2015,29.859581,7
Slovenia,SVN,2016,29.891335,9
Slovenia,SVN,2017,29.550865,8
Slovenia,SVN,2018,28.169605,7
Slovenia,SVN,2019,27.618568,7
South Korea,KOR,1981,69.28555,2
South Korea,KOR,1982,69.87061,2
South Korea,KOR,1983,66.22401,2
South Korea,KOR,1984,61.897545,2
South Korea,KOR,1985,55.758892,2
South Korea,KOR,1986,54.550266,2
South Korea,KOR,1987,53.804504,2
South Korea,KOR,1988,51.779713,2
South Korea,KOR,1989,55.076077,2
South Korea,KOR,1990,58.809334,2
South Korea,KOR,1991,53.24537,2
South Korea,KOR,1992,51.794014,2
South Korea,KOR,1993,51.745697,2
South Korea,KOR,1994,49.895733,2
South Korea,KOR,1995,48.721176,2
South Korea,KOR,1996,45.07915,1
South Korea,KOR,1997,43.060192,2
South Korea,KOR,1998,42.09522,2
South Korea,KOR,1999,39.476532,2
South Korea,KOR,2000,41.23426,1
South Korea,KOR,2001,38.09373,1
South Korea,KOR,2002,32.659508,1
South Korea,KOR,2003,31.028677,2
South Korea,KOR,2004,30.524246,1
South Korea,KOR,2005,27.46132,1
South Korea,KOR,2006,27.465885,2
South Korea,KOR,2007,30.419771,9
South Korea,KOR,2008,30.612207,1
South Korea,KOR,2009,28.752123,1
South Korea,KOR,2010,28.248707,9
South Korea,KOR,2011,30.70862,1
South Korea,KOR,2012,28.887638,1
South Korea,KOR,2013,28.29412,1
South Korea,KOR,2014,26.254063,1
South Korea,KOR,2015,26.585724,1
South Korea,KOR,2016,24.906252,1
South Korea,KOR,2017,21.954943,1
South Korea,KOR,2018,20.257414,1
South Korea,KOR,2019,19.026308,1
South Korea,KOR,2020,16.73983,1
South Korea,KOR,2021,15.639034,1
South Korea,KOR,2022,15.48712,1
South Korea,KOR,2023,14.615656,1
Spain,ESP,1900,108.47657,2
Spain,ESP,1901,109.12674,2
Spain,ESP,1902,109.152084,2
Spain,ESP,1903,113.37394,2
Spain,ESP,1904,107.07171,2
Spain,ESP,1905,113.09351,2
Spain,ESP,1906,106.98182,3
Spain,ESP,1907,107.48612,2
Spain,ESP,1908,111.13735,2
Spain,ESP,1909,108.53422,2
Spain,ESP,1910,106.29696,2
Spain,ESP,1911,100.42322,2
Spain,ESP,1912,100.0418,2
Spain,ESP,1913,101.342804,2
Spain,ESP,1914,94.90825,2
Spain,ESP,1915,96.54124,2
Spain,ESP,1916,91.89566,2
Spain,ESP,1917,91.11854,2
Spain,ESP,1918,96.68498,2
Spain,ESP,1919,86.546005,2
Spain,ESP,1920,97.60072,2
Spain,ESP,1921,96.94401,2
Spain,ESP,1922,97.245384,2
Spain,ESP,1923,96.91484,2
Spain,ESP,1924,93.6606,2
Spain,ESP,1925,95.85709,2
Spain,ESP,1926,92.29074,2
Spain,ESP,1927,89.7661,2
Spain,ESP,1928,92.09442,2
Spain,ESP,1929,90.01378,2
Spain,ESP,1930,86.45204,2
Spain,ESP,1931,88.74209,2
Spain,ESP,1932,90.75499,2
Spain,ESP,1933,87.64672,2
Spain,ESP,1934,85.167496,2
Spain,ESP,1935,81.64387,2
Spain,ESP,1936,78.18245,3
Spain,ESP,1937,72.50252,3
Spain,ESP,1938,63.978416,2
Spain,ESP,1939,54.335293,1
Spain,ESP,1940,85.57836,3
Spain,ESP,1941,61.99302,2
Spain,ESP,1942,59.797108,9
Spain,ESP,1943,69.356445,3
Spain,ESP,1944,67.781044,3
Spain,ESP,1945,68.60867,1
Spain,ESP,1946,68.0887,1
Spain,ESP,1947,63.166557,9
Spain,ESP,1948,71.157295,2
Spain,ESP,1949,64.66486,2
Spain,ESP,1950,58.6757,3
Spain,ESP,1951,60.357388,2
Spain,ESP,1952,61.47466,2
Spain,ESP,1953,61.683075,2
Spain,ESP,1954,59.249374,2
Spain,ESP,1955,61.124214,3
Spain,ESP,1956,60.95335,2
Spain,ESP,1957,61.977184,2
Spain,ESP,1958,63.045307,4
Spain,ESP,1959,62.966644,2
Spain,ESP,1960,62.778442,2
Spain,ESP,1961,60.80944,4
Spain,ESP,1962,60.461784,1
Spain,ESP,1963,61.1969,4
Spain,ESP,1964,62.74258,4
Spain,ESP,1965,60.625977,9
Spain,ESP,1966,58.753468,9
Spain,ESP,1967,59.385365,9
Spain,ESP,1968,58.266373,7
Spain,ESP,1969,57.545773,9
Spain,ESP,1970,56.127056,6
Spain,ESP,1971,56.525223,9
Spain,ESP,1972,56.89804,5
Spain,ESP,1973,55.628292,5
Spain,ESP,1974,57.510307,7
Spain,ESP,1975,54.647156,5
Spain,ESP,1976,54.163998,9
Spain,ESP,1977,52.29542,5
Spain,ESP,1978,52.34214,5
Spain,ESP,1979,47.8707,5
Spain,ESP,1980,43.159615,5
Spain,ESP,1981,41.74058,5
Spain,ESP,1982,39.916073,5
Spain,ESP,1983,36.87398,5
Spain,ESP,1984,35.578403,5
Spain,ESP,1985,34.496143,5
Spain,ESP,1986,32.66444,9
Spain,ESP,1987,32.05789,9
Spain,ESP,1988,31.075184,9
Spain,ESP,1989,29.667849,4
Spain,ESP,1990,28.969765,7
Spain,ESP,1991,29.508703,9
Spain,ESP,1992,29.16619,9
Spain,ESP,1993,28.159706,9
Spain,ESP,1994,26.70715,4
Spain,ESP,1995,25.889883,7
Spain,ESP,1996,25.287016,12
Spain,ESP,1997,26.238298,4
Spain,ESP,1998,26.361582,9
Spain,ESP,1999,27.301487,9
Spain,ESP,2000,27.529032,9
Spain,ESP,2001,28.452803,10
Spain,ESP,2002,29.509361,9
Spain,ESP,2003,30.328749,9
Spain,ESP,2004,30.653378,9
Spain,ESP,2005,30.556797,9
Spain,ESP,2006,31.143425,10
Spain,ESP,2007,31.565817,9
Spain,ESP,2008,32.267002,9
Spain,ESP,2009,30.764515,9
Spain,ESP,2010,30.446602,9
Spain,ESP,2011,28.493732,8
Spain,ESP,2012,27.565247,10
Spain,ESP,2013,26.294067,9
Spain,ESP,2014,26.958355,9
Spain,ESP,2015,26.227537,9
Spain,ESP,2016,25.827972,9
Spain,ESP,2017,24.163477,10
Spain,ESP,2018,22.651072,8
Spain,ESP,2019,21.960222,9
Spain,ESP,2020,21.312378,9
Spain,ESP,2021,21.193386,9
Spain,ESP,2022,19.665728,11
Spain,ESP,2023,19.045008,10
Sweden,SWE,1911,71.237785,9
Sweden,SWE,1912,70.47674,9
Sweden,SWE,1913,67.99041,9
Sweden,SWE,1914,67.33087,3
Sweden,SWE,1915,65.38395,3
Sweden,SWE,1916,63.341095,3
Sweden,SWE,1917,63.0856,3
Sweden,SWE,1918,60.416424,9
Sweden,SWE,1919,65.193245,12
Sweden,SWE,1920,73.41762,3
Sweden,SWE,1921,64.517044,3
Sweden,SWE,1922,59.69892,2
Sweden,SWE,1923,57.582283,3
Sweden,SWE,1924,55.40682,4
Sweden,SWE,1925,52.879604,5
Sweden,SWE,1926,50.121315,3
Sweden,SWE,1927,48.77972,4
Sweden,SWE,1928,48.73043,3
Sweden,SWE,1929,44.7877,3
Sweden,SWE,1930,45.569096,4
Sweden,SWE,1931,43.83879,5
Sweden,SWE,1932,43.38194,3
Sweden,SWE,1933,40.685078,3
Sweden,SWE,1934,40.503925,3
Sweden,SWE,1935,40.998867,4
Sweden,SWE,1936,42.640263,3
Sweden,SWE,1937,43.05673,3
Sweden,SWE,1938,44.489475,4
Sweden,SWE,1939,46.789898,4
Sweden,SWE,1940,47.0147,4
Sweden,SWE,1941,47.78741,5
Sweden,SWE,1942,53.195183,5
Sweden,SWE,1943,58.270546,4
Sweden,SWE,1944,61.901672,3
Sweden,SWE,1945,62.149483,5
Sweden,SWE,1946,61.05756,4
Sweden,SWE,1947,60.39218,4
Sweden,SWE,1948,56.89902,3
Sweden,SWE,1949,56.169815,4
Sweden,SWE,1950,52.213818,4
Sweden,SWE,1951,48.386272,4
Sweden,SWE,1952,48.971256,4
Sweden,SWE,1953,47.28637,3
Sweden,SWE,1954,45.417305,4
Sweden,SWE,1955,45.61921,4
Sweden,SWE,1956,47.078075,4
Sweden,SWE,1957,46.473984,4
Sweden,SWE,1958,46.42416,4
Sweden,SWE,1959,45.12421,4
Sweden,SWE,1960,42.802322,4
Sweden,SWE,1961,44.844505,4
Sweden,SWE,1962,45.592293,4
Sweden,SWE,1963,47.36613,4
Sweden,SWE,1964,51.30164,4
Sweden,SWE,1965,52.45826,4
Sweden,SWE,1966,50.301888,4
Sweden,SWE,1967,51.031284,4
Sweden,SWE,1968,46.336067,4
Sweden,SWE,1969,43.631973,4
Sweden,SWE,1970,44.13219,4
Sweden,SWE,1971,45.95161,4
Sweden,SWE,1972,42.84765,4
Sweden,SWE,1973,42.725044,4
Sweden,SWE,1974,43.148365,4
Sweden,SWE,1975,41.854877,4
Sweden,SWE,1976,37.681934,3
Sweden,SWE,1977,37.121845,3
Sweden,SWE,1978,35.744957,3
Sweden,SWE,1979,37.305946,4
Sweden,SWE,1980,38.169514,4
Sweden,SWE,1981,35.952595,4
Sweden,SWE,1982,35.81905,4
Sweden,SWE,1983,34.436684,4
Sweden,SWE,1984,34.906757,4
Sweden,SWE,1985,37.01734,4
Sweden,SWE,1986,39.084084,4
Sweden,SWE,1987,38.702286,4
Sweden,SWE,1988,41.698044,3
Sweden,SWE,1989,41.382526,3
Sweden,SWE,1990,44.517166,4
Sweden,SWE,1991,45.135483,4
Sweden,SWE,1992,44.20202,4
Sweden,SWE,1993,42.688778,4
Sweden,SWE,1994,40.68905,4
Sweden,SWE,1995,36.371834,4
Sweden,SWE,1996,33.739433,4
Sweden,SWE,1997,32.039665,4
Sweden,SWE,1998,30.947508,4
Sweden,SWE,1999,30.181747,4
Sweden,SWE,2000,30.066252,4
Sweden,SWE,2001,31.021233,4
Sweden,SWE,2002,33.138355,4
Sweden,SWE,2003,33.38051,7
Sweden,SWE,2004,33.42728,6
Sweden,SWE,2005,33.338444,4
Sweden,SWE,2006,34.794437,3
Sweden,SWE,2007,34.6004,5
Sweden,SWE,2008,35.64553,7
Sweden,SWE,2009,35.908714,7
Sweden,SWE,2010,36.10377,6
Sweden,SWE,2011,34.87149,7
Sweden,SWE,2012,34.817642,7
Sweden,SWE,2013,35.303204,7
Sweden,SWE,2014,35.42589,4
Sweden,SWE,2015,34.418694,7
Sweden,SWE,2016,35.058834,5
Sweden,SWE,2017,33.976494,5
Sweden,SWE,2018,33.595287,4
Sweden,SWE,2019,32.884182,7
Sweden,SWE,2020,32.456028,5
Sweden,SWE,2021,32.71358,6
Sweden,SWE,2022,30.311836,6
Sweden,SWE,2023,28.544125,5
Sweden,SWE,2024,27.290718,5
Switzerland,CHE,1871,82.83093,3
Switzerland,CHE,1872,84.7444,3
Switzerland,CHE,1873,86.58492,2
Switzerland,CHE,1874,86.48962,9
Switzerland,CHE,1875,92.62132,7
Switzerland,CHE,1876,96.634895,3
Switzerland,CHE,1877,90.963326,7
Switzerland,CHE,1878,89.635376,4
Switzerland,CHE,1879,86.3391,4
Switzerland,CHE,1880,84.7793,5
Switzerland,CHE,1881,88.62138,1
Switzerland,CHE,1882,81.794685,3
Switzerland,CHE,1883,83.33265,2
Switzerland,CHE,1884,82.3542,3
Switzerland,CHE,1885,78.78935,3
Switzerland,CHE,1886,79.476,3
Switzerland,CHE,1887,81.53999,4
Switzerland,CHE,1888,79.41288,7
Switzerland,CHE,1889,79.63537,2
Switzerland,CHE,1890,79.01967,3
Switzerland,CHE,1891,83.430855,2
Switzerland,CHE,1892,78.35353,4
Switzerland,CHE,1893,80.539925,3
Switzerland,CHE,1894,79.32142,3
Switzerland,CHE,1895,79.25566,2
Switzerland,CHE,1896,80.64333,3
Switzerland,CHE,1897,80.780945,6
Switzerland,CHE,1898,81.84348,8
Switzerland,CHE,1899,83.17651,3
Switzerland,CHE,1900,82.91656,4
Switzerland,CHE,1901,86.0594,3
Switzerland,CHE,1902,82.21116,4
Switzerland,CHE,1903,78.91357,4
Switzerland,CHE,1904,79.30853,3
Switzerland,CHE,1905,79.26895,2
Switzerland,CHE,1906,78.5656,3
Switzerland,CHE,1907,77.02039,3
Switzerland,CHE,1908,77.22157,4
Switzerland,CHE,1909,76.513565,3
Switzerland,CHE,1910,73.62038,2
Switzerland,CHE,1911,71.16468,4
Switzerland,CHE,1912,71.143425,3
Switzerland,CHE,1913,69.08391,2
Switzerland,CHE,1914,67.455925,3
Switzerland,CHE,1915,63.31563,3
Switzerland,CHE,1916,55.593323,3
Switzerland,CHE,1917,54.251526,3
Switzerland,CHE,1918,55.120667,3
Switzerland,CHE,1919,59.638515,11
Switzerland,CHE,1920,66.11084,2
Switzerland,CHE,1921,64.00659,3
Switzerland,CHE,1922,59.151085,2
Switzerland,CHE,1923,57.959743,3
Switzerland,CHE,1924,55.68058,3
Switzerland,CHE,1925,55.321526,2
Switzerland,CHE,1926,55.760464,3
Switzerland,CHE,1927,52.114075,3
Switzerland,CHE,1928,52.646015,2
Switzerland,CHE,1929,51.429214,2
Switzerland,CHE,1930,51.608734,2
Switzerland,CHE,1931,50.329517,3
Switzerland,CHE,1932,50.759014,3
Switzerland,CHE,1933,49.577377,3
Switzerland,CHE,1934,48.87181,4
Switzerland,CHE,1935,48.246452,2
Switzerland,CHE,1936,48.617832,3
Switzerland,CHE,1937,44.525295,2
Switzerland,CHE,1938,45.492783,3
Switzerland,CHE,1939,45.897167,4
Switzerland,CHE,1940,47.175507,4
Switzerland,CHE,1941,51.72916,4
Switzerland,CHE,1942,52.450672,5
Switzerland,CHE,1943,57.65052,2
Switzerland,CHE,1944,60.711895,2
Switzerland,CHE,1945,60.651665,2
Switzerland,CHE,1946,62.37296,2
Switzerland,CHE,1947,59.736404,2
Switzerland,CHE,1948,58.519226,4
Switzerland,CHE,1949,55.554054,2
Switzerland,CHE,1950,55.24501,4
Switzerland,CHE,1951,53.053364,2
Switzerland,CHE,1952,52.779648,3
Switzerland,CHE,1953,52.134373,3
Switzerland,CHE,1954,51.320217,2
Switzerland,CHE,1955,52.11825,3
Switzerland,CHE,1956,53.393875,3
Switzerland,CHE,1957,53.432762,2
Switzerland,CHE,1958,54.64762,3
Switzerland,CHE,1959,54.670784,3
Switzerland,CHE,1960,53.024525,3
Switzerland,CHE,1961,54.277874,4
Switzerland,CHE,1962,55.077732,3
Switzerland,CHE,1963,58.87812,4
Switzerland,CHE,1964,57.944286,3
Switzerland,CHE,1965,58.043568,3
Switzerland,CHE,1966,55.71552,3
Switzerland,CHE,1967,53.969524,4
Switzerland,CHE,1968,52.23569,3
Switzerland,CHE,1969,50.697605,4
Switzerland,CHE,1970,47.526913,3
Switzerland,CHE,1971,47.05967,3
Switzerland,CHE,1972,44.225014,3
Switzerland,CHE,1973,41.412197,5
Switzerland,CHE,1974,39.549843,4
Switzerland,CHE,1975,37.902122,4
Switzerland,CHE,1976,35.22558,6
Switzerland,CHE,1977,34.77606,3
Switzerland,CHE,1978,33.918724,4
Switzerland,CHE,1979,34.433037,4
Switzerland,CHE,1980,33.554134,4
Switzerland,CHE,1981,33.8262,4
Switzerland,CHE,1982,34.442265,4
Switzerland,CHE,1983,33.543694,5
Switzerland,CHE,1984,32.942284,7
Switzerland,CHE,1985,33.960136,3
Switzerland,CHE,1986,34.160736,4
Switzerland,CHE,1987,33.854305,6
Switzerland,CHE,1988,35.432926,3
Switzerland,CHE,1989,35.038536,7
Switzerland,CHE,1990,35.873974,9
Switzerland,CHE,1991,37.320507,9
Switzerland,CHE,1992,36.30649,9
Switzerland,CHE,1993,34.614998,4
Switzerland,CHE,1994,33.688427,3
Switzerland,CHE,1995,33.818634,9
Switzerland,CHE,1996,34.048653,7
Switzerland,CHE,1997,32.964195,7
Switzerland,CHE,1998,31.750214,4
Switzerland,CHE,1999,31.715996,9
Switzerland,CHE,2000,31.24931,9
Switzerland,CHE,2001,29.104519,7
Switzerland,CHE,2002,28.753496,9
Switzerland,CHE,2003,28.528067,9
Switzerland,CHE,2004,28.520798,7
Switzerland,CHE,2005,28.483685,9
Switzerland,CHE,2006,28.854925,9
Switzerland,CHE,2007,28.762287,9
Switzerland,CHE,2008,29.363064,7
Switzerland,CHE,2009,29.71301,9
Switzerland,CHE,2010,29.79437,9
Switzerland,CHE,2011,29.932655,7
Switzerland,CHE,2012,30.113983,9
Switzerland,CHE,2013,30.262096,7
Switzerland,CHE,2014,30.798548,9
Switzerland,CHE,2015,31.447483,9
Switzerland,CHE,2016,31.318165,9
Switzerland,CHE,2017,29.782785,7
Switzerland,CHE,2018,30.582209,7
Switzerland,CHE,2019,29.728012,7
Switzerland,CHE,2020,29.1674,7
Switzerland,CHE,2021,30.114899,9
Switzerland,CHE,2022,27.3008,7
Switzerland,CHE,2023,26.26425,6
Ukraine,UKR,1968,43.91597,1
Ukraine,UKR,1969,43.225197,4
Ukraine,UKR,1970,45.087173,4
Ukraine,UKR,1971,44.69484,5
Ukraine,UKR,1972,45.37503,4
Ukraine,UKR,1973,43.797653,1
Ukraine,UKR,1974,44.925674,5
Ukraine,UKR,1975,44.227234,6
Ukraine,UKR,1976,44.926796,7
Ukraine,UKR,1977,43.028187,5
Ukraine,UKR,1978,43.628716,7
Ukraine,UKR,1979,44.301308,6
Ukraine,UKR,1980,43.98709,7
Ukraine,UKR,1981,43.38216,6
Ukraine,UKR,1982,42.68758,7
Ukraine,UKR,1983,47.303898,7
Ukraine,UKR,1984,46.951973,7
Ukraine,UKR,1985,44.39272,7
Ukraine,UKR,1986,46.13189,7
Ukraine,UKR,1987,44.02446,7
Ukraine,UKR,1988,43.405045,7
Ukraine,UKR,1989,39.341164,6
Ukraine,UKR,1990,37.22897,7
Ukraine,UKR,1991,35.684082,7
Ukraine,UKR,1992,34.268738,7
Ukraine,UKR,1993,32.210564,7
Ukraine,UKR,1994,29.971228,4
Ukraine,UKR,1995,28.940287,2
Ukraine,UKR,1996,26.999125,7
Ukraine,UKR,1997,27.384884,7
Ukraine,UKR,1998,25.167454,7
Ukraine,UKR,1999,23.797276,7
Ukraine,UKR,2000,23.367235,2
Ukraine,UKR,2001,23.38352,7
Ukraine,UKR,2002,24.996199,7
Ukraine,UKR,2003,26.591536,7
Ukraine,UKR,2004,27.02103,7
Ukraine,UKR,2005,26.450588,9
Ukraine,UKR,2006,29.549795,8
Ukraine,UKR,2007,31.434057,7
Ukraine,UKR,2008,34.817738,7
Ukraine,UKR,2009,34.8324,7
Ukraine,UKR,2010,33.066616,7
Ukraine,UKR,2011,34.123882,8
Ukraine,UKR,2012,35.38679,7
Ukraine,UKR,2013,35.363113,7
United Kingdom,GBR,1938,38.662937,5
United Kingdom,GBR,1939,38.43136,5
United Kingdom,GBR,1940,37.5373,4
United Kingdom,GBR,1941,37.565044,9
United Kingdom,GBR,1942,42.19715,6
United Kingdom,GBR,1943,45.080853,5
United Kingdom,GBR,1944,51.11713,5
United Kingdom,GBR,1945,44.69035,5
United Kingdom,GBR,1946,53.42155,12
United Kingdom,GBR,1947,56.32103,1
United Kingdom,GBR,1948,46.146126,4
United Kingdom,GBR,1949,43.513474,4
United Kingdom,GBR,1950,41.510628,3
United Kingdom,GBR,1951,40.03095,5
United Kingdom,GBR,1952,38.835835,4
United Kingdom,GBR,1953,39.81534,5
United Kingdom,GBR,1954,39.08558,5
United Kingdom,GBR,1955,44.408062,3
United Kingdom,GBR,1956,47.28824,3
United Kingdom,GBR,1957,47.567635,5
United Kingdom,GBR,1958,49.599514,3
United Kingdom,GBR,1959,49.24279,3
United Kingdom,GBR,1960,50.253487,3
United Kingdom,GBR,1961,51.847565,3
United Kingdom,GBR,1962,54.413677,3
United Kingdom,GBR,1963,54.716583,3
United Kingdom,GBR,1964,54.214783,4
United Kingdom,GBR,1965,54.28848,3
United Kingdom,GBR,1966,52.556812,3
United Kingdom,GBR,1967,52.632454,3
United Kingdom,GBR,1968,50.279343,3
United Kingdom,GBR,1969,50.03541,3
United Kingdom,GBR,1970,46.85856,3
United Kingdom,GBR,1971,48.678337,3
United Kingdom,GBR,1972,43.7804,3
United Kingdom,GBR,1973,41.795437,3
United Kingdom,GBR,1974,37.766945,3
United Kingdom,GBR,1975,35.701733,4
United Kingdom,GBR,1976,36.16325,3
United Kingdom,GBR,1977,33.639088,9
United Kingdom,GBR,1978,35.711845,9
United Kingdom,GBR,1979,37.439453,5
United Kingdom,GBR,1980,38.119694,7
United Kingdom,GBR,1981,37.105732,7
United Kingdom,GBR,1982,36.762314,9
United Kingdom,GBR,1983,36.80147,9
United Kingdom,GBR,1984,37.100117,9
United Kingdom,GBR,1985,38.210022,9
United Kingdom,GBR,1986,38.024025,9
United Kingdom,GBR,1987,39.556816,6
United Kingdom,GBR,1988,39.274273,9
United Kingdom,GBR,1989,39.04762,6
United Kingdom,GBR,1990,39.884666,7
United Kingdom,GBR,1991,39.569057,7
United Kingdom,GBR,1992,38.763977,7
United Kingdom,GBR,1993,38.432163,9
United Kingdom,GBR,1994,37.278442,6
United Kingdom,GBR,1995,36.229153,6
United Kingdom,GBR,1996,36.200516,9
United Kingdom,GBR,1997,35.319237,4
United Kingdom,GBR,1998,35.554394,9
United Kingdom,GBR,1999,34.077435,6
United Kingdom,GBR,2000,32.213543,7
United Kingdom,GBR,2001,31.880281,9
United Kingdom,GBR,2002,32.54463,9
United Kingdom,GBR,2003,33.801517,9
United Kingdom,GBR,2004,34.580017,9
United Kingdom,GBR,2005,34.808292,9
United Kingdom,GBR,2006,35.924553,9
United Kingdom,GBR,2007,36.3921,9
United Kingdom,GBR,2008,36.394104,9
United Kingdom,GBR,2009,35.955715,9
United Kingdom,GBR,2010,37.203327,9
United Kingdom,GBR,2011,35.9226,9
United Kingdom,GBR,2012,36.445316,9
United Kingdom,GBR,2013,34.72298,9
United Kingdom,GBR,2014,35.234352,9
United Kingdom,GBR,2015,34.34453,9
United Kingdom,GBR,2016,34.00809,9
United Kingdom,GBR,2017,32.854267,9
United Kingdom,GBR,2018,31.21405,9
United Kingdom,GBR,2019,30.673452,9
United Kingdom,GBR,2020,31.21872,7
United Kingdom,GBR,2021,30.599781,9
United Kingdom,GBR,2022,28.564157,9
United States,USA,1933,47.303642,2
United States,USA,1934,50.679565,9
United States,USA,1935,48.75588,8
United States,USA,1936,48.103573,7
United States,USA,1937,50.341442,8
United States,USA,1938,51.068455,8
United States,USA,1939,50.29497,9
United States,USA,1940,52.171825,8
United States,USA,1941,56.781498,7
United States,USA,1942,64.068436,9
United States,USA,1943,63.145054,2
United States,USA,1944,61.510067,7
United States,USA,1945,58.33118,9
United States,USA,1946,78.58216,11
United States,USA,1947,77.45635,1
United States,USA,1948,71.09469,9
United States,USA,1949,69.93389,8
United States,USA,1950,69.386154,9
United States,USA,1951,71.25435,9
United States,USA,1952,73.356255,9
United States,USA,1953,72.98317,9
United States,USA,1954,73.88808,9
United States,USA,1955,73.20305,9
United States,USA,1956,74.40536,9
United States,USA,1957,73.53439,9
United States,USA,1958,72.257706,9
United States,USA,1959,70.78342,9
United States,USA,1960,71.5042,9
United States,USA,1961,68.60516,9
United States,USA,1962,66.03164,9
United States,USA,1963,64.3833,9
United States,USA,1964,61.88224,9
United States,USA,1965,57.362286,9
United States,USA,1966,54.31799,9
United States,USA,1967,51.989166,9
United States,USA,1968,51.01718,9
United States,USA,1969,51.60326,9
United States,USA,1970,54.092625,9
United States,USA,1971,50.021927,9
United States,USA,1972,44.92194,9
United States,USA,1973,42.921085,8
United States,USA,1974,44.2748,9
United States,USA,1975,42.306107,9
United States,USA,1976,43.22377,9
United States,USA,1977,44.29546,9
United States,USA,1978,44.0413,9
United States,USA,1979,45.647964,8
United States,USA,1980,46.973557,9
United States,USA,1981,46.423676,9
United States,USA,1982,46.94312,9
United States,USA,1983,44.78943,9
United States,USA,1984,46.08885,9
United States,USA,1985,46.353825,9
United States,USA,1986,46.340813,9
United States,USA,1987,45.904873,9
United States,USA,1988,47.227802,9
United States,USA,1989,48.17351,9
United States,USA,1990,48.083313,8
United States,USA,1991,46.81869,9
United States,USA,1992,45.190556,7
United States,USA,1993,44.57433,9
United States,USA,1994,43.166325,8
United States,USA,1995,42.487686,8
United States,USA,1996,41.575893,9
United States,USA,1997,41.04744,7
United States,USA,1998,41.46809,9
United States,USA,1999,41.727043,9
United States,USA,2000,41.20807,8
United States,USA,2001,40.99081,8
United States,USA,2002,40.431644,9
United States,USA,2003,41.31826,9
United States,USA,2004,40.529564,9
United States,USA,2005,40.980145,9
United States,USA,2006,41.958313,8
United States,USA,2007,41.836464,8
United States,USA,2008,40.3426,9
United States,USA,2009,39.33623,9
United States,USA,2010,37.816235,9
United States,USA,2011,37.24605,8
United States,USA,2012,37.156204,8
United States,USA,2013,36.114338,8
United States,USA,2014,36.495,9
United States,USA,2015,36.13331,9
United States,USA,2016,35.774548,8
United States,USA,2017,34.98687,8
United States,USA,2018,34.069267,8
United States,USA,2019,33.535397,8
United States,USA,2020,31.372944,9
United States,USA,2021,32.636345,9
United States,USA,2022,32.397995,8
United States,USA,2023,30.838522,8
West Germany,OWID_GFR,1946,41.74964,6
West Germany,OWID_GFR,1947,41.092728,9
West Germany,OWID_GFR,1948,43.32,9
West Germany,OWID_GFR,1949,46.11007,2
West Germany,OWID_GFR,1950,45.33739,3
West Germany,OWID_GFR,1951,43.73634,3
West Germany,OWID_GFR,1952,44.182247,3
West Germany,OWID_GFR,1953,44.059322,3
West Germany,OWID_GFR,1954,44.922558,2
West Germany,OWID_GFR,1955,45.052372,3
West Germany,OWID_GFR,1956,47.54533,3
West Germany,OWID_GFR,1957,48.34844,2
West Germany,OWID_GFR,1958,50.14604,3
West Germany,OWID_GFR,1959,51.05984,2
West Germany,OWID_GFR,1960,50.926983,3
West Germany,OWID_GFR,1961,53.355183,3
West Germany,OWID_GFR,1962,52.157967,3
West Germany,OWID_GFR,1963,54.548523,3
West Germany,OWID_GFR,1964,53.994934,3
West Germany,OWID_GFR,1965,52.867973,3
West Germany,OWID_GFR,1966,52.057552,3
West Germany,OWID_GFR,1967,50.32139,2
West Germany,OWID_GFR,1968,47.73596,3
West Germany,OWID_GFR,1969,45.254387,3
West Germany,OWID_GFR,1970,39.244602,3
West Germany,OWID_GFR,1971,37.789135,3
West Germany,OWID_GFR,1972,33.64587,3
West Germany,OWID_GFR,1973,29.64887,3
West Germany,OWID_GFR,1974,29.20208,5
West Germany,OWID_GFR,1975,27.765781,2
West Germany,OWID_GFR,1976,28.301365,9
West Germany,OWID_GFR,1977,27.173862,6
West Germany,OWID_GFR,1978,26.841288,5
West Germany,OWID_GFR,1979,27.212912,9
West Germany,OWID_GFR,1980,29.308512,7
West Germany,OWID_GFR,1981,29.585426,9
West Germany,OWID_GFR,1982,29.484058,9
West Germany,OWID_GFR,1983,27.81496,9
West Germany,OWID_GFR,1984,27.31419,7
West Germany,OWID_GFR,1985,28.062607,9
West Germany,OWID_GFR,1986,30.509811,9
West Germany,OWID_GFR,1987,31.027554,9
West Germany,OWID_GFR,1988,32.487305,9
West Germany,OWID_GFR,1989,31.96089,7
West Germany,OWID_GFR,1990,34.49842,9
West Germany,OWID_GFR,1991,33.014084,9
West Germany,OWID_GFR,1992,32.568035,9
West Germany,OWID_GFR,1993,32.08192,9
West Germany,OWID_GFR,1994,29.99758,9
West Germany,OWID_GFR,1995,30.355467,9
West Germany,OWID_GFR,1996,31.672405,9
West Germany,OWID_GFR,1997,31.413004,7
West Germany,OWID_GFR,1998,30.758091,9
West Germany,OWID_GFR,1999,29.651735,9
West Germany,OWID_GFR,2000,28.36098,9
West Germany,OWID_GFR,2001,27.37765,7
West Germany,OWID_GFR,2002,26.965775,9
West Germany,OWID_GFR,2003,26.968018,7
West Germany,OWID_GFR,2004,26.424168,7
West Germany,OWID_GFR,2005,25.533846,9
West Germany,OWID_GFR,2006,25.133945,9
West Germany,OWID_GFR,2007,25.73212,9
West Germany,OWID_GFR,2008,25.417593,7
West Germany,OWID_GFR,2009,24.957254,7
West Germany,OWID_GFR,2010,25.444366,9
West Germany,OWID_GFR,2011,25.043234,9
West Germany,OWID_GFR,2012,24.779148,9
West Germany,OWID_GFR,2013,25.97589,9
West Germany,OWID_GFR,2014,26.798222,9
West Germany,OWID_GFR,2015,28.346632,9
West Germany,OWID_GFR,2016,29.414064,9
West Germany,OWID_GFR,2017,28.364986,9
West Germany,OWID_GFR,2018,28.976412,7
West Germany,OWID_GFR,2019,28.780613,7
West Germany,OWID_GFR,2020,28.489294,9