chart_id,link,title,safe title,javascript file,data files,question_id,question,golden_answer,enabled
1,https://observablehq.com/d/641fe2058221d34b,IA commentary July 2023,ia_commentary_july_2023,ia_commentary_july_2023.js,files/69f09c9bfc20a238296ee6ef0c63eb805d711b43d7e39c930cba7712d6dadab00088f4178a4b58110e45cd876be74a3ce0fa8951ba80091299ae346407274c29.csv,1,What percentage of applicants received a decision in under 6 months?,59%,1
1,https://observablehq.com/d/641fe2058221d34b,IA commentary July 2023,ia_commentary_july_2023,ia_commentary_july_2023.js,files/69f09c9bfc20a238296ee6ef0c63eb805d711b43d7e39c930cba7712d6dadab00088f4178a4b58110e45cd876be74a3ce0fa8951ba80091299ae346407274c29.csv,2,Which has a higher share: 1–1.5 years or 1.5–2 years?,1–1.5 years,1
2,https://observablehq.com/d/f792e00c5ceb4b87,"Percent of D.C. Workers Who Are Immigrants, by Occupation",percent_of_dc_workers_who_are_immigrants_by_occupation,percent_of_dc_workers_who_are_immigrants_by_occupation.js,files/899584d54db2b20a3c2bbae35b5a9636cb3303fb65fef5daa2a9ee27c361ae00397d8206a8c9beae7926ac5ad7d8f072ed12e2b53bdddd331fa13c502b0969f3.csv,3,Do low-wage jobs tend to have higher immigrant percentages than high-wage jobs?,"yes. with total of 801%, 137% more than high-wage jobs",1
2,https://observablehq.com/d/f792e00c5ceb4b87,"Percent of D.C. Workers Who Are Immigrants, by Occupation",percent_of_dc_workers_who_are_immigrants_by_occupation,percent_of_dc_workers_who_are_immigrants_by_occupation.js,files/899584d54db2b20a3c2bbae35b5a9636cb3303fb65fef5daa2a9ee27c361ae00397d8206a8c9beae7926ac5ad7d8f072ed12e2b53bdddd331fa13c502b0969f3.csv,4,Which occupation has an unexpectedly high immigrant percentage compared to its wage category?,"carpenters, with middle wage category.",1
3,https://observablehq.com/d/1b9b8c753e96b9fc,How Many Members of the US Military Have Died in Each War?,how_many_members_of_the_us_military_have_died_in_each_war,how_many_members_of_the_us_military_have_died_in_each_war.js,files/94917c9c4468ce04221c11c44871a8af76add0d9250ca3fead3a37a738a077c85429ac3cf7ea3cb63feef81d6151addac659314f6efbb3f211566b9dbd93dbe9.csv,5,How many deaths occurred in the World War II?,"405,399",1
3,https://observablehq.com/d/1b9b8c753e96b9fc,How Many Members of the US Military Have Died in Each War?,how_many_members_of_the_us_military_have_died_in_each_war,how_many_members_of_the_us_military_have_died_in_each_war.js,files/94917c9c4468ce04221c11c44871a8af76add0d9250ca3fead3a37a738a077c85429ac3cf7ea3cb63feef81d6151addac659314f6efbb3f211566b9dbd93dbe9.csv,6,Which war had more deaths: Korean War or Vietnam War?,Vietnam War,1
3,https://observablehq.com/d/1b9b8c753e96b9fc,How Many Members of the US Military Have Died in Each War?,how_many_members_of_the_us_military_have_died_in_each_war,how_many_members_of_the_us_military_have_died_in_each_war.js,files/94917c9c4468ce04221c11c44871a8af76add0d9250ca3fead3a37a738a077c85429ac3cf7ea3cb63feef81d6151addac659314f6efbb3f211566b9dbd93dbe9.csv,7,How has the number of deaths changed from early wars to modern wars?,decreasing,1
4,https://observablehq.com/@fyp4/malaysia-total-trade-with-world,Malaysia Total Trade with World,malaysia_total_trade_with_world,malaysia_total_trade_with_world.js,files/0feeeace7bd35a9bfff9ec703c398a6dbd4889e0dd92e677ac33457e1e669158cff61dd3b8cd40bcb1a42095497380708e68f3f5e9cb88fa58b5d8b6ef781a17.csv,8,What is Malaysia’s total trade (% of GDP) in 1990?,133.30%,1
4,https://observablehq.com/@fyp4/malaysia-total-trade-with-world,Malaysia Total Trade with World,malaysia_total_trade_with_world,malaysia_total_trade_with_world.js,files/0feeeace7bd35a9bfff9ec703c398a6dbd4889e0dd92e677ac33457e1e669158cff61dd3b8cd40bcb1a42095497380708e68f3f5e9cb88fa58b5d8b6ef781a17.csv,9,Was trade higher in 2000 or 2010?,higher in 2000,1
5,https://observablehq.com/d/4c1fb232cc0eea23,Traffic-citations,traffic_citations,traffic_citations.js,files/1d58678cdf1d2e9ebec37ee121a7a31f873d96d21ba81108b037f86c2bf84975b9f4c704e440d4cd3d01b70c5c0e28c6613348150b6fd5e740f69d6ee7b98ccf.csv,10,How does the percentage of speeding citations change over time in Q2?,the percentage is below average during 2004 until 2007 period. but overall it maintain above average and the highest speeding was in 2009,1
5,https://observablehq.com/d/4c1fb232cc0eea23,Traffic-citations,traffic_citations,traffic_citations.js,files/1d58678cdf1d2e9ebec37ee121a7a31f873d96d21ba81108b037f86c2bf84975b9f4c704e440d4cd3d01b70c5c0e28c6613348150b6fd5e740f69d6ee7b98ccf.csv,11,Which year in Q1 shows an unusually low number of total citations?,2014,1
6,https://observablehq.com/d/6c81fc440235fdb4,Dublin Stats,dublin_stats,dublin_stats.js,files/c17853a64279c6ad17bf1979e9f856cae7e2b05be2954859372bf041684ed65803d67c181c68e25a6ce6585d6a53c910689a427f0c6a0dc862dc62b4d2a6d2e7.csv,12,What was the number of transfers out for Austria in 2017?,3738,1
6,https://observablehq.com/d/6c81fc440235fdb4,Dublin Stats,dublin_stats,dublin_stats.js,files/c17853a64279c6ad17bf1979e9f856cae7e2b05be2954859372bf041684ed65803d67c181c68e25a6ce6585d6a53c910689a427f0c6a0dc862dc62b4d2a6d2e7.csv,13,How did Switzerland’s requests out change from 2012 to 2016?,"it decreased in 2013, then increasing in 2014 to 2015, but then it decreased again in 2016",1
6,https://observablehq.com/d/6c81fc440235fdb4,Dublin Stats,dublin_stats,dublin_stats.js,files/c17853a64279c6ad17bf1979e9f856cae7e2b05be2954859372bf041684ed65803d67c181c68e25a6ce6585d6a53c910689a427f0c6a0dc862dc62b4d2a6d2e7.csv,14,Is there a year where Switzerland’s transfers in suddenly increased significantly?,"yes. it is in 2018, with the number of 1292",1
7,https://observablehq.com/d/1a6221c15c98cf2c,International Merchandise Trade Malaysia and ASEAN,international_merchandise_trade_malaysia_and_asean,international_merchandise_trade_malaysia_and_asean.js,files/fc5a32c324e1f14e69876f73c6c4c468a2649fef8437d1542170707fd0e07a0eaf27b7a75f69df003d78e39c8b12a2e61e0d051d1830996a5b0a15d638c904b7.csv,15,What is the total trade value (RM) between Malaysia and Indonesia?,"122,876,873",1
7,https://observablehq.com/d/1a6221c15c98cf2c,International Merchandise Trade Malaysia and ASEAN,international_merchandise_trade_malaysia_and_asean,international_merchandise_trade_malaysia_and_asean.js,files/fc5a32c324e1f14e69876f73c6c4c468a2649fef8437d1542170707fd0e07a0eaf27b7a75f69df003d78e39c8b12a2e61e0d051d1830996a5b0a15d638c904b7.csv,16,Which country has higher trade value with Malaysia: Vietnam or Cambodia?,Vietnam,1
8,https://observablehq.com/d/d8d343511c03acf7,Percent Change in Past Month Alcohol Use between 2011 and 2016 by State,percent_change_in_past_month_alcohol_use_between_2011_and_2016_by_state,percent_change_in_past_month_alcohol_use_between_2011_and_2016_by_state.js,files/ad86488943869abc7d203c9e5e0347e9abe21fc31451d7168eeaa3de58411df9f69228f7bfc7331ff5b383bd175b52a872e1df0891b404793f3ec25b53edf20e.csv,17,How does the pattern of percent change differ between inland states and coastal states?,coastal mean is lower than the inland mean,1
8,https://observablehq.com/d/d8d343511c03acf7,Percent Change in Past Month Alcohol Use between 2011 and 2016 by State,percent_change_in_past_month_alcohol_use_between_2011_and_2016_by_state,percent_change_in_past_month_alcohol_use_between_2011_and_2016_by_state.js,files/ad86488943869abc7d203c9e5e0347e9abe21fc31451d7168eeaa3de58411df9f69228f7bfc7331ff5b383bd175b52a872e1df0891b404793f3ec25b53edf20e.csv,18,Which state appears to be the strongest positive outlier on the map?,"Utah, with 17.50%",1
9,https://observablehq.com/d/ad06c98b232deab5,Geography of Educational Attainment in California,geography_of_educational_attainment_in_california,geography_of_educational_attainment_in_california.js,files/762b06bdc00b4c99e2ecf1319e658c9f778a28bb99802c0cf96a34e471d717a87ee3a262cec3444a948d239e15cbda271d7870952793714b22b98c58f7102e47.csv,19,Which county has a higher percentage of bachelor’s degrees: San Francisco or San Diego (All adults)?,San Francisco,1
9,https://observablehq.com/d/ad06c98b232deab5,Geography of Educational Attainment in California,geography_of_educational_attainment_in_california,geography_of_educational_attainment_in_california.js,files/762b06bdc00b4c99e2ecf1319e658c9f778a28bb99802c0cf96a34e471d717a87ee3a262cec3444a948d239e15cbda271d7870952793714b22b98c58f7102e47.csv,20,Which county has an unusually high percentage compared to others?,Marin,1
10,https://observablehq.com/d/456e2c8beae6ca2a,Finland Tech Job Market Top Skill Demand Tracker 2024-2026,finland_tech_job_market_top_skill_demand_tracker_2024_2026,finland_tech_job_market_top_skill_demand_tracker_2024_2026.js,files/bc901d7579bac239b8dda28d27725ce749b832eda17d245ff0f1fa05a885db9642398384dc982af21a897d3fc3810472f9937b57592b67626db91b879088d335.csv,21,How many Mid-level jobs require Power BI?,198 jobs,1
10,https://observablehq.com/d/456e2c8beae6ca2a,Finland Tech Job Market Top Skill Demand Tracker 2024-2026,finland_tech_job_market_top_skill_demand_tracker_2024_2026,finland_tech_job_market_top_skill_demand_tracker_2024_2026.js,files/bc901d7579bac239b8dda28d27725ce749b832eda17d245ff0f1fa05a885db9642398384dc982af21a897d3fc3810472f9937b57592b67626db91b879088d335.csv,22,Is Senior Tableau demand higher than Senior Power BI demand?,"No, senior Power BI is the one in demand higher",1
10,https://observablehq.com/d/456e2c8beae6ca2a,Finland Tech Job Market Top Skill Demand Tracker 2024-2026,finland_tech_job_market_top_skill_demand_tracker_2024_2026,finland_tech_job_market_top_skill_demand_tracker_2024_2026.js,files/bc901d7579bac239b8dda28d27725ce749b832eda17d245ff0f1fa05a885db9642398384dc982af21a897d3fc3810472f9937b57592b67626db91b879088d335.csv,23,Which seniority level contributes the largest total demand across all skills?,Mid level contributes the largest total demand,1
10,https://observablehq.com/d/456e2c8beae6ca2a,Finland Tech Job Market Top Skill Demand Tracker 2024-2026,finland_tech_job_market_top_skill_demand_tracker_2024_2026,finland_tech_job_market_top_skill_demand_tracker_2024_2026.js,files/bc901d7579bac239b8dda28d27725ce749b832eda17d245ff0f1fa05a885db9642398384dc982af21a897d3fc3810472f9937b57592b67626db91b879088d335.csv,24,How can I retrieve the exact distinct job count for Mid-level Azure positions?,"By hovering on top of the yellow bar at the Azure skill, can be able to retrieve the exact distinct job count",1
10,https://observablehq.com/d/456e2c8beae6ca2a,Finland Tech Job Market Top Skill Demand Tracker 2024-2026,finland_tech_job_market_top_skill_demand_tracker_2024_2026,finland_tech_job_market_top_skill_demand_tracker_2024_2026.js,files/bc901d7579bac239b8dda28d27725ce749b832eda17d245ff0f1fa05a885db9642398384dc982af21a897d3fc3810472f9937b57592b67626db91b879088d335.csv,25,"If I click or hover on the Junior Tableau segment, what data becomes visible?","The information on Junior Tableau will showed, Skill: Tableau, Seniority: Junior and Distinct Job Count: 45",1
11,https://observablehq.com/d/01c45e5b545d634b,AI Adoption and Digital Skills:evidence of a potential mismatch in 2021-2025,ai_adoption_and_digital_skillsevidence_of_a_potential_mismatch_in_2021_2025,ai_adoption_and_digital_skillsevidence_of_a_potential_mismatch_in_2021_2025.js,files/95d032deed4e5ff390745bb84185c17fde8b15a50b89abbc966f79ccf1621107d8306e182868abb64e5686593c6f3e82949c457a203c84bf7f498994d9833c9f.csv; files/eceb0e4dfaec117dbc7c65fec7c20a7898d19544ae24fd3ee9f091cfc79357606964564dc1b64f0b2756193d94e39c4f7552a0863dba872ecfeb2184a57f9b76.csv,26,What is the AI adoption percentage for Spain?,57.46%,1
11,https://observablehq.com/d/01c45e5b545d634b,AI Adoption and Digital Skills:evidence of a potential mismatch in 2021-2025,ai_adoption_and_digital_skillsevidence_of_a_potential_mismatch_in_2021_2025,ai_adoption_and_digital_skillsevidence_of_a_potential_mismatch_in_2021_2025.js,files/95d032deed4e5ff390745bb84185c17fde8b15a50b89abbc966f79ccf1621107d8306e182868abb64e5686593c6f3e82949c457a203c84bf7f498994d9833c9f.csv; files/eceb0e4dfaec117dbc7c65fec7c20a7898d19544ae24fd3ee9f091cfc79357606964564dc1b64f0b2756193d94e39c4f7552a0863dba872ecfeb2184a57f9b76.csv,27,"Between Netherlands and Finland, which country has a higher digital skills percentage?",Netherlands has 3% higher digital skills percentage than Finland,1
11,https://observablehq.com/d/01c45e5b545d634b,AI Adoption and Digital Skills:evidence of a potential mismatch in 2021-2025,ai_adoption_and_digital_skillsevidence_of_a_potential_mismatch_in_2021_2025,ai_adoption_and_digital_skillsevidence_of_a_potential_mismatch_in_2021_2025.js,files/95d032deed4e5ff390745bb84185c17fde8b15a50b89abbc966f79ccf1621107d8306e182868abb64e5686593c6f3e82949c457a203c84bf7f498994d9833c9f.csv; files/eceb0e4dfaec117dbc7c65fec7c20a7898d19544ae24fd3ee9f091cfc79357606964564dc1b64f0b2756193d94e39c4f7552a0863dba872ecfeb2184a57f9b76.csv,28,Which countries appear to have strong digital skills but lower AI adoption?,"Netherlands, Ireland, Denmark, Finland, Norway, and Sweden appear to have strong digital skills but lower AI adoption",1
11,https://observablehq.com/d/01c45e5b545d634b,AI Adoption and Digital Skills:evidence of a potential mismatch in 2021-2025,ai_adoption_and_digital_skillsevidence_of_a_potential_mismatch_in_2021_2025,ai_adoption_and_digital_skillsevidence_of_a_potential_mismatch_in_2021_2025.js,files/95d032deed4e5ff390745bb84185c17fde8b15a50b89abbc966f79ccf1621107d8306e182868abb64e5686593c6f3e82949c457a203c84bf7f498994d9833c9f.csv; files/eceb0e4dfaec117dbc7c65fec7c20a7898d19544ae24fd3ee9f091cfc79357606964564dc1b64f0b2756193d94e39c4f7552a0863dba872ecfeb2184a57f9b76.csv,29,How can I get the digital skills trend of a specific country from 2021 to 2025?,"Click “Digital Skills Trend by Population” to open the trend chart, then hover over the data points or country line for the country you want to check",1
11,https://observablehq.com/d/01c45e5b545d634b,AI Adoption and Digital Skills:evidence of a potential mismatch in 2021-2025,ai_adoption_and_digital_skillsevidence_of_a_potential_mismatch_in_2021_2025,ai_adoption_and_digital_skillsevidence_of_a_potential_mismatch_in_2021_2025.js,files/95d032deed4e5ff390745bb84185c17fde8b15a50b89abbc966f79ccf1621107d8306e182868abb64e5686593c6f3e82949c457a203c84bf7f498994d9833c9f.csv; files/eceb0e4dfaec117dbc7c65fec7c20a7898d19544ae24fd3ee9f091cfc79357606964564dc1b64f0b2756193d94e39c4f7552a0863dba872ecfeb2184a57f9b76.csv,30,What happens if I click “Digital Skills Trend by Population”?,"It will switches the dashboard to the second page, which shows the digital skills trend from 2021 to 2025 for all countries.",1
12,https://observablehq.com/d/d5d39f0d9ccdf508,"Uber Usage Trends in Pakistan: Bookings and Revenue, 2024–2025",uber_usage_trends_in_pakistan_bookings_and_revenue_20242025,uber_usage_trends_in_pakistan_bookings_and_revenue_20242025.js,files/2b56d5e7521181130acba24be49cdfad0edc0a8c464572fdcfe8c88a19b4580b2b55c518d0124fa1d9e970ffbc2e4afce8ead36206c4a63443dbcf4503af8f07.csv; files/ea1d154c8c153c64469697d8025cd49be857bdd3051b2d58fe2f3967829c3db2f8a7444ab15876d6b7f84a95afa0f3fbc7f7303ebb174a7f2ecaf313be3ecb74.csv,31,What is the total booking value for Mini in May 2024?,11 bookings,1
12,https://observablehq.com/d/d5d39f0d9ccdf508,"Uber Usage Trends in Pakistan: Bookings and Revenue, 2024–2025",uber_usage_trends_in_pakistan_bookings_and_revenue_20242025,uber_usage_trends_in_pakistan_bookings_and_revenue_20242025.js,files/2b56d5e7521181130acba24be49cdfad0edc0a8c464572fdcfe8c88a19b4580b2b55c518d0124fa1d9e970ffbc2e4afce8ead36206c4a63443dbcf4503af8f07.csv; files/ea1d154c8c153c64469697d8025cd49be857bdd3051b2d58fe2f3967829c3db2f8a7444ab15876d6b7f84a95afa0f3fbc7f7303ebb174a7f2ecaf313be3ecb74.csv,32,"In June 2024, which vehicle type has higher total bookings, Mini or Premium?",Premium with 7 bookings higher than Mini,1
12,https://observablehq.com/d/d5d39f0d9ccdf508,"Uber Usage Trends in Pakistan: Bookings and Revenue, 2024–2025",uber_usage_trends_in_pakistan_bookings_and_revenue_20242025,uber_usage_trends_in_pakistan_bookings_and_revenue_20242025.js,files/2b56d5e7521181130acba24be49cdfad0edc0a8c464572fdcfe8c88a19b4580b2b55c518d0124fa1d9e970ffbc2e4afce8ead36206c4a63443dbcf4503af8f07.csv; files/ea1d154c8c153c64469697d8025cd49be857bdd3051b2d58fe2f3967829c3db2f8a7444ab15876d6b7f84a95afa0f3fbc7f7303ebb174a7f2ecaf313be3ecb74.csv,33,How does the Premium revenue trend change over time?,"Premium revenue fluctuates a lot from 2024 to 2025.It peaks around Nov 2024 and has another high point in Feb 2025, then drops strongly in Nov 2025 before rising again in Dec 2025.",1
12,https://observablehq.com/d/d5d39f0d9ccdf508,"Uber Usage Trends in Pakistan: Bookings and Revenue, 2024–2025",uber_usage_trends_in_pakistan_bookings_and_revenue_20242025,uber_usage_trends_in_pakistan_bookings_and_revenue_20242025.js,files/2b56d5e7521181130acba24be49cdfad0edc0a8c464572fdcfe8c88a19b4580b2b55c518d0124fa1d9e970ffbc2e4afce8ead36206c4a63443dbcf4503af8f07.csv; files/ea1d154c8c153c64469697d8025cd49be857bdd3051b2d58fe2f3967829c3db2f8a7444ab15876d6b7f84a95afa0f3fbc7f7303ebb174a7f2ecaf313be3ecb74.csv,34,How can I find the exact revenue value for Mini in July 2025?,"Click the Total Revenue tab, look at the Mini chart on the left, then hover over the Jul 2025 point. The tooltip shows the exact value, which is 7,266.",1
12,https://observablehq.com/d/d5d39f0d9ccdf508,"Uber Usage Trends in Pakistan: Bookings and Revenue, 2024–2025",uber_usage_trends_in_pakistan_bookings_and_revenue_20242025,uber_usage_trends_in_pakistan_bookings_and_revenue_20242025.js,files/2b56d5e7521181130acba24be49cdfad0edc0a8c464572fdcfe8c88a19b4580b2b55c518d0124fa1d9e970ffbc2e4afce8ead36206c4a63443dbcf4503af8f07.csv; files/ea1d154c8c153c64469697d8025cd49be857bdd3051b2d58fe2f3967829c3db2f8a7444ab15876d6b7f84a95afa0f3fbc7f7303ebb174a7f2ecaf313be3ecb74.csv,35,What information is displayed when I hover over a point in the Premium revenue chart?,"A tooltip appears showing the vehicle type Premium, the selected month, and the exact Total Revenue value for that point.",1
13,https://observablehq.com/d/939918b55e6a5108,Historical price of computer memory and storage,untitled,untitled.js,files/38df7d46e1744fcd320e148533b158cc30b339e4de6e4eae8b659de03da2e6ea54fb9788cdf8c161e2b28ec384bd8f40dc8dd4006a56f376a03e869c49588cab.csv,36,What was the approximate price per byte of Disk in 1980?,580M Dollar/Byte,1
13,https://observablehq.com/d/939918b55e6a5108,Historical price of computer memory and storage,untitled,untitled.js,files/38df7d46e1744fcd320e148533b158cc30b339e4de6e4eae8b659de03da2e6ea54fb9788cdf8c161e2b28ec384bd8f40dc8dd4006a56f376a03e869c49588cab.csv,37,"In 2005, which was cheaper: Memory or Disk?","Disk was cheaper. In 2005, Memory was about 100,943 $/TB, while Disk was about 538 $/TB.",1
13,https://observablehq.com/d/939918b55e6a5108,Historical price of computer memory and storage,untitled,untitled.js,files/38df7d46e1744fcd320e148533b158cc30b339e4de6e4eae8b659de03da2e6ea54fb9788cdf8c161e2b28ec384bd8f40dc8dd4006a56f376a03e869c49588cab.csv,38,What overall trend can be observed in the prices of computer memory and storage from 1957 to 2020?,The prices dropped dramatically over time. All technologies became much cheaper,1
13,https://observablehq.com/d/939918b55e6a5108,Historical price of computer memory and storage,untitled,untitled.js,files/38df7d46e1744fcd320e148533b158cc30b339e4de6e4eae8b659de03da2e6ea54fb9788cdf8c161e2b28ec384bd8f40dc8dd4006a56f376a03e869c49588cab.csv,39,How can I get the exact price data of Memory in 2010 from this chart?,Hover over the Memory line near the year 2010 to see the exact year and price value in the tooltip.,1
13,https://observablehq.com/d/939918b55e6a5108,Historical price of computer memory and storage,untitled,untitled.js,files/38df7d46e1744fcd320e148533b158cc30b339e4de6e4eae8b659de03da2e6ea54fb9788cdf8c161e2b28ec384bd8f40dc8dd4006a56f376a03e869c49588cab.csv,40,"If I click on the Bar button at the top, how will the chart change?","The chart will switch from a line chart to a bar chart, showing the same memory and storage price data as bars instead of connected lines.",1
14,https://observablehq.com/d/64887ee832929930,Mobile Money Accounts,mobile_money_accounts,mobile_money_accounts.js,files/2c7592d9a17176b60dcf0bf63bca5260150e83819ac69b354d5eb9a845bee7becce958843b5e1f4699394705f9fabafcb059cafadc4e5b8230ab5ad938dc581c.csv,41,What was the number of active mobile money accounts in Sub-Saharan Africa in 2024?,"430,034,750 active mobile money accounts, or about 430 million.",1
14,https://observablehq.com/d/64887ee832929930,Mobile Money Accounts,mobile_money_accounts,mobile_money_accounts.js,files/2c7592d9a17176b60dcf0bf63bca5260150e83819ac69b354d5eb9a845bee7becce958843b5e1f4699394705f9fabafcb059cafadc4e5b8230ab5ad938dc581c.csv,42,Which region had more active mobile money accounts in 2022: East Asia and Pacific or South Asia?,"East Asia and Pacific had more. East Asia and Pacific: 124,215,224. South Asia: 116,046,140",1
14,https://observablehq.com/d/64887ee832929930,Mobile Money Accounts,mobile_money_accounts,mobile_money_accounts.js,files/2c7592d9a17176b60dcf0bf63bca5260150e83819ac69b354d5eb9a845bee7becce958843b5e1f4699394705f9fabafcb059cafadc4e5b8230ab5ad938dc581c.csv,43,What overall trend can be observed in active mobile money accounts from 2010 to 2024?,Active mobile money accounts increased strongly over time. with Sub-Saharan Africa contributing the largest share by 2024.,1
14,https://observablehq.com/d/64887ee832929930,Mobile Money Accounts,mobile_money_accounts,mobile_money_accounts.js,files/2c7592d9a17176b60dcf0bf63bca5260150e83819ac69b354d5eb9a845bee7becce958843b5e1f4699394705f9fabafcb059cafadc4e5b8230ab5ad938dc581c.csv,44,How can I find the exact value of active mobile money accounts for Sub-Saharan Africa in 2024 from this chart?,"Hover over the blue Sub-Saharan Africa area at the year 2024, or check the dataset row where the region is Sub-Saharan Africa and the year is 2024.",1
14,https://observablehq.com/d/64887ee832929930,Mobile Money Accounts,mobile_money_accounts,mobile_money_accounts.js,files/2c7592d9a17176b60dcf0bf63bca5260150e83819ac69b354d5eb9a845bee7becce958843b5e1f4699394705f9fabafcb059cafadc4e5b8230ab5ad938dc581c.csv,45,What happens if I click or drag the timeline slider at the bottom of the chart?,"The chart changes to show the selected year or time range. Dragging the slider lets you move through the years from 2010 to 2024, so you can see how mobile money accounts changed over time.",1
15,https://observablehq.com/d/6760acab97435487,Internet,internet,internet.js,files/c256f9c32d377a2292e1a55c0c2d9ba7ecb2ec5720de1e3225767a13c5a4d38290ff09fba4c20d17c86ac7707f8ce7cbdfb9a6ef89c96b5ac67bd452216cc7d0.csv,46,What percentage of people in Australia own a mobile phone?,Around 94.6% of people in Australia own a mobile phone.,1
15,https://observablehq.com/d/6760acab97435487,Internet,internet,internet.js,files/c256f9c32d377a2292e1a55c0c2d9ba7ecb2ec5720de1e3225767a13c5a4d38290ff09fba4c20d17c86ac7707f8ce7cbdfb9a6ef89c96b5ac67bd452216cc7d0.csv,47,How can I get the data of Mexico’s mobile phone ownership from this map?,"Hover your mouse over Mexico on the map. A tooltip appears showing the country name, year, and value. For Mexico, it shows 81.4% for 2023, because 2024 data is not available.",1
15,https://observablehq.com/d/6760acab97435487,Internet,internet,internet.js,files/c256f9c32d377a2292e1a55c0c2d9ba7ecb2ec5720de1e3225767a13c5a4d38290ff09fba4c20d17c86ac7707f8ce7cbdfb9a6ef89c96b5ac67bd452216cc7d0.csv,48,What happens if I hover over a country with a darker blue color?,"A tooltip appears with the country’s exact mobile phone ownership percentage. Darker blue usually means a higher percentage, closer to the 90–100% range.",1
16,https://observablehq.com/d/fdbb3d8a0cd4bd58,Medicine,medicine,medicine.js,files/638350ffe4b7e405984bb25ef7d82c1a53ffb2d89b0d91763c99eff4b55e8b221dc6c232ca921f3c595987b9da7f14b60c7e2458febfca4107fbcd0616c636bb.csv,49,Which region generally shows higher values: North America or Southeast Asia?,"North America generally shows higher values, with countries like Canada at 73.0%, while Southeast Asian countries such as Malaysia are lower at 27.1%.",1
16,https://observablehq.com/d/fdbb3d8a0cd4bd58,Medicine,medicine,medicine.js,files/638350ffe4b7e405984bb25ef7d82c1a53ffb2d89b0d91763c99eff4b55e8b221dc6c232ca921f3c595987b9da7f14b60c7e2458febfca4107fbcd0616c636bb.csv,50,How can I get the exact data value for Canada from this chart?,"Hover over Canada on the map, or click the Bar button and find Canada in the bar chart to see its exact value: 73.0%.",1
16,https://observablehq.com/d/fdbb3d8a0cd4bd58,Medicine,medicine,medicine.js,files/638350ffe4b7e405984bb25ef7d82c1a53ffb2d89b0d91763c99eff4b55e8b221dc6c232ca921f3c595987b9da7f14b60c7e2458febfca4107fbcd0616c636bb.csv,51,What happens if I hover over Canada on the map?,"Canada becomes highlighted, and a tooltip appears showing Canada, 2020, and 73.0%.",1
17,https://observablehq.com/d/1edfdbd0a0cf213a,UCR Violent Crime,ucr_violent_crime,ucr_violent_crime.js,files/36d221125c8b5a54c049d8d2baf2cf92ce4b69e788f1d89fd3b400f8907d1c66106162deb2634bcdd41f28d38fc892c419568be771265e0f5d343c9cf83c3404.csv,52,Around which year did Harris County reach its highest reported violent crime count?,"Harris County reached its highest reported violent crime count around 2009, with about 8,439 reported violent crimes.",1
17,https://observablehq.com/d/1edfdbd0a0cf213a,UCR Violent Crime,ucr_violent_crime,ucr_violent_crime.js,files/36d221125c8b5a54c049d8d2baf2cf92ce4b69e788f1d89fd3b400f8907d1c66106162deb2634bcdd41f28d38fc892c419568be771265e0f5d343c9cf83c3404.csv,53,How can I find the reported violent crime count for each sheriff department in 2008?,"To find the reported violent crime count for each sheriff department in 2008, set the Year filter to 2008 and keep Sheriff department = All. Then hover over each colored line or point for that year.",1
17,https://observablehq.com/d/1edfdbd0a0cf213a,UCR Violent Crime,ucr_violent_crime,ucr_violent_crime.js,files/36d221125c8b5a54c049d8d2baf2cf92ce4b69e788f1d89fd3b400f8907d1c66106162deb2634bcdd41f28d38fc892c419568be771265e0f5d343c9cf83c3404.csv,54,What happens if I change the Sheriff department filter from “All” to “Harris County”?,"If you change the Sheriff department filter from “All” to “Harris County,” the chart will show only the Harris County crime trend. The other department lines will disappear, making Harris County easier to inspect without the smaller lines crowding the chart.",1
18,https://observablehq.com/d/598fb95f4893d856,Stroke statistics - leading cause of death,stroke_statistics_leading_cause_of_death,stroke_statistics_leading_cause_of_death.js,files/2f7dfcb8230fce7ea2304ecd061a59156f1310aebfb3c6efe2e1c7a7a25047fd698597978dd528de8d3566301e1ed209b31e15242af6611c7444f88219ec8e03.csv; files/86765bea67e280167fa5bdaaccfec6bd5412b428b7a3270a4c87e959fc45da9acbc853f9e54e387bd3253ae7e3bac3f727e7752e97a93d4d5b82fcf33b9cade7.csv,55,What is the rank of cerebrovascular diseases in the chart of UK on 2018?,"Cerebrovascular diseases ranked 4th in the UK in 2018, with 35,960 deaths.",1
18,https://observablehq.com/d/598fb95f4893d856,Stroke statistics - leading cause of death,stroke_statistics_leading_cause_of_death,stroke_statistics_leading_cause_of_death.js,files/2f7dfcb8230fce7ea2304ecd061a59156f1310aebfb3c6efe2e1c7a7a25047fd698597978dd528de8d3566301e1ed209b31e15242af6611c7444f88219ec8e03.csv; files/86765bea67e280167fa5bdaaccfec6bd5412b428b7a3270a4c87e959fc45da9acbc853f9e54e387bd3253ae7e3bac3f727e7752e97a93d4d5b82fcf33b9cade7.csv,56,How can I get the rank and death count of influenza and pneumonia for Scotland?,"Select Scotland from the Nation dropdown, then look for the Influenza and pneumonia bar. For Scotland, it is ranked 6th, with 2,031 deaths.",1
18,https://observablehq.com/d/598fb95f4893d856,Stroke statistics - leading cause of death,stroke_statistics_leading_cause_of_death,stroke_statistics_leading_cause_of_death.js,files/2f7dfcb8230fce7ea2304ecd061a59156f1310aebfb3c6efe2e1c7a7a25047fd698597978dd528de8d3566301e1ed209b31e15242af6611c7444f88219ec8e03.csv; files/86765bea67e280167fa5bdaaccfec6bd5412b428b7a3270a4c87e959fc45da9acbc853f9e54e387bd3253ae7e3bac3f727e7752e97a93d4d5b82fcf33b9cade7.csv,57,What happen if I click the left or right arrow button in the charts?,"Clicking the left arrow moves the chart to the previous year, while clicking the right arrow moves it to the next year. The bars and rankings update to show the leading causes of death for that selected year.",1
19,https://observablehq.com/d/fcadcfb0a70486b7,Landline Internet Subscription,landline_internet_subscription,landline_internet_subscription.js,files/d7bda27866cfccbd36e77475f505d8d95cd4e01a8121068062c0470b7431f727c1f88733397c3b013e71e061225212b51c45ba419e5faf71b122a34088880617.csv,58,"Based on the color intensity, which countries appear to have the highest landline Internet subscriptions in 1998?","The United States appears to have the highest landline Internet subscriptions in 1998, shown with the strongest orange color. Other visible countries with notable values include Canada, the Netherlands, Japan, South Korea, France, Hong Kong, Belgium, and Singapore.",1
19,https://observablehq.com/d/fcadcfb0a70486b7,Landline Internet Subscription,landline_internet_subscription,landline_internet_subscription.js,files/d7bda27866cfccbd36e77475f505d8d95cd4e01a8121068062c0470b7431f727c1f88733397c3b013e71e061225212b51c45ba419e5faf71b122a34088880617.csv,59,How can I compare the data for multiple countries using this chart?,"You can compare countries by checking their color intensity on the map, then hovering over each country to see the exact subscription value. For a clearer comparison, you can also click the Bar or Line button to view countries in a more direct numeric comparison.",1
19,https://observablehq.com/d/fcadcfb0a70486b7,Landline Internet Subscription,landline_internet_subscription,landline_internet_subscription.js,files/d7bda27866cfccbd36e77475f505d8d95cd4e01a8121068062c0470b7431f727c1f88733397c3b013e71e061225212b51c45ba419e5faf71b122a34088880617.csv,60,What happens if I drag the year slider from 1998 to 2025?,"The map updates year by year, showing how landline Internet subscriptions changed over time. Countries may become darker or lighter depending on their subscription counts, and more countries may appear as data becomes available.",1
20,https://observablehq.com/d/c796dd26baa3c4f8,4G network,4g_network,4g_network.js,files/e16c0ada51462faafff109afbed2e18ff4c25d0be2bcc8b9361fa8ce59409f8fb15f1158b742354ea29e7204926346531b9f291b5e6ba9246e9581c36ef50e6a.csv,61,What overall trend can be observed in 4G mobile network coverage across the selected countries over time?,"The coverage generally increases over time, with most selected countries moving closer to high or near-complete 4G coverage.",1
20,https://observablehq.com/d/c796dd26baa3c4f8,4G network,4g_network,4g_network.js,files/e16c0ada51462faafff109afbed2e18ff4c25d0be2bcc8b9361fa8ce59409f8fb15f1158b742354ea29e7204926346531b9f291b5e6ba9246e9581c36ef50e6a.csv,62,How can I get the exact data value of 4G coverage for a specific country and year?,"Use the year slider to choose the year, then hover over the country on the map or the bar/line point to see the exact percentage in the tooltip.",1
20,https://observablehq.com/d/c796dd26baa3c4f8,4G network,4g_network,4g_network.js,files/e16c0ada51462faafff109afbed2e18ff4c25d0be2bcc8b9361fa8ce59409f8fb15f1158b742354ea29e7204926346531b9f291b5e6ba9246e9581c36ef50e6a.csv,63,What happen if I click the play button at the year slide of the chart?,"The chart automatically moves year by year, updating the map or chart values until it reaches the latest year.",1
21,https://observablehq.com/d/dd366878162d0d28,Who owns a phone,who_owns_a_phone,who_owns_a_phone.js,files/c256f9c32d377a2292e1a55c0c2d9ba7ecb2ec5720de1e3225767a13c5a4d38290ff09fba4c20d17c86ac7707f8ce7cbdfb9a6ef89c96b5ac67bd452216cc7d0.csv,64,What was the percentage of people covered by a 4G mobile network in Malaysia in 2023?,unable to get answer,1
21,https://observablehq.com/d/dd366878162d0d28,Who owns a phone,who_owns_a_phone,who_owns_a_phone.js,files/c256f9c32d377a2292e1a55c0c2d9ba7ecb2ec5720de1e3225767a13c5a4d38290ff09fba4c20d17c86ac7707f8ce7cbdfb9a6ef89c96b5ac67bd452216cc7d0.csv,65,How can I get the exact 4G mobile network coverage percentage for Thailand in 2018 from this chart?,percentage of people who own mobile phones will appear in a tooltip,1
21,https://observablehq.com/d/dd366878162d0d28,Who owns a phone,who_owns_a_phone,who_owns_a_phone.js,files/c256f9c32d377a2292e1a55c0c2d9ba7ecb2ec5720de1e3225767a13c5a4d38290ff09fba4c20d17c86ac7707f8ce7cbdfb9a6ef89c96b5ac67bd452216cc7d0.csv,66,What information could I get if I hover over to Russia in map chart?,,1
22,https://observablehq.com/d/d9ad549baa56a3a7,Death rate,death_rate,death_rate.js,files/dbbed817c45391c5281ce2d661dc79259aaa0d85385decf761ccf2b32e48debcea222be587ebdd03c3557ec10e71fb6b4dd4e827af0de5a05651b63e5c50b4de.csv,67,Compare the death rate of Ethiopia and Afghanistan. Which one is higher?,"In 2024, Ethiopia is higher, with about 3.1 deaths per 100,000 people, while Afghanistan has about 0.8.",1
22,https://observablehq.com/d/d9ad549baa56a3a7,Death rate,death_rate,death_rate.js,files/dbbed817c45391c5281ce2d661dc79259aaa0d85385decf761ccf2b32e48debcea222be587ebdd03c3557ec10e71fb6b4dd4e827af0de5a05651b63e5c50b4de.csv,68,How can I get the data of Ukraine with the highest death rate in year 2000?,"Drag the year slider to 2000, then hover over Ukraine on the map or check Ukraine in the bar chart. In 2000, Ukraine’s value is 0 deaths per 100,000 people. Its highest value in the dataset is actually in 2022, about 225.6.",1
22,https://observablehq.com/d/d9ad549baa56a3a7,Death rate,death_rate,death_rate.js,files/dbbed817c45391c5281ce2d661dc79259aaa0d85385decf761ccf2b32e48debcea222be587ebdd03c3557ec10e71fb6b4dd4e827af0de5a05651b63e5c50b4de.csv,69,What happen if I drag the slider function at the bottom of the chart?,"The chart updates to the selected year, changing the map colors, bar values, and title based on that year’s conflict death-rate data.",1
23,https://observablehq.com/d/4c5f0483c5ac2bba,Countries where armed conflict happened in 2024,countries_where_armed_conflict_happened_in_2024,countries_where_armed_conflict_happened_in_2024.js,files/6fc3c43974722d64d2c840cab7be9f93ce33a8de0e55013de28c26ad201d9502589d219fbeff19a1e55a7b5f441ac19deebceb4ec7d2b0465f156793a3246a36.csv,70,"Based on the map view, which regions seem to have more orange countries in recent years?","In recent years, more orange countries seem to appear in parts of Africa, the Middle East, and Asia, meaning these regions have more countries where conflict occurred.",1
23,https://observablehq.com/d/4c5f0483c5ac2bba,Countries where armed conflict happened in 2024,countries_where_armed_conflict_happened_in_2024,countries_where_armed_conflict_happened_in_2024.js,files/6fc3c43974722d64d2c840cab7be9f93ce33a8de0e55013de28c26ad201d9502589d219fbeff19a1e55a7b5f441ac19deebceb4ec7d2b0465f156793a3246a36.csv,71,How can I get information of whether Australia has conflict or the opposite on year 1989?,"Drag the year slider to 1989, then hover over Australia on the map. The dataset shows Australia’s value in 1989 is 0, meaning No, no conflict occurred.",1
23,https://observablehq.com/d/4c5f0483c5ac2bba,Countries where armed conflict happened in 2024,countries_where_armed_conflict_happened_in_2024,countries_where_armed_conflict_happened_in_2024.js,files/6fc3c43974722d64d2c840cab7be9f93ce33a8de0e55013de28c26ad201d9502589d219fbeff19a1e55a7b5f441ac19deebceb4ec7d2b0465f156793a3246a36.csv,72,What happens if I click the Line button?,"The chart changes from the world map into a line/small-multiple view, showing selected countries’ conflict status over time, where orange means “Yes, conflict occurred” and blue means “No conflict.”",1
24,https://observablehq.com/d/8ffd349e8704e11c,Interstate and Intrastate war 2010,interstate_and_intrastate_war_2010,interstate_and_intrastate_war_2010.js,files/60cd1dbdcfc91772bb42792365e71c3a1af2fa8820e3b9b1984b8bd24e5d797d40fdc7554ff80e6d84588d9fe87fd1d536bc96635471b308579bcef419aba8ea.csv,73,What does the blue color represent on the map?,"The blue color represents countries marked as “No”, meaning no interstate or intrastate war took place in that country during the selected year.",1
24,https://observablehq.com/d/8ffd349e8704e11c,Interstate and Intrastate war 2010,interstate_and_intrastate_war_2010,interstate_and_intrastate_war_2010.js,files/60cd1dbdcfc91772bb42792365e71c3a1af2fa8820e3b9b1984b8bd24e5d797d40fdc7554ff80e6d84588d9fe87fd1d536bc96635471b308579bcef419aba8ea.csv,74,How can I get the information of countries marked as “Yes” in 2010?,"Move the year slider to 2010, then look for the orange countries on the map. You can hover over each orange country to confirm that it says “Yes — conflict occurred.”",1
24,https://observablehq.com/d/8ffd349e8704e11c,Interstate and Intrastate war 2010,interstate_and_intrastate_war_2010,interstate_and_intrastate_war_2010.js,files/60cd1dbdcfc91772bb42792365e71c3a1af2fa8820e3b9b1984b8bd24e5d797d40fdc7554ff80e6d84588d9fe87fd1d536bc96635471b308579bcef419aba8ea.csv,75,What happens if I hover over a country marked in orange?,"A tooltip appears showing the country name, the selected year, and the status “Yes — conflict occurred.” The orange color is used for countries where war happened that year.",1
25,https://observablehq.com/d/65c10cfa93cada0a,Deaths from one-sided violence,deaths_from_one_sided_violence,deaths_from_one_sided_violence.js,files/5cf487d978b5f405fb1a26bedee3ee17f10608f3cb4affd8c4a7fc670bc2c1a017effd7d988067340ed89bbf618b1e5ad90832d873d525ad8187aff4f3cfab31.csv,76,Which death rate is higher for Iraq between 2014 and 2024?,Death rate in 2014 is higher than 2024 in Iraq which is 3197 higher than death rate in 2024,1
25,https://observablehq.com/d/65c10cfa93cada0a,Deaths from one-sided violence,deaths_from_one_sided_violence,deaths_from_one_sided_violence.js,files/5cf487d978b5f405fb1a26bedee3ee17f10608f3cb4affd8c4a7fc670bc2c1a017effd7d988067340ed89bbf618b1e5ad90832d873d525ad8187aff4f3cfab31.csv,77,How can I find the range of the death rate numbers based on the map?,"By checking the color gradient on the bottom of the map charts, I can get the approximate range of the death rate on the map",1
25,https://observablehq.com/d/65c10cfa93cada0a,Deaths from one-sided violence,deaths_from_one_sided_violence,deaths_from_one_sided_violence.js,files/5cf487d978b5f405fb1a26bedee3ee17f10608f3cb4affd8c4a7fc670bc2c1a017effd7d988067340ed89bbf618b1e5ad90832d873d525ad8187aff4f3cfab31.csv,78,What happens if I hover over the white colored country on the map and what death rate value will appear?,"If I hover over the white colored country, I will get the data of of the country's death rate value with the number of 0 death rate.",1
26,https://observablehq.com/d/a2975a8c512f9051,Deaths in interstate conflict 2024,deaths_in_interstate_conflict_2024,deaths_in_interstate_conflict_2024.js,files/88d1c719e25e4c86cdfae69526fb97c5a28cefb67c52fb19f33c27769a0c25a29a6b4ac98156bc372ac321832b71d19aa469719232feadb0dcb42764f4868d53.csv,79,What is the average death number occurs in Ukraine in year 2024?,The average death number occurs in Ukraine in year 2024 is 68099,1
26,https://observablehq.com/d/a2975a8c512f9051,Deaths in interstate conflict 2024,deaths_in_interstate_conflict_2024,deaths_in_interstate_conflict_2024.js,files/88d1c719e25e4c86cdfae69526fb97c5a28cefb67c52fb19f33c27769a0c25a29a6b4ac98156bc372ac321832b71d19aa469719232feadb0dcb42764f4868d53.csv,80,What happen if I move the slider at the bottom of the line chart?,I can see the death numbers changes in time of all countries if I I move the slider at the bottom of the line chart,1
26,https://observablehq.com/d/a2975a8c512f9051,Deaths in interstate conflict 2024,deaths_in_interstate_conflict_2024,deaths_in_interstate_conflict_2024.js,files/88d1c719e25e4c86cdfae69526fb97c5a28cefb67c52fb19f33c27769a0c25a29a6b4ac98156bc372ac321832b71d19aa469719232feadb0dcb42764f4868d53.csv,81,How can I get the data of Ethiopia in year 2000 the line chart?,"By hovering the mouse over the line chart at year 2000, I can get the data of Ethiopia which is 24 death occurs in year 2000",1
27,https://observablehq.com/d/53d7741e44dea574,Intrastate conflict 2024,intrastate_conflict_2024,intrastate_conflict_2024.js,files/9b416fad3fca5655780483e2ac78a63a50ad1ab2eacfd2b0ba7d7297073b195c564bc9e9c5e468e58233f29314532e008d6ec89257a12314997bf0f8c455074a.csv,82,How many deaths occur in Colombia in 2011?,202 deaths occur in Colombia in 2011,1
27,https://observablehq.com/d/53d7741e44dea574,Intrastate conflict 2024,intrastate_conflict_2024,intrastate_conflict_2024.js,files/9b416fad3fca5655780483e2ac78a63a50ad1ab2eacfd2b0ba7d7297073b195c564bc9e9c5e468e58233f29314532e008d6ec89257a12314997bf0f8c455074a.csv,83,How can I check the number of deaths occur in Iraq between year 2014 and 2017 in line chart?,"By hovering the mouse over the line chart between year 2014 and 2017, I could check the deaths number in Iraq, which is 13168 in 2014 and 10228 in 2017",1
27,https://observablehq.com/d/53d7741e44dea574,Intrastate conflict 2024,intrastate_conflict_2024,intrastate_conflict_2024.js,files/9b416fad3fca5655780483e2ac78a63a50ad1ab2eacfd2b0ba7d7297073b195c564bc9e9c5e468e58233f29314532e008d6ec89257a12314997bf0f8c455074a.csv,84,What happens if I click the play button besides the slider of the map chart?,I can see the difference of intensity of the color of the map and approximate deaths numbers that occurs over time.,1
28,https://observablehq.com/@n93986/forms-of-homelessness-included-in-available-statis,"Forms of homelessness included in available statistics, 2024",forms_of_homelessness_included_in_available_statistics_2024,forms_of_homelessness_included_in_available_statistics_2024.js,files/c61a0ecc4ab0f9ca6ca9351ef3616c38f21c3aeeaa4ccfc1d6207790eee711b7775358172894187f3584b182e17831b6691d8df57b0b4f2fb502428e8b793009.csv,85,"Which homelessness status can see more on the map the ""None of temporary"" or ""None or inadequate""?","There is ""None or temporary"" status more than ""None or inadequate"" on the map",1
28,https://observablehq.com/@n93986/forms-of-homelessness-included-in-available-statis,"Forms of homelessness included in available statistics, 2024",forms_of_homelessness_included_in_available_statistics_2024,forms_of_homelessness_included_in_available_statistics_2024.js,files/c61a0ecc4ab0f9ca6ca9351ef3616c38f21c3aeeaa4ccfc1d6207790eee711b7775358172894187f3584b182e17831b6691d8df57b0b4f2fb502428e8b793009.csv,86,How can I get the information of the status of homelessness people in Madagascar?,"By looking at the color of the country, which is teal green, I will be able toknow that the homeless people have no accommodation, or if I hovering at the country, I could be able to get the status as the information of the country appear.",1
28,https://observablehq.com/@n93986/forms-of-homelessness-included-in-available-statis,"Forms of homelessness included in available statistics, 2024",forms_of_homelessness_included_in_available_statistics_2024,forms_of_homelessness_included_in_available_statistics_2024.js,files/c61a0ecc4ab0f9ca6ca9351ef3616c38f21c3aeeaa4ccfc1d6207790eee711b7775358172894187f3584b182e17831b6691d8df57b0b4f2fb502428e8b793009.csv,87,What happen if I hover at the country labeled with orange color?,"I t will shows the information of the homelessness status of ""None of inadequate""",1
29,https://observablehq.com/@n93986/profit-margin,Profit Margin,profit_margin,profit_margin.js,files/2d1a082b217b2a974da55868a9026d6802a18396b864eeb11b45d2c8bf418f0538384f3e974a4d6680b9c69c4c9d9b56ebd6f0c5d3ea1262641c73b35fbedb9f.csv,88,What is the average profit margin of the developed countries?,the average is 23.75%,1
29,https://observablehq.com/@n93986/profit-margin,Profit Margin,profit_margin,profit_margin.js,files/2d1a082b217b2a974da55868a9026d6802a18396b864eeb11b45d2c8bf418f0538384f3e974a4d6680b9c69c4c9d9b56ebd6f0c5d3ea1262641c73b35fbedb9f.csv,89,How can I identify which country is developed or emerging,"By looking at the color label of the country's bar, I could identify that Green color is for developed countries and Gray color is for emerging countries",1
29,https://observablehq.com/@n93986/profit-margin,Profit Margin,profit_margin,profit_margin.js,files/2d1a082b217b2a974da55868a9026d6802a18396b864eeb11b45d2c8bf418f0538384f3e974a4d6680b9c69c4c9d9b56ebd6f0c5d3ea1262641c73b35fbedb9f.csv,90,What happen if I hover the United State bar?,I could see the information of the United States with revenue share 45% and profit margin 17%,1
30,https://observablehq.com/d/3219ba596e39def0,ARBES,arbes,arbes.js,files/3f00dd076acdf1ff6b5ecb2f0618b0ebb3941f23e744a3c6b2b49f736849122b66ccec1b3b46916190c13d3054c510f5b7e786eaeaa9234d8acfb50e7dadb789.csv; files/c2589633280e7a8ad7e48b7da8c6f7fc4e62b91046b12187d91c198eff2bc6b82847fab290cd61e79686a598102fb81a027de0f06a35b159020410d6b3c692ff.csv,91,Which country has the highest number of households that practice fallowing in their fields?,Ghana,1
30,https://observablehq.com/d/3219ba596e39def0,ARBES,arbes,arbes.js,files/3f00dd076acdf1ff6b5ecb2f0618b0ebb3941f23e744a3c6b2b49f736849122b66ccec1b3b46916190c13d3054c510f5b7e786eaeaa9234d8acfb50e7dadb789.csv; files/c2589633280e7a8ad7e48b7da8c6f7fc4e62b91046b12187d91c198eff2bc6b82847fab290cd61e79686a598102fb81a027de0f06a35b159020410d6b3c692ff.csv,92,What is the 5th most highest grown crop in Malawi?,Cowpea,1
30,https://observablehq.com/d/3219ba596e39def0,ARBES,arbes,arbes.js,files/3f00dd076acdf1ff6b5ecb2f0618b0ebb3941f23e744a3c6b2b49f736849122b66ccec1b3b46916190c13d3054c510f5b7e786eaeaa9234d8acfb50e7dadb789.csv; files/c2589633280e7a8ad7e48b7da8c6f7fc4e62b91046b12187d91c198eff2bc6b82847fab290cd61e79686a598102fb81a027de0f06a35b159020410d6b3c692ff.csv,93,What should I click to see the most grown crops in Tanzania?,"Click ""Crops Most Commonly Grown"" button",1
30,https://observablehq.com/d/3219ba596e39def0,ARBES,arbes,arbes.js,files/3f00dd076acdf1ff6b5ecb2f0618b0ebb3941f23e744a3c6b2b49f736849122b66ccec1b3b46916190c13d3054c510f5b7e786eaeaa9234d8acfb50e7dadb789.csv; files/c2589633280e7a8ad7e48b7da8c6f7fc4e62b91046b12187d91c198eff2bc6b82847fab290cd61e79686a598102fb81a027de0f06a35b159020410d6b3c692ff.csv,94,I want to compare soil conservation practices between Ethiopia and Ghana only. What action should I do?,"Click the ""Country"" dropdown, then select Ethopia and Ghana",1
30,https://observablehq.com/d/3219ba596e39def0,ARBES,arbes,arbes.js,files/3f00dd076acdf1ff6b5ecb2f0618b0ebb3941f23e744a3c6b2b49f736849122b66ccec1b3b46916190c13d3054c510f5b7e786eaeaa9234d8acfb50e7dadb789.csv; files/c2589633280e7a8ad7e48b7da8c6f7fc4e62b91046b12187d91c198eff2bc6b82847fab290cd61e79686a598102fb81a027de0f06a35b159020410d6b3c692ff.csv,95,"Does the ""Soil Conservation Practices"" view affect the ""Crops Most Commonly Grown"" view?",No,1
31,https://observablehq.com/d/0a4f80329c243889,Cotton,cotton,cotton.js,files/659e068baf38f1c566609a24afc764ea7d41c11e1d5be3c9ac308014353f615ffff342f90404ffab1a13b0fe19472a0e43c44ce8aa05172751cc2654db4328b3.csv,96,What was India’s cotton production value in 2017?,"India’s cotton production in 2017 was 29,004.98 thousand 480lb bales.",1
31,https://observablehq.com/d/0a4f80329c243889,Cotton,cotton,cotton.js,files/659e068baf38f1c566609a24afc764ea7d41c11e1d5be3c9ac308014353f615ffff342f90404ffab1a13b0fe19472a0e43c44ce8aa05172751cc2654db4328b3.csv,97,Which country had the highest percentage of exports throughout all the years from 2000 to 2018?,The United States had the highest export percentage in every year from 2000 to 2018.,1
31,https://observablehq.com/d/0a4f80329c243889,Cotton,cotton,cotton.js,files/659e068baf38f1c566609a24afc764ea7d41c11e1d5be3c9ac308014353f615ffff342f90404ffab1a13b0fe19472a0e43c44ce8aa05172751cc2654db4328b3.csv,98,Where do you click to change the chart from Production to Imports?,"Click the Title dropdown menu on the right side of the chart, then select Imports.",1
31,https://observablehq.com/d/0a4f80329c243889,Cotton,cotton,cotton.js,files/659e068baf38f1c566609a24afc764ea7d41c11e1d5be3c9ac308014353f615ffff342f90404ffab1a13b0fe19472a0e43c44ce8aa05172751cc2654db4328b3.csv,99,"If the chart is showing Imports, which countries appear in the legend and the 2017 bar chart?","The countries are Bangladesh, Vietnam, China, Turkey, and Indonesia. In the 2017 bar chart: Bangladesh 18.93%, Vietnam 17.19%, China 13.70%, Turkey 9.96%, Indonesia 8.84%.",1
31,https://observablehq.com/d/0a4f80329c243889,Cotton,cotton,cotton.js,files/659e068baf38f1c566609a24afc764ea7d41c11e1d5be3c9ac308014353f615ffff342f90404ffab1a13b0fe19472a0e43c44ce8aa05172751cc2654db4328b3.csv,100,What happens if you hover over one of the lines or bars? Does the chart show a tooltip or extra value label?,"The code does not define a hover tooltip. The bars already show visible percentage labels, but hovering over a line or bar does not display extra tooltip information.",1
32,https://observablehq.com/d/3098f13198ef0232,Play space,play_space,play_space.js,files/5f3d441fafb7a52a6293871a6d36386af404d712ea79b3700371a56945d735660e0f29bb138a54219bd919b6f1ebfaf58296ad6ff73a46e5d29cd1436581ac90.csv,101,What is the Open Space that is colored green?,Golf Course is colored green. The code sets Golf Course to green #bfe3b4.,1
32,https://observablehq.com/d/3098f13198ef0232,Play space,play_space,play_space.js,files/5f3d441fafb7a52a6293871a6d36386af404d712ea79b3700371a56945d735660e0f29bb138a54219bd919b6f1ebfaf58296ad6ff73a46e5d29cd1436581ac90.csv,102,What are the 3 Boroughs that has the largest Play Space?,"Bromley, Hillingdon, and Croydon.",1
32,https://observablehq.com/d/3098f13198ef0232,Play space,play_space,play_space.js,files/5f3d441fafb7a52a6293871a6d36386af404d712ea79b3700371a56945d735660e0f29bb138a54219bd919b6f1ebfaf58296ad6ff73a46e5d29cd1436581ac90.csv,103,"After clicking an Open Space to see the boroughs, how do you get back to the view of Open Spaces?",Click the top header / parent bar labeled with the Open Space name. That triggers zoom out back to the full Open Spaces view.,1
32,https://observablehq.com/d/3098f13198ef0232,Play space,play_space,play_space.js,files/5f3d441fafb7a52a6293871a6d36386af404d712ea79b3700371a56945d735660e0f29bb138a54219bd919b6f1ebfaf58296ad6ff73a46e5d29cd1436581ac90.csv,104,Which borough has the smallest Bowling spaces?,"City of London, with value 0.",1
32,https://observablehq.com/d/3098f13198ef0232,Play space,play_space,play_space.js,files/5f3d441fafb7a52a6293871a6d36386af404d712ea79b3700371a56945d735660e0f29bb138a54219bd919b6f1ebfaf58296ad6ff73a46e5d29cd1436581ac90.csv,105,What is size (value) of Newham's Cemetery space? No units needed,13755163,1
33,https://observablehq.com/d/38bdda2b7caf6e02,How Old Are Recent Newlyweds?,how_old_are_recent_newlyweds,how_old_are_recent_newlyweds.js,files/cac2ee1e29183483275c0f85667151da9cf4c6a7efdb70b5927b1a09db1130b2b1a3583eb8a7980725a830ef64b0245f13adceca1104f14f48c8dc4813f0582a.csv,106,Can you click or hover on the graphs?,No,1
33,https://observablehq.com/d/38bdda2b7caf6e02,How Old Are Recent Newlyweds?,how_old_are_recent_newlyweds,how_old_are_recent_newlyweds.js,files/cac2ee1e29183483275c0f85667151da9cf4c6a7efdb70b5927b1a09db1130b2b1a3583eb8a7980725a830ef64b0245f13adceca1104f14f48c8dc4813f0582a.csv,107,What is the most common age for men and women to be married?,Women: 27 years old Men: 29 years old,1
33,https://observablehq.com/d/38bdda2b7caf6e02,How Old Are Recent Newlyweds?,how_old_are_recent_newlyweds,how_old_are_recent_newlyweds.js,files/cac2ee1e29183483275c0f85667151da9cf4c6a7efdb70b5927b1a09db1130b2b1a3583eb8a7980725a830ef64b0245f13adceca1104f14f48c8dc4813f0582a.csv,108,"How many men get married at the age of 54? Round to the nearest multiple of 10,000.","he exact value is 19,913, so rounded to the nearest 10,000 it is 20,000.",1
33,https://observablehq.com/d/38bdda2b7caf6e02,How Old Are Recent Newlyweds?,how_old_are_recent_newlyweds,how_old_are_recent_newlyweds.js,files/cac2ee1e29183483275c0f85667151da9cf4c6a7efdb70b5927b1a09db1130b2b1a3583eb8a7980725a830ef64b0245f13adceca1104f14f48c8dc4813f0582a.csv,109,How would I change the chart to view the ages of newlyweds with a Bachelor's Degree only?,Use the Educational Attainment dropdown and select “Bachelor’s degree.”,1
33,https://observablehq.com/d/38bdda2b7caf6e02,How Old Are Recent Newlyweds?,how_old_are_recent_newlyweds,how_old_are_recent_newlyweds.js,files/cac2ee1e29183483275c0f85667151da9cf4c6a7efdb70b5927b1a09db1130b2b1a3583eb8a7980725a830ef64b0245f13adceca1104f14f48c8dc4813f0582a.csv,110,Compare the number of male and female newlyweds. Which is larger?,"Male newlyweds are larger. Male total: 2,418,417 Female total: 2,329,031",1
34,https://observablehq.com/d/e70b572f85764265,All the Flights in the World,all_the_flights_in_the_world,all_the_flights_in_the_world.js,files/5e513b2036bf7088e7380f9bee8d502fa739d80843bd227fe401e2e83222757a55d177900bf67b3057b2f644792eedb43d3d63eeb599a7f2bb1d82fca2818779.csv,111,"In South Africa, what is the maximum number of flights at a given time?",4,1
34,https://observablehq.com/d/e70b572f85764265,All the Flights in the World,all_the_flights_in_the_world,all_the_flights_in_the_world.js,files/5e513b2036bf7088e7380f9bee8d502fa739d80843bd227fe401e2e83222757a55d177900bf67b3057b2f644792eedb43d3d63eeb599a7f2bb1d82fca2818779.csv,112,"What is the flight number of the flight in Costa Rica, at 1am on the 4th of September?",TAM8113,1
34,https://observablehq.com/d/e70b572f85764265,All the Flights in the World,all_the_flights_in_the_world,all_the_flights_in_the_world.js,files/5e513b2036bf7088e7380f9bee8d502fa739d80843bd227fe401e2e83222757a55d177900bf67b3057b2f644792eedb43d3d63eeb599a7f2bb1d82fca2818779.csv,113,"Around 1:40 am on 4 September, there are a few airplanes flying across the Atlantic Ocean near Europe. What is the flight number of the airplane flying from France?",AFR853,1
34,https://observablehq.com/d/e70b572f85764265,All the Flights in the World,all_the_flights_in_the_world,all_the_flights_in_the_world.js,files/5e513b2036bf7088e7380f9bee8d502fa739d80843bd227fe401e2e83222757a55d177900bf67b3057b2f644792eedb43d3d63eeb599a7f2bb1d82fca2818779.csv,114,What does the slider do?,Change the flight data based on the time,1
34,https://observablehq.com/d/e70b572f85764265,All the Flights in the World,all_the_flights_in_the_world,all_the_flights_in_the_world.js,files/5e513b2036bf7088e7380f9bee8d502fa739d80843bd227fe401e2e83222757a55d177900bf67b3057b2f644792eedb43d3d63eeb599a7f2bb1d82fca2818779.csv,115,"In certain areas, for example in the United States, there are many flights near other, to the point where we can't see each flight individually. What action would a user do to see each flight and their locations clearly?",Zoom in by scrolling,1
35,https://observablehq.com/@yonsei-university/earthquake-spikes,Earthquake spikes,earthquake_spikes,earthquake_spikes.js,files/0d56938726efbb0e8d3e505edb7e3617e1d3819259ed35039e839b76a75f835efdd115cac652305d9b98057deaa2e918af37332dc77f24de87bd06784dc2f37e.xlsx,116,"What is the magnitude of the earthquake that happened in Sobral, Brazil?",4.3,1
35,https://observablehq.com/@yonsei-university/earthquake-spikes,Earthquake spikes,earthquake_spikes,earthquake_spikes.js,files/0d56938726efbb0e8d3e505edb7e3617e1d3819259ed35039e839b76a75f835efdd115cac652305d9b98057deaa2e918af37332dc77f24de87bd06784dc2f37e.xlsx,117,How many earthquakes happened in the Tonga Islands?,3,1
35,https://observablehq.com/@yonsei-university/earthquake-spikes,Earthquake spikes,earthquake_spikes,earthquake_spikes.js,files/0d56938726efbb0e8d3e505edb7e3617e1d3819259ed35039e839b76a75f835efdd115cac652305d9b98057deaa2e918af37332dc77f24de87bd06784dc2f37e.xlsx,118,What happens if you use the scroll wheel in this chart?,Zoom in/out,1
35,https://observablehq.com/@yonsei-university/earthquake-spikes,Earthquake spikes,earthquake_spikes,earthquake_spikes.js,files/0d56938726efbb0e8d3e505edb7e3617e1d3819259ed35039e839b76a75f835efdd115cac652305d9b98057deaa2e918af37332dc77f24de87bd06784dc2f37e.xlsx,119,"If I use the search bar, how does the chart highlight the searched regions?",Blurs out (reduces opacity) the earthquake of the other regions. Sometimes circles the searched region.,1
35,https://observablehq.com/@yonsei-university/earthquake-spikes,Earthquake spikes,earthquake_spikes,earthquake_spikes.js,files/0d56938726efbb0e8d3e505edb7e3617e1d3819259ed35039e839b76a75f835efdd115cac652305d9b98057deaa2e918af37332dc77f24de87bd06784dc2f37e.xlsx,120,What is the average magnitude of the earthquakes of the South Sandwich Islands?,"Values: 7.4, 7.5, 8.1. Average: 7.67",1
36,https://observablehq.com/@yonsei-university/fifa-ranking,Fifa ranking,fifa_ranking,fifa_ranking.js,files/d31c4fe8ec0971d06d9feeed1f28d6202b5b08f3cadb41575efc730b9741a87d4a70f45099d7bf0bba3fac19bfe2d00046dfdd3f682b4b4a8cdabdadeff7f1c2.csv,121,"On the first day of 2018, how many points did Argentina have?",1348,1
36,https://observablehq.com/@yonsei-university/fifa-ranking,Fifa ranking,fifa_ranking,fifa_ranking.js,files/d31c4fe8ec0971d06d9feeed1f28d6202b5b08f3cadb41575efc730b9741a87d4a70f45099d7bf0bba3fac19bfe2d00046dfdd3f682b4b4a8cdabdadeff7f1c2.csv,122,"In 2022, on what date did Brazil overtake Belgium to claim first place?",10-03-22,1
36,https://observablehq.com/@yonsei-university/fifa-ranking,Fifa ranking,fifa_ranking,fifa_ranking.js,files/d31c4fe8ec0971d06d9feeed1f28d6202b5b08f3cadb41575efc730b9741a87d4a70f45099d7bf0bba3fac19bfe2d00046dfdd3f682b4b4a8cdabdadeff7f1c2.csv,123,"Starting from the earliest date possible in this chart, how many days did Argentina take to get to first place for the first time?",899 days (Maybe accept 900 days),1
36,https://observablehq.com/@yonsei-university/fifa-ranking,Fifa ranking,fifa_ranking,fifa_ranking.js,files/d31c4fe8ec0971d06d9feeed1f28d6202b5b08f3cadb41575efc730b9741a87d4a70f45099d7bf0bba3fac19bfe2d00046dfdd3f682b4b4a8cdabdadeff7f1c2.csv,124,What does the button to the left of the bar do?,Play/pause,1
36,https://observablehq.com/@yonsei-university/fifa-ranking,Fifa ranking,fifa_ranking,fifa_ranking.js,files/d31c4fe8ec0971d06d9feeed1f28d6202b5b08f3cadb41575efc730b9741a87d4a70f45099d7bf0bba3fac19bfe2d00046dfdd3f682b4b4a8cdabdadeff7f1c2.csv,125,"How many days or months do the small intervals of the bar represent, approximately?",1 month,1
37,https://observablehq.com/d/6e96a3d9f17cec90,Zillow Home Value Index,zillow_home_value_index,zillow_home_value_index.js,,126,What is the average United States median home value across the full ZHVI period shown?,"The average ZHVI is about $159,945.",1
37,https://observablehq.com/d/6e96a3d9f17cec90,Zillow Home Value Index,zillow_home_value_index,zillow_home_value_index.js,,127,What can be inferred when Inventory decreases while ZHVI increases after 2013?,It suggests that fewer homes were available for sale while home values were rising. A reasonable inference is that limited housing supply may have contributed to higher home values.,1
37,https://observablehq.com/d/6e96a3d9f17cec90,Zillow Home Value Index,zillow_home_value_index,zillow_home_value_index.js,,128,What is the average ZRI across the whole period shown?,"The average ZRI is about $1,344/month.",1
37,https://observablehq.com/d/6e96a3d9f17cec90,Zillow Home Value Index,zillow_home_value_index,zillow_home_value_index.js,,129,Why might ZRI rise steadily after 2012?,Rental demand has increased or rental supply became tighter.,1
37,https://observablehq.com/d/6e96a3d9f17cec90,Zillow Home Value Index,zillow_home_value_index,zillow_home_value_index.js,,130,What is the average number of homes for sale across the Inventory period?,"1,789,965 homes.",1
38,https://observablehq.com/@n93986/cannabis-exposure,cannabis exposure,cannabis_exposure,cannabis_exposure.js,files/0b10478d2fdc6ebab0ea43f6bb79beadba6d3c4cb4fc8466f79eccd55646fcd048254c229b67c4f981e1c58a62dd2e75f0b88f24fe30d6eb6523aaa1b843ed34.csv,131,"In April 2022, how many CBD cases were recorded?",480 CBD cases.,1
38,https://observablehq.com/@n93986/cannabis-exposure,cannabis exposure,cannabis_exposure,cannabis_exposure.js,files/0b10478d2fdc6ebab0ea43f6bb79beadba6d3c4cb4fc8466f79eccd55646fcd048254c229b67c4f981e1c58a62dd2e75f0b88f24fe30d6eb6523aaa1b843ed34.csv,132,"Across the whole chart period, which category had more total cases?",Synthetic Cannabinoid cases had more total cases,1
38,https://observablehq.com/@n93986/cannabis-exposure,cannabis exposure,cannabis_exposure,cannabis_exposure.js,files/0b10478d2fdc6ebab0ea43f6bb79beadba6d3c4cb4fc8466f79eccd55646fcd048254c229b67c4f981e1c58a62dd2e75f0b88f24fe30d6eb6523aaa1b843ed34.csv,133,"In March 2019, which was higher: CBD cases or Synthetic Cannabinoid cases?",CBD cases is higher,1
39,https://observablehq.com/@n93986/us-gdp,US GDP,us_gdp,us_gdp.js,files/0bb41aa56de1cbec15e314e316de91ffa0b5b96a769d6ea9cbe24ee0952cc2a1ff1f48e8da2207ccd2051de881e54bed7199db755279df14e1d54b0aa89e5056.csv,134,"How do we only see data for ""Consumption"" as the only contributions to the US GDP?","We need to unclick all the other contributor boxes, let only the ""Consumer"" box is clicked and is in red colour. Then, the chart will only show how ""Consumer"" contribute to the US GDP.",1
39,https://observablehq.com/@n93986/us-gdp,US GDP,us_gdp,us_gdp.js,files/0bb41aa56de1cbec15e314e316de91ffa0b5b96a769d6ea9cbe24ee0952cc2a1ff1f48e8da2207ccd2051de881e54bed7199db755279df14e1d54b0aa89e5056.csv,135,What was the average Real GDP growth across all quarters shown from 2021 to 2025?,The average Real GDP growth was about 3%.,1
39,https://observablehq.com/@n93986/us-gdp,US GDP,us_gdp,us_gdp.js,files/0bb41aa56de1cbec15e314e316de91ffa0b5b96a769d6ea9cbe24ee0952cc2a1ff1f48e8da2207ccd2051de881e54bed7199db755279df14e1d54b0aa89e5056.csv,136,What happens when user only see Investment contribution in the chart?,All the other contribution boxes will turn grey and only the blue Investment bars remain visible.,1
39,https://observablehq.com/@n93986/us-gdp,US GDP,us_gdp,us_gdp.js,files/0bb41aa56de1cbec15e314e316de91ffa0b5b96a769d6ea9cbe24ee0952cc2a1ff1f48e8da2207ccd2051de881e54bed7199db755279df14e1d54b0aa89e5056.csv,137,"Across all quarters shown, which component had the highest average contribution among Investment, Net exports, and Government spending?","Investment had the highest average contribution at about +0.75 percentage points. Government spending averaged about +0.30, while Net exports averaged about -0.50.",1
39,https://observablehq.com/@n93986/us-gdp,US GDP,us_gdp,us_gdp.js,files/0bb41aa56de1cbec15e314e316de91ffa0b5b96a769d6ea9cbe24ee0952cc2a1ff1f48e8da2207ccd2051de881e54bed7199db755279df14e1d54b0aa89e5056.csv,138,Compare Jul-22 and Jan-25. How did Investment and Net exports affect GDP differently in these two quarters?,"In Jul-22, Net exports strongly helped GDP with +2.50%, while Investment was negative at -1.05%. In Jan-25, Investment helped strongly with +3.98%, but Net exports falls at -4.90%.",1
40,https://observablehq.com/@n93986/chelsea-transfer-fee,Chelsea Transfer Fee,chelsea_transfer_fee,chelsea_transfer_fee.js,,139,How much did Tottenham spent on transfers in summer 2023?,€248.6m,1
40,https://observablehq.com/@n93986/chelsea-transfer-fee,Chelsea Transfer Fee,chelsea_transfer_fee,chelsea_transfer_fee.js,,140,Which team spent more on sumemr 2023 transfers? Manchester City or Manchester United?,Manchester CIty with €241.1 m,1
40,https://observablehq.com/@n93986/chelsea-transfer-fee,Chelsea Transfer Fee,chelsea_transfer_fee,chelsea_transfer_fee.js,,141,Is Chelsea’s spending higher than Arsenal and Manchester City combined?,"No. Arsenal (€231.6m) + Manchester City (€241.1m) = €472.7m, which is higher than Chelsea",1
40,https://observablehq.com/@n93986/chelsea-transfer-fee,Chelsea Transfer Fee,chelsea_transfer_fee,chelsea_transfer_fee.js,,142,"How can a user find the fee for an individual Chelsea player, and what happens when they do this?","Click Premier League, then click Chelsea. The chart zooms into Chelsea and shows individual player bubbles. Hovering over a player bubble shows a tooltip with the player name, club, and fee.",1
40,https://observablehq.com/@n93986/chelsea-transfer-fee,Chelsea Transfer Fee,chelsea_transfer_fee,chelsea_transfer_fee.js,,143,How can we get the transfer fee for Cunha?,"First, we need to click Premier League, then proceed to click Wolves. There, we can see several players that transfered to Wolves including Cunha. Hovering over Cunha, we can see his name, club and also fee. There, we can get the transfer fee for Cunha in summer 2023.",1
41,https://observablehq.com/@n93986/premier-league-managers,Premier League Managers,premier_league_managers,premier_league_managers.js,files/5891584cae7a9fcc659cf8dbea8828ccbe7a55286f2142971c6890b71810667ccac5e7c58c1e309fc44e044c3a7f306e2a48fbb007ec31c6b2cb4e0316921b7d.csv; files/ffa2463df81101a4f64d17bca9d6c40a8406193c1ae7b8f1c3f368371e017ec3562522855d9853227274700e0a18054e3d7207b32db77b10147ac042f810fb74.csv,144,How can we see all Everton managers and current managers?,"We need to click both Current Manager and Manager circles until they turned Red and Turqoise respectively. Then, hover over Everton to see the managers' names in bold, to make all the other clubs and managers' names dissapear.",1
41,https://observablehq.com/@n93986/premier-league-managers,Premier League Managers,premier_league_managers,premier_league_managers.js,files/5891584cae7a9fcc659cf8dbea8828ccbe7a55286f2142971c6890b71810667ccac5e7c58c1e309fc44e044c3a7f306e2a48fbb007ec31c6b2cb4e0316921b7d.csv; files/ffa2463df81101a4f64d17bca9d6c40a8406193c1ae7b8f1c3f368371e017ec3562522855d9853227274700e0a18054e3d7207b32db77b10147ac042f810fb74.csv,145,Which club has more current managers? Aston Villa or Sunderland?,Sunderland,1
41,https://observablehq.com/@n93986/premier-league-managers,Premier League Managers,premier_league_managers,premier_league_managers.js,files/5891584cae7a9fcc659cf8dbea8828ccbe7a55286f2142971c6890b71810667ccac5e7c58c1e309fc44e044c3a7f306e2a48fbb007ec31c6b2cb4e0316921b7d.csv; files/ffa2463df81101a4f64d17bca9d6c40a8406193c1ae7b8f1c3f368371e017ec3562522855d9853227274700e0a18054e3d7207b32db77b10147ac042f810fb74.csv,146,What can a large club bubble suggest about a club’s managerial history?,"A large bubble suggests the club has had many managers, which may indicate frequent managerial changes or a long Premier League managerial history.",1
41,https://observablehq.com/@n93986/premier-league-managers,Premier League Managers,premier_league_managers,premier_league_managers.js,files/5891584cae7a9fcc659cf8dbea8828ccbe7a55286f2142971c6890b71810667ccac5e7c58c1e309fc44e044c3a7f306e2a48fbb007ec31c6b2cb4e0316921b7d.csv; files/ffa2463df81101a4f64d17bca9d6c40a8406193c1ae7b8f1c3f368371e017ec3562522855d9853227274700e0a18054e3d7207b32db77b10147ac042f810fb74.csv,147,"How can a user show historical manager nodes, and what happens when they do this?","Click the Manager legend item. Teal manager nodes appear, and the links between clubs and managers become visible.",1
41,https://observablehq.com/@n93986/premier-league-managers,Premier League Managers,premier_league_managers,premier_league_managers.js,files/5891584cae7a9fcc659cf8dbea8828ccbe7a55286f2142971c6890b71810667ccac5e7c58c1e309fc44e044c3a7f306e2a48fbb007ec31c6b2cb4e0316921b7d.csv; files/ffa2463df81101a4f64d17bca9d6c40a8406193c1ae7b8f1c3f368371e017ec3562522855d9853227274700e0a18054e3d7207b32db77b10147ac042f810fb74.csv,148,How can a user find the current manager connected to a specific club?,"Make sure to unclick turqoise legend of manager. Click Current Manager, then hover over a club. The connected red current manager node and its link will be highlighted.",1
42,https://observablehq.com/@n93986/share-price-hits-new-high-amid-record-trading-volu,Share price hits new high amid record trading volume,share_price_hits_new_high_amid_record_trading_volume,share_price_hits_new_high_amid_record_trading_volume.js,files/fc2e3df4357e0379e403f016a2280e7ea0ae4b8bf21c88a6e15ceff7fc9a9f7b463bf927a19fedcf34eed9429991826664b5f818ef187a9afda5987a6376c2c3.csv,149,What is the lowest share price?,154.7 USD,1
42,https://observablehq.com/@n93986/share-price-hits-new-high-amid-record-trading-volu,Share price hits new high amid record trading volume,share_price_hits_new_high_amid_record_trading_volume,share_price_hits_new_high_amid_record_trading_volume.js,files/fc2e3df4357e0379e403f016a2280e7ea0ae4b8bf21c88a6e15ceff7fc9a9f7b463bf927a19fedcf34eed9429991826664b5f818ef187a9afda5987a6376c2c3.csv,150,What was the average share price across the whole period shown?,$202.09.,1
42,https://observablehq.com/@n93986/share-price-hits-new-high-amid-record-trading-volu,Share price hits new high amid record trading volume,share_price_hits_new_high_amid_record_trading_volume,share_price_hits_new_high_amid_record_trading_volume.js,files/fc2e3df4357e0379e403f016a2280e7ea0ae4b8bf21c88a6e15ceff7fc9a9f7b463bf927a19fedcf34eed9429991826664b5f818ef187a9afda5987a6376c2c3.csv,151,What overall trend does the share price show from January to October 2025?,"The price declined from January to early April, reaching $154.70, then rose strongly until $291.48 in October.",1
42,https://observablehq.com/@n93986/share-price-hits-new-high-amid-record-trading-volu,Share price hits new high amid record trading volume,share_price_hits_new_high_amid_record_trading_volume,share_price_hits_new_high_amid_record_trading_volume.js,files/fc2e3df4357e0379e403f016a2280e7ea0ae4b8bf21c88a6e15ceff7fc9a9f7b463bf927a19fedcf34eed9429991826664b5f818ef187a9afda5987a6376c2c3.csv,152,What might it suggest when the share price reaches a new high on the same day as record trading volume?,"It may suggest unusually strong market activity and high investor interest. Since the price and volume both peak together, the record high was supported by heavy trading activity.",1
42,https://observablehq.com/@n93986/share-price-hits-new-high-amid-record-trading-volu,Share price hits new high amid record trading volume,share_price_hits_new_high_amid_record_trading_volume,share_price_hits_new_high_amid_record_trading_volume.js,files/fc2e3df4357e0379e403f016a2280e7ea0ae4b8bf21c88a6e15ceff7fc9a9f7b463bf927a19fedcf34eed9429991826664b5f818ef187a9afda5987a6376c2c3.csv,153,How can a user retrieve the exact trading volume for a specific date or bar?,"Hover over a blue volume bar. A tooltip appears showing Volume, date and the value in thousands, such as 144,876 for the final bar.",1
43,https://observablehq.com/@n93986/health-data-bar-1,health data bar 1,health_data_bar_1,health_data_bar_1.js,files/4d979e6b89f18f96833d58be7b56ff2d699c4ac47ac91776f85ea280021843a91aadc6d0385200dd1e2bfc597773f2c0a8903f219d78de5b8693675cffccefec.csv,154,"In 2015, how many Hacking/IT Incident cases were recorded?",56,1
43,https://observablehq.com/@n93986/health-data-bar-1,health data bar 1,health_data_bar_1,health_data_bar_1.js,files/4d979e6b89f18f96833d58be7b56ff2d699c4ac47ac91776f85ea280021843a91aadc6d0385200dd1e2bfc597773f2c0a8903f219d78de5b8693675cffccefec.csv,155,"Across all years shown, which breach type had the highest total number of incidents?",Hacking/IT Incident,1
43,https://observablehq.com/@n93986/health-data-bar-1,health data bar 1,health_data_bar_1,health_data_bar_1.js,files/4d979e6b89f18f96833d58be7b56ff2d699c4ac47ac91776f85ea280021843a91aadc6d0385200dd1e2bfc597773f2c0a8903f219d78de5b8693675cffccefec.csv,156,What was the total number of breach incidents across all breach types in 2019?,512,1
43,https://observablehq.com/@n93986/health-data-bar-1,health data bar 1,health_data_bar_1,health_data_bar_1.js,files/4d979e6b89f18f96833d58be7b56ff2d699c4ac47ac91776f85ea280021843a91aadc6d0385200dd1e2bfc597773f2c0a8903f219d78de5b8693675cffccefec.csv,157,What percentage of all 2019 incidents were Hacking/IT Incident?,60.90%,1
43,https://observablehq.com/@n93986/health-data-bar-1,health data bar 1,health_data_bar_1,health_data_bar_1.js,files/4d979e6b89f18f96833d58be7b56ff2d699c4ac47ac91776f85ea280021843a91aadc6d0385200dd1e2bfc597773f2c0a8903f219d78de5b8693675cffccefec.csv,158,How can a user retrieve all breach-type values for one specific year?,"Move the cursor over that year on the chart. A vertical guide line appears, dots are shown on the lines, and the tooltip lists every breach type with its count for that year.",1
44,https://observablehq.com/@n93986/data-health-bar-2,data health bar 2,data_health_bar_2,data_health_bar_2.js,files/4d979e6b89f18f96833d58be7b56ff2d699c4ac47ac91776f85ea280021843a91aadc6d0385200dd1e2bfc597773f2c0a8903f219d78de5b8693675cffccefec.csv,159,What is the total number of data breaches across all causes shown in the chart?,"3,360 breaches",1
44,https://observablehq.com/@n93986/data-health-bar-2,data health bar 2,data_health_bar_2,data_health_bar_2.js,files/4d979e6b89f18f96833d58be7b56ff2d699c4ac47ac91776f85ea280021843a91aadc6d0385200dd1e2bfc597773f2c0a8903f219d78de5b8693675cffccefec.csv,160,"What is the combined total and percentage share of the top three causes: Hacking/IT Incident, Theft, and Unauthorized Access?","The top three causes total 2,994 breaches, which is about 89.1% of all breaches.",1
44,https://observablehq.com/@n93986/data-health-bar-2,data health bar 2,data_health_bar_2,data_health_bar_2.js,files/4d979e6b89f18f96833d58be7b56ff2d699c4ac47ac91776f85ea280021843a91aadc6d0385200dd1e2bfc597773f2c0a8903f219d78de5b8693675cffccefec.csv,161,What is the percentage for the cause: Improper Disposal that causes data breaching?,2.86%,1
45,https://observablehq.com/@yonsei-university/popup-customise,Popup customise,popup_customise,popup_customise.js,files/ee012022bf9b15e0b8b1699f5fd431ca9b75e4bec4056086e84ec8bec7ee6ae198121fcfd210cb94de937c2410827a160568fd5b3c3ecc31d51838d44f3751f4.xlsx,162,"What were the election results of Solihull in 2019? Give the results of the Conservative party, Labour party, and Liberal Democrat party.","Con: 58.13%, Lab: 21.88%, LD: 15.69%",1
45,https://observablehq.com/@yonsei-university/popup-customise,Popup customise,popup_customise,popup_customise.js,files/ee012022bf9b15e0b8b1699f5fd431ca9b75e4bec4056086e84ec8bec7ee6ae198121fcfd210cb94de937c2410827a160568fd5b3c3ecc31d51838d44f3751f4.xlsx,163,Were the candidates in North Tyneside different between 2017 and 2019? Who were they?,"No, the candidates are the same: Andrew Husband, Chris Boyle, Dean Caroll, John Buttery, Mary Gildon (Must show all 5)",1
45,https://observablehq.com/@yonsei-university/popup-customise,Popup customise,popup_customise,popup_customise.js,files/ee012022bf9b15e0b8b1699f5fd431ca9b75e4bec4056086e84ec8bec7ee6ae198121fcfd210cb94de937c2410827a160568fd5b3c3ecc31d51838d44f3751f4.xlsx,164,"I don't know where my constituency is on the map, but I know the name. To know where my constituency is and the election results of my constituency, what button should I click?",Click on the search button (Magnifying glass emoji),1
45,https://observablehq.com/@yonsei-university/popup-customise,Popup customise,popup_customise,popup_customise.js,files/ee012022bf9b15e0b8b1699f5fd431ca9b75e4bec4056086e84ec8bec7ee6ae198121fcfd210cb94de937c2410827a160568fd5b3c3ecc31d51838d44f3751f4.xlsx,165,Where do I click to switch the results between 2 years?,"""Result 2019"" and ""Result 2017"" button",1
45,https://observablehq.com/@yonsei-university/popup-customise,Popup customise,popup_customise,popup_customise.js,files/ee012022bf9b15e0b8b1699f5fd431ca9b75e4bec4056086e84ec8bec7ee6ae198121fcfd210cb94de937c2410827a160568fd5b3c3ecc31d51838d44f3751f4.xlsx,166,"When I hover on a constituency, I can't see all the candidates. What should I do to see all the names and portraits of the candidates?","Click on the constituency, and scroll down on the tooltip to see more candidates hidden below",1
46,https://observablehq.com/@n93986/share-price-hits-new-high-amid-record-trading-volu,Share price hits new high amid record trading volume,share_price_hits_new_high_amid_record_trading_volume,share_price_hits_new_high_amid_record_trading_volume.js,files/fc2e3df4357e0379e403f016a2280e7ea0ae4b8bf21c88a6e15ceff7fc9a9f7b463bf927a19fedcf34eed9429991826664b5f818ef187a9afda5987a6376c2c3.csv,167,What is the share price in January 2025?,"The chart has daily prices, so January has multiple values. The first January value is $199.43 on Jan 2, 2025. The last January value is $214.02 on Jan 31, 2025.",1
46,https://observablehq.com/@n93986/share-price-hits-new-high-amid-record-trading-volu,Share price hits new high amid record trading volume,share_price_hits_new_high_amid_record_trading_volume,share_price_hits_new_high_amid_record_trading_volume.js,files/fc2e3df4357e0379e403f016a2280e7ea0ae4b8bf21c88a6e15ceff7fc9a9f7b463bf927a19fedcf34eed9429991826664b5f818ef187a9afda5987a6376c2c3.csv,168,How can I get the exact trading volume for April 2025?,Hover over the blue volume bar around Apr-25. The tooltip will show the volume value.,1
46,https://observablehq.com/@n93986/share-price-hits-new-high-amid-record-trading-volu,Share price hits new high amid record trading volume,share_price_hits_new_high_amid_record_trading_volume,share_price_hits_new_high_amid_record_trading_volume.js,files/fc2e3df4357e0379e403f016a2280e7ea0ae4b8bf21c88a6e15ceff7fc9a9f7b463bf927a19fedcf34eed9429991826664b5f818ef187a9afda5987a6376c2c3.csv,169,What information would I get if I hover over both the price line and volume bar for the same month?,"Hovering over the red price line shows the month and share price, such as Apr-25: $167.07. Hovering over the blue volume bar shows the month and trading volume, such as Apr-25: 30,673.",1
47,https://observablehq.com/@n93986/marketing-spend-by-channel,Marketing spend by channel,marketing_spend_by_channel,marketing_spend_by_channel.js,files/f8e3b8f7a5fec49b5829de151af20d7fcec30515e62e051674d05636b814471aa6538d9a25844baea8611d13c08e3abdb8abda3fbfeffcd9a75423a364d415c4.csv,170,"Between Television and Email, which had higher spending in 2024?","Email had higher spending in 2024. Email was £14.3K, while Television was £5.3K.",1
47,https://observablehq.com/@n93986/marketing-spend-by-channel,Marketing spend by channel,marketing_spend_by_channel,marketing_spend_by_channel.js,files/f8e3b8f7a5fec49b5829de151af20d7fcec30515e62e051674d05636b814471aa6538d9a25844baea8611d13c08e3abdb8abda3fbfeffcd9a75423a364d415c4.csv,171,How can I get the data for Print media in 2014 from the chart?,"Hover over the Print media area at the 2014 position. The tooltip should show Print media, 2014: £38.0K.",1
47,https://observablehq.com/@n93986/marketing-spend-by-channel,Marketing spend by channel,marketing_spend_by_channel,marketing_spend_by_channel.js,files/f8e3b8f7a5fec49b5829de151af20d7fcec30515e62e051674d05636b814471aa6538d9a25844baea8611d13c08e3abdb8abda3fbfeffcd9a75423a364d415c4.csv,172,What happens if I hover across the Social media area from 2014 to 2024?,"The tooltip updates year by year, showing the Social media spending for the nearest hovered year. It rises from £3.4K in 2014 to £31.5K in 2024.",1
48,https://observablehq.com/@n93986/social-media-influence-on-mental-health,Social media influence on mental health,social_media_influence_on_mental_health,social_media_influence_on_mental_health.js,files/f86732945408acfa0dba4317e57b8df96f4454471338dc545ffa153c3a65b828eb378fd4ac815dc6be12e7ae5cde070ceec5c0a7ae7095d69219fb51b6994037.csv,173,Which response category appears most stable over time for All adults?,"Neither appears most stable over time. It stays around 33% to 35%, with only about a 2-point range, so its line is almost flat compared with the others.",1
48,https://observablehq.com/@n93986/social-media-influence-on-mental-health,Social media influence on mental health,social_media_influence_on_mental_health,social_media_influence_on_mental_health.js,files/f86732945408acfa0dba4317e57b8df96f4454471338dc545ffa153c3a65b828eb378fd4ac815dc6be12e7ae5cde070ceec5c0a7ae7095d69219fb51b6994037.csv,174,How can I check whether Positive or Negative is higher for 30–44 in Jan 2023?,"Click the 30–44 age-group tab, then hover near the data point around Jan 2023 on the Positive and Negative lines.Based on the closest available data around that time, Positive is higher: in Dec 2022, Positive is 33% and Negative is 27%.",1
48,https://observablehq.com/@n93986/social-media-influence-on-mental-health,Social media influence on mental health,social_media_influence_on_mental_health,social_media_influence_on_mental_health.js,files/f86732945408acfa0dba4317e57b8df96f4454471338dc545ffa153c3a65b828eb378fd4ac815dc6be12e7ae5cde070ceec5c0a7ae7095d69219fb51b6994037.csv,175,What happens if I click the 18–29 age-group tab?,"The chart updates to show only the survey response trends for the 18–29 age group. The lines, tooltip values, and right-side labels all change from All adults to the selected 18–29 data.",1
49,https://observablehq.com/@n93986/the-pursuit-of-happiness,The pursuit of happiness,the_pursuit_of_happiness,the_pursuit_of_happiness.js,files/a1497450fb157c5edb6972d601ffbcac176b6c7962371792e4919257656ac608ce9d3d61ed13380f1a6a039a00ebc08a91f691d287329b5f0a40102438fb8f2f.csv,176,What is the happiness score of Malaysia in 2024?,Malaysia’s happiness score in 2024 is 5.955,1
49,https://observablehq.com/@n93986/the-pursuit-of-happiness,The pursuit of happiness,the_pursuit_of_happiness,the_pursuit_of_happiness.js,files/a1497450fb157c5edb6972d601ffbcac176b6c7962371792e4919257656ac608ce9d3d61ed13380f1a6a039a00ebc08a91f691d287329b5f0a40102438fb8f2f.csv,177,How can I find Japan’s happiness score in 2014?,"hover over or click Japan’s line, then look at the ’14 year position. Japan’s 2014 score is 5.987.",1
49,https://observablehq.com/@n93986/the-pursuit-of-happiness,The pursuit of happiness,the_pursuit_of_happiness,the_pursuit_of_happiness.js,files/a1497450fb157c5edb6972d601ffbcac176b6c7962371792e4919257656ac608ce9d3d61ed13380f1a6a039a00ebc08a91f691d287329b5f0a40102438fb8f2f.csv,178,What happens if I click several countries with different trends at the same time?,The chart keeps all of them selected together.,1
50,https://observablehq.com/@yonsei-university/which-regions-walk-the-least,Which regions walk the least?,which_regions_walk_the_least,which_regions_walk_the_least.js,files/2fcf69ef941ee5ea2f39be369045dd75289eec530d8c01feeb4833907e09d0265e0e2663f14c9db4a0805e7c7532d2dcaaeb350ff56092ef57dc5c474b30bf00.xlsx,179,Which region appears to walk more: Putney or Blackburn?,"Putney walks more. Putney has 61.1%, while Blackburn has 31.5%",1
50,https://observablehq.com/@yonsei-university/which-regions-walk-the-least,Which regions walk the least?,which_regions_walk_the_least,which_regions_walk_the_least.js,files/2fcf69ef941ee5ea2f39be369045dd75289eec530d8c01feeb4833907e09d0265e0e2663f14c9db4a0805e7c7532d2dcaaeb350ff56092ef57dc5c474b30bf00.xlsx,180,How can I get the 2022 walking percentage for Slough from the chart?,"Hover over the Slough hex/region on the map. The tooltip will show: Slough, Walk three times a week, 2022: 31.2%",1
50,https://observablehq.com/@yonsei-university/which-regions-walk-the-least,Which regions walk the least?,which_regions_walk_the_least,which_regions_walk_the_least.js,files/2fcf69ef941ee5ea2f39be369045dd75289eec530d8c01feeb4833907e09d0265e0e2663f14c9db4a0805e7c7532d2dcaaeb350ff56092ef57dc5c474b30bf00.xlsx,181,What happens if I hover over different color regions one by one?,"A tooltip appears for each region, showing the region name and its 2022 walking percentage. Greener areas are lower walking percentages, white is around the middle, and pink/purple areas are higher.",1
51,https://observablehq.com/d/6cdd365acbb8c4c3,Deaths in non-state conflicts 2024,deaths_in_non_state_conflicts_2024,deaths_in_non_state_conflicts_2024.js,files/c7146adf160dd2b01fd81505f0a46e0bc3cdcedac8efccf65edb7d5511f4eb470d84422a3038305ad49a0c00a6e169d0b3997dad01383803a12bcd0404a1c08c.csv,182,Does Syria show an increasing or decreasing trend across the years?,Syria shows an increase from 2011 to 2017 then it decreases strongly after 2018.,1
51,https://observablehq.com/d/6cdd365acbb8c4c3,Deaths in non-state conflicts 2024,deaths_in_non_state_conflicts_2024,deaths_in_non_state_conflicts_2024.js,files/c7146adf160dd2b01fd81505f0a46e0bc3cdcedac8efccf65edb7d5511f4eb470d84422a3038305ad49a0c00a6e169d0b3997dad01383803a12bcd0404a1c08c.csv,183,How can I use the line chart to get Iraq’s value for a certain year?,"Click the Line button, then move your mouse across the chart to the year you want. A vertical hover line will appear, and the tooltip will show each country’s value, including Iraq, for that year.",1
51,https://observablehq.com/d/6cdd365acbb8c4c3,Deaths in non-state conflicts 2024,deaths_in_non_state_conflicts_2024,deaths_in_non_state_conflicts_2024.js,files/c7146adf160dd2b01fd81505f0a46e0bc3cdcedac8efccf65edb7d5511f4eb470d84422a3038305ad49a0c00a6e169d0b3997dad01383803a12bcd0404a1c08c.csv,184,What happens if I click the play button on the timeline?,The timeline starts playing year by year from the current year. The chart updates automatically as the year changes,1
52,https://observablehq.com/d/a7f11c936e3895fb,Internally displaced people due to conflict,internally_displaced_people_due_to_conflict,internally_displaced_people_due_to_conflict.js,files/9641df2443926a553152cb57e8a36df7b13c6dadcb075edd2254989231908147f1e53a8972c459b47a82c824e02c9f29e82ece3f2e8e5883172476dd2ea85617.csv,185,Which country has the highest number of internally displaced people due to conflict in 2024?,"Sudan has the highest number of internally displaced people due to conflict in 2024, with 11,559,970 people.",1
52,https://observablehq.com/d/a7f11c936e3895fb,Internally displaced people due to conflict,internally_displaced_people_due_to_conflict,internally_displaced_people_due_to_conflict.js,files/9641df2443926a553152cb57e8a36df7b13c6dadcb075edd2254989231908147f1e53a8972c459b47a82c824e02c9f29e82ece3f2e8e5883172476dd2ea85617.csv,186,How can I get the data value for Sudan in 2024 from this chart?,"Click the Bar button, make sure the timeline slider is set to 2024, then look for Sudan at the top of the bar chart. You can also hover over Sudan’s bar to see the exact value.",1
52,https://observablehq.com/d/a7f11c936e3895fb,Internally displaced people due to conflict,internally_displaced_people_due_to_conflict,internally_displaced_people_due_to_conflict.js,files/9641df2443926a553152cb57e8a36df7b13c6dadcb075edd2254989231908147f1e53a8972c459b47a82c824e02c9f29e82ece3f2e8e5883172476dd2ea85617.csv,187,What happens if I hover over a bar in the bar chart?,"A tooltip appears showing the country name, year, and the exact number of internally displaced people for that bar. For Sudan in 2024, it shows about 11.56M.",1
53,https://observablehq.com/d/08a3126ef4627c80,Relative increase in mean height,relative_increase_in_mean_height,relative_increase_in_mean_height.js,files/554d11741f07237a9274f113bd8d4a89872211ca0913e0131d2e197a4aed6ff8c6be9dd96b9e8cd3541d6acf6194c47e31adcae1d1f9a79a4760d67cadce8839.csv,188,Which country has a higher relative increase in male height: South Korea or Japan?,South Korea has a slightly higher relative increase in male height than Japan.,1
53,https://observablehq.com/d/08a3126ef4627c80,Relative increase in mean height,relative_increase_in_mean_height,relative_increase_in_mean_height.js,files/554d11741f07237a9274f113bd8d4a89872211ca0913e0131d2e197a4aed6ff8c6be9dd96b9e8cd3541d6acf6194c47e31adcae1d1f9a79a4760d67cadce8839.csv,189,How can I find the percentage value for Japan using the map?,"Move the cursor over Japan on the map. A tooltip will appear showing Japan’s relative increase value, about 9.38%",1
53,https://observablehq.com/d/08a3126ef4627c80,Relative increase in mean height,relative_increase_in_mean_height,relative_increase_in_mean_height.js,files/554d11741f07237a9274f113bd8d4a89872211ca0913e0131d2e197a4aed6ff8c6be9dd96b9e8cd3541d6acf6194c47e31adcae1d1f9a79a4760d67cadce8839.csv,190,What happens if I hover over South Korea on the map?,"South Korea’s country shape gets highlighted with a darker border, and a tooltip appears showing: South Korea, Change in male height, 1896 → 1996, 9.49%",1
54,https://observablehq.com/d/6187ecada738db22,United States County-to-county Migration,united_states_county_to_county_migration,united_states_county_to_county_migration.js,files/dac4ba99547aa823c17b10eb70f8eb3a166c87a09b299cd645aae6459b6ecb0781701fe1cf6d4c0cb94d53d3e550f199c180f9da202814eef73ddf83984d5776.json,191,"Did Irion, TX have a net gain or net loss relationship with Coke, TX?",Net gain (because of dark blue color),1
54,https://observablehq.com/d/6187ecada738db22,United States County-to-county Migration,united_states_county_to_county_migration,united_states_county_to_county_migration.js,files/dac4ba99547aa823c17b10eb70f8eb3a166c87a09b299cd645aae6459b6ecb0781701fe1cf6d4c0cb94d53d3e550f199c180f9da202814eef73ddf83984d5776.json,192,"How can I find all the paths of people moving in and out of Lincoln, ID?","Click on the region representing Lincoln, ID on the map",1
54,https://observablehq.com/d/6187ecada738db22,United States County-to-county Migration,united_states_county_to_county_migration,united_states_county_to_county_migration.js,files/dac4ba99547aa823c17b10eb70f8eb3a166c87a09b299cd645aae6459b6ecb0781701fe1cf6d4c0cb94d53d3e550f199c180f9da202814eef73ddf83984d5776.json,193,What happens if I scroll upwards or downwards on this map,"Scroll up: Zoom in, Scroll down: Zoom out",1
55,https://observablehq.com/d/90b85d6c1bb838c5,Lifetime anxiety or depression,lifetime_anxiety_or_depression,lifetime_anxiety_or_depression.js,files/16abe5d282343cb29522db40d3cfc031842c626f490345e37f3106254c474609c4f94eb55cc27805e717cd77bc6e2afc8e06eec70f1c83037aeb19a04f2beab1.csv,194,What patterns can be observed globally in the share of people reporting lifetime anxiety or depression?,"higher shares appear more in some Western countries, lower shares inclined in Asians countries",1
55,https://observablehq.com/d/90b85d6c1bb838c5,Lifetime anxiety or depression,lifetime_anxiety_or_depression,lifetime_anxiety_or_depression.js,files/16abe5d282343cb29522db40d3cfc031842c626f490345e37f3106254c474609c4f94eb55cc27805e717cd77bc6e2afc8e06eec70f1c83037aeb19a04f2beab1.csv,195,How can I get the percentage of people reporting lifetime anxiety or depression for Malaysia?,"If hover over Malaysia on the map or bar chart, i could see the percentage value",1
55,https://observablehq.com/d/90b85d6c1bb838c5,Lifetime anxiety or depression,lifetime_anxiety_or_depression,lifetime_anxiety_or_depression.js,files/16abe5d282343cb29522db40d3cfc031842c626f490345e37f3106254c474609c4f94eb55cc27805e717cd77bc6e2afc8e06eec70f1c83037aeb19a04f2beab1.csv,196,What information is displayed in the tooltip when I hover over a country or bar?,the tooltip shows the country name and its reported lifetime anxiety or depression percentage,1
56,https://observablehq.com/d/8b399ebd64b32c43,Child Poverty in California,child_poverty_in_california,child_poverty_in_california.js,,197,What do the two colors mean?,The dark blue means deep poverty and the green means total poverty.,1
56,https://observablehq.com/d/8b399ebd64b32c43,Child Poverty in California,child_poverty_in_california,child_poverty_in_california.js,,198,What is the non-deep portion percentage of Fresno?,18.80%,1
56,https://observablehq.com/d/8b399ebd64b32c43,Child Poverty in California,child_poverty_in_california,child_poverty_in_california.js,,199,In Central Valley which place has the highest total poverty?,Fresno,1
57,https://observablehq.com/@d3/zoomable-sunburst,Zoomable sunburst,zoomable_sunburst,zoomable_sunburst.js,files/e65374209781891f37dea1e7a6e1c5e020a3009b8aedf113b4c80942018887a1176ad4945cf14444603ff91d3da371b3b0d72419fa8d2ee0f6e815732475d5de.json,200,Which category takes up the largest area in the chart?,vis category,1
57,https://observablehq.com/@d3/zoomable-sunburst,Zoomable sunburst,zoomable_sunburst,zoomable_sunburst.js,files/e65374209781891f37dea1e7a6e1c5e020a3009b8aedf113b4c80942018887a1176ad4945cf14444603ff91d3da371b3b0d72419fa8d2ee0f6e815732475d5de.json,201,How can I get the value of the analytic category?,"by hover over the analytics category, it will shows the value of 48,716",1
57,https://observablehq.com/@d3/zoomable-sunburst,Zoomable sunburst,zoomable_sunburst,zoomable_sunburst.js,files/e65374209781891f37dea1e7a6e1c5e020a3009b8aedf113b4c80942018887a1176ad4945cf14444603ff91d3da371b3b0d72419fa8d2ee0f6e815732475d5de.json,202,What happens if I click the center circle after zooming into a category?,the chart will return back to the parent category or full main sunburst view.,1
58,https://observablehq.com/@fyp4/world-cup-2022-circle,World Cup 2022 Circle,world_cup_2022_circle,world_cup_2022_circle.js,files/6617724f990b5f1c007c278726905f6fe9b5c5d8a2cc4f7024119da97c10ed116683e7b53b444250d545f707b41371f77290f20dc712284d0b534d7b9632176b.csv,203,Which club has the most World Cup 2022 players?,"FC Barcelona has the most players, with 17.",1
58,https://observablehq.com/@fyp4/world-cup-2022-circle,World Cup 2022 Circle,world_cup_2022_circle,world_cup_2022_circle.js,files/6617724f990b5f1c007c278726905f6fe9b5c5d8a2cc4f7024119da97c10ed116683e7b53b444250d545f707b41371f77290f20dc712284d0b534d7b9632176b.csv,204,How can I get the player count for Manchester City?,Hover over the Manchester City bubble and read the number shown in the tooltip. which is 16 players,1
58,https://observablehq.com/@fyp4/world-cup-2022-circle,World Cup 2022 Circle,world_cup_2022_circle,world_cup_2022_circle.js,files/6617724f990b5f1c007c278726905f6fe9b5c5d8a2cc4f7024119da97c10ed116683e7b53b444250d545f707b41371f77290f20dc712284d0b534d7b9632176b.csv,205,What happens if I click on a country circle like Spain?,The chart zooms into Spain so its club bubbles become larger and easier to read.,1
59,https://observablehq.com/d/5de35404b35deed8,Indented tree,indented_tree,indented_tree.js,files/320319adbe9bc55f48decd5ac50240eb20a281129a3bf74dddec2e06cc751f75332ed152518f30160e9764e5aaf3343df10987252d7a41c1e912681dd7d1530d.json,206,What is the main root node shown in the chart?,The main root node is flare.,1
59,https://observablehq.com/d/5de35404b35deed8,Indented tree,indented_tree,indented_tree.js,files/320319adbe9bc55f48decd5ac50240eb20a281129a3bf74dddec2e06cc751f75332ed152518f30160e9764e5aaf3343df10987252d7a41c1e912681dd7d1530d.json,207,How can I get to the MaxFlowMinCut in the chart?,"By clicking flare -> analytics -> graph, I could get to the MaxFlowMinCut",1
59,https://observablehq.com/d/5de35404b35deed8,Indented tree,indented_tree,indented_tree.js,files/320319adbe9bc55f48decd5ac50240eb20a281129a3bf74dddec2e06cc751f75332ed152518f30160e9764e5aaf3343df10987252d7a41c1e912681dd7d1530d.json,208,What happens if i click the anime node?,It expands the hidden child groups,1
60,https://observablehq.com/d/32528cae2454960c,Tidy Tree,tidy_tree,tidy_tree.js,files/319d5b81375f780850b8cdc86d394924a149960bb68df92a87aa79a66bad9a6351b80b847fbebe11a41f935358dc6cf7fab54d4f509777e41488c76a52ce8e72.json,209,What subcategories are inside analytics?,"it has cluster, graph and optimization",1
60,https://observablehq.com/d/32528cae2454960c,Tidy Tree,tidy_tree,tidy_tree.js,files/319d5b81375f780850b8cdc86d394924a149960bb68df92a87aa79a66bad9a6351b80b847fbebe11a41f935358dc6cf7fab54d4f509777e41488c76a52ce8e72.json,210,How can I retrieve deeper data in the tree?,"by keep clicking nodes, i get to see the hidden children until the lower lever class names appear",1
60,https://observablehq.com/d/32528cae2454960c,Tidy Tree,tidy_tree,tidy_tree.js,files/319d5b81375f780850b8cdc86d394924a149960bb68df92a87aa79a66bad9a6351b80b847fbebe11a41f935358dc6cf7fab54d4f509777e41488c76a52ce8e72.json,211,What happens if I click a leaf node like Easing or TextSprite?,nothing will appears as it has no children to expand,1
61,https://observablehq.com/d/c9165614abc3c34d,Radial Tidy Tree,radial_tidy_tree,radial_tidy_tree.js,files/320319adbe9bc55f48decd5ac50240eb20a281129a3bf74dddec2e06cc751f75332ed152518f30160e9764e5aaf3343df10987252d7a41c1e912681dd7d1530d.json,212,What is the value of ColorPalette under util → palette?,the value is 6367,1
61,https://observablehq.com/d/c9165614abc3c34d,Radial Tidy Tree,radial_tidy_tree,radial_tidy_tree.js,files/320319adbe9bc55f48decd5ac50240eb20a281129a3bf74dddec2e06cc751f75332ed152518f30160e9764e5aaf3343df10987252d7a41c1e912681dd7d1530d.json,213,How can I get the data inside the interpolate branch?,"click animate, then click interpolate. it will show the category inside the interpolate branch",1
61,https://observablehq.com/d/c9165614abc3c34d,Radial Tidy Tree,radial_tidy_tree,radial_tidy_tree.js,files/320319adbe9bc55f48decd5ac50240eb20a281129a3bf74dddec2e06cc751f75332ed152518f30160e9764e5aaf3343df10987252d7a41c1e912681dd7d1530d.json,214,What happens if I click an already expanded category circle?,the branch collapses and hides the child nodes,1
62,https://observablehq.com/@yonsei-university/trade-chokepoints,Trade chokepoints,trade_chokepoints,trade_chokepoints.js,files/e40096aede0cadbe9aaac15ea44644728c9130cd453c0ba480a9de3e089135308de498ac04209e244b08fd1a69588312b9f3cb2da63e0feeaa269745d9cbc266.xlsx,215,Which chokepoint has the highest total vessel count?,"Taiwan Strait has the highest vessel count, which is 88,436 vessels",1
62,https://observablehq.com/@yonsei-university/trade-chokepoints,Trade chokepoints,trade_chokepoints,trade_chokepoints.js,files/e40096aede0cadbe9aaac15ea44644728c9130cd453c0ba480a9de3e089135308de498ac04209e244b08fd1a69588312b9f3cb2da63e0feeaa269745d9cbc266.xlsx,216,How can I get the total vessel count for Malacca Strait?,"by clicking over the Malacca Strait, it will shows the tooltip of information of it which is, 71,452 vessels",1
62,https://observablehq.com/@yonsei-university/trade-chokepoints,Trade chokepoints,trade_chokepoints,trade_chokepoints.js,files/e40096aede0cadbe9aaac15ea44644728c9130cd453c0ba480a9de3e089135308de498ac04209e244b08fd1a69588312b9f3cb2da63e0feeaa269745d9cbc266.xlsx,217,How can I get the total vessel count for Malacca Strait?,"The map zooms in, making chokepoints and routes easier to inspect.",1
63,https://observablehq.com/@yonsei-university/swimming-race,Swimming race,swimming_race,swimming_race.js,files/f8eb148dd88752efb0f89049e1e44b2be74aad29f8c430b92f41a40a8d9285d56ae1a3d73ee139f50ab494bc943c6c9cb2858cfacfb89dfafd9505c34861117c.csv,218,"At 1:15, who was leading? Did they manage to keep the lead until the end?",Hwang Sun-woo was leading. He did not lead until the end (he got 7th),1
63,https://observablehq.com/@yonsei-university/swimming-race,Swimming race,swimming_race,swimming_race.js,files/f8eb148dd88752efb0f89049e1e44b2be74aad29f8c430b92f41a40a8d9285d56ae1a3d73ee139f50ab494bc943c6c9cb2858cfacfb89dfafd9505c34861117c.csv,219,"After I drag the slider, then click the Play button, does it restart or play from the current position?",Play from current position,1
63,https://observablehq.com/@yonsei-university/swimming-race,Swimming race,swimming_race,swimming_race.js,files/f8eb148dd88752efb0f89049e1e44b2be74aad29f8c430b92f41a40a8d9285d56ae1a3d73ee139f50ab494bc943c6c9cb2858cfacfb89dfafd9505c34861117c.csv,220,How do I look at the player's positions at a certain time?,Move the slider,1
64,https://observablehq.com/@yonsei-university/year-to-date,Year-to-date,year_to_date,year_to_date.js,files/02d517bdf81be46c30b25c0665d9fb0dd985679b44a5db1a6cafb462bddde25e9501c8be28904f51bb4f92302e9fdd7c4515b29e96a5b92fd4b0535605fbe89b.csv,221,What is Tesla's largest drop in percentage? When does that happen?,"-44.4%, in 08 Apr 2025",1
64,https://observablehq.com/@yonsei-university/year-to-date,Year-to-date,year_to_date,year_to_date.js,files/02d517bdf81be46c30b25c0665d9fb0dd985679b44a5db1a6cafb462bddde25e9501c8be28904f51bb4f92302e9fdd7c4515b29e96a5b92fd4b0535605fbe89b.csv,222,What does a large gray rectangle mean?,Higher range / Higher whiplash / Prices move high and low fast,1
64,https://observablehq.com/@yonsei-university/year-to-date,Year-to-date,year_to_date,year_to_date.js,files/02d517bdf81be46c30b25c0665d9fb0dd985679b44a5db1a6cafb462bddde25e9501c8be28904f51bb4f92302e9fdd7c4515b29e96a5b92fd4b0535605fbe89b.csv,223,What happens if I click on the play button?,Plays the animation from the slider's current position to 30 May 2025,1
65,https://observablehq.com/@yonsei-university/bears-will-be-boys,Bears Will Be Boys,bears_will_be_boys,bears_will_be_boys.js,files/75b689ef0b53c8d3a7beeeb695bec49ad0fd08d103e0d716af36bf146681ed6e422883ba3e725a4021e9d24c87bb29848d35010ed213846b269d1c46a2014ef4.csv,224,Which animal appears the most in the chart?,Bears appear the most,1
65,https://observablehq.com/@yonsei-university/bears-will-be-boys,Bears Will Be Boys,bears_will_be_boys,bears_will_be_boys.js,files/75b689ef0b53c8d3a7beeeb695bec49ad0fd08d103e0d716af36bf146681ed6e422883ba3e725a4021e9d24c87bb29848d35010ed213846b269d1c46a2014ef4.csv,225,How can I get the pronoun breakdown for rabbits?,"Select Rabbit in the animal filter, then read the percentage labels above the summary bar. which shows he/him:67.1% and she/her:31.4%",1
65,https://observablehq.com/@yonsei-university/bears-will-be-boys,Bears Will Be Boys,bears_will_be_boys,bears_will_be_boys.js,files/75b689ef0b53c8d3a7beeeb695bec49ad0fd08d103e0d716af36bf146681ed6e422883ba3e725a4021e9d24c87bb29848d35010ed213846b269d1c46a2014ef4.csv,226,What happens if I change the pronoun dropdown?,The chart shows only animal characters with the selected pronoun group.,1
66,https://observablehq.com/d/28125329d1b3962c,"Dealt with anxiety or depression by taking prescribed medication, 2020",dealt_with_anxiety_or_depression_by_taking_prescribed_medication_2020,dealt_with_anxiety_or_depression_by_taking_prescribed_medication_2020.js,files/f7c9fd4a4bb8d4d83ea4d3aaa8a4b671d10fc89c0d15c624d2e3c2a756140637b86095242cef2c9dcf48d7a94d1560d875d5cb7e674c3e6eee694dbcf3e0590d.csv,227,How does Malaysia compare with the United Kingdom?,"Malaysia is much lower at 27.1%, while the United Kingdom is 76.7%.",1
66,https://observablehq.com/d/28125329d1b3962c,"Dealt with anxiety or depression by taking prescribed medication, 2020",dealt_with_anxiety_or_depression_by_taking_prescribed_medication_2020,dealt_with_anxiety_or_depression_by_taking_prescribed_medication_2020.js,files/f7c9fd4a4bb8d4d83ea4d3aaa8a4b671d10fc89c0d15c624d2e3c2a756140637b86095242cef2c9dcf48d7a94d1560d875d5cb7e674c3e6eee694dbcf3e0590d.csv,228,How can I get the data for the highest country?,"Click the Bar button and read the top bar, which is the United Kingdom at 76.7%.",1
66,https://observablehq.com/d/28125329d1b3962c,"Dealt with anxiety or depression by taking prescribed medication, 2020",dealt_with_anxiety_or_depression_by_taking_prescribed_medication_2020,dealt_with_anxiety_or_depression_by_taking_prescribed_medication_2020.js,files/f7c9fd4a4bb8d4d83ea4d3aaa8a4b671d10fc89c0d15c624d2e3c2a756140637b86095242cef2c9dcf48d7a94d1560d875d5cb7e674c3e6eee694dbcf3e0590d.csv,229,What happens if I move my mouse away from a country?,The highlight disappears and the tooltip is hidden.,1
67,https://observablehq.com/d/0d51678ebd9e4868,Projected change in dependency ratio depending on labor force participation,projected_change_in_dependency_ratio_depending_on_labor_force_participation,projected_change_in_dependency_ratio_depending_on_labor_force_participation.js,files/6d42f625b78a95230979484019957c58b0ee9559cfd64dd48361f89b14d705bf5a7592e38623aedee660dbcde5458bc4cf31a8c8750b718a04166846d81188d1.csv,230,What does the gap between age dependency and higher participation suggest for the UK in 2060?,Higher labor participation could reduce the UK dependency burden by about 38.40 index points.,1
67,https://observablehq.com/d/0d51678ebd9e4868,Projected change in dependency ratio depending on labor force participation,projected_change_in_dependency_ratio_depending_on_labor_force_participation,projected_change_in_dependency_ratio_depending_on_labor_force_participation.js,files/6d42f625b78a95230979484019957c58b0ee9559cfd64dd48361f89b14d705bf5a7592e38623aedee660dbcde5458bc4cf31a8c8750b718a04166846d81188d1.csv,231,How can I get the UK dependency ratio trend over time?,Click Line mode to view the UK values across all years from 2015 to 2060.,1
67,https://observablehq.com/d/0d51678ebd9e4868,Projected change in dependency ratio depending on labor force participation,projected_change_in_dependency_ratio_depending_on_labor_force_participation,projected_change_in_dependency_ratio_depending_on_labor_force_participation.js,files/6d42f625b78a95230979484019957c58b0ee9559cfd64dd48361f89b14d705bf5a7592e38623aedee660dbcde5458bc4cf31a8c8750b718a04166846d81188d1.csv,232,What happens if I hover over a colored country on the map?,a tooltip shows its dependency ratios for the selected year.,1
68,https://observablehq.com/d/b483888d6fc93721,Dealt with anxiety or depression by talking to friends or family,dealt_with_anxiety_or_depression_by_talking_to_friends_or_family,dealt_with_anxiety_or_depression_by_talking_to_friends_or_family.js,files/2e33ceca9f1bea8e9da86f1807202d6c391e8bec217c5c993733396e47d92486d71d440f4f8dc9adc98ad18af8f267e7312230d7a624b80644b13b331432789a.csv,233,Which country has the highest percentage in the dataset?,"Laos has the highest value, at about 95.4%.",1
68,https://observablehq.com/d/b483888d6fc93721,Dealt with anxiety or depression by talking to friends or family,dealt_with_anxiety_or_depression_by_talking_to_friends_or_family,dealt_with_anxiety_or_depression_by_talking_to_friends_or_family.js,files/2e33ceca9f1bea8e9da86f1807202d6c391e8bec217c5c993733396e47d92486d71d440f4f8dc9adc98ad18af8f267e7312230d7a624b80644b13b331432789a.csv,234,How can I get the exact percentage for South Korea?,"Hover over South Korea on the map or its bar to see the tooltip value, about 59.0%.",1
68,https://observablehq.com/d/b483888d6fc93721,Dealt with anxiety or depression by talking to friends or family,dealt_with_anxiety_or_depression_by_talking_to_friends_or_family,dealt_with_anxiety_or_depression_by_talking_to_friends_or_family.js,files/2e33ceca9f1bea8e9da86f1807202d6c391e8bec217c5c993733396e47d92486d71d440f4f8dc9adc98ad18af8f267e7312230d7a624b80644b13b331432789a.csv,235,What happens if I click the Bar button?,The chart changes from the world map to a ranked horizontal bar chart.,1
69,https://observablehq.com/d/5fe3a3feff69b81e,Mental health units in general hospitals,mental_health_units_in_general_hospitals,mental_health_units_in_general_hospitals.js,files/b845dc8853218328fe8ea263fca7348e0a93c2bf25b2e1e29bbc8954ced1e9bd76900d5a59905f94af648357cecc00f3afe424282a49cd02cfee66521738de63.csv,236,How does Iceland compare with Hungary?,"Iceland is higher, with 4.542 compared to Hungary’s 2.647 units per 100,000 people.",1
69,https://observablehq.com/d/5fe3a3feff69b81e,Mental health units in general hospitals,mental_health_units_in_general_hospitals,mental_health_units_in_general_hospitals.js,files/b845dc8853218328fe8ea263fca7348e0a93c2bf25b2e1e29bbc8954ced1e9bd76900d5a59905f94af648357cecc00f3afe424282a49cd02cfee66521738de63.csv,237,How can I read the meaning of the map colors?,"by using the legend at the bottom, where darker orange-brown colors indicate higher values.",1
69,https://observablehq.com/d/5fe3a3feff69b81e,Mental health units in general hospitals,mental_health_units_in_general_hospitals,mental_health_units_in_general_hospitals.js,files/b845dc8853218328fe8ea263fca7348e0a93c2bf25b2e1e29bbc8954ced1e9bd76900d5a59905f94af648357cecc00f3afe424282a49cd02cfee66521738de63.csv,238,What happens if I hover over a country on the map?,"The country is outlined and a tooltip shows its name and value per 100,000 people.",1
70,https://observablehq.com/d/36b39a284fa96a78,Perceived discomfort speaking about anxiety or depression,perceived_discomfort_speaking_about_anxiety_or_depression,perceived_discomfort_speaking_about_anxiety_or_depression.js,files/53bc0266966413ed425ae05fce42bc02ddb6c6c791ac5fb18166b5a59afb33ef61610f264620b9dcc4d7d4e8ca1dd35307e8d01c9c28a324f89ad84417500e40.csv,239,Why might countries with higher values be important to study further?,Higher values may indicate stronger social discomfort or stigma around mental health conversations.,1
70,https://observablehq.com/d/36b39a284fa96a78,Perceived discomfort speaking about anxiety or depression,perceived_discomfort_speaking_about_anxiety_or_depression,perceived_discomfort_speaking_about_anxiety_or_depression.js,files/53bc0266966413ed425ae05fce42bc02ddb6c6c791ac5fb18166b5a59afb33ef61610f264620b9dcc4d7d4e8ca1dd35307e8d01c9c28a324f89ad84417500e40.csv,240,How can I get the discomfort percentage for a specific country like Japan?,Hover over Japan on the map or its bar to see the tooltip showing 47.1%.,1
70,https://observablehq.com/d/36b39a284fa96a78,Perceived discomfort speaking about anxiety or depression,perceived_discomfort_speaking_about_anxiety_or_depression,perceived_discomfort_speaking_about_anxiety_or_depression.js,files/53bc0266966413ed425ae05fce42bc02ddb6c6c791ac5fb18166b5a59afb33ef61610f264620b9dcc4d7d4e8ca1dd35307e8d01c9c28a324f89ad84417500e40.csv,241,What happens if I hover over a bar in the bar chart?,A tooltip appears showing the country name and its exact discomfort percentage.,1
71,https://observablehq.com/d/11df2922faad3446,Perceived importance of science in treating anxiety or depression,perceived_importance_of_science_in_treating_anxiety_or_depression,perceived_importance_of_science_in_treating_anxiety_or_depression.js,files/aaa154aa78b80ec657486f00319bb8cc2b53ed72bd384207e33d001df75b5aa9e31003d51fac97174023a93d1285ac50112cd46d85754d3aa21650538b39988d.csv,242,What does the darker pink/purple color on the map mean?,A darker color means a higher percentage of people believe science helps a lot.,1
71,https://observablehq.com/d/11df2922faad3446,Perceived importance of science in treating anxiety or depression,perceived_importance_of_science_in_treating_anxiety_or_depression,perceived_importance_of_science_in_treating_anxiety_or_depression.js,files/aaa154aa78b80ec657486f00319bb8cc2b53ed72bd384207e33d001df75b5aa9e31003d51fac97174023a93d1285ac50112cd46d85754d3aa21650538b39988d.csv,243,How can I get the data for Malta?,Hover over Malta on the map or find Malta in the bar chart to see about 54.4%.,1
71,https://observablehq.com/d/11df2922faad3446,Perceived importance of science in treating anxiety or depression,perceived_importance_of_science_in_treating_anxiety_or_depression,perceived_importance_of_science_in_treating_anxiety_or_depression.js,files/aaa154aa78b80ec657486f00319bb8cc2b53ed72bd384207e33d001df75b5aa9e31003d51fac97174023a93d1285ac50112cd46d85754d3aa21650538b39988d.csv,244,What happens if I click the “Map” button?,The chart switches back from the bar chart to the world map.,1
72,https://observablehq.com/d/c1b1219353b490bc,"Psychiatrists per 100,000 people",psychiatrists_per_100000_people,psychiatrists_per_100000_people.js,files/bf12f7da9219f713ffdd4104630e29f1422fe3b20647f9a87dd331b1a587d05f88bbdf5c4b00f56380154218cc12d284a797d7128bc1d979547d7bbf5a1c0a15.csv,245,How does Andorra compare with Afghanistan in psychiatrist availability?,"Andorra has 10, while Afghanistan has 0 psychiatrists per 100,000 people.",1
72,https://observablehq.com/d/c1b1219353b490bc,"Psychiatrists per 100,000 people",psychiatrists_per_100000_people,psychiatrists_per_100000_people.js,files/bf12f7da9219f713ffdd4104630e29f1422fe3b20647f9a87dd331b1a587d05f88bbdf5c4b00f56380154218cc12d284a797d7128bc1d979547d7bbf5a1c0a15.csv,246,How can I get the psychiatrist value for Afghanistan?,Hover over Afghanistan on the map or check its bar in Bar view.,1
72,https://observablehq.com/d/c1b1219353b490bc,"Psychiatrists per 100,000 people",psychiatrists_per_100000_people,psychiatrists_per_100000_people.js,files/bf12f7da9219f713ffdd4104630e29f1422fe3b20647f9a87dd331b1a587d05f88bbdf5c4b00f56380154218cc12d284a797d7128bc1d979547d7bbf5a1c0a15.csv,247,What happens if I hover over a dark blue country?,The country is outlined and its psychiatrist value appears in the tooltip.,1
73,https://observablehq.com/d/f0d053d6c2a9cafd,Share who know friends or family who have been anxious or depressed,share_who_know_friends_or_family_who_have_been_anxious_or_depressed,share_who_know_friends_or_family_who_have_been_anxious_or_depressed.js,files/e7d5bba238e1d21102874a5cb8419c3c132a3d62bbdc017de5772cf4a17196928c648945331580b35a1a1345bdeb060745accadc4cb05a365ef3af8a240ff6b6.csv,248,What overall pattern can be seen among South American countries?,"Several South American countries have high values, such as Peru 65.8%, Brazil 61.7%, and Chile 60.9%.",1
73,https://observablehq.com/d/f0d053d6c2a9cafd,Share who know friends or family who have been anxious or depressed,share_who_know_friends_or_family_who_have_been_anxious_or_depressed,share_who_know_friends_or_family_who_have_been_anxious_or_depressed.js,files/e7d5bba238e1d21102874a5cb8419c3c132a3d62bbdc017de5772cf4a17196928c648945331580b35a1a1345bdeb060745accadc4cb05a365ef3af8a240ff6b6.csv,249,How can I get the percentage for Malaysia?,"Hover over Malaysia on the map, or switch to the bar chart and read Malaysia’s value, 32.2%.",1
73,https://observablehq.com/d/f0d053d6c2a9cafd,Share who know friends or family who have been anxious or depressed,share_who_know_friends_or_family_who_have_been_anxious_or_depressed,share_who_know_friends_or_family_who_have_been_anxious_or_depressed.js,files/e7d5bba238e1d21102874a5cb8419c3c132a3d62bbdc017de5772cf4a17196928c648945331580b35a1a1345bdeb060745accadc4cb05a365ef3af8a240ff6b6.csv,250,What happens if I hover over Peru on the map?,"Peru’s border becomes darker and the tooltip shows Peru, 2020, 65.8%.",1
74,https://observablehq.com/d/fa5ba9840d12cf5a,Share who say it's extremely important for the national government to fund research on anxiety/depression,share_who_say_its_extremely_important_for_the_national_government_to_fund_research_on_anxietydepression,share_who_say_its_extremely_important_for_the_national_government_to_fund_research_on_anxietydepression.js,files/a336ad6c1c8f0f8ac2c8fc795c2bcf69c9a6454291919d56cf5ed1d201e1901260191ac9553c1fa8433ac8df281b60feced80f680d2b4761f7fe15e0ae3cd789.csv,251,What percentage of people in South Korea said it is extremely important?,South Korea has 69.2%.,1
74,https://observablehq.com/d/fa5ba9840d12cf5a,Share who say it's extremely important for the national government to fund research on anxiety/depression,share_who_say_its_extremely_important_for_the_national_government_to_fund_research_on_anxietydepression,share_who_say_its_extremely_important_for_the_national_government_to_fund_research_on_anxietydepression.js,files/a336ad6c1c8f0f8ac2c8fc795c2bcf69c9a6454291919d56cf5ed1d201e1901260191ac9553c1fa8433ac8df281b60feced80f680d2b4761f7fe15e0ae3cd789.csv,252,How can I get the exact percentage for Malaysia in the chart?,Hover over Malaysia on the map or its bar in Bar view to see 62.3%.,1
74,https://observablehq.com/d/fa5ba9840d12cf5a,Share who say it's extremely important for the national government to fund research on anxiety/depression,share_who_say_its_extremely_important_for_the_national_government_to_fund_research_on_anxietydepression,share_who_say_its_extremely_important_for_the_national_government_to_fund_research_on_anxietydepression.js,files/a336ad6c1c8f0f8ac2c8fc795c2bcf69c9a6454291919d56cf5ed1d201e1901260191ac9553c1fa8433ac8df281b60feced80f680d2b4761f7fe15e0ae3cd789.csv,253,What happens if I hover over the South Korea bar in Bar view?,"A tooltip appears showing South Korea, 2020, 69.2%.",1
75,https://observablehq.com/d/589e6865378cd7d6,Stand-alone policy or plan for mental health,stand_alone_policy_or_plan_for_mental_health,stand_alone_policy_or_plan_for_mental_health.js,files/468f7d4bab0fc13756ba61acf457575c7829bb2ea23abb04eb72129261f6d05b560a791d29be98913e4d2a110910810180ec11340cb9e6fb6f8cedb38c5ff210.csv,254,How does the United States’ status compare between 2014 and 2016?,The United States changes from No in 2014 to Yes in 2016.,1
75,https://observablehq.com/d/589e6865378cd7d6,Stand-alone policy or plan for mental health,stand_alone_policy_or_plan_for_mental_health,stand_alone_policy_or_plan_for_mental_health.js,files/468f7d4bab0fc13756ba61acf457575c7829bb2ea23abb04eb72129261f6d05b560a791d29be98913e4d2a110910810180ec11340cb9e6fb6f8cedb38c5ff210.csv,255,How can I get Malaysia’s mental health policy status in 2016?,Move the slider to 2016 and hover over Malaysia to read its tooltip value.,1
75,https://observablehq.com/d/589e6865378cd7d6,Stand-alone policy or plan for mental health,stand_alone_policy_or_plan_for_mental_health,stand_alone_policy_or_plan_for_mental_health.js,files/468f7d4bab0fc13756ba61acf457575c7829bb2ea23abb04eb72129261f6d05b560a791d29be98913e4d2a110910810180ec11340cb9e6fb6f8cedb38c5ff210.csv,256,What happens if I hover over Algeria in 2016?,Algeria is highlighted and the tooltip shows its No status.,1
76,https://observablehq.com/d/1b755d9cc2e459c3,Share of the population born in another country,share_of_the_population_born_in_another_country,share_of_the_population_born_in_another_country.js,files/dab3a788e482314179aec592b8eebefc4268e7219cebf201c0a4dce627a29c6b3c23d90fa7e48acdc07b3c95bfcd289733b5fe361071dd2a7c6c667a6b7c5cf5.csv,257,What does an upward line for the United States suggest?,It suggests the immigrant share in the United States increased over time.,1
76,https://observablehq.com/d/1b755d9cc2e459c3,Share of the population born in another country,share_of_the_population_born_in_another_country,share_of_the_population_born_in_another_country.js,files/dab3a788e482314179aec592b8eebefc4268e7219cebf201c0a4dce627a29c6b3c23d90fa7e48acdc07b3c95bfcd289733b5fe361071dd2a7c6c667a6b7c5cf5.csv,258,How can I get the 2024 immigrant share for Malaysia?,Set the slider to 2024 and hover over Malaysia on the map to see its percentage.,1
76,https://observablehq.com/d/1b755d9cc2e459c3,Share of the population born in another country,share_of_the_population_born_in_another_country,share_of_the_population_born_in_another_country.js,files/dab3a788e482314179aec592b8eebefc4268e7219cebf201c0a4dce627a29c6b3c23d90fa7e48acdc07b3c95bfcd289733b5fe361071dd2a7c6c667a6b7c5cf5.csv,259,What happens if I drag the year slider from 1990 to 2024?,The map or bar chart updates year by year to show changing immigrant shares.,1
77,https://observablehq.com/d/8f55c8c4ed709bb0,Birth rate and death rate,birth_rate_and_death_rate,birth_rate_and_death_rate.js,files/e229a323f2d907eb99ecd8a510236a6e289dc460b613b31d641922f6667f002c46fec78a085b9ea4342d5c3e56e080f0313246d3af1d9f073ba027b403da0a92.csv,260,What was the birth rate in the United States in 2023?,"The birth rate in 2023 was 10.75 births per 1,000 people.",1
77,https://observablehq.com/d/8f55c8c4ed709bb0,Birth rate and death rate,birth_rate_and_death_rate,birth_rate_and_death_rate.js,files/e229a323f2d907eb99ecd8a510236a6e289dc460b613b31d641922f6667f002c46fec78a085b9ea4342d5c3e56e080f0313246d3af1d9f073ba027b403da0a92.csv,261,How can I get the death rate for the United States in 2020?,"In Bar mode, drag the year slider to 2020 and check the orange Death rate bar.",1
77,https://observablehq.com/d/8f55c8c4ed709bb0,Birth rate and death rate,birth_rate_and_death_rate,birth_rate_and_death_rate.js,files/e229a323f2d907eb99ecd8a510236a6e289dc460b613b31d641922f6667f002c46fec78a085b9ea4342d5c3e56e080f0313246d3af1d9f073ba027b403da0a92.csv,262,What happens if I hover over the line chart near 2023?,"A tooltip appears showing United States, 2023, with birth and death rate values.",1
78,https://observablehq.com/d/8b10efa48c889ce6,Crude birth rate and death rate sweden,crude_birth_rate_and_death_rate_sweden,crude_birth_rate_and_death_rate_sweden.js,files/2559bd8cdc87ae23f88347165cf5166e2bcda86fdd1d542bfe83c91c77870b9c3f83a85695189b02be82471ba0a046a4a642accbf5e6a77f8860e059e0c16c15.csv,263,"In 1749, was Sweden’s crude birth rate higher than its crude death rate?","Yes, the birth rate was 33.8, higher than the death rate of 28.1.",1
78,https://observablehq.com/d/8b10efa48c889ce6,Crude birth rate and death rate sweden,crude_birth_rate_and_death_rate_sweden,crude_birth_rate_and_death_rate_sweden.js,files/2559bd8cdc87ae23f88347165cf5166e2bcda86fdd1d542bfe83c91c77870b9c3f83a85695189b02be82471ba0a046a4a642accbf5e6a77f8860e059e0c16c15.csv,264,How can I get Sweden’s crude death rate for 1749?,Hover near 1749 on the red death-rate line to see the tooltip value.,1
78,https://observablehq.com/d/8b10efa48c889ce6,Crude birth rate and death rate sweden,crude_birth_rate_and_death_rate_sweden,crude_birth_rate_and_death_rate_sweden.js,files/2559bd8cdc87ae23f88347165cf5166e2bcda86fdd1d542bfe83c91c77870b9c3f83a85695189b02be82471ba0a046a4a642accbf5e6a77f8860e059e0c16c15.csv,265,What happens if I drag the slider to 1900 in Bar mode?,The bar chart updates to show Sweden’s 1900 birth rate of 27.0 and death rate of 16.8.,1
79,https://observablehq.com/d/f4b19098b5c5b8cf,"World population, comparison of UN projections",world_population_comparison_of_un_projections,world_population_comparison_of_un_projections.js,files/0c69e90ec26df4577659e8d1cec8bd5a51c22ab2e1d9ac51ebf313690ddde3dc9b5c9888408e4bb6b0ad19f1c1dac8883a1046301614dd620625def87532173c.csv,266,What trend does the 2024 projection show from 2025 to 2050?,It shows a steady increase from 8.23 billion in 2025 to 9.66 billion in 2050.,1
79,https://observablehq.com/d/f4b19098b5c5b8cf,"World population, comparison of UN projections",world_population_comparison_of_un_projections,world_population_comparison_of_un_projections.js,files/0c69e90ec26df4577659e8d1cec8bd5a51c22ab2e1d9ac51ebf313690ddde3dc9b5c9888408e4bb6b0ad19f1c1dac8883a1046301614dd620625def87532173c.csv,267,How can I get the 2024 projection value for world population in 2050?,"Switch to Bar mode, move the slider to 2050, then read the 2024 projection bar value: 9.66 billion.",1
79,https://observablehq.com/d/f4b19098b5c5b8cf,"World population, comparison of UN projections",world_population_comparison_of_un_projections,world_population_comparison_of_un_projections.js,files/0c69e90ec26df4577659e8d1cec8bd5a51c22ab2e1d9ac51ebf313690ddde3dc9b5c9888408e4bb6b0ad19f1c1dac8883a1046301614dd620625def87532173c.csv,268,What happens if I click the Bar button?,"The chart changes into a horizontal bar chart for the selected year, ranking projections by population size.",1
80,https://observablehq.com/d/92d24a089ca800a9,"World population, comparison of different historical sources",world_population_comparison_of_different_historical_sources,world_population_comparison_of_different_historical_sources.js,files/8abbce88679a4a7197e5a849c271f02e75acce989e279d6e3e1ed2d8e5ae1642ad143bd77d1627c4a9cc8fcbb98486168fa8f52951f247995b53c8d07274642c.csv,269,What was the world population estimate by McEvedy and Jones (1978) in 1950?,McEvedy and Jones estimated the 1950 population as 2.5 billion.,1
80,https://observablehq.com/d/92d24a089ca800a9,"World population, comparison of different historical sources",world_population_comparison_of_different_historical_sources,world_population_comparison_of_different_historical_sources.js,files/8abbce88679a4a7197e5a849c271f02e75acce989e279d6e3e1ed2d8e5ae1642ad143bd77d1627c4a9cc8fcbb98486168fa8f52951f247995b53c8d07274642c.csv,270,How can I get the McEvedy and Jones (1978) value for 1950 from the chart?,"Use Bar mode, drag the slider to 1950, then read the McEvedy and Jones bar label.",1
80,https://observablehq.com/d/92d24a089ca800a9,"World population, comparison of different historical sources",world_population_comparison_of_different_historical_sources,world_population_comparison_of_different_historical_sources.js,files/8abbce88679a4a7197e5a849c271f02e75acce989e279d6e3e1ed2d8e5ae1642ad143bd77d1627c4a9cc8fcbb98486168fa8f52951f247995b53c8d07274642c.csv,271,What happens if I hover near 1900 on the line chart?,A tooltip appears showing Year: 1900 and the population estimates for the selected sources.,1
81,https://observablehq.com/d/d8cdfd7c918088da,Sex ratio at birth by birth order,sex_ratio_at_birth_by_birth_order,sex_ratio_at_birth_by_birth_order.js,files/8c0defb168c6452db252074aa3e8fd87804513951f61a7de7fe0706bef8aa04d8d1c0b07f550ad74b11d23ef2ccfa766a67892fca9427c24d2b95348e26ba7db.csv,272,"In 2017, which was higher: First child or Third child?","First child was higher, 106.5 vs 105.9.",1
81,https://observablehq.com/d/d8cdfd7c918088da,Sex ratio at birth by birth order,sex_ratio_at_birth_by_birth_order,sex_ratio_at_birth_by_birth_order.js,files/8c0defb168c6452db252074aa3e8fd87804513951f61a7de7fe0706bef8aa04d8d1c0b07f550ad74b11d23ef2ccfa766a67892fca9427c24d2b95348e26ba7db.csv,273,How can I find which birth order is highest in 1990?,"Use Bar mode, drag the slider to 1990, and check the longest bar: Fourth child & higher.",1
81,https://observablehq.com/d/d8cdfd7c918088da,Sex ratio at birth by birth order,sex_ratio_at_birth_by_birth_order,sex_ratio_at_birth_by_birth_order.js,files/8c0defb168c6452db252074aa3e8fd87804513951f61a7de7fe0706bef8aa04d8d1c0b07f550ad74b11d23ef2ccfa766a67892fca9427c24d2b95348e26ba7db.csv,274,What happens if I click the play button under the chart?,"The selected year animates forward, updating the bar chart year by year.",1
82,https://observablehq.com/d/322d3e232b20a5a7,Number of 'missing women' in the world,number_of_missing_women_in_the_world,number_of_missing_women_in_the_world.js,files/f147db20ce28dddb3ea583fda7627cf601dd46519e0e3bc8b145696e0ea1988aacf9d2361d699a87dd02c5305fb21223faf106008c6b983c2187bd41dae70a92.csv,275,How does China’s trend change from 1970 to 2050?,"China rises from 27.2 million in 1970 to a peak of 76.9 million in 2035, then falls to 73.4 million in 2050.",1
82,https://observablehq.com/d/322d3e232b20a5a7,Number of 'missing women' in the world,number_of_missing_women_in_the_world,number_of_missing_women_in_the_world.js,files/f147db20ce28dddb3ea583fda7627cf601dd46519e0e3bc8b145696e0ea1988aacf9d2361d699a87dd02c5305fb21223faf106008c6b983c2187bd41dae70a92.csv,276,How can I get only the data range from 2000 to 2050?,Drag the left slider handle to 2000 and keep the right handle at 2050.,1
82,https://observablehq.com/d/322d3e232b20a5a7,Number of 'missing women' in the world,number_of_missing_women_in_the_world,number_of_missing_women_in_the_world.js,files/f147db20ce28dddb3ea583fda7627cf601dd46519e0e3bc8b145696e0ea1988aacf9d2361d699a87dd02c5305fb21223faf106008c6b983c2187bd41dae70a92.csv,277,What happens if I drag the right slider handle from 2050 to 2020?,"The chart updates to end at 2020, hiding later years from 2025 to 2050.",1
83,https://observablehq.com/d/42003b6f245b303f,Annual number of missing female births and excess mortality,annual_number_of_missing_female_births_and_excess_mortality,annual_number_of_missing_female_births_and_excess_mortality.js,files/ece6d3b997dfda42014e98bd6a6e97973dffaeef79ce894832479bc27c600c336b05bebcd4cee141c399a55dd4c5046acc51974d028bff9b39f8e4b7d74c4e43.csv,278,What was the number of Excess female deaths in the World in 2015?,1.65 million excess female deaths.,1
83,https://observablehq.com/d/42003b6f245b303f,Annual number of missing female births and excess mortality,annual_number_of_missing_female_births_and_excess_mortality,annual_number_of_missing_female_births_and_excess_mortality.js,files/ece6d3b997dfda42014e98bd6a6e97973dffaeef79ce894832479bc27c600c336b05bebcd4cee141c399a55dd4c5046acc51974d028bff9b39f8e4b7d74c4e43.csv,279,How can I get the Missing female births value for the World in 2010?,Hover over the year 2010 on the line chart and read the tooltip value for Missing female births.,1
83,https://observablehq.com/d/42003b6f245b303f,Annual number of missing female births and excess mortality,annual_number_of_missing_female_births_and_excess_mortality,annual_number_of_missing_female_births_and_excess_mortality.js,files/ece6d3b997dfda42014e98bd6a6e97973dffaeef79ce894832479bc27c600c336b05bebcd4cee141c399a55dd4c5046acc51974d028bff9b39f8e4b7d74c4e43.csv,280,What happens if I hover over the 2010 point on the line chart?,"A tooltip appears showing World, 2010, with both missing female births and excess female deaths.",1
84,https://observablehq.com/d/cc6add73dd00fe92,"Period versus cohort life expectancy, France",period_versus_cohort_life_expectancy_france,period_versus_cohort_life_expectancy_france.js,files/1a1248f5fbe096913f862f105795f85eeb93118e51e43c866a66a416b2a9cb681fa0af24e7dad4b933daeda7977844aa212118d21f04c22d1a65a119c4bead2f.csv,281,"In 1900, which was higher: France’s period life expectancy or cohort life expectancy?",Cohort life expectancy was higher: 51.9 years vs 45.1 years.,1
84,https://observablehq.com/d/cc6add73dd00fe92,"Period versus cohort life expectancy, France",period_versus_cohort_life_expectancy_france,period_versus_cohort_life_expectancy_france.js,files/1a1248f5fbe096913f862f105795f85eeb93118e51e43c866a66a416b2a9cb681fa0af24e7dad4b933daeda7977844aa212118d21f04c22d1a65a119c4bead2f.csv,282,How can I retrieve France’s cohort life expectancy in 1932 using the line chart?,"Stay in Line mode, hover near the year 1932, and read the tooltip value for Cohort life expectancy.",1
84,https://observablehq.com/d/cc6add73dd00fe92,"Period versus cohort life expectancy, France",period_versus_cohort_life_expectancy_france,period_versus_cohort_life_expectancy_france.js,files/1a1248f5fbe096913f862f105795f85eeb93118e51e43c866a66a416b2a9cb681fa0af24e7dad4b933daeda7977844aa212118d21f04c22d1a65a119c4bead2f.csv,283,"What happens if I hover over the line chart near France, 1900?","A tooltip appears showing France, 1900 with period and cohort life expectancy values.",1
85,https://observablehq.com/d/c34bc49d1c1849a1,Annual death rate by age group,annual_death_rate_by_age_group,annual_death_rate_by_age_group.js,files/3d3b259f3c8c657f2cf21da86beba55d73b410f3bb24eed6d811ae66f1855f1751bc7170cbfe48a2353c9437949bf92a226e224a0f7e845ec8b3f2a71f0ab7d5.csv,284,"From 1933 to 2023, how did the death rate for 85–89 years old change?",It decreased from 197.90 to 102.49.,1
85,https://observablehq.com/d/c34bc49d1c1849a1,Annual death rate by age group,annual_death_rate_by_age_group,annual_death_rate_by_age_group.js,files/3d3b259f3c8c657f2cf21da86beba55d73b410f3bb24eed6d811ae66f1855f1751bc7170cbfe48a2353c9437949bf92a226e224a0f7e845ec8b3f2a71f0ab7d5.csv,285,How can I get the death rate for 20–24 years old in 2023 using the chart?,Set the slider to 2023 and hover over the 20–24 years old bar.,1
85,https://observablehq.com/d/c34bc49d1c1849a1,Annual death rate by age group,annual_death_rate_by_age_group,annual_death_rate_by_age_group.js,files/3d3b259f3c8c657f2cf21da86beba55d73b410f3bb24eed6d811ae66f1855f1751bc7170cbfe48a2353c9437949bf92a226e224a0f7e845ec8b3f2a71f0ab7d5.csv,286,What happens if I hover over the 85–89 years old bar in 2023?,"A tooltip appears showing 85–89 years old and 102.49 per 1,000.",1
86,https://observablehq.com/d/b48e3d6d668e5a4c,Country with highest female life expectancy,country_with_highest_female_life_expectancy,country_with_highest_female_life_expectancy.js,files/8253df4e3d97102c046bd1ec5da00def255a8aec6b308b3c7d5f456c81c36689286f8c95c5bae459d2f2dcfe383a1c63e0271ac2ce271e69b896dc4f5450e7a0.csv,287,What was the highest female life expectancy in 2023?,"88.1 years, in Hong Kong.",1
86,https://observablehq.com/d/b48e3d6d668e5a4c,Country with highest female life expectancy,country_with_highest_female_life_expectancy,country_with_highest_female_life_expectancy.js,files/8253df4e3d97102c046bd1ec5da00def255a8aec6b308b3c7d5f456c81c36689286f8c95c5bae459d2f2dcfe383a1c63e0271ac2ce271e69b896dc4f5450e7a0.csv,288,How can I retrieve all years where Japan was the country with the highest female life expectancy?,"Use the legend or data filter for Japan, then read the highlighted Japan dots.",1
86,https://observablehq.com/d/b48e3d6d668e5a4c,Country with highest female life expectancy,country_with_highest_female_life_expectancy,country_with_highest_female_life_expectancy.js,files/8253df4e3d97102c046bd1ec5da00def255a8aec6b308b3c7d5f456c81c36689286f8c95c5bae459d2f2dcfe383a1c63e0271ac2ce271e69b896dc4f5450e7a0.csv,289,"What happens if I click a country dot, such as Norway 1960?","Nothing special happens; the chart only defines hover interactions, not click actions.",1
87,https://observablehq.com/d/d7552c4cdf662cc1,How do death rates in each age group contribute to the overall sex gap in life expectancy?,how_do_death_rates_in_each_age_group_contribute_to_the_overall_sex_gap_in_life_expectancy,how_do_death_rates_in_each_age_group_contribute_to_the_overall_sex_gap_in_life_expectancy.js,files/b46ddef49222fd79787c19e4456a9a874198b6925624432da68a80c54293c2056b3670475d4fc0e7cdd1b0be741e66d52beb9c59a9fa53c4eb394f4c83558d01.csv,290,"In 2018, which contributed more to the sex gap: Ages 60–79 or Ages 80+?","Ages 60–79 contributed more, about 2.67 vs 1.45 years.",1
87,https://observablehq.com/d/d7552c4cdf662cc1,How do death rates in each age group contribute to the overall sex gap in life expectancy?,how_do_death_rates_in_each_age_group_contribute_to_the_overall_sex_gap_in_life_expectancy,how_do_death_rates_in_each_age_group_contribute_to_the_overall_sex_gap_in_life_expectancy.js,files/b46ddef49222fd79787c19e4456a9a874198b6925624432da68a80c54293c2056b3670475d4fc0e7cdd1b0be741e66d52beb9c59a9fa53c4eb394f4c83558d01.csv,291,How can I get the value for Ages 60–79 in France in 2018?,Hover over the year 2018 and read the tooltip row for Ages 60–79.,1
87,https://observablehq.com/d/d7552c4cdf662cc1,How do death rates in each age group contribute to the overall sex gap in life expectancy?,how_do_death_rates_in_each_age_group_contribute_to_the_overall_sex_gap_in_life_expectancy,how_do_death_rates_in_each_age_group_contribute_to_the_overall_sex_gap_in_life_expectancy.js,files/b46ddef49222fd79787c19e4456a9a874198b6925624432da68a80c54293c2056b3670475d4fc0e7cdd1b0be741e66d52beb9c59a9fa53c4eb394f4c83558d01.csv,292,What happens if I hover over the Ages 60–79 area near 2000?,"The tooltip shows the 2000 values, including Ages 60–79: about 3.38 years.",1
88,https://observablehq.com/d/c926160052addfb9,Modal age at death in adults,modal_age_at_death_in_adults,modal_age_at_death_in_adults.js,files/654f31c945b713b9ac50eb5493cb8c8c1e1fbbbab783f86fd4eec1f7f45d77e640699c65902f5579aea6b1d01479d09aa98b112d85a00b8ef88b7780290a036a.csv,293,"From 1970 to 2021, what trend is shown for Japan females?",It increased from 81.8 to 93.0 years.,1
88,https://observablehq.com/d/c926160052addfb9,Modal age at death in adults,modal_age_at_death_in_adults,modal_age_at_death_in_adults.js,files/654f31c945b713b9ac50eb5493cb8c8c1e1fbbbab783f86fd4eec1f7f45d77e640699c65902f5579aea6b1d01479d09aa98b112d85a00b8ef88b7780290a036a.csv,294,How can I get the latest available value for France females?,"Hover near the last year in France’s line panel, or use Bar mode and move the slider to the latest year.",1
88,https://observablehq.com/d/c926160052addfb9,Modal age at death in adults,modal_age_at_death_in_adults,modal_age_at_death_in_adults.js,files/654f31c945b713b9ac50eb5493cb8c8c1e1fbbbab783f86fd4eec1f7f45d77e640699c65902f5579aea6b1d01479d09aa98b112d85a00b8ef88b7780290a036a.csv,295,What happens if I hover over France around 1970 in Line mode?,"The tooltip shows France, 1970, including Females and Males values.",1
89,https://observablehq.com/d/d853ee793fb4ca5c,Survival ages across the population,survival_ages_across_the_population,survival_ages_across_the_population.js,files/316e0d5156e650a35f1c860d73c5f47b63461a7381f7234f63fb2dfd912df40fec5f8bafeacf06d8f25893cfc6ac09b0b2cada0ecbc8b1b74f0b56922cdb04b1.csv,296,What was the Top 1% survival age in France in 2023?,102.67 years.,1
89,https://observablehq.com/d/d853ee793fb4ca5c,Survival ages across the population,survival_ages_across_the_population,survival_ages_across_the_population.js,files/316e0d5156e650a35f1c860d73c5f47b63461a7381f7234f63fb2dfd912df40fec5f8bafeacf06d8f25893cfc6ac09b0b2cada0ecbc8b1b74f0b56922cdb04b1.csv,297,How can I retrieve the 50% survival age for France in 2000?,"Switch to Bar mode, move the slider to 2000, then read the 50% bar value.",1
89,https://observablehq.com/d/d853ee793fb4ca5c,Survival ages across the population,survival_ages_across_the_population,survival_ages_across_the_population.js,files/316e0d5156e650a35f1c860d73c5f47b63461a7381f7234f63fb2dfd912df40fec5f8bafeacf06d8f25893cfc6ac09b0b2cada0ecbc8b1b74f0b56922cdb04b1.csv,298,What happens if I hover over the line chart around 1950?,"A vertical guide line and dots appear, and the tooltip shows the closest year’s values.",1
90,https://observablehq.com/d/4140584c22b75a8b,Average age of mothers at childbirth by birth order,average_age_of_mothers_at_childbirth_by_birth_order,average_age_of_mothers_at_childbirth_by_birth_order.js,files/682fcc0a63196c765fdace1eccad7546b6cf0894f1364998def5f82fd9daf2f89d6fcc06a313191e3524a37c058f296b13d48bbb8acc90d6a21c8f38abfaebec.csv,299,"In 2023, which had a higher average age: 1st birth or 2nd birth?","2nd birth was higher at 30.35 years, compared with 27.85 years for 1st birth.",1
90,https://observablehq.com/d/4140584c22b75a8b,Average age of mothers at childbirth by birth order,average_age_of_mothers_at_childbirth_by_birth_order,average_age_of_mothers_at_childbirth_by_birth_order.js,files/682fcc0a63196c765fdace1eccad7546b6cf0894f1364998def5f82fd9daf2f89d6fcc06a313191e3524a37c058f296b13d48bbb8acc90d6a21c8f38abfaebec.csv,300,How can I get the bar value for 5th birth or higher in 2023?,"Click Bar, move the year slider to 2023, then read the 5th birth or higher bar label.",1
90,https://observablehq.com/d/4140584c22b75a8b,Average age of mothers at childbirth by birth order,average_age_of_mothers_at_childbirth_by_birth_order,average_age_of_mothers_at_childbirth_by_birth_order.js,files/682fcc0a63196c765fdace1eccad7546b6cf0894f1364998def5f82fd9daf2f89d6fcc06a313191e3524a37c058f296b13d48bbb8acc90d6a21c8f38abfaebec.csv,301,What happens if I hover over the 2023 point in the line chart?,"A tooltip appears showing all birth-order values for United States, 2023.",1
91,https://observablehq.com/d/f23cbe05933d7078,"Average age of mothers at childbirth by mother's birth year, United States",average_age_of_mothers_at_childbirth_by_mothers_birth_year_united_states,average_age_of_mothers_at_childbirth_by_mothers_birth_year_united_states.js,files/c9250009143f77937b2cae6883537bef09627c059fdc5150e69060dc4b352961f86d60154a06ea2fc3569fe3d63e5c2af68dac7bd628e70aaf19e5d2afb88805.csv,302,What was the overall average age for All births across 1918–1973?,About 26.43 years.,1
91,https://observablehq.com/d/f23cbe05933d7078,"Average age of mothers at childbirth by mother's birth year, United States",average_age_of_mothers_at_childbirth_by_mothers_birth_year_united_states,average_age_of_mothers_at_childbirth_by_mothers_birth_year_united_states.js,files/c9250009143f77937b2cae6883537bef09627c059fdc5150e69060dc4b352961f86d60154a06ea2fc3569fe3d63e5c2af68dac7bd628e70aaf19e5d2afb88805.csv,303,How can I compare 1st birth and 2nd birth in 1950?,"Switch to Bar mode, set the slider to 1950, and compare the two bars.",1
91,https://observablehq.com/d/f23cbe05933d7078,"Average age of mothers at childbirth by mother's birth year, United States",average_age_of_mothers_at_childbirth_by_mothers_birth_year_united_states,average_age_of_mothers_at_childbirth_by_mothers_birth_year_united_states.js,files/c9250009143f77937b2cae6883537bef09627c059fdc5150e69060dc4b352961f86d60154a06ea2fc3569fe3d63e5c2af68dac7bd628e70aaf19e5d2afb88805.csv,304,What happens if I hover over 1973 in the line chart?,"A tooltip appears showing United States, 1973 and values for all birth orders.",1
92,https://observablehq.com/d/1b52d2aa3cf01db1,Share of women who have had a given number of births,share_of_women_who_have_had_a_given_number_of_births,share_of_women_who_have_had_a_given_number_of_births.js,files/d89d48f040521243f86a00b4a317982ccfc07cca88c6c168d974448bf3f8b893ebb5e957bc31237e1f278c58262f80e872da6931ce80eb543ce5f1efc216e6a8.csv,305,What percentage of women born in 1973 had 2 births?,34.36% of women born in 1973 had 2 births.,1
92,https://observablehq.com/d/1b52d2aa3cf01db1,Share of women who have had a given number of births,share_of_women_who_have_had_a_given_number_of_births,share_of_women_who_have_had_a_given_number_of_births.js,files/d89d48f040521243f86a00b4a317982ccfc07cca88c6c168d974448bf3f8b893ebb5e957bc31237e1f278c58262f80e872da6931ce80eb543ce5f1efc216e6a8.csv,306,How can I get the exact percentage for 1 birth among women born in 1973?,"Hover over the 1973 position and read the tooltip value for 1 birth, which is 19.29%.",1
92,https://observablehq.com/d/1b52d2aa3cf01db1,Share of women who have had a given number of births,share_of_women_who_have_had_a_given_number_of_births,share_of_women_who_have_had_a_given_number_of_births.js,files/d89d48f040521243f86a00b4a317982ccfc07cca88c6c168d974448bf3f8b893ebb5e957bc31237e1f278c58262f80e872da6931ce80eb543ce5f1efc216e6a8.csv,307,What happens if I hover over the 2 births area around 1973?,"A tooltip appears for 1973, showing all birth categories, with 2 births = 34.36% highlighted.",1
93,https://observablehq.com/d/b50ab7e321c6ccdb,Age of mothers at childbirth by mother's birth year,age_of_mothers_at_childbirth_by_mothers_birth_year,age_of_mothers_at_childbirth_by_mothers_birth_year.js,files/72da5be78ea8bf640d1e09e908811cf46846102868a6cc2736a273b8a794c4f33d9b3a36c34d6965fd1635fe3019b5f115e9feb8780e4c60975a7b3a92bc305b.csv,308,"At age 30, which cohort had a higher fertility rate in the United States: women born in 1990 or 1970?",The 1970 cohort had the higher rate.,1
93,https://observablehq.com/d/b50ab7e321c6ccdb,Age of mothers at childbirth by mother's birth year,age_of_mothers_at_childbirth_by_mothers_birth_year,age_of_mothers_at_childbirth_by_mothers_birth_year.js,files/72da5be78ea8bf640d1e09e908811cf46846102868a6cc2736a273b8a794c4f33d9b3a36c34d6965fd1635fe3019b5f115e9feb8780e4c60975a7b3a92bc305b.csv,309,How can I get the fertility rate for women in Japan born in 1990 at age 30?,Hover near age 30 in the Japan panel and read the 1990 cohort value in the tooltip.,1
93,https://observablehq.com/d/b50ab7e321c6ccdb,Age of mothers at childbirth by mother's birth year,age_of_mothers_at_childbirth_by_mothers_birth_year,age_of_mothers_at_childbirth_by_mothers_birth_year.js,files/72da5be78ea8bf640d1e09e908811cf46846102868a6cc2736a273b8a794c4f33d9b3a36c34d6965fd1635fe3019b5f115e9feb8780e4c60975a7b3a92bc305b.csv,310,What happens if I hover over age 30 in the United Kingdom panel?,A tooltip appears showing fertility rates for multiple cohorts at age 30.,1
94,https://observablehq.com/d/98862fae91a2837b,Cumulative fertility rate by women's birth year,cumulative_fertility_rate_by_womens_birth_year,cumulative_fertility_rate_by_womens_birth_year.js,files/68766b44c41839db42c023103a436f5617627173036e3543cdd9f29c64e540204cf4b1181458b1b37dd509574b0a0825180ec18cd26f9b6ab9e105867d3c9923.csv,311,What trend is visible in the age at which women reach one child on average across birth cohorts?,More recent cohorts tend to reach one child at older ages.,1
94,https://observablehq.com/d/98862fae91a2837b,Cumulative fertility rate by women's birth year,cumulative_fertility_rate_by_womens_birth_year,cumulative_fertility_rate_by_womens_birth_year.js,files/68766b44c41839db42c023103a436f5617627173036e3543cdd9f29c64e540204cf4b1181458b1b37dd509574b0a0825180ec18cd26f9b6ab9e105867d3c9923.csv,312,How can I get the average number of children for women born in 1970 by age 40?,Move the cursor to age 40 and locate the 1970 entry in the tooltip.,1
94,https://observablehq.com/d/98862fae91a2837b,Cumulative fertility rate by women's birth year,cumulative_fertility_rate_by_womens_birth_year,cumulative_fertility_rate_by_womens_birth_year.js,files/68766b44c41839db42c023103a436f5617627173036e3543cdd9f29c64e540204cf4b1181458b1b37dd509574b0a0825180ec18cd26f9b6ab9e105867d3c9923.csv,313,What happens if I hover near the 1995 cohort line around age 35?,The tooltip displays the 1995 cohort's cumulative fertility value at that age along with other cohorts for comparison.,1
95,https://observablehq.com/d/5166a95ac88c159f,Total fertility rate vs cohort fertility rate vs tempo-adjusted total fertility rate,total_fertility_rate_vs_cohort_fertility_rate_vs_tempo_adjusted_total_fertility_rate,total_fertility_rate_vs_cohort_fertility_rate_vs_tempo_adjusted_total_fertility_rate.js,files/9560569cc2675a1168475b3e4108f61e28437460b2e9f4eeee0a7c2a3063be0d233a9d09b230ba1ba8ef8ba8769f6a058817f8582efb594214777034ef135a8c.csv,314,What is the Total fertility rate in Sweden in 1990?,Approximately 2.1 children per woman.,1
95,https://observablehq.com/d/5166a95ac88c159f,Total fertility rate vs cohort fertility rate vs tempo-adjusted total fertility rate,total_fertility_rate_vs_cohort_fertility_rate_vs_tempo_adjusted_total_fertility_rate,total_fertility_rate_vs_cohort_fertility_rate_vs_tempo_adjusted_total_fertility_rate.js,files/9560569cc2675a1168475b3e4108f61e28437460b2e9f4eeee0a7c2a3063be0d233a9d09b230ba1ba8ef8ba8769f6a058817f8582efb594214777034ef135a8c.csv,315,How can I get the Completed cohort fertility rate shifted +30 years in 2010?,"Switch to Bar mode, move the year slider to 2010, and read the corresponding bar value.",1
95,https://observablehq.com/d/5166a95ac88c159f,Total fertility rate vs cohort fertility rate vs tempo-adjusted total fertility rate,total_fertility_rate_vs_cohort_fertility_rate_vs_tempo_adjusted_total_fertility_rate,total_fertility_rate_vs_cohort_fertility_rate_vs_tempo_adjusted_total_fertility_rate.js,files/9560569cc2675a1168475b3e4108f61e28437460b2e9f4eeee0a7c2a3063be0d233a9d09b230ba1ba8ef8ba8769f6a058817f8582efb594214777034ef135a8c.csv,316,What happens if I click the Bar button and move the slider to 2000?,The chart switches to a bar chart and displays the three fertility measures for 2000.,1
96,https://observablehq.com/d/503afb7f94a9169f,Annual birth rate and peak birth month,annual_birth_rate_and_peak_birth_month,annual_birth_rate_and_peak_birth_month.js,files/b7d09dd92d93bf7732416e19feadff3816d9af604e121da3039510af23e3c537e69efbb058b4c2f4f3a445143719648e277b19867e825e8ee407f8c247470e1f.csv,317,"In 2000, which country had a higher birth rate: France or Spain?",France had the higher birth rate.,1
96,https://observablehq.com/d/503afb7f94a9169f,Annual birth rate and peak birth month,annual_birth_rate_and_peak_birth_month,annual_birth_rate_and_peak_birth_month.js,files/b7d09dd92d93bf7732416e19feadff3816d9af604e121da3039510af23e3c537e69efbb058b4c2f4f3a445143719648e277b19867e825e8ee407f8c247470e1f.csv,318,How can I get the birth rate for Spain in 1995 using the bar chart?,"Switch to Bar mode, move the slider to 1995, and read Spain's bar value.",1
96,https://observablehq.com/d/503afb7f94a9169f,Annual birth rate and peak birth month,annual_birth_rate_and_peak_birth_month,annual_birth_rate_and_peak_birth_month.js,files/b7d09dd92d93bf7732416e19feadff3816d9af604e121da3039510af23e3c537e69efbb058b4c2f4f3a445143719648e277b19867e825e8ee407f8c247470e1f.csv,319,What happens if I hover over France's data point in 2000?,A tooltip shows France's birth rate and its peak birth month for 2000.,1
97,https://observablehq.com/d/528b5dcbfb99d8c6,Birth seasonality,birth_seasonality,birth_seasonality.js,files/c5223a400177c36f8f66802f80d0d732ea222f3c0aa81209d7385047815a2678a62d15150f7bb434d457b6623abb454140fe968bce6246bff48be418ea4bc903.csv,320,What seasonal trend can be observed in birth rates throughout the year?,Birth rates generally peak in late summer and early autumn.,1
97,https://observablehq.com/d/528b5dcbfb99d8c6,Birth seasonality,birth_seasonality,birth_seasonality.js,files/c5223a400177c36f8f66802f80d0d732ea222f3c0aa81209d7385047815a2678a62d15150f7bb434d457b6623abb454140fe968bce6246bff48be418ea4bc903.csv,321,How can I find the birth rate for September 2010?,Move the slider to 2010 and hover over the September bar.,1
97,https://observablehq.com/d/528b5dcbfb99d8c6,Birth seasonality,birth_seasonality,birth_seasonality.js,files/c5223a400177c36f8f66802f80d0d732ea222f3c0aa81209d7385047815a2678a62d15150f7bb434d457b6623abb454140fe968bce6246bff48be418ea4bc903.csv,322,What happens if I drag the slider from 2000 to 2010?,The bars update to display the monthly birth rates for 2010 instead of 2000.,1
98,https://observablehq.com/d/90c11d52c2bfe951,Peak birth month each year and the daily birth rate that month,peak_birth_month_each_year_and_the_daily_birth_rate_that_month,peak_birth_month_each_year_and_the_daily_birth_rate_that_month.js,files/bbea95cbdd37e3079ffb3b0062c467e27bbd6b0300ca1d7f1dc158bcdef7c103ce3781b9d42dd9bc7fc1650b7071ac01bfe06a6383895c4df0b4b899e9845968.csv,323,What was the daily birth rate in the peak month for Spain in 1990?,Approximately 39 births per day.,1
98,https://observablehq.com/d/90c11d52c2bfe951,Peak birth month each year and the daily birth rate that month,peak_birth_month_each_year_and_the_daily_birth_rate_that_month,peak_birth_month_each_year_and_the_daily_birth_rate_that_month.js,files/bbea95cbdd37e3079ffb3b0062c467e27bbd6b0300ca1d7f1dc158bcdef7c103ce3781b9d42dd9bc7fc1650b7071ac01bfe06a6383895c4df0b4b899e9845968.csv,324,How can I find the peak month and daily birth rate for France in 2005?,Hover over 2005 in the line chart and read the tooltip for France.,1
98,https://observablehq.com/d/90c11d52c2bfe951,Peak birth month each year and the daily birth rate that month,peak_birth_month_each_year_and_the_daily_birth_rate_that_month,peak_birth_month_each_year_and_the_daily_birth_rate_that_month.js,files/bbea95cbdd37e3079ffb3b0062c467e27bbd6b0300ca1d7f1dc158bcdef7c103ce3781b9d42dd9bc7fc1650b7071ac01bfe06a6383895c4df0b4b899e9845968.csv,325,What happens if I click the Bar button and move the slider to 2010?,The chart switches to bars showing France's and Spain's peak-month daily birth rates for 2010.,1
99,https://observablehq.com/d/7f15489d43316c45,"Population of cities, towns and rural areas",population_of_cities_towns_and_rural_areas,population_of_cities_towns_and_rural_areas.js,files/71406cb58de5d652fa3072828fce15836b0cc89a86a8fe57219e37d24c6a43ea783ac598fa6bf5ad1b336fb9cabd3f720111c0e8e7953ea95b0d9ac99cdec103.csv,326,"In 2020, which had a larger population in Asia: cities or rural areas?",Cities had the larger population.,1
99,https://observablehq.com/d/7f15489d43316c45,"Population of cities, towns and rural areas",population_of_cities_towns_and_rural_areas,population_of_cities_towns_and_rural_areas.js,files/71406cb58de5d652fa3072828fce15836b0cc89a86a8fe57219e37d24c6a43ea783ac598fa6bf5ad1b336fb9cabd3f720111c0e8e7953ea95b0d9ac99cdec103.csv,327,How can I find the population living in cities in North America in 2010?,Hover over 2010 in the North America panel and read the Cities value in the tooltip.,1
99,https://observablehq.com/d/7f15489d43316c45,"Population of cities, towns and rural areas",population_of_cities_towns_and_rural_areas,population_of_cities_towns_and_rural_areas.js,files/71406cb58de5d652fa3072828fce15836b0cc89a86a8fe57219e37d24c6a43ea783ac598fa6bf5ad1b336fb9cabd3f720111c0e8e7953ea95b0d9ac99cdec103.csv,328,What happens if I hover over Asia at 2020?,"A tooltip appears showing the populations of cities, towns & suburbs, rural areas, and the total population.",1
100,https://observablehq.com/d/2bc85c650c3a8152,Number of people living in the world's largest cities,number_of_people_living_in_the_worlds_largest_cities,number_of_people_living_in_the_worlds_largest_cities.js,files/60ca0ef66adacb3d4ad267449cb46afd78e9c15fcaa639d2eb03749fb8a1ffaa472e434c96fe29e786d9f76a44975ea89da10bd0460178c34d460f2c8328eb3d.csv,329,How has the population of Tokyo changed over time?,It grew rapidly before slowing and stabilizing in recent decades.,1
100,https://observablehq.com/d/2bc85c650c3a8152,Number of people living in the world's largest cities,number_of_people_living_in_the_worlds_largest_cities,number_of_people_living_in_the_worlds_largest_cities.js,files/60ca0ef66adacb3d4ad267449cb46afd78e9c15fcaa639d2eb03749fb8a1ffaa472e434c96fe29e786d9f76a44975ea89da10bd0460178c34d460f2c8328eb3d.csv,330,How can I get the projected population of New Delhi in 2035?,"Switch to Bar mode, move the slider to 2035, and read New Delhi's bar value.",1
100,https://observablehq.com/d/2bc85c650c3a8152,Number of people living in the world's largest cities,number_of_people_living_in_the_worlds_largest_cities,number_of_people_living_in_the_worlds_largest_cities.js,files/60ca0ef66adacb3d4ad267449cb46afd78e9c15fcaa639d2eb03749fb8a1ffaa472e434c96fe29e786d9f76a44975ea89da10bd0460178c34d460f2c8328eb3d.csv,331,What happens if I hover over 2020 on the line chart?,A tooltip appears showing the populations of all listed cities for 2020.,1
101,https://observablehq.com/d/b9ead2eadc99be08,Population density of the world's largest cities,population_density_of_the_worlds_largest_cities,population_density_of_the_worlds_largest_cities.js,files/1ba20d8ae9e30c23f773109d38583ae2152dbb99e2ae528d5409a0134fd954d6ae2cee696fe6b37695d829db3807df51e3ea58b2abca26e6558b7ea1314802b8.csv,332,What was the population density of Mumbai in 2020?,"Approximately 30,000 people per km².",1
101,https://observablehq.com/d/b9ead2eadc99be08,Population density of the world's largest cities,population_density_of_the_worlds_largest_cities,population_density_of_the_worlds_largest_cities.js,files/1ba20d8ae9e30c23f773109d38583ae2152dbb99e2ae528d5409a0134fd954d6ae2cee696fe6b37695d829db3807df51e3ea58b2abca26e6558b7ea1314802b8.csv,333,How can I get the projected population density of Hong Kong in 2100?,"Switch to Bar mode, move the slider to 2100, and read Hong Kong's bar value.",1
101,https://observablehq.com/d/b9ead2eadc99be08,Population density of the world's largest cities,population_density_of_the_worlds_largest_cities,population_density_of_the_worlds_largest_cities.js,files/1ba20d8ae9e30c23f773109d38583ae2152dbb99e2ae528d5409a0134fd954d6ae2cee696fe6b37695d829db3807df51e3ea58b2abca26e6558b7ea1314802b8.csv,334,What happens if I hover over 2020 on the line chart?,A tooltip appears showing the population densities of all six cities for 2020.,1
102,https://observablehq.com/d/2414ee1335c8187d,"Population of the world's largest cities, 1950 to 2035",population_of_the_worlds_largest_cities_1950_to_2035,population_of_the_worlds_largest_cities_1950_to_2035.js,files/56d813c5485c6699f72f0668c721b34bd29ecf1aef6a979cfec5b2a0d1fd0623131899fd1497a1757b6138a3a8653d366c648a00ff1a4868d19d2baa8f9e3b85.csv,335,"In 2015, which city had a larger population: Delhi or Tokyo?",Tokyo had the larger population.,1
102,https://observablehq.com/d/2414ee1335c8187d,"Population of the world's largest cities, 1950 to 2035",population_of_the_worlds_largest_cities_1950_to_2035,population_of_the_worlds_largest_cities_1950_to_2035.js,files/56d813c5485c6699f72f0668c721b34bd29ecf1aef6a979cfec5b2a0d1fd0623131899fd1497a1757b6138a3a8653d366c648a00ff1a4868d19d2baa8f9e3b85.csv,336,How can I find the population of Istanbul in 2010?,Hover over 2010 in Line mode and read Istanbul's value in the tooltip.,1
102,https://observablehq.com/d/2414ee1335c8187d,"Population of the world's largest cities, 1950 to 2035",population_of_the_worlds_largest_cities_1950_to_2035,population_of_the_worlds_largest_cities_1950_to_2035.js,files/56d813c5485c6699f72f0668c721b34bd29ecf1aef6a979cfec5b2a0d1fd0623131899fd1497a1757b6138a3a8653d366c648a00ff1a4868d19d2baa8f9e3b85.csv,337,What happens if I hover over 2020 on the line chart?,A tooltip appears showing the populations of all listed cities for 2020.,1
103,https://observablehq.com/@fyp4/malaysia-direct-investment-abroad-dia-by-sector,Malaysia Direct Investment Abroad DIA by Sector,malaysia_direct_investment_abroad_dia_by_sector,malaysia_direct_investment_abroad_dia_by_sector.js,files/e31ba05813a942683c3a2eb4e0669cf8cc18f6285b4c2feebd2e249240f26c3877a184a99360dcb8211d62642d689c96e35456abee56ba700ef1fa7989043719.csv,338,What was the Value bill in US dollars for the manufacturing in 2023?,2.8$,1
103,https://observablehq.com/@fyp4/malaysia-direct-investment-abroad-dia-by-sector,Malaysia Direct Investment Abroad DIA by Sector,malaysia_direct_investment_abroad_dia_by_sector,malaysia_direct_investment_abroad_dia_by_sector.js,files/e31ba05813a942683c3a2eb4e0669cf8cc18f6285b4c2feebd2e249240f26c3877a184a99360dcb8211d62642d689c96e35456abee56ba700ef1fa7989043719.csv,339,How do I get the information about the manufacturing in 2016?,Hovering over the bar in 2016,1
103,https://observablehq.com/@fyp4/malaysia-direct-investment-abroad-dia-by-sector,Malaysia Direct Investment Abroad DIA by Sector,malaysia_direct_investment_abroad_dia_by_sector,malaysia_direct_investment_abroad_dia_by_sector.js,files/e31ba05813a942683c3a2eb4e0669cf8cc18f6285b4c2feebd2e249240f26c3877a184a99360dcb8211d62642d689c96e35456abee56ba700ef1fa7989043719.csv,340,What is the total manufacturing in US dollars fo the years 2015 to 2020?,-2.7$,1
104,https://observablehq.com/d/326e00c42fc73c5d,Percent Change in Marijuana Use 2011 to 2016 by State,percent_change_in_marijuana_use_2011_to_2016_by_state,percent_change_in_marijuana_use_2011_to_2016_by_state.js,files/557c88176897163962be25555ce27c13e202dfaf51bbc751cd53f0ab9a2a977a987a299012df67d3b0416e31bfb2a4516f90e567484401714d08ff3d67fcc934.csv,341,How do I get the percent change of california?,Hover over california which is at the left hand side of the map.,1
104,https://observablehq.com/d/326e00c42fc73c5d,Percent Change in Marijuana Use 2011 to 2016 by State,percent_change_in_marijuana_use_2011_to_2016_by_state,percent_change_in_marijuana_use_2011_to_2016_by_state.js,files/557c88176897163962be25555ce27c13e202dfaf51bbc751cd53f0ab9a2a977a987a299012df67d3b0416e31bfb2a4516f90e567484401714d08ff3d67fcc934.csv,342,What is the percent change of Alaska?,30.3,1
104,https://observablehq.com/d/326e00c42fc73c5d,Percent Change in Marijuana Use 2011 to 2016 by State,percent_change_in_marijuana_use_2011_to_2016_by_state,percent_change_in_marijuana_use_2011_to_2016_by_state.js,files/557c88176897163962be25555ce27c13e202dfaf51bbc751cd53f0ab9a2a977a987a299012df67d3b0416e31bfb2a4516f90e567484401714d08ff3d67fcc934.csv,343,Which has the highest percent change out of all the states?,55.6 Maryland,1
105,https://observablehq.com/d/b787bc7974e1f0b2,Percent Change in Past Year Cocaine Use 2011 -2016 by state,percent_change_in_past_year_cocaine_use_2011_2016_by_state,percent_change_in_past_year_cocaine_use_2011_2016_by_state.js,files/68cd7c019dbac712ba1c04f245b2bf2ff011a9cc211c81441df1776234412f7771e352da7fbe676c35411cd154cfbce4273a14ba448307234806261bcd2b6fdb.csv,344,How do I get the percent change of Texas?,Hover over Texas which is at the bottom of the map.,1
105,https://observablehq.com/d/b787bc7974e1f0b2,Percent Change in Past Year Cocaine Use 2011 -2016 by state,percent_change_in_past_year_cocaine_use_2011_2016_by_state,percent_change_in_past_year_cocaine_use_2011_2016_by_state.js,files/68cd7c019dbac712ba1c04f245b2bf2ff011a9cc211c81441df1776234412f7771e352da7fbe676c35411cd154cfbce4273a14ba448307234806261bcd2b6fdb.csv,345,What is the percent change of New York?,28.1,1
105,https://observablehq.com/d/b787bc7974e1f0b2,Percent Change in Past Year Cocaine Use 2011 -2016 by state,percent_change_in_past_year_cocaine_use_2011_2016_by_state,percent_change_in_past_year_cocaine_use_2011_2016_by_state.js,files/68cd7c019dbac712ba1c04f245b2bf2ff011a9cc211c81441df1776234412f7771e352da7fbe676c35411cd154cfbce4273a14ba448307234806261bcd2b6fdb.csv,346,Which state has the lowest percent change?,-3.9 Illinois,1
106,https://observablehq.com/d/2abe767da206ed2b,Persistent poverty and high poverty U.S. counties,persistent_poverty_and_high_poverty_us_counties,persistent_poverty_and_high_poverty_us_counties.js,files/88e3b47f78683d1af0c812fc985bc795c68d6459da8ae1d7aa31a39343bb1fd90681bf3b95eb6c91217a7ef72ceccc04ddc6c2ff4208202c1fb40f67975f4298.csv,347,How do I get to see only the metro counties?,Using the filter on the right hand side,1
106,https://observablehq.com/d/2abe767da206ed2b,Persistent poverty and high poverty U.S. counties,persistent_poverty_and_high_poverty_us_counties,persistent_poverty_and_high_poverty_us_counties.js,files/88e3b47f78683d1af0c812fc985bc795c68d6459da8ae1d7aa31a39343bb1fd90681bf3b95eb6c91217a7ef72ceccc04ddc6c2ff4208202c1fb40f67975f4298.csv,348,What does the black color on the counties mean?,"It means that it has both, persistent and high poverty",1
106,https://observablehq.com/d/2abe767da206ed2b,Persistent poverty and high poverty U.S. counties,persistent_poverty_and_high_poverty_us_counties,persistent_poverty_and_high_poverty_us_counties.js,files/88e3b47f78683d1af0c812fc985bc795c68d6459da8ae1d7aa31a39343bb1fd90681bf3b95eb6c91217a7ef72ceccc04ddc6c2ff4208202c1fb40f67975f4298.csv,349,What kind of poverty has Merced county in California?,High Poverty,1
107,https://observablehq.com/d/6d1c43df3a1de518,Energy Consumption Animated,energy_consumption_animated,energy_consumption_animated.js,files/2688a1d146762959222d28cb0cd8c45cd067959bd3b229887826d1565960a1d59a9ce6347202d21c4c1723d22ca670d9e10acc5d6e34f29bab236b5a7552b037.csv,350,How do I get to see only solar energy?,"In the Energy Type filter click, and then select solar energy.",1
107,https://observablehq.com/d/6d1c43df3a1de518,Energy Consumption Animated,energy_consumption_animated,energy_consumption_animated.js,files/2688a1d146762959222d28cb0cd8c45cd067959bd3b229887826d1565960a1d59a9ce6347202d21c4c1723d22ca670d9e10acc5d6e34f29bab236b5a7552b037.csv,351,How do I see only between 1800 and 1880?,"In the year filter, move the cursor to the left until you see the 1880 year on the right hand side.",1
107,https://observablehq.com/d/6d1c43df3a1de518,Energy Consumption Animated,energy_consumption_animated,energy_consumption_animated.js,files/2688a1d146762959222d28cb0cd8c45cd067959bd3b229887826d1565960a1d59a9ce6347202d21c4c1723d22ca670d9e10acc5d6e34f29bab236b5a7552b037.csv,352,What is the natural gas value in 2020?,"38,000 Twh",1
108,https://observablehq.com/d/ad1587cfc205c2f2,EHS - Public,ehs_public,ehs_public.js,files/1839bc9f85d5fccee0e93a7c8d3f8942ca3a995acf09f127404fc2ef1df0fdfad7f9312d99d79977573fea13aa17575be568ca6b8c777e4ebdaf5e7883124453.csv; files/4b05560e786692af6481f09a15f0028c7596b62bf71dab075b0ce4aefbcb812493458ea6dbebf324ef61a8a59001ddb4550796048c836176d21e7a5a81d32c5d.csv; files/efdce4bb52b7590ae0698db9cbb8bd7c5b1f8aaf82e986f6773cdd8485548d72ea719856a0e08d649b3aac6bf3f4a7a4d1002e6584bbe68cbb81573a08917419.csv,353,What is the difference between the National Home Sales Annualized Rate value in January 2021 and January 2024?,"In 2021 the value is 6967398 and in 2024 is 4134501, so there is a difference of 2832897",1
108,https://observablehq.com/d/ad1587cfc205c2f2,EHS - Public,ehs_public,ehs_public.js,files/1839bc9f85d5fccee0e93a7c8d3f8942ca3a995acf09f127404fc2ef1df0fdfad7f9312d99d79977573fea13aa17575be568ca6b8c777e4ebdaf5e7883124453.csv; files/4b05560e786692af6481f09a15f0028c7596b62bf71dab075b0ce4aefbcb812493458ea6dbebf324ef61a8a59001ddb4550796048c836176d21e7a5a81d32c5d.csv; files/efdce4bb52b7590ae0698db9cbb8bd7c5b1f8aaf82e986f6773cdd8485548d72ea719856a0e08d649b3aac6bf3f4a7a4d1002e6584bbe68cbb81573a08917419.csv,354,How do I see Year over Year change?,"Go to the metrics filter at the top, click and select Year over Year.",1
108,https://observablehq.com/d/ad1587cfc205c2f2,EHS - Public,ehs_public,ehs_public.js,files/1839bc9f85d5fccee0e93a7c8d3f8942ca3a995acf09f127404fc2ef1df0fdfad7f9312d99d79977573fea13aa17575be568ca6b8c777e4ebdaf5e7883124453.csv; files/4b05560e786692af6481f09a15f0028c7596b62bf71dab075b0ce4aefbcb812493458ea6dbebf324ef61a8a59001ddb4550796048c836176d21e7a5a81d32c5d.csv; files/efdce4bb52b7590ae0698db9cbb8bd7c5b1f8aaf82e986f6773cdd8485548d72ea719856a0e08d649b3aac6bf3f4a7a4d1002e6584bbe68cbb81573a08917419.csv,355,What is the National Home Sales Annualized Rate of August 2013?,"4,999,167",1
109,https://observablehq.com/d/11cf572dd1b14ff7,Homicide Rates,homicide_rates,homicide_rates.js,files/090b0489b61dfeb9db12c5c045ceef55cc22c9f8db9e3908a6dfcd3e60b68518866a951ca103e0b71dc0c96a8839a4a6f4ddbe5903a432066cd77ab4fc7d97ce.csv,356,What is the difference between Afghanistan and South America in 2017?,Afghanistan has a rate of 6.7 while South America has a rate of 23.6,1
109,https://observablehq.com/d/11cf572dd1b14ff7,Homicide Rates,homicide_rates,homicide_rates.js,files/090b0489b61dfeb9db12c5c045ceef55cc22c9f8db9e3908a6dfcd3e60b68518866a951ca103e0b71dc0c96a8839a4a6f4ddbe5903a432066cd77ab4fc7d97ce.csv,357,What is the value of South America in 1995?,21.1,1
109,https://observablehq.com/d/11cf572dd1b14ff7,Homicide Rates,homicide_rates,homicide_rates.js,files/090b0489b61dfeb9db12c5c045ceef55cc22c9f8db9e3908a6dfcd3e60b68518866a951ca103e0b71dc0c96a8839a4a6f4ddbe5903a432066cd77ab4fc7d97ce.csv,358,How do I get the value of Afghanistan in 2012?,Hover over the point of the blue line in the 1021 mark.,1
110,https://observablehq.com/@fyp4/olympic-games-medals-over-time,Olympic Games Medals over Time,olympic_games_medals_over_time,olympic_games_medals_over_time.js,files/1321d779fc9703d297ca695a37dd800e4709db0ee42ddd2b36ab1a13235ad838dfe30695ae76bda7ade60276fad63f2868eab004514a80581f2101215fdc3db3.csv,359,How do I see the medals of Germany in Winter?,In the filter above select winter and then hover over the blue part of the graph,1
110,https://observablehq.com/@fyp4/olympic-games-medals-over-time,Olympic Games Medals over Time,olympic_games_medals_over_time,olympic_games_medals_over_time.js,files/1321d779fc9703d297ca695a37dd800e4709db0ee42ddd2b36ab1a13235ad838dfe30695ae76bda7ade60276fad63f2868eab004514a80581f2101215fdc3db3.csv,360,How many medals does Other Europe have in 2008?,221,1
110,https://observablehq.com/@fyp4/olympic-games-medals-over-time,Olympic Games Medals over Time,olympic_games_medals_over_time,olympic_games_medals_over_time.js,files/1321d779fc9703d297ca695a37dd800e4709db0ee42ddd2b36ab1a13235ad838dfe30695ae76bda7ade60276fad63f2868eab004514a80581f2101215fdc3db3.csv,361,What color do I need to look at to see the medals of Germany?,You need to look at the bright blue color,1
111,https://observablehq.com/@yonsei-university/life-expectancy,Life expectancy,life_expectancy,life_expectancy.js,files/bdd33362c0c0fd8d93e91c827b5c9b7057c4a89dfb37d96c4d2a1bdf42eb4c1658bde6edd223f87300475c241f8431ac679e991e263b69d156313f2fe5683a94.csv,362,How can I see the life expectancy in the year 2000?,Go to the slide bar at the top and slide to the left until I get to the 2000,1
111,https://observablehq.com/@yonsei-university/life-expectancy,Life expectancy,life_expectancy,life_expectancy.js,files/bdd33362c0c0fd8d93e91c827b5c9b7057c4a89dfb37d96c4d2a1bdf42eb4c1658bde6edd223f87300475c241f8431ac679e991e263b69d156313f2fe5683a94.csv,363,What is the male life expectancy in Nigeria in 2021?,52.3,1
111,https://observablehq.com/@yonsei-university/life-expectancy,Life expectancy,life_expectancy,life_expectancy.js,files/bdd33362c0c0fd8d93e91c827b5c9b7057c4a89dfb37d96c4d2a1bdf42eb4c1658bde6edd223f87300475c241f8431ac679e991e263b69d156313f2fe5683a94.csv,364,What do I have to do to see the female life expectancy in India in 2021?,"Select the year 2021 in the slider bar, and then go to the big blue circle on the left and hover over it.",1
112,https://observablehq.com/@yonsei-university/us-masters,US Masters,us_masters,us_masters.js,files/eb445e88803a91d8d435bdc282876882ca9341edd47d784c06f4155962a691c841d4406869ca9d8ebc2a829f277fe7ec01f82ef0f736847031b8e353ff371653.csv,365,How do I make it stop in the 18th hole?,Click right above the 18 mark.,1
112,https://observablehq.com/@yonsei-university/us-masters,US Masters,us_masters,us_masters.js,files/eb445e88803a91d8d435bdc282876882ca9341edd47d784c06f4155962a691c841d4406869ca9d8ebc2a829f277fe7ec01f82ef0f736847031b8e353ff371653.csv,366,How many shots under par that Rose has in the 18th hole?,-7,1
112,https://observablehq.com/@yonsei-university/us-masters,US Masters,us_masters,us_masters.js,files/eb445e88803a91d8d435bdc282876882ca9341edd47d784c06f4155962a691c841d4406869ca9d8ebc2a829f277fe7ec01f82ef0f736847031b8e353ff371653.csv,367,Who does the orange line represent?,DeChambeau,1
113,https://observablehq.com/d/780072d35cb6100d,Dealt with anxiety with religion,dealt_with_anxiety_with_religion,dealt_with_anxiety_with_religion.js,files/2c6d3ee136b1a954d25940eae75a49aa81c33f3b7e887903be3010523489000cbbbcee18bcdf1f3e902b1f64c14cc9622ea9fa09132f1ffed18817cb3367a1a8.csv,368,What is the percentage of people that dealt with anxiety or depression by engaging with religious or spiritual activities in Brazil?,53.73%,1
113,https://observablehq.com/d/780072d35cb6100d,Dealt with anxiety with religion,dealt_with_anxiety_with_religion,dealt_with_anxiety_with_religion.js,files/2c6d3ee136b1a954d25940eae75a49aa81c33f3b7e887903be3010523489000cbbbcee18bcdf1f3e902b1f64c14cc9622ea9fa09132f1ffed18817cb3367a1a8.csv,369,What is the country with the lowest percentage?,Bulgaria,1
113,https://observablehq.com/d/780072d35cb6100d,Dealt with anxiety with religion,dealt_with_anxiety_with_religion,dealt_with_anxiety_with_religion.js,files/2c6d3ee136b1a954d25940eae75a49aa81c33f3b7e887903be3010523489000cbbbcee18bcdf1f3e902b1f64c14cc9622ea9fa09132f1ffed18817cb3367a1a8.csv,370,What does the strong pink color mean?,It means that it has a high percentage of 45-50%,1
114,https://observablehq.com/d/da18df4887a7180e,Share of the rural and urban population with access to clean fuels for cooking,share_of_the_rural_and_urban_population_with_access_to_clean_fuels_for_cooking,share_of_the_rural_and_urban_population_with_access_to_clean_fuels_for_cooking.js,files/40e1d983eb294ec8cda71a43d19b26d0bbfc0a9a53d4d0270af51197d71abea455079fda7cac5421343305b5ffa28d518537fbb7f53e526b865706b7571634f3.csv,371,What is the percentage of the urban population percentage in 2008?,79.95%,1
114,https://observablehq.com/d/da18df4887a7180e,Share of the rural and urban population with access to clean fuels for cooking,share_of_the_rural_and_urban_population_with_access_to_clean_fuels_for_cooking,share_of_the_rural_and_urban_population_with_access_to_clean_fuels_for_cooking.js,files/40e1d983eb294ec8cda71a43d19b26d0bbfc0a9a53d4d0270af51197d71abea455079fda7cac5421343305b5ffa28d518537fbb7f53e526b865706b7571634f3.csv,372,How do I see the percentage for both urban and rural population percentage in bar chart?,"First, click the toggle to Bar until it turns blue. Then, the bar chart for both urban and rural population percentage will be shown.",1
114,https://observablehq.com/d/da18df4887a7180e,Share of the rural and urban population with access to clean fuels for cooking,share_of_the_rural_and_urban_population_with_access_to_clean_fuels_for_cooking,share_of_the_rural_and_urban_population_with_access_to_clean_fuels_for_cooking.js,files/40e1d983eb294ec8cda71a43d19b26d0bbfc0a9a53d4d0270af51197d71abea455079fda7cac5421343305b5ffa28d518537fbb7f53e526b865706b7571634f3.csv,373,What are the average percentage of urban population throughout the whole year?,82.47%,1
115,https://observablehq.com/d/53d1b4690a751951,"Antibiotic use in livestock, 2020",antibiotic_use_in_livestock_2020,antibiotic_use_in_livestock_2020.js,files/ab314c3164ac2b1b223d43500846820601a37b03a71451f05bbf41de5a9f48ac4a518964f1d5858a9e83be3d8d3b17911f2fc164c85e73193ad40f54c56fd72e.csv,374,What is Iran's antibiotic use in 2020?,145.37 mg/CPU,1
115,https://observablehq.com/d/53d1b4690a751951,"Antibiotic use in livestock, 2020",antibiotic_use_in_livestock_2020,antibiotic_use_in_livestock_2020.js,files/ab314c3164ac2b1b223d43500846820601a37b03a71451f05bbf41de5a9f48ac4a518964f1d5858a9e83be3d8d3b17911f2fc164c85e73193ad40f54c56fd72e.csv,375,What happens if I hover over the bars?,"When hovering over the bars, tooltip box showing the country name, continent and the antibiotic use data of that country.",1
115,https://observablehq.com/d/53d1b4690a751951,"Antibiotic use in livestock, 2020",antibiotic_use_in_livestock_2020,antibiotic_use_in_livestock_2020.js,files/ab314c3164ac2b1b223d43500846820601a37b03a71451f05bbf41de5a9f48ac4a518964f1d5858a9e83be3d8d3b17911f2fc164c85e73193ad40f54c56fd72e.csv,376,What are the average of the antibiotic usage for Asian countries?,94.36 mg/PCU,1
116,https://observablehq.com/d/12bfeaa94b53f7f1,Share of the urban and rural population using safely managed drinking water,share_of_the_urban_and_rural_population_using_safely_managed_drinking_water,share_of_the_urban_and_rural_population_using_safely_managed_drinking_water.js,files/90fed9b5fb3c05c9018359122b95fc8465f2351f18defd561da43e2f5630e2d189070dcf7fe15b084041d01b87a403fadd241736f60afb26b5c68f3cd5f1ddf0.csv,377,What is the percentage difference between rural and urban in 2011?,Urban is 82.7% and Rural is 46.6% so the difference is 36.1%,1
116,https://observablehq.com/d/12bfeaa94b53f7f1,Share of the urban and rural population using safely managed drinking water,share_of_the_urban_and_rural_population_using_safely_managed_drinking_water,share_of_the_urban_and_rural_population_using_safely_managed_drinking_water.js,files/90fed9b5fb3c05c9018359122b95fc8465f2351f18defd561da43e2f5630e2d189070dcf7fe15b084041d01b87a403fadd241736f60afb26b5c68f3cd5f1ddf0.csv,378,How do I get the information for 2016 in the bar chart?,"You just use the slider you can find at bottom, and slide to the left until you see in the title the 2016",1
116,https://observablehq.com/d/12bfeaa94b53f7f1,Share of the urban and rural population using safely managed drinking water,share_of_the_urban_and_rural_population_using_safely_managed_drinking_water,share_of_the_urban_and_rural_population_using_safely_managed_drinking_water.js,files/90fed9b5fb3c05c9018359122b95fc8465f2351f18defd561da43e2f5630e2d189070dcf7fe15b084041d01b87a403fadd241736f60afb26b5c68f3cd5f1ddf0.csv,379,What is the percentage of urban population using safely managed water in 2016?,83.10%,1
117,https://observablehq.com/d/ef9c461497a97a5d,Antibiotic use in livestock per kilogram of meat product,antibiotic_use_in_livestock_per_kilogram_of_meat_product,antibiotic_use_in_livestock_per_kilogram_of_meat_product.js,files/8e02de4afeeb09cc81ea1edb4853da6df9df14fc4e594399051970ea61a2905f797709bd86493b49ef380905d80e3c05ce7d68a135d8f52fa8499d96e7ad8705.csv,380,How can user see the trend for all continent's antibiotic use in livestock per kilogram through out the year?,"First, user can click on the Bar toggle until it turns blue. Then, bar charts for all teh continents will show up. User can use the slider at the bottom to slide through the years to see the trend for how antibitoic usage changes over the time.",1
117,https://observablehq.com/d/ef9c461497a97a5d,Antibiotic use in livestock per kilogram of meat product,antibiotic_use_in_livestock_per_kilogram_of_meat_product,antibiotic_use_in_livestock_per_kilogram_of_meat_product.js,files/8e02de4afeeb09cc81ea1edb4853da6df9df14fc4e594399051970ea61a2905f797709bd86493b49ef380905d80e3c05ce7d68a135d8f52fa8499d96e7ad8705.csv,381,What is the antibitic use in livestock per kilogram for Africa in 2018?,17.7 mg/kg,1
117,https://observablehq.com/d/ef9c461497a97a5d,Antibiotic use in livestock per kilogram of meat product,antibiotic_use_in_livestock_per_kilogram_of_meat_product,antibiotic_use_in_livestock_per_kilogram_of_meat_product.js,files/8e02de4afeeb09cc81ea1edb4853da6df9df14fc4e594399051970ea61a2905f797709bd86493b49ef380905d80e3c05ce7d68a135d8f52fa8499d96e7ad8705.csv,382,What is the percentage of Europe's antibiotic usage?,61.78%,1
118,https://observablehq.com/d/6b6283867644b9dd,Consumption of oral antibiotics by type,consumption_of_oral_antibiotics_by_type,consumption_of_oral_antibiotics_by_type.js,files/c439905bfae334c5851823e518333a402985e955f12ad72ed6b0d1e1cb3038b682e8bf0ab0273d33971ba43ff7d3f39a0790914405fe42dbb02d7232931fe700.csv,383,What does the color green of the line graph represent?,Tetracyclines,1
118,https://observablehq.com/d/6b6283867644b9dd,Consumption of oral antibiotics by type,consumption_of_oral_antibiotics_by_type,consumption_of_oral_antibiotics_by_type.js,files/c439905bfae334c5851823e518333a402985e955f12ad72ed6b0d1e1cb3038b682e8bf0ab0273d33971ba43ff7d3f39a0790914405fe42dbb02d7232931fe700.csv,384,In 2021 what is the usage of penicillin with extended spectrum?,2.52,1
118,https://observablehq.com/d/6b6283867644b9dd,Consumption of oral antibiotics by type,consumption_of_oral_antibiotics_by_type,consumption_of_oral_antibiotics_by_type.js,files/c439905bfae334c5851823e518333a402985e955f12ad72ed6b0d1e1cb3038b682e8bf0ab0273d33971ba43ff7d3f39a0790914405fe42dbb02d7232931fe700.csv,385,In the bar chart how can I see the information for Nitroimidazole for 2018?,Slide the slider bar that is found at the bottom to the left and then search for the Nitroimidazole that should be around the middle.,1
119,https://observablehq.com/d/1b8142eafd60feaf,Share of countries reporting confirmed bacterial infections,share_of_countries_reporting_confirmed_bacterial_infections,share_of_countries_reporting_confirmed_bacterial_infections.js,files/33238455c3ecf6f3e47f78d353b9f8c6d38dd653703faeb77e77f198a2c49c7ea09891c4d43c56b164d554fed2c644387a087b7826c58f92206d881c5584985c.csv,386,In the European union what percentage of infections were Gastrointestinal infection sin 2019?,15.10%,1
119,https://observablehq.com/d/1b8142eafd60feaf,Share of countries reporting confirmed bacterial infections,share_of_countries_reporting_confirmed_bacterial_infections,share_of_countries_reporting_confirmed_bacterial_infections.js,files/33238455c3ecf6f3e47f78d353b9f8c6d38dd653703faeb77e77f198a2c49c7ea09891c4d43c56b164d554fed2c644387a087b7826c58f92206d881c5584985c.csv,387,What is the difference between European Region and South-East Asia Region in the percentage of bloodstream infections in 2018?,So the European Region had 47.2% and South-East Asia Region had 63.6% so The East Asia Region was 16.4%,1
119,https://observablehq.com/d/1b8142eafd60feaf,Share of countries reporting confirmed bacterial infections,share_of_countries_reporting_confirmed_bacterial_infections,share_of_countries_reporting_confirmed_bacterial_infections.js,files/33238455c3ecf6f3e47f78d353b9f8c6d38dd653703faeb77e77f198a2c49c7ea09891c4d43c56b164d554fed2c644387a087b7826c58f92206d881c5584985c.csv,388,What does the Red color represent on the graphs?,It represents bloodstream infections.,1
120,https://observablehq.com/d/403f829227ef598a,Share of countries testing bacterial infections for antibiotic susceptibility,share_of_countries_testing_bacterial_infections_for_antibiotic_susceptibility,share_of_countries_testing_bacterial_infections_for_antibiotic_susceptibility.js,files/86cfbce86d195d2a041bb4c50a6ffc4a4953dc280c277b250f61ccb05b9a218cf541e474824487f9fac3521f9770840e88e051eaa571f994798838ec1208a926.csv,389,What can the user see when they hover over the line charts?,"The user will see the tooltip box showing the year, bloodstream infection, gonorrhea infections, gastrointestinal infection and urinary tract infections percentage for the hovered continent.",1
120,https://observablehq.com/d/403f829227ef598a,Share of countries testing bacterial infections for antibiotic susceptibility,share_of_countries_testing_bacterial_infections_for_antibiotic_susceptibility,share_of_countries_testing_bacterial_infections_for_antibiotic_susceptibility.js,files/86cfbce86d195d2a041bb4c50a6ffc4a4953dc280c277b250f61ccb05b9a218cf541e474824487f9fac3521f9770840e88e051eaa571f994798838ec1208a926.csv,390,"If the user clicks the play button at the bottom, what will happen?","In the bar chart toggle, it will show the bar charts for all diseases in all continent per year. Then, it will change to another year automatically until the end of the year range, which is 2022.",1
120,https://observablehq.com/d/403f829227ef598a,Share of countries testing bacterial infections for antibiotic susceptibility,share_of_countries_testing_bacterial_infections_for_antibiotic_susceptibility,share_of_countries_testing_bacterial_infections_for_antibiotic_susceptibility.js,files/86cfbce86d195d2a041bb4c50a6ffc4a4953dc280c277b250f61ccb05b9a218cf541e474824487f9fac3521f9770840e88e051eaa571f994798838ec1208a926.csv,391,what is the average for bloodstream infection for all the continents in 2019?,40.23%,1
121,https://observablehq.com/d/2edf413947172c98,Air pollutant emissions,air_pollutant_emissions,air_pollutant_emissions.js,files/24a77c03f0c7a671b750a3b8ee74ff29dac8c5ecbc66be3dbeefdba63abf80a1119c2f663f00f50ee5c92a6d1158ec0eac8ecbf0f189e77d73f5a9ce81726d1e.csv,392,What does the red color represent in the graph?,n represents the Sulphur Dioxide (SO2),1
121,https://observablehq.com/d/2edf413947172c98,Air pollutant emissions,air_pollutant_emissions,air_pollutant_emissions.js,files/24a77c03f0c7a671b750a3b8ee74ff29dac8c5ecbc66be3dbeefdba63abf80a1119c2f663f00f50ee5c92a6d1158ec0eac8ecbf0f189e77d73f5a9ce81726d1e.csv,393,What is the total million tones of emissions in 1986?,9.4 million tonnes,1
121,https://observablehq.com/d/2edf413947172c98,Air pollutant emissions,air_pollutant_emissions,air_pollutant_emissions.js,files/24a77c03f0c7a671b750a3b8ee74ff29dac8c5ecbc66be3dbeefdba63abf80a1119c2f663f00f50ee5c92a6d1158ec0eac8ecbf0f189e77d73f5a9ce81726d1e.csv,394,How many tonnes has the Nitrogen oxides in 1998?,2 million tonnes,1
122,https://observablehq.com/d/87d1c51fd93a6608,Air pollution,air_pollution,air_pollution.js,files/6aa33353c180052409097534428175a4031558889e41fff31faa7ef9cdeeb3f8a1173e3c5947548a9c4cfd516cd461a2b58fcdfbf8091ca3f9e0190ef7fe6427.csv,395,What is the difference between London and Delhi in 2008?,London has 19 microgram per cube meter while Delhi has 416 microgram by cube meter.,1
122,https://observablehq.com/d/87d1c51fd93a6608,Air pollution,air_pollution,air_pollution.js,files/6aa33353c180052409097534428175a4031558889e41fff31faa7ef9cdeeb3f8a1173e3c5947548a9c4cfd516cd461a2b58fcdfbf8091ca3f9e0190ef7fe6427.csv,396,In which year does Delhi appear for the first time in the bar chart?,1997,1
122,https://observablehq.com/d/87d1c51fd93a6608,Air pollution,air_pollution,air_pollution.js,files/6aa33353c180052409097534428175a4031558889e41fff31faa7ef9cdeeb3f8a1173e3c5947548a9c4cfd516cd461a2b58fcdfbf8091ca3f9e0190ef7fe6427.csv,397,What is the air pollution in London in 1997?,40.23%,1
123,https://observablehq.com/d/1f49f2844767ff2e,Emissions of air pollutants France,emissions_of_air_pollutants_france,emissions_of_air_pollutants_france.js,files/12ba90fdf988b87f00a19c4e553686579adba1a33f76de27fe68e920e65b9006c95faa6821b16db42f86193cdc858fd6dedb4b478d725f545b353b8eb36a47bb.csv,398,What is the emissions of Nitrogen oxides in the 2000?,82.61,1
123,https://observablehq.com/d/1f49f2844767ff2e,Emissions of air pollutants France,emissions_of_air_pollutants_france,emissions_of_air_pollutants_france.js,files/12ba90fdf988b87f00a19c4e553686579adba1a33f76de27fe68e920e65b9006c95faa6821b16db42f86193cdc858fd6dedb4b478d725f545b353b8eb36a47bb.csv,399,What does the purple color represent?,Sulphur oxides,1
123,https://observablehq.com/d/1f49f2844767ff2e,Emissions of air pollutants France,emissions_of_air_pollutants_france,emissions_of_air_pollutants_france.js,files/12ba90fdf988b87f00a19c4e553686579adba1a33f76de27fe68e920e65b9006c95faa6821b16db42f86193cdc858fd6dedb4b478d725f545b353b8eb36a47bb.csv,400,How do I see in the bar chart the information for 2007?,Move the slider that can be found at the bottom of the chart to the left until you see up in the title the 2007,1
124,https://observablehq.com/d/487752634c6a504f,"Emissions of particulate matter, UK",emissions_of_particulate_matter_uk,emissions_of_particulate_matter_uk.js,files/8dd8d676f3743320ea3d27faadadc49a126176c3cfcd759e6b1385135cabb367c699460143440b2bff8caa2faba6b7a5d055c402775471b16f13c8f0d069e6b5.csv,401,What does the blue line means in the line chart?,Blue line indicates the PM 2.5,1
124,https://observablehq.com/d/487752634c6a504f,"Emissions of particulate matter, UK",emissions_of_particulate_matter_uk,emissions_of_particulate_matter_uk.js,files/8dd8d676f3743320ea3d27faadadc49a126176c3cfcd759e6b1385135cabb367c699460143440b2bff8caa2faba6b7a5d055c402775471b16f13c8f0d069e6b5.csv,402,Is the emission of particulate matter of PM10 higher in 2012 or 2014?,"The emission of particulate matter for 2012 and 2014 are equal, which is at 172,000 tonnes",1
124,https://observablehq.com/d/487752634c6a504f,"Emissions of particulate matter, UK",emissions_of_particulate_matter_uk,emissions_of_particulate_matter_uk.js,files/8dd8d676f3743320ea3d27faadadc49a126176c3cfcd759e6b1385135cabb367c699460143440b2bff8caa2faba6b7a5d055c402775471b16f13c8f0d069e6b5.csv,403,What is the average for emission of PM2.5 throughout 1990s?,"197,800 tonnes",1
125,https://observablehq.com/d/85ede1c922cd5ec4,"Emissions of air pollutants, US",emissions_of_air_pollutants_us,emissions_of_air_pollutants_us.js,files/74fba016d111d596d6e0401d586d46e6f7db21909d95959498cb90f61c343f5aed2048e964aba7766d9ad3486961517fc0692d3351ca31391176e31acda7840e.csv,404,In 1995 which of the pollutants was the highest?,Ammonia,1
125,https://observablehq.com/d/85ede1c922cd5ec4,"Emissions of air pollutants, US",emissions_of_air_pollutants_us,emissions_of_air_pollutants_us.js,files/74fba016d111d596d6e0401d586d46e6f7db21909d95959498cb90f61c343f5aed2048e964aba7766d9ad3486961517fc0692d3351ca31391176e31acda7840e.csv,405,How do I get the value of Nitrogen oxides in 2004?,You can hover over the line chart. Or you can click the bar button and use the slider until you get to 2004,1
125,https://observablehq.com/d/85ede1c922cd5ec4,"Emissions of air pollutants, US",emissions_of_air_pollutants_us,emissions_of_air_pollutants_us.js,files/74fba016d111d596d6e0401d586d46e6f7db21909d95959498cb90f61c343f5aed2048e964aba7766d9ad3486961517fc0692d3351ca31391176e31acda7840e.csv,406,What is the difference between Ammonia and Nitrogen Oxides in 2003?,99.89 of Ammonia and 84.26 of Nitrogen Oxides so there is a difference of 15.63,1
126,https://observablehq.com/d/e3431bf57a73942f,Obesity in men vs. women,obesity_in_men_vs_women,obesity_in_men_vs_women.js,files/5c7c66c94ae2548719490cdfb01f34a42f47cb2c964a3e6d165237a7d9d6527c27e4e634e110926f3612708e7981058d4bd80b53eae957194d8f2092d6fadffb.csv,407,How can I get the data for the percentage of obesity in men of 1994 in Switzerland?,"First, slide the year slider at the bottom and slide until the year 1994. Check the current year at the title of the chart. Next, cehck the colour point for Europe, as Switzerland is a European country, which is dark blue. Then, hover over the graph to check the dark blue points where user can see the tooltip box showing the country name, percentages of obesity for both men and women.",1
126,https://observablehq.com/d/e3431bf57a73942f,Obesity in men vs. women,obesity_in_men_vs_women,obesity_in_men_vs_women.js,files/5c7c66c94ae2548719490cdfb01f34a42f47cb2c964a3e6d165237a7d9d6527c27e4e634e110926f3612708e7981058d4bd80b53eae957194d8f2092d6fadffb.csv,408,How does the overall trend for women obesity percentage throughout the time?,"Throughout the year, we can see the obesity percentage for women overall is increasing.",1
126,https://observablehq.com/d/e3431bf57a73942f,Obesity in men vs. women,obesity_in_men_vs_women,obesity_in_men_vs_women.js,files/5c7c66c94ae2548719490cdfb01f34a42f47cb2c964a3e6d165237a7d9d6527c27e4e634e110926f3612708e7981058d4bd80b53eae957194d8f2092d6fadffb.csv,409,Which continent has the highest difference between men and women obesity?,"North America has the highest difference between men and women obesity, with women averaging about 11.52 percentage points higher than men.",1
127,https://observablehq.com/d/52834f9dce743483,Lung cancer death rates,lung_cancer_death_rates,lung_cancer_death_rates.js,files/24a9a9f7dfde85ed0bf7f684b6e749e03d1e606d69f343cbd2fa1f906f8857be1fe5768d4169f44946d622428465fdf3158d787f9a1b0593734738e99a21c89f.csv,410,"Clicking the year slider play button, what insights can we get?","Starting from 1950, we can see the huge difference of lung cancer death rates between men and women where women has much lower rates. It keeps decreasing up until 1970, then started to increase in a large amount up until 2022. But, overall, the death rate for women is still lower than men througout the time.",1
127,https://observablehq.com/d/52834f9dce743483,Lung cancer death rates,lung_cancer_death_rates,lung_cancer_death_rates.js,files/24a9a9f7dfde85ed0bf7f684b6e749e03d1e606d69f343cbd2fa1f906f8857be1fe5768d4169f44946d622428465fdf3158d787f9a1b0593734738e99a21c89f.csv,411,Which decade had the highest average difference between men and women across all countries shown?,1980s with difference of 32.25%,1
127,https://observablehq.com/d/52834f9dce743483,Lung cancer death rates,lung_cancer_death_rates,lung_cancer_death_rates.js,files/24a9a9f7dfde85ed0bf7f684b6e749e03d1e606d69f343cbd2fa1f906f8857be1fe5768d4169f44946d622428465fdf3158d787f9a1b0593734738e99a21c89f.csv,412,"Across all countries and years shown, what percentage of the combined men-and-women total comes from men?",78.99%,1
128,https://observablehq.com/d/2fd761813b14ae95,Number of cigarettes smoked per smoker per day,number_of_cigarettes_smoked_per_smoker_per_day,number_of_cigarettes_smoked_per_smoker_per_day.js,files/1dce79366851874d83087bb0daa3f6045e096dd0a679979b0f22b3e51d05254dbab24284e4ad0803cf2e4f47b03ab244505ecea9831bae9970a3d1a9df78d9c6.csv,413,What does the red line in the line chart for?,It is to show the number of cigarettes smoked per smoker per day for women in the US,1
128,https://observablehq.com/d/2fd761813b14ae95,Number of cigarettes smoked per smoker per day,number_of_cigarettes_smoked_per_smoker_per_day,number_of_cigarettes_smoked_per_smoker_per_day.js,files/1dce79366851874d83087bb0daa3f6045e096dd0a679979b0f22b3e51d05254dbab24284e4ad0803cf2e4f47b03ab244505ecea9831bae9970a3d1a9df78d9c6.csv,414,What is the overall trend seen for both men and women for this chart?,"Overall, for both genders, we can see the lowest drop in the number of cigarettes in 1958-1959. The numbers for men is always higher than women through all the years. The trend for incerasing and decreasing are seen similar for both men and women.",1
128,https://observablehq.com/d/2fd761813b14ae95,Number of cigarettes smoked per smoker per day,number_of_cigarettes_smoked_per_smoker_per_day,number_of_cigarettes_smoked_per_smoker_per_day.js,files/1dce79366851874d83087bb0daa3f6045e096dd0a679979b0f22b3e51d05254dbab24284e4ad0803cf2e4f47b03ab244505ecea9831bae9970a3d1a9df78d9c6.csv,415,"Across all years shown, what is the average difference between male and female values?","3.38 percentage, (19.36% - 15.98%)",1
129,https://observablehq.com/d/6d2233dd5bb9418b,Number of daily smokers in 2012,number_of_daily_smokers_in_2012,number_of_daily_smokers_in_2012.js,files/9f877aef5a69619c7cafca80942c7ded99a2e439268efacfeb6c308610ebd6a0ca5cc4239df167173d85ef684db00aa1fce7a16d3486101ae7ce8c7ae9550c4b.csv,416,What happens when user hover over the line chart?,"Upon hovering, user can check the data of number of daily smokers for Japan, Germany, Italy, UK, Thailand, Peru, Finland and Singapore through a tooltip box that combine all the countries' data by year.",1
129,https://observablehq.com/d/6d2233dd5bb9418b,Number of daily smokers in 2012,number_of_daily_smokers_in_2012,number_of_daily_smokers_in_2012.js,files/9f877aef5a69619c7cafca80942c7ded99a2e439268efacfeb6c308610ebd6a0ca5cc4239df167173d85ef684db00aa1fce7a16d3486101ae7ce8c7ae9550c4b.csv,417,"Which country has the highest number of smokers in 1990, Italy or the UK?",Italy,1
129,https://observablehq.com/d/6d2233dd5bb9418b,Number of daily smokers in 2012,number_of_daily_smokers_in_2012,number_of_daily_smokers_in_2012.js,files/9f877aef5a69619c7cafca80942c7ded99a2e439268efacfeb6c308610ebd6a0ca5cc4239df167173d85ef684db00aa1fce7a16d3486101ae7ce8c7ae9550c4b.csv,418,How can this chart be bias towards certain country?,"For example, Singapore could seen the country that has the least smokers compared to others. But it doesn't take account the total number of citizen. Percentage data is much more reliable in this case, insetad of count.",1
130,https://observablehq.com/d/8f928d4d65b3c4ec,Share of adults who smoke in 2000 vs. 2022,share_of_adults_who_smoke_in_2000_vs_2022,share_of_adults_who_smoke_in_2000_vs_2022.js,files/738363253617193e218569ae931b321ef5ced19ae10e5ed10cd39e60dc13c356811a2edf32a9944e3ae21dfb4ffbf506db26329c2eb741c97fa77f44ea20cbbc.csv,419,Which region had the largest average decrease in adult smoking share from 2000 to 2022?,South America,1
130,https://observablehq.com/d/8f928d4d65b3c4ec,Share of adults who smoke in 2000 vs. 2022,share_of_adults_who_smoke_in_2000_vs_2022,share_of_adults_who_smoke_in_2000_vs_2022.js,files/738363253617193e218569ae931b321ef5ced19ae10e5ed10cd39e60dc13c356811a2edf32a9944e3ae21dfb4ffbf506db26329c2eb741c97fa77f44ea20cbbc.csv,420,Which region had the highest percentage of countries where adult smoking decreased by at least 10 percentage points from 2000 to 2022?,South America,1
130,https://observablehq.com/d/8f928d4d65b3c4ec,Share of adults who smoke in 2000 vs. 2022,share_of_adults_who_smoke_in_2000_vs_2022,share_of_adults_who_smoke_in_2000_vs_2022.js,files/738363253617193e218569ae931b321ef5ced19ae10e5ed10cd39e60dc13c356811a2edf32a9944e3ae21dfb4ffbf506db26329c2eb741c97fa77f44ea20cbbc.csv,421,"Across all countries shown, which region contributed the largest share of the total country-level smoking decline?",Asia with total decline of 26.17% across all countries.,1
131,https://observablehq.com/d/6b8adf3059526f47,Annual food expenditure vs. total consumer expenditure,annual_food_expenditure_vs_total_consumer_expenditure,annual_food_expenditure_vs_total_consumer_expenditure.js,files/5b56d737a23ca252cffa5c174c75b64920b565baff41bfd5b7b1db4dbcd75624f09fe7b3498412b972cb0b3c95bbf22b2f4c9815f395b165fca5c417f582f96c.csv,422,What happens when user hover over the data points?,"Upon hovering a data point, all the other points is hidden, focusing only on the hovered data. User can also see the tooltip box showing the country, year, total expenditure and the food expenditure",1
131,https://observablehq.com/d/6b8adf3059526f47,Annual food expenditure vs. total consumer expenditure,annual_food_expenditure_vs_total_consumer_expenditure,annual_food_expenditure_vs_total_consumer_expenditure.js,files/5b56d737a23ca252cffa5c174c75b64920b565baff41bfd5b7b1db4dbcd75624f09fe7b3498412b972cb0b3c95bbf22b2f4c9815f395b165fca5c417f582f96c.csv,423,How can user see the trend for the expedniture through out the year?,"User can click the play button of the year slider at the bottom. The chart will first show the first year which is 2017 and continuously change the year to the next year up until 2023. When the chart keeps changing, user can see the trend of the expenditure changes throughout the years.",1
131,https://observablehq.com/d/6b8adf3059526f47,Annual food expenditure vs. total consumer expenditure,annual_food_expenditure_vs_total_consumer_expenditure,annual_food_expenditure_vs_total_consumer_expenditure.js,files/5b56d737a23ca252cffa5c174c75b64920b565baff41bfd5b7b1db4dbcd75624f09fe7b3498412b972cb0b3c95bbf22b2f4c9815f395b165fca5c417f582f96c.csv,424,What continents has the most significant increase the the total expenditure throughout the years?,"Europe had the largest overall increase in total consumer expenditure, increasing by 122,560.69 from 2017 to 2023.",1
132,https://observablehq.com/d/090f45c4120e4458,Global commodity price index of cereal crops and petroleum,global_commodity_price_index_of_cereal_crops_and_petroleum,global_commodity_price_index_of_cereal_crops_and_petroleum.js,files/e9dbbfccd8ecfa5bf928e94e41894e47891b5328411f9234fa270622d73ffc1418a02e24a2112e32702d315b408b09db56d8da05476b7ecbf6c0b6ed31bb97d9.csv,425,"In 2020, which commodity had the highest price index?",Petroleum,1
132,https://observablehq.com/d/090f45c4120e4458,Global commodity price index of cereal crops and petroleum,global_commodity_price_index_of_cereal_crops_and_petroleum,global_commodity_price_index_of_cereal_crops_and_petroleum.js,files/e9dbbfccd8ecfa5bf928e94e41894e47891b5328411f9234fa270622d73ffc1418a02e24a2112e32702d315b408b09db56d8da05476b7ecbf6c0b6ed31bb97d9.csv,426,"Across all common years shown, which commodity had the highest average price index?",Petroleum,1
132,https://observablehq.com/d/090f45c4120e4458,Global commodity price index of cereal crops and petroleum,global_commodity_price_index_of_cereal_crops_and_petroleum,global_commodity_price_index_of_cereal_crops_and_petroleum.js,files/e9dbbfccd8ecfa5bf928e94e41894e47891b5328411f9234fa270622d73ffc1418a02e24a2112e32702d315b408b09db56d8da05476b7ecbf6c0b6ed31bb97d9.csv,427,"Which decade had the highest average combined price index across Petroleum, Wheat, and Corn?",1860s,1
133,https://observablehq.com/d/2d7d721c88a93c6e,Long-term global prices of food commodities,long_term_global_prices_of_food_commodities,long_term_global_prices_of_food_commodities.js,files/7bf23f2f774e570f9cb01787ed440d6bc28f74e687ba45726898d186b442348fe322ec4b06b36f6f578dbe5d9c342f42655905cbd50b1f32f2427d5f7aba11c3.csv,428,"Upon hovering the line chart, what can user observe in the chart?","When user hover over the line chart, the tooltip box showed up displaying the year and the food categories with their respective colour, sorted by the prices in descendign order.",1
133,https://observablehq.com/d/2d7d721c88a93c6e,Long-term global prices of food commodities,long_term_global_prices_of_food_commodities,long_term_global_prices_of_food_commodities.js,files/7bf23f2f774e570f9cb01787ed440d6bc28f74e687ba45726898d186b442348fe322ec4b06b36f6f578dbe5d9c342f42655905cbd50b1f32f2427d5f7aba11c3.csv,429,"In 1889, does cocoa or rice has the higher price?",Rice,1
133,https://observablehq.com/d/2d7d721c88a93c6e,Long-term global prices of food commodities,long_term_global_prices_of_food_commodities,long_term_global_prices_of_food_commodities.js,files/7bf23f2f774e570f9cb01787ed440d6bc28f74e687ba45726898d186b442348fe322ec4b06b36f6f578dbe5d9c342f42655905cbd50b1f32f2427d5f7aba11c3.csv,430,What food has changes the most since 1958 in terms of price?,"By percentage change, the largest change is Pork, which decreased by 80.91% from 1958 to 2020.",1
134,https://observablehq.com/d/7446c4046e7c49dd,Share of expenditure spent on food vs. food expenditure per person,share_of_expenditure_spent_on_food_vs_food_expenditure_per_person,share_of_expenditure_spent_on_food_vs_food_expenditure_per_person.js,files/b4a314e89c5a515f743ea0cd386c863da97e4dbb705fa8d51ecc7ff3220b92b8d0f5ee1bbfefd80b60a2dce90d97c7504f74943d70fcc8d331af7b873beea692.csv,431,"Across all years shown, which region had the highest average share of expenditure spent on food?",Africa with average of 39.74%,1
134,https://observablehq.com/d/7446c4046e7c49dd,Share of expenditure spent on food vs. food expenditure per person,share_of_expenditure_spent_on_food_vs_food_expenditure_per_person,share_of_expenditure_spent_on_food_vs_food_expenditure_per_person.js,files/b4a314e89c5a515f743ea0cd386c863da97e4dbb705fa8d51ecc7ff3220b92b8d0f5ee1bbfefd80b60a2dce90d97c7504f74943d70fcc8d331af7b873beea692.csv,432,"From 2017 to 2023, which region had the largest increase in average food expenditure per person?",Europe,1
134,https://observablehq.com/d/7446c4046e7c49dd,Share of expenditure spent on food vs. food expenditure per person,share_of_expenditure_spent_on_food_vs_food_expenditure_per_person,share_of_expenditure_spent_on_food_vs_food_expenditure_per_person.js,files/b4a314e89c5a515f743ea0cd386c863da97e4dbb705fa8d51ecc7ff3220b92b8d0f5ee1bbfefd80b60a2dce90d97c7504f74943d70fcc8d331af7b873beea692.csv,433,What happens when I click on the year slider instead of clicking the play button?,"Upon clicking, user can see the static chart for a specific year. User can check the year in the title of the chart.",1
135,https://observablehq.com/d/05652e3f6ebdf993,Annual working hours per person employed,annual_working_hours_per_person_employed,annual_working_hours_per_person_employed.js,files/09f9af5f71bb26a1f9cd2ad4a81e786472dcc10bb4a595b1b2fde890845f1b44d944de73f5574129fded03ecc6df605bd7e44f90f3c9b62d4f954392fb0a1dc2.csv,434,How can user get the annual working hours for Canada in 2000?,"In the chart line, user can hover over the line until the tooltipbox shows the year of 2000. Then, user can find Canada from the entire tooltip box and find its annual working hours at the right side of the country name. In teh bar chart, user can click the year slider and stop at 1990, where user can check the year at the chart title and read the value for Canda located beside the bar.",1
135,https://observablehq.com/d/05652e3f6ebdf993,Annual working hours per person employed,annual_working_hours_per_person_employed,annual_working_hours_per_person_employed.js,files/09f9af5f71bb26a1f9cd2ad4a81e786472dcc10bb4a595b1b2fde890845f1b44d944de73f5574129fded03ecc6df605bd7e44f90f3c9b62d4f954392fb0a1dc2.csv,435,"Which country had the largest decrease in annual working hours from its first year to its latest year shown, and what does this suggest?",Germany had the largest decrease.,1
135,https://observablehq.com/d/05652e3f6ebdf993,Annual working hours per person employed,annual_working_hours_per_person_employed,annual_working_hours_per_person_employed.js,files/09f9af5f71bb26a1f9cd2ad4a81e786472dcc10bb4a595b1b2fde890845f1b44d944de73f5574129fded03ecc6df605bd7e44f90f3c9b62d4f954392fb0a1dc2.csv,436,"Across all years shown, which country had the highest average annual working hours per person employed?",Korea had the highest average working hours across the full period shown with 2547 hours,1
136,https://observablehq.com/d/e98a9821a97f7615,Average effective age of retirement for women,average_effective_age_of_retirement_for_women,average_effective_age_of_retirement_for_women.js,files/864614b370b7c4821eef7f23ebe90696d4fa90626bfcffd0249de679fd837ceab85ebec752dca47105cefb0aef2834f9638d53abfe18b2fc57594958d3c794e9.csv,437,What are the countries shown in this chart?,"Mexico, Brazil, Japan, US and Germany",1
136,https://observablehq.com/d/e98a9821a97f7615,Average effective age of retirement for women,average_effective_age_of_retirement_for_women,average_effective_age_of_retirement_for_women.js,files/864614b370b7c4821eef7f23ebe90696d4fa90626bfcffd0249de679fd837ceab85ebec752dca47105cefb0aef2834f9638d53abfe18b2fc57594958d3c794e9.csv,438,What happens when user click the play button?,The chart will change for each year and the countries are also sorted from the highest average effective age of retiremenet for women to the lowest.,1
136,https://observablehq.com/d/e98a9821a97f7615,Average effective age of retirement for women,average_effective_age_of_retirement_for_women,average_effective_age_of_retirement_for_women.js,files/864614b370b7c4821eef7f23ebe90696d4fa90626bfcffd0249de679fd837ceab85ebec752dca47105cefb0aef2834f9638d53abfe18b2fc57594958d3c794e9.csv,439,What is the average years for Japan in the 2000s?,66.3 years,1
137,https://observablehq.com/d/7ab5978ab8e6bd65,Days off from work for vacations and holidays,days_off_from_work_for_vacations_and_holidays,days_off_from_work_for_vacations_and_holidays.js,files/b1905463c20bf14ae403a7337e37afd4d6922cfa9fb56e9c55b592acf632024e47e8dadd060e4c9720b3982fca644e5d95207eb8a45bcdfcc1b1d2770024a4fd.csv,440,What is the overall trend that can be seen in the chart?,The days off are increasing from 1870 till 2000.,1
137,https://observablehq.com/d/7ab5978ab8e6bd65,Days off from work for vacations and holidays,days_off_from_work_for_vacations_and_holidays,days_off_from_work_for_vacations_and_holidays.js,files/b1905463c20bf14ae403a7337e37afd4d6922cfa9fb56e9c55b592acf632024e47e8dadd060e4c9720b3982fca644e5d95207eb8a45bcdfcc1b1d2770024a4fd.csv,441,Which country had the largest increase in vacation days per year from 1870 to 2000?,Netherlands,1
137,https://observablehq.com/d/7ab5978ab8e6bd65,Days off from work for vacations and holidays,days_off_from_work_for_vacations_and_holidays,days_off_from_work_for_vacations_and_holidays.js,files/b1905463c20bf14ae403a7337e37afd4d6922cfa9fb56e9c55b592acf632024e47e8dadd060e4c9720b3982fca644e5d95207eb8a45bcdfcc1b1d2770024a4fd.csv,442,How much did the average vacation days per year across all countries increase from 1870 to 2000?,The average increased by 20 days,1
138,https://observablehq.com/d/6ffc65cc247c63fe,Weekly working hours,weekly_working_hours,weekly_working_hours.js,files/cb595e218da4406db0c74f4e261f3af26d82c3e8322784ed9bfdb8dcdde5bb4aa0149cc722b3bffb455a3d62ae891bacbfef1f2a2f2994934f82240857869998.csv,443,Which country has the least weekly working hours throughout the years?,Belgium with 36.6 hours,1
138,https://observablehq.com/d/6ffc65cc247c63fe,Weekly working hours,weekly_working_hours,weekly_working_hours.js,files/cb595e218da4406db0c74f4e261f3af26d82c3e8322784ed9bfdb8dcdde5bb4aa0149cc722b3bffb455a3d62ae891bacbfef1f2a2f2994934f82240857869998.csv,444,"If user already selected a specific year through the year slider, then, if the play button is then clicked, will it shows the chart from the starting year, or the current year?",From the current year,1
138,https://observablehq.com/d/6ffc65cc247c63fe,Weekly working hours,weekly_working_hours,weekly_working_hours.js,files/cb595e218da4406db0c74f4e261f3af26d82c3e8322784ed9bfdb8dcdde5bb4aa0149cc722b3bffb455a3d62ae891bacbfef1f2a2f2994934f82240857869998.csv,445,What is the difference in average working hours for France and Italy,0.2 hours per week,1
139,https://observablehq.com/d/a62a7e813d26874d,Self-reported life satisfaction vs. GDP per capita,self_reported_life_satisfaction_vs_gdp_per_capita,self_reported_life_satisfaction_vs_gdp_per_capita.js,files/2e1e3b447f0096e5ae676132fd48362801de492452859357b2403495b8b2312af6da0d80a052322c3d193128918b979b42ef93b865ee3349424e94ea9de70152.csv,446,Which country's GDP are consistent through out the years?,Vanuatu,1
139,https://observablehq.com/d/a62a7e813d26874d,Self-reported life satisfaction vs. GDP per capita,self_reported_life_satisfaction_vs_gdp_per_capita,self_reported_life_satisfaction_vs_gdp_per_capita.js,files/2e1e3b447f0096e5ae676132fd48362801de492452859357b2403495b8b2312af6da0d80a052322c3d193128918b979b42ef93b865ee3349424e94ea9de70152.csv,447,How do user get the GDP per capita data for Brazil in 2019?,"User can slide the year sldie until it shows 2019 in the chart title, check the legend colour for South America and hover over the dark red circles to find Brazil through the tooltip box.",1
139,https://observablehq.com/d/a62a7e813d26874d,Self-reported life satisfaction vs. GDP per capita,self_reported_life_satisfaction_vs_gdp_per_capita,self_reported_life_satisfaction_vs_gdp_per_capita.js,files/2e1e3b447f0096e5ae676132fd48362801de492452859357b2403495b8b2312af6da0d80a052322c3d193128918b979b42ef93b865ee3349424e94ea9de70152.csv,448,What is the difference in average of life satisfaction score for South America adn North America?,North America is higher by about 0.16 life satisfaction points.,1
140,https://observablehq.com/d/9afd123a63309685,Life satisfaction vs. life expectancy,life_satisfaction_vs_life_expectancy,life_satisfaction_vs_life_expectancy.js,files/4a332e6915d972c8ca59fe31158a33eb5009fb3d9d8355da595f68457e257a8604ce210fa0ec8d2cc336680a6d76952320afc03048b5557684034e594e8f716e.csv,449,Which country had the highest life satisfaction in 2024? Did they have a relatively high life expectancy as well?,Finland. Yes,1
140,https://observablehq.com/d/9afd123a63309685,Life satisfaction vs. life expectancy,life_satisfaction_vs_life_expectancy,life_satisfaction_vs_life_expectancy.js,files/4a332e6915d972c8ca59fe31158a33eb5009fb3d9d8355da595f68457e257a8604ce210fa0ec8d2cc336680a6d76952320afc03048b5557684034e594e8f716e.csv,450,What happens if I click on the play button?,Goes through years from 2011 to 2025,1
140,https://observablehq.com/d/9afd123a63309685,Life satisfaction vs. life expectancy,life_satisfaction_vs_life_expectancy,life_satisfaction_vs_life_expectancy.js,files/4a332e6915d972c8ca59fe31158a33eb5009fb3d9d8355da595f68457e257a8604ce210fa0ec8d2cc336680a6d76952320afc03048b5557684034e594e8f716e.csv,451,"How do I see the exact life satisfaction, life expectancy and population of a country?",Hover over the circle representing the country,1
141,https://observablehq.com/d/b1832e1ba2c6dedf,Happiness vs. life satisfaction,happiness_vs_life_satisfaction,happiness_vs_life_satisfaction.js,files/314d011b7f81340889faceb74cf828c2c72e01042c1e4f2883898cc46dab5150561ee7956cae000f023bab0f630b96adf8e9ff631a015e49b78f39f4bc9410b8.csv,452,"Which country had 95% of people who are very happy, and have a life satisfaction of 7.54?",Iceland,1
141,https://observablehq.com/d/b1832e1ba2c6dedf,Happiness vs. life satisfaction,happiness_vs_life_satisfaction,happiness_vs_life_satisfaction.js,files/314d011b7f81340889faceb74cf828c2c72e01042c1e4f2883898cc46dab5150561ee7956cae000f023bab0f630b96adf8e9ff631a015e49b78f39f4bc9410b8.csv,453,"Based on the graph, are happiness and life satisfaction correlated, throughout the years?",Generally yes,1
141,https://observablehq.com/d/b1832e1ba2c6dedf,Happiness vs. life satisfaction,happiness_vs_life_satisfaction,happiness_vs_life_satisfaction.js,files/314d011b7f81340889faceb74cf828c2c72e01042c1e4f2883898cc46dab5150561ee7956cae000f023bab0f630b96adf8e9ff631a015e49b78f39f4bc9410b8.csv,454,How would I see the graph in the yar 2015,Drag the slider until 2015,1
142,https://observablehq.com/d/84f457e9538f0d1d,Annual working hours vs. GDP per capita,annual_working_hours_vs_gdp_per_capita,annual_working_hours_vs_gdp_per_capita.js,files/c799ff0dfc31152f1af65a2f2f5efc1790df8c1c5798206592a1201549363ab376b91b20724a1ddcaa01573f2a87f6cc18abb686bd500de6943fd4148375c788.csv,455,Which country had the highest average working hours per worker in 1981,South Korea,1
142,https://observablehq.com/d/84f457e9538f0d1d,Annual working hours vs. GDP per capita,annual_working_hours_vs_gdp_per_capita,annual_working_hours_vs_gdp_per_capita.js,files/c799ff0dfc31152f1af65a2f2f5efc1790df8c1c5798206592a1201549363ab376b91b20724a1ddcaa01573f2a87f6cc18abb686bd500de6943fd4148375c788.csv,456,What is the general trend of United States' annual working hours and GDP per capita from 1956 to 2023?,"annual working hours decrease, GDP per capita increases",1
142,https://observablehq.com/d/84f457e9538f0d1d,Annual working hours vs. GDP per capita,annual_working_hours_vs_gdp_per_capita,annual_working_hours_vs_gdp_per_capita.js,files/c799ff0dfc31152f1af65a2f2f5efc1790df8c1c5798206592a1201549363ab376b91b20724a1ddcaa01573f2a87f6cc18abb686bd500de6943fd4148375c788.csv,457,What does the slider do?,Change years,1
143,https://observablehq.com/d/6fd5aaffc7020a16,Terrorist attacks by region,terrorist_attacks_by_region,terrorist_attacks_by_region.js,files/7a0e00a468616d21e7fc48b026ea4ac6d02319e44bdaac509c82d3f4fa35039b66bdaf6a4925d42bea11481eefdad989d076447fc151a0851fbe97145eb91b8c.csv,458,Which region had the most terrorist attacks in 2014?,Middle east,1
143,https://observablehq.com/d/6fd5aaffc7020a16,Terrorist attacks by region,terrorist_attacks_by_region,terrorist_attacks_by_region.js,files/7a0e00a468616d21e7fc48b026ea4ac6d02319e44bdaac509c82d3f4fa35039b66bdaf6a4925d42bea11481eefdad989d076447fc151a0851fbe97145eb91b8c.csv,459,Can the slider be dragged?,Yes,1
143,https://observablehq.com/d/6fd5aaffc7020a16,Terrorist attacks by region,terrorist_attacks_by_region,terrorist_attacks_by_region.js,files/7a0e00a468616d21e7fc48b026ea4ac6d02319e44bdaac509c82d3f4fa35039b66bdaf6a4925d42bea11481eefdad989d076447fc151a0851fbe97145eb91b8c.csv,460,Choose a year from the slider. What does it change on the graph?,"The graph shows the range of year, between the year chosen on the slider, until 2021",1
144,https://observablehq.com/d/e1f44426962586ac,Number of countries with key economic and social rights for women,number_of_countries_with_key_economic_and_social_rights_for_women,number_of_countries_with_key_economic_and_social_rights_for_women.js,files/83442387723fa5a9ba3e8e930d216f356cd3ec8fb612e9e6a3d80e56d96fac08ae0f23ac8f0cbf334be2f82ac586f1d23babda6eebe6e4664821e533b50fe86d.csv,461,"In 2010, how many countries had pay equity mandated?",67,1
144,https://observablehq.com/d/e1f44426962586ac,Number of countries with key economic and social rights for women,number_of_countries_with_key_economic_and_social_rights_for_women,number_of_countries_with_key_economic_and_social_rights_for_women.js,files/83442387723fa5a9ba3e8e930d216f356cd3ec8fb612e9e6a3d80e56d96fac08ae0f23ac8f0cbf334be2f82ac586f1d23babda6eebe6e4664821e533b50fe86d.csv,462,Can I look at the bar chart version of the given chart? How?,"Yes. Click the ""Bar"" button above the chart.",1
144,https://observablehq.com/d/e1f44426962586ac,Number of countries with key economic and social rights for women,number_of_countries_with_key_economic_and_social_rights_for_women,number_of_countries_with_key_economic_and_social_rights_for_women.js,files/83442387723fa5a9ba3e8e930d216f356cd3ec8fb612e9e6a3d80e56d96fac08ae0f23ac8f0cbf334be2f82ac586f1d23babda6eebe6e4664821e533b50fe86d.csv,463,Where is the play button located at? In which view?,"Bottom of the chart, in Bar view only",1
145,https://observablehq.com/d/81dec93ff226064a,Female labor force participation rate,female_labor_force_participation_rate,female_labor_force_participation_rate.js,files/71d9940756b2511dc389e7f5116524302f0d4fe8fe2cfdd54414411a71c7f60a08b61298a7d43d31cbbd74738bd7241da4b85195d58d300057582a67710ab15c.csv,464,"In 1992, what is the female labor force participation rate of Canada? Is it the same in US?",57.8%. Yes,1
145,https://observablehq.com/d/81dec93ff226064a,Female labor force participation rate,female_labor_force_participation_rate,female_labor_force_participation_rate.js,files/71d9940756b2511dc389e7f5116524302f0d4fe8fe2cfdd54414411a71c7f60a08b61298a7d43d31cbbd74738bd7241da4b85195d58d300057582a67710ab15c.csv,465,Can I click on the bars in the bar chart view?,"No. If you click, nothing happens",1
145,https://observablehq.com/d/81dec93ff226064a,Female labor force participation rate,female_labor_force_participation_rate,female_labor_force_participation_rate.js,files/71d9940756b2511dc389e7f5116524302f0d4fe8fe2cfdd54414411a71c7f60a08b61298a7d43d31cbbd74738bd7241da4b85195d58d300057582a67710ab15c.csv,466,What does the play button do in the Line chart view versus the Bar chart view,"Play button does nothing in Line chart view. In Bar chart view, the play button goes through the years from 1890 to 2024, and the bar chart shows the information during that year.",1
146,https://observablehq.com/d/b80de1741ccf893a,Share of countries that have had a woman as leader,share_of_countries_that_have_had_a_woman_as_leader,share_of_countries_that_have_had_a_woman_as_leader.js,files/892527e22ee063cfc9c87151c142008625f144f2fb1a8e98238d59cc4ec10f2cfc1509e7842e74e65ef2139b4e1c20923313cf8784aa1f62748ce266f13f02b9.csv,467,At what year did we have the first democratically-elected woman chief executive?,1960,1
146,https://observablehq.com/d/b80de1741ccf893a,Share of countries that have had a woman as leader,share_of_countries_that_have_had_a_woman_as_leader,share_of_countries_that_have_had_a_woman_as_leader.js,files/892527e22ee063cfc9c87151c142008625f144f2fb1a8e98238d59cc4ec10f2cfc1509e7842e74e65ef2139b4e1c20923313cf8784aa1f62748ce266f13f02b9.csv,468,"What does the red/orange bar represent, and what does the blue bar represent?",Red/orange bar: Share of countries that have had any woman chief executive. Blue bar: Share of countries that have had a democratically-elected woman chief executive,1
146,https://observablehq.com/d/b80de1741ccf893a,Share of countries that have had a woman as leader,share_of_countries_that_have_had_a_woman_as_leader,share_of_countries_that_have_had_a_woman_as_leader.js,files/892527e22ee063cfc9c87151c142008625f144f2fb1a8e98238d59cc4ec10f2cfc1509e7842e74e65ef2139b4e1c20923313cf8784aa1f62748ce266f13f02b9.csv,469,"In the Bar chart view, what happens if you click on the slider?",Change the year of the graph,1
147,https://observablehq.com/d/02c8b19cb7a2e3a8,Chile: COVID-19 weekly death rate by vaccination status,chile_covid_19_weekly_death_rate_by_vaccination_status,chile_covid_19_weekly_death_rate_by_vaccination_status.js,files/d484e0722a13b5879467806a621c2dece9480ad2dc267e0f63cfbd47affef2e9bd8b4644079451351a6a538d9e36bbdc48861c11c5be8bea27a4e5185814297b.csv,470,Which day did people with 0 or 1 doses have the highest deaths?,27-Feb-22,1
147,https://observablehq.com/d/02c8b19cb7a2e3a8,Chile: COVID-19 weekly death rate by vaccination status,chile_covid_19_weekly_death_rate_by_vaccination_status,chile_covid_19_weekly_death_rate_by_vaccination_status.js,files/d484e0722a13b5879467806a621c2dece9480ad2dc267e0f63cfbd47affef2e9bd8b4644079451351a6a538d9e36bbdc48861c11c5be8bea27a4e5185814297b.csv,471,"Generally, did people with higher doeses of vaccines have less deaths?",Yes,1
147,https://observablehq.com/d/02c8b19cb7a2e3a8,Chile: COVID-19 weekly death rate by vaccination status,chile_covid_19_weekly_death_rate_by_vaccination_status,chile_covid_19_weekly_death_rate_by_vaccination_status.js,files/d484e0722a13b5879467806a621c2dece9480ad2dc267e0f63cfbd47affef2e9bd8b4644079451351a6a538d9e36bbdc48861c11c5be8bea27a4e5185814297b.csv,472,What are the two views of the graph that can be chosen in this chart? How does a user choose between them?,"Line and Bar. Click on the Line and Bar buttons, above the chart and below the title?",1
148,https://observablehq.com/d/9f48a44f3fb51be7,Excess mortality: Raw number of deaths from all causes compared to projection based on previous years,excess_mortality_raw_number_of_deaths_from_all_causes_compared_to_projection_based_on_previous_years,excess_mortality_raw_number_of_deaths_from_all_causes_compared_to_projection_based_on_previous_years.js,files/7be9bd337cbc484b7bd22d047fc232209e418fd3a9a8abd3387c5b272ef0c0c34a3dd72da3d4660128d382eaa2d0d3af11ffcd6f57ed9b0dd3c017d51c3d8b18.csv,473,What is the difference between the projected 2020 and the real 2020 number of deaths in December 6th 2020?,The projected is 57462 and the real is 77271 so there is a difference of 19809 deaths,1
148,https://observablehq.com/d/9f48a44f3fb51be7,Excess mortality: Raw number of deaths from all causes compared to projection based on previous years,excess_mortality_raw_number_of_deaths_from_all_causes_compared_to_projection_based_on_previous_years,excess_mortality_raw_number_of_deaths_from_all_causes_compared_to_projection_based_on_previous_years.js,files/7be9bd337cbc484b7bd22d047fc232209e418fd3a9a8abd3387c5b272ef0c0c34a3dd72da3d4660128d382eaa2d0d3af11ffcd6f57ed9b0dd3c017d51c3d8b18.csv,474,"In the bar chart, what two categories are shown?",2020 and projected 2020,1
148,https://observablehq.com/d/9f48a44f3fb51be7,Excess mortality: Raw number of deaths from all causes compared to projection based on previous years,excess_mortality_raw_number_of_deaths_from_all_causes_compared_to_projection_based_on_previous_years,excess_mortality_raw_number_of_deaths_from_all_causes_compared_to_projection_based_on_previous_years.js,files/7be9bd337cbc484b7bd22d047fc232209e418fd3a9a8abd3387c5b272ef0c0c34a3dd72da3d4660128d382eaa2d0d3af11ffcd6f57ed9b0dd3c017d51c3d8b18.csv,475,What does the red color represent?,It represents the year 2020,1
149,https://observablehq.com/d/f724a270146bebdc,Share of people who completed the initial COVID-19 vaccination protocol by age,share_of_people_who_completed_the_initial_covid_19_vaccination_protocol_by_age,share_of_people_who_completed_the_initial_covid_19_vaccination_protocol_by_age.js,files/88e25091aaf3383f794074b886c83fb4ffd8391abbb379fbbe7482764625a879569c9b07934a13d896beef20fe7d718901d2a705321d410a7e39afa97863ae7c.csv,476,What was the percentage of people with a COVID-19 booster in November 4th 2022 between the ages of 50-59 years?,91.24%,1
149,https://observablehq.com/d/f724a270146bebdc,Share of people who completed the initial COVID-19 vaccination protocol by age,share_of_people_who_completed_the_initial_covid_19_vaccination_protocol_by_age,share_of_people_who_completed_the_initial_covid_19_vaccination_protocol_by_age.js,files/88e25091aaf3383f794074b886c83fb4ffd8391abbb379fbbe7482764625a879569c9b07934a13d896beef20fe7d718901d2a705321d410a7e39afa97863ae7c.csv,477,What day does the number of people of the ages 60-69 years become higher than the people of the ages 80+ years?,December 17th 2021,1
149,https://observablehq.com/d/f724a270146bebdc,Share of people who completed the initial COVID-19 vaccination protocol by age,share_of_people_who_completed_the_initial_covid_19_vaccination_protocol_by_age,share_of_people_who_completed_the_initial_covid_19_vaccination_protocol_by_age.js,files/88e25091aaf3383f794074b886c83fb4ffd8391abbb379fbbe7482764625a879569c9b07934a13d896beef20fe7d718901d2a705321d410a7e39afa97863ae7c.csv,478,What age group does the yellow color represent?,80+ years,1
150,https://observablehq.com/d/762d06467075ce6e,Share of people with a COVID-19 booster dose by age`,share_of_people_with_a_covid_19_booster_dose_by_age,share_of_people_with_a_covid_19_booster_dose_by_age.js,files/50aeea255623959d72b602de806343ef8bc0fd56eb46cf1e9bf905ee8eed5ba8c36fbee7fd25f2a1ac3cc018a7eff02f82376b2d0d405f6e536b52e9c8e509af.csv,479,What was the percentage of people with a COVID-19 booster in April 14th 2023 between the ages of 18-24 years?,41.46%,1
150,https://observablehq.com/d/762d06467075ce6e,Share of people with a COVID-19 booster dose by age`,share_of_people_with_a_covid_19_booster_dose_by_age,share_of_people_with_a_covid_19_booster_dose_by_age.js,files/50aeea255623959d72b602de806343ef8bc0fd56eb46cf1e9bf905ee8eed5ba8c36fbee7fd25f2a1ac3cc018a7eff02f82376b2d0d405f6e536b52e9c8e509af.csv,480,What day does the number of people of the ages 60-69 years become higher than the people of the ages 80+ years?,August 5th 2022,1
150,https://observablehq.com/d/762d06467075ce6e,Share of people with a COVID-19 booster dose by age`,share_of_people_with_a_covid_19_booster_dose_by_age,share_of_people_with_a_covid_19_booster_dose_by_age.js,files/50aeea255623959d72b602de806343ef8bc0fd56eb46cf1e9bf905ee8eed5ba8c36fbee7fd25f2a1ac3cc018a7eff02f82376b2d0d405f6e536b52e9c8e509af.csv,481,What age group does the yellow color represent?,80+ years,1
,,,,,,,,,
,,,,,,,,,
,,,,,,,,,
,,,,,,,,,
,,,,,,,,,
,,,,,,,,,
,,,,,,,,,
,,,,,,,,,
,,,,,,,,,
,,,,,,,,,
,,,,,,,,,
,,,,,,,,,
,,,,,,,,,
,,,,,,,,,
,,,,,,,,,
,,,,,,,,,
,,,,,,,,,
,,,,,,,,,
,,,,,,,,,
,,,,,,,,,
,,,,,,,,,
,,,,,,,,,
,,,,,,,,,
,,,,,,,,,
,,,,,,,,,
,,,,,,,,,
,,,,,,,,,
,,,,,,,,,
,,,,,,,,,
,,,,,,,,,
,,,,,,,,,
,,,,,,,,,
,,,,,,,,,
,,,,,,,,,
,,,,,,,,,
,,,,,,,,,
,,,,,,,,,
,,,,,,,,,
,,,,,,,,,
,,,,,,,,,
,,,,,,,,,
,,,,,,,,,
,,,,,,,,,
,,,,,,,,,
,,,,,,,,,
,,,,,,,,,
,,,,,,,,,
,,,,,,,,,
,,,,,,,,,
,,,,,,,,,
,,,,,,,,,
,,,,,,,,,
,,,,,,,,,
,,,,,,,,,
,,,,,,,,,
,,,,,,,,,
,,,,,,,,,
,,,,,,,,,
,,,,,,,,,
,,,,,,,,,
,,,,,,,,,
,,,,,,,,,
,,,,,,,,,
,,,,,,,,,
,,,,,,,,,
,,,,,,,,,
,,,,,,,,,
,,,,,,,,,
,,,,,,,,,
,,,,,,,,,
,,,,,,,,,
,,,,,,,,,
,,,,,,,,,
,,,,,,,,,
,,,,,,,,,
,,,,,,,,,
,,,,,,,,,
,,,,,,,,,
,,,,,,,,,
,,,,,,,,,
,,,,,,,,,
,,,,,,,,,
,,,,,,,,,
,,,,,,,,,
,,,,,,,,,
,,,,,,,,,
,,,,,,,,,
,,,,,,,,,
,,,,,,,,,
,,,,,,,,,
,,,,,,,,,
,,,,,,,,,
,,,,,,,,,
,,,,,,,,,
,,,,,,,,,
,,,,,,,,,
,,,,,,,,,
,,,,,,,,,
,,,,,,,,,
,,,,,,,,,
,,,,,,,,,
,,,,,,,,,
,,,,,,,,,
,,,,,,,,,
,,,,,,,,,
,,,,,,,,,
,,,,,,,,,
,,,,,,,,,
,,,,,,,,,
,,,,,,,,,
,,,,,,,,,
,,,,,,,,,
,,,,,,,,,
,,,,,,,,,
,,,,,,,,,
,,,,,,,,,
,,,,,,,,,
,,,,,,,,,
,,,,,,,,,
,,,,,,,,,
,,,,,,,,,
,,,,,,,,,
,,,,,,,,,
,,,,,,,,,
,,,,,,,,,
,,,,,,,,,
,,,,,,,,,
,,,,,,,,,
,,,,,,,,,
,,,,,,,,,
,,,,,,,,,
,,,,,,,,,
,,,,,,,,,
,,,,,,,,,
,,,,,,,,,
,,,,,,,,,
,,,,,,,,,
,,,,,,,,,
,,,,,,,,,
,,,,,,,,,
,,,,,,,,,
,,,,,,,,,
,,,,,,,,,
,,,,,,,,,
,,,,,,,,,
,,,,,,,,,
,,,,,,,,,
,,,,,,,,,
,,,,,,,,,
,,,,,,,,,
,,,,,,,,,
,,,,,,,,,
,,,,,,,,,
,,,,,,,,,
,,,,,,,,,
,,,,,,,,,
,,,,,,,,,
,,,,,,,,,
,,,,,,,,,
,,,,,,,,,
,,,,,,,,,
,,,,,,,,,
,,,,,,,,,
,,,,,,,,,
,,,,,,,,,
,,,,,,,,,
,,,,,,,,,
,,,,,,,,,
,,,,,,,,,
,,,,,,,,,
,,,,,,,,,
,,,,,,,,,
,,,,,,,,,
,,,,,,,,,
,,,,,,,,,
,,,,,,,,,
,,,,,,,,,
,,,,,,,,,
,,,,,,,,,
,,,,,,,,,
,,,,,,,,,
,,,,,,,,,
,,,,,,,,,
,,,,,,,,,
,,,,,,,,,
,,,,,,,,,
,,,,,,,,,
,,,,,,,,,
,,,,,,,,,
,,,,,,,,,
,,,,,,,,,
,,,,,,,,,
,,,,,,,,,
,,,,,,,,,
,,,,,,,,,
,,,,,,,,,
,,,,,,,,,
,,,,,,,,,
,,,,,,,,,
,,,,,,,,,
,,,,,,,,,
,,,,,,,,,
,,,,,,,,,
,,,,,,,,,
,,,,,,,,,
,,,,,,,,,
,,,,,,,,,
,,,,,,,,,
,,,,,,,,,
,,,,,,,,,
,,,,,,,,,
,,,,,,,,,
,,,,,,,,,
,,,,,,,,,
,,,,,,,,,
,,,,,,,,,
,,,,,,,,,
,,,,,,,,,
,,,,,,,,,
,,,,,,,,,
,,,,,,,,,
,,,,,,,,,
,,,,,,,,,
,,,,,,,,,
,,,,,,,,,
,,,,,,,,,
,,,,,,,,,
,,,,,,,,,
,,,,,,,,,
,,,,,,,,,
,,,,,,,,,
,,,,,,,,,
,,,,,,,,,
,,,,,,,,,
,,,,,,,,,
,,,,,,,,,
,,,,,,,,,
,,,,,,,,,
,,,,,,,,,
,,,,,,,,,
,,,,,,,,,
,,,,,,,,,
,,,,,,,,,
,,,,,,,,,
,,,,,,,,,
,,,,,,,,,
,,,,,,,,,
,,,,,,,,,
,,,,,,,,,
,,,,,,,,,
,,,,,,,,,
,,,,,,,,,
,,,,,,,,,
,,,,,,,,,
,,,,,,,,,
,,,,,,,,,
,,,,,,,,,
,,,,,,,,,
,,,,,,,,,
,,,,,,,,,
,,,,,,,,,
,,,,,,,,,
,,,,,,,,,
,,,,,,,,,
,,,,,,,,,
,,,,,,,,,
,,,,,,,,,
,,,,,,,,,
,,,,,,,,,
,,,,,,,,,
,,,,,,,,,
,,,,,,,,,
,,,,,,,,,
,,,,,,,,,
,,,,,,,,,
,,,,,,,,,
,,,,,,,,,
,,,,,,,,,
,,,,,,,,,
,,,,,,,,,
,,,,,,,,,
,,,,,,,,,
,,,,,,,,,
,,,,,,,,,
,,,,,,,,,
,,,,,,,,,
,,,,,,,,,
,,,,,,,,,
,,,,,,,,,
,,,,,,,,,
,,,,,,,,,
,,,,,,,,,
,,,,,,,,,
,,,,,,,,,
,,,,,,,,,
,,,,,,,,,
,,,,,,,,,
,,,,,,,,,
,,,,,,,,,
,,,,,,,,,
,,,,,,,,,
,,,,,,,,,
,,,,,,,,,
,,,,,,,,,
,,,,,,,,,
,,,,,,,,,
,,,,,,,,,
,,,,,,,,,
,,,,,,,,,
,,,,,,,,,
,,,,,,,,,
,,,,,,,,,
,,,,,,,,,
,,,,,,,,,
,,,,,,,,,
,,,,,,,,,
,,,,,,,,,
,,,,,,,,,
,,,,,,,,,
,,,,,,,,,
,,,,,,,,,
,,,,,,,,,
,,,,,,,,,
,,,,,,,,,
,,,,,,,,,
,,,,,,,,,
,,,,,,,,,
,,,,,,,,,
,,,,,,,,,
,,,,,,,,,
,,,,,,,,,
,,,,,,,,,
,,,,,,,,,
,,,,,,,,,
,,,,,,,,,
,,,,,,,,,
,,,,,,,,,
,,,,,,,,,
,,,,,,,,,
,,,,,,,,,
,,,,,,,,,
,,,,,,,,,
,,,,,,,,,
,,,,,,,,,
