Entity,Code,Year,Urban,Rural
Afghanistan,AFG,2000,28.8,0.9
Afghanistan,AFG,2001,33.4,1.2
Afghanistan,AFG,2002,37.7,1.5
Afghanistan,AFG,2003,42.3,1.75
Afghanistan,AFG,2004,46.4,2.1
Afghanistan,AFG,2005,50.9,2.6
Afghanistan,AFG,2006,55.2,3.1
Afghanistan,AFG,2007,59.2,3.7
Afghanistan,AFG,2008,63,4.4
Afghanistan,AFG,2009,66.4,5.1
Afghanistan,AFG,2010,69,5.9
Afghanistan,AFG,2011,71.9,6.9
Afghanistan,AFG,2012,74.3,7.8
Afghanistan,AFG,2013,76,8.8
Afghanistan,AFG,2014,77.7,9.9
Afghanistan,AFG,2015,79.4,11.1
Afghanistan,AFG,2016,80.6,12.3
Afghanistan,AFG,2017,81.9,13.4
Afghanistan,AFG,2018,82.95,14.5
Afghanistan,AFG,2019,83.9,15.7
Afghanistan,AFG,2020,84.9,16.8
Afghanistan,AFG,2021,85.4,18
Afghanistan,AFG,2022,86.3,19.2
Afghanistan,AFG,2023,87,20.4
Albania,ALB,2000,63.5,17.1
Albania,ALB,2001,66.3,19.2
Albania,ALB,2002,69.5,21.1
Albania,ALB,2003,71.8,24.1
Albania,ALB,2004,74.6,26.5
Albania,ALB,2005,76.9,29.2
Albania,ALB,2006,79.5,32.3
Albania,ALB,2007,81.3,35.4
Albania,ALB,2008,83.2,38.6
Albania,ALB,2009,84.9,41.65
Albania,ALB,2010,86.2,44.2
Albania,ALB,2011,87.5,47.2
Albania,ALB,2012,88.7,50.1
Albania,ALB,2013,89.7,52.5
Albania,ALB,2014,90.5,55.1
Albania,ALB,2015,91.3,57.3
Albania,ALB,2016,91.9,59.7
Albania,ALB,2017,92.5,61.7
Albania,ALB,2018,93.1,63.4
Albania,ALB,2019,93.5,65.7
Albania,ALB,2020,94.2,67.4
Albania,ALB,2021,94.4,69.1
Albania,ALB,2022,94.8,70.85
Albania,ALB,2023,95.2,72.5
Algeria,DZA,2000,99.6,92.6
Algeria,DZA,2001,99.7,93.4
Algeria,DZA,2002,99.8,94.1
Algeria,DZA,2003,99.8,94.8
Algeria,DZA,2004,99.9,95.4
Algeria,DZA,2005,99.9,95.9
Algeria,DZA,2006,99.9,96.3
Algeria,DZA,2007,99.9,96.7
Algeria,DZA,2008,99.9,97.1
Algeria,DZA,2009,99.9,97.4
Algeria,DZA,2010,99.9,97.6
Algeria,DZA,2011,100,97.9
Algeria,DZA,2012,100,98.1
Algeria,DZA,2013,100,98.2
Algeria,DZA,2014,100,98.4
Algeria,DZA,2015,99.9,98.5
Algeria,DZA,2016,99.9,98.6
Algeria,DZA,2017,100,98.8
Algeria,DZA,2018,100,98.8
Algeria,DZA,2019,100,98.9
Algeria,DZA,2020,99.9,98.9
Algeria,DZA,2021,99.9,99
Algeria,DZA,2022,99.9,99.1
Algeria,DZA,2023,99.9,99.1
Andorra,AND,2000,100,100
Andorra,AND,2001,100,100
Andorra,AND,2002,100,100
Andorra,AND,2003,100,100
Andorra,AND,2004,100,100
Andorra,AND,2005,100,100
Andorra,AND,2006,100,100
Andorra,AND,2007,100,100
Andorra,AND,2008,100,100
Andorra,AND,2009,100,100
Andorra,AND,2010,100,100
Andorra,AND,2011,100,100
Andorra,AND,2012,100,100
Andorra,AND,2013,100,100
Andorra,AND,2014,100,100
Andorra,AND,2015,100,100
Andorra,AND,2016,100,100
Andorra,AND,2017,100,100
Andorra,AND,2018,100,100
Andorra,AND,2019,100,100
Andorra,AND,2020,100,100
Andorra,AND,2021,100,100
Andorra,AND,2022,100,100
Andorra,AND,2023,100,100
Angola,AGO,2000,80.65,7.2
Angola,AGO,2001,80.1,7.2
Angola,AGO,2002,79.7,7.2
Angola,AGO,2003,79.2,7.2
Angola,AGO,2004,79,7.3
Angola,AGO,2005,78.6,7.3
Angola,AGO,2006,78.3,7.3
Angola,AGO,2007,78.2,7.3
Angola,AGO,2008,77.9,7.2
Angola,AGO,2009,77.9,7.3
Angola,AGO,2010,77.8,7.3
Angola,AGO,2011,77.7,7.3
Angola,AGO,2012,77.6,7.4
Angola,AGO,2013,77.6,7.5
Angola,AGO,2014,77.5,7.6
Angola,AGO,2015,77.5,7.7
Angola,AGO,2016,77.4,7.7
Angola,AGO,2017,77.2,7.9
Angola,AGO,2018,77,7.8
Angola,AGO,2019,76.6,8
Angola,AGO,2020,76.4,8.1
Angola,AGO,2021,75.7,8.2
Angola,AGO,2022,75.4,8.3
Angola,AGO,2023,75,8.4
Antigua and Barbuda,ATG,2000,100,100
Antigua and Barbuda,ATG,2001,100,100
Antigua and Barbuda,ATG,2002,100,100
Antigua and Barbuda,ATG,2003,100,100
Antigua and Barbuda,ATG,2004,100,100
Antigua and Barbuda,ATG,2005,100,100
Antigua and Barbuda,ATG,2006,100,100
Antigua and Barbuda,ATG,2007,100,100
Antigua and Barbuda,ATG,2008,100,100
Antigua and Barbuda,ATG,2009,100,100
Antigua and Barbuda,ATG,2010,100,100
Antigua and Barbuda,ATG,2011,100,100
Antigua and Barbuda,ATG,2012,100,100
Antigua and Barbuda,ATG,2013,100,100
Antigua and Barbuda,ATG,2014,100,100
Antigua and Barbuda,ATG,2015,100,100
Antigua and Barbuda,ATG,2016,100,100
Antigua and Barbuda,ATG,2017,100,100
Antigua and Barbuda,ATG,2018,100,100
Antigua and Barbuda,ATG,2019,100,100
Antigua and Barbuda,ATG,2020,100,100
Antigua and Barbuda,ATG,2021,100,100
Antigua and Barbuda,ATG,2022,100,100
Antigua and Barbuda,ATG,2023,100,100
Argentina,ARG,2000,98.3,77.6
Argentina,ARG,2001,98.6,80.1
Argentina,ARG,2002,98.7,82.2
Argentina,ARG,2003,98.9,84.3
Argentina,ARG,2004,99.1,86.2
Argentina,ARG,2005,99.2,87.7
Argentina,ARG,2006,99.4,89.1
Argentina,ARG,2007,99.5,90.6
Argentina,ARG,2008,99.6,92
Argentina,ARG,2009,99.7,92.8
Argentina,ARG,2010,99.7,93.8
Argentina,ARG,2011,99.7,94.4
Argentina,ARG,2012,99.8,95.3
Argentina,ARG,2013,99.8,95.7
Argentina,ARG,2014,99.9,96.3
Argentina,ARG,2015,99.9,96.5
Argentina,ARG,2016,99.9,96.9
Argentina,ARG,2017,99.9,97.3
Argentina,ARG,2018,99.9,97.5
Argentina,ARG,2019,99.9,97.8
Argentina,ARG,2020,99.9,97.8
Argentina,ARG,2021,99.9,98.1
Argentina,ARG,2022,99.9,98.2
Argentina,ARG,2023,99.9,98.2
Armenia,ARM,2000,93.3,55.5
Armenia,ARM,2001,94.6,61
Armenia,ARM,2002,95.6,66.5
Armenia,ARM,2003,96.5,71.2
Armenia,ARM,2004,97.1,75.5
Armenia,ARM,2005,97.6,79.4
Armenia,ARM,2006,98,82.5
Armenia,ARM,2007,98.4,85.2
Armenia,ARM,2008,98.7,87.6
Armenia,ARM,2009,98.9,89.2
Armenia,ARM,2010,99.1,90.6
Armenia,ARM,2011,99.2,91.8
Armenia,ARM,2012,99.3,92.9
Armenia,ARM,2013,99.4,93.6
Armenia,ARM,2014,99.5,94.2
Armenia,ARM,2015,99.5,94.9
Armenia,ARM,2016,99.6,95.3
Armenia,ARM,2017,99.7,95.6
Armenia,ARM,2018,99.7,96
Armenia,ARM,2019,99.7,96.35
Armenia,ARM,2020,99.7,96.7
Armenia,ARM,2021,99.7,97
Armenia,ARM,2022,99.8,97.2
Armenia,ARM,2023,99.8,97.35
Australia,AUS,2000,100,100
Australia,AUS,2001,100,100
Australia,AUS,2002,100,100
Australia,AUS,2003,100,100
Australia,AUS,2004,100,100
Australia,AUS,2005,100,100
Australia,AUS,2006,100,100
Australia,AUS,2007,100,100
Australia,AUS,2008,100,100
Australia,AUS,2009,100,100
Australia,AUS,2010,100,100
Australia,AUS,2011,100,100
Australia,AUS,2012,100,100
Australia,AUS,2013,100,100
Australia,AUS,2014,100,100
Australia,AUS,2015,100,100
Australia,AUS,2016,100,100
Australia,AUS,2017,100,100
Australia,AUS,2018,100,100
Australia,AUS,2019,100,100
Australia,AUS,2020,100,100
Australia,AUS,2021,100,100
Australia,AUS,2022,100,100
Australia,AUS,2023,100,100
Austria,AUT,2000,100,100
Austria,AUT,2001,100,100
Austria,AUT,2002,100,100
Austria,AUT,2003,100,100
Austria,AUT,2004,100,100
Austria,AUT,2005,100,100
Austria,AUT,2006,100,100
Austria,AUT,2007,100,100
Austria,AUT,2008,100,100
Austria,AUT,2009,100,100
Austria,AUT,2010,100,100
Austria,AUT,2011,100,100
Austria,AUT,2012,100,100
Austria,AUT,2013,100,100
Austria,AUT,2014,100,100
Austria,AUT,2015,100,100
Austria,AUT,2016,100,100
Austria,AUT,2017,100,100
Austria,AUT,2018,100,100
Austria,AUT,2019,100,100
Austria,AUT,2020,100,100
Austria,AUT,2021,100,100
Austria,AUT,2022,100,100
Austria,AUT,2023,100,100
Azerbaijan,AZE,2000,95.1,42.6
Azerbaijan,AZE,2001,95.9,48.9
Azerbaijan,AZE,2002,96.6,54.9
Azerbaijan,AZE,2003,97.1,61
Azerbaijan,AZE,2004,97.5,66.3
Azerbaijan,AZE,2005,97.9,71
Azerbaijan,AZE,2006,98.2,75.15
Azerbaijan,AZE,2007,98.5,78.8
Azerbaijan,AZE,2008,98.6,81.8
Azerbaijan,AZE,2009,98.8,84.5
Azerbaijan,AZE,2010,99,86.9
Azerbaijan,AZE,2011,99.1,88.7
Azerbaijan,AZE,2012,99.2,90.3
Azerbaijan,AZE,2013,99.3,91.7
Azerbaijan,AZE,2014,99.4,92.9
Azerbaijan,AZE,2015,99.4,93.8
Azerbaijan,AZE,2016,99.5,94.7
Azerbaijan,AZE,2017,99.5,95.3
Azerbaijan,AZE,2018,99.6,95.9
Azerbaijan,AZE,2019,99.6,96.4
Azerbaijan,AZE,2020,99.6,96.8
Azerbaijan,AZE,2021,99.6,97.2
Azerbaijan,AZE,2022,99.7,97.5
Azerbaijan,AZE,2023,99.7,97.8
Bahamas,BHS,2000,100,100
Bahamas,BHS,2001,100,100
Bahamas,BHS,2002,100,100
Bahamas,BHS,2003,100,100
Bahamas,BHS,2004,100,100
Bahamas,BHS,2005,100,100
Bahamas,BHS,2006,100,100
Bahamas,BHS,2007,100,100
Bahamas,BHS,2008,100,100
Bahamas,BHS,2009,100,100
Bahamas,BHS,2010,100,100
Bahamas,BHS,2011,100,100
Bahamas,BHS,2012,100,100
Bahamas,BHS,2013,100,100
Bahamas,BHS,2014,100,100
Bahamas,BHS,2015,100,100
Bahamas,BHS,2016,100,100
Bahamas,BHS,2017,100,100
Bahamas,BHS,2018,100,100
Bahamas,BHS,2019,100,100
Bahamas,BHS,2020,100,100
Bahamas,BHS,2021,100,100
Bahamas,BHS,2022,100,100
Bahamas,BHS,2023,100,100
Bahrain,BHR,2000,100,100
Bahrain,BHR,2001,100,100
Bahrain,BHR,2002,100,100
Bahrain,BHR,2003,100,100
Bahrain,BHR,2004,100,100
Bahrain,BHR,2005,100,100
Bahrain,BHR,2006,100,100
Bahrain,BHR,2007,100,100
Bahrain,BHR,2008,100,100
Bahrain,BHR,2009,100,100
Bahrain,BHR,2010,100,100
Bahrain,BHR,2011,100,100
Bahrain,BHR,2012,100,100
Bahrain,BHR,2013,100,100
Bahrain,BHR,2014,100,100
Bahrain,BHR,2015,100,100
Bahrain,BHR,2016,100,100
Bahrain,BHR,2017,100,100
Bahrain,BHR,2018,100,100
Bahrain,BHR,2019,100,100
Bahrain,BHR,2020,100,100
Bahrain,BHR,2021,100,100
Bahrain,BHR,2022,100,100
Bahrain,BHR,2023,100,100
Bangladesh,BGD,2000,34.1,0.7
Bangladesh,BGD,2001,34.2,0.8
Bangladesh,BGD,2002,34.7,0.9
Bangladesh,BGD,2003,35.4,1
Bangladesh,BGD,2004,35.8,1.2
Bangladesh,BGD,2005,36.5,1.3
Bangladesh,BGD,2006,37.2,1.5
Bangladesh,BGD,2007,38.3,1.7
Bangladesh,BGD,2008,39.1,1.9
Bangladesh,BGD,2009,40.4,2.1
Bangladesh,BGD,2010,41.8,2.4
Bangladesh,BGD,2011,43.6,2.8
Bangladesh,BGD,2012,45.4,3.2
Bangladesh,BGD,2013,47.2,3.6
Bangladesh,BGD,2014,49.35,4.1
Bangladesh,BGD,2015,51.3,4.7
Bangladesh,BGD,2016,53.2,5.3
Bangladesh,BGD,2017,54.8,6
Bangladesh,BGD,2018,56.9,6.7
Bangladesh,BGD,2019,58.1,7.4
Bangladesh,BGD,2020,59.5,8.1
Bangladesh,BGD,2021,60.9,9
Bangladesh,BGD,2022,62.3,9.9
Bangladesh,BGD,2023,63.2,10.8
Barbados,BRB,2000,100,100
Barbados,BRB,2001,100,100
Barbados,BRB,2002,100,100
Barbados,BRB,2003,100,100
Barbados,BRB,2004,100,100
Barbados,BRB,2005,100,100
Barbados,BRB,2006,100,100
Barbados,BRB,2007,100,100
Barbados,BRB,2008,100,100
Barbados,BRB,2009,100,100
Barbados,BRB,2010,100,100
Barbados,BRB,2011,100,100
Barbados,BRB,2012,100,100
Barbados,BRB,2013,100,100
Barbados,BRB,2014,100,100
Barbados,BRB,2015,100,100
Barbados,BRB,2016,100,100
Barbados,BRB,2017,100,100
Barbados,BRB,2018,100,100
Barbados,BRB,2019,100,100
Barbados,BRB,2020,100,100
Barbados,BRB,2021,100,100
Barbados,BRB,2022,100,100
Barbados,BRB,2023,100,100
Belarus,BLR,2000,98,83.4
Belarus,BLR,2001,98.4,85.3
Belarus,BLR,2002,98.7,87.4
Belarus,BLR,2003,99,89
Belarus,BLR,2004,99.1,90.2
Belarus,BLR,2005,99.3,91.7
Belarus,BLR,2006,99.4,93
Belarus,BLR,2007,99.5,93.9
Belarus,BLR,2008,99.6,94.9
Belarus,BLR,2009,99.7,95.6
Belarus,BLR,2010,99.7,96.2
Belarus,BLR,2011,99.8,96.8
Belarus,BLR,2012,99.8,97.2
Belarus,BLR,2013,99.8,97.7
Belarus,BLR,2014,99.8,98
Belarus,BLR,2015,99.9,98.2
Belarus,BLR,2016,99.9,98.6
Belarus,BLR,2017,99.9,98.7
Belarus,BLR,2018,99.9,98.9
Belarus,BLR,2019,99.9,99
Belarus,BLR,2020,99.9,99.1
Belarus,BLR,2021,99.9,99.3
Belarus,BLR,2022,99.9,99.3
Belarus,BLR,2023,99.9,99.4
Belgium,BEL,2000,100,100
Belgium,BEL,2001,100,100
Belgium,BEL,2002,100,100
Belgium,BEL,2003,100,100
Belgium,BEL,2004,100,100
Belgium,BEL,2005,100,100
Belgium,BEL,2006,100,100
Belgium,BEL,2007,100,100
Belgium,BEL,2008,100,100
Belgium,BEL,2009,100,100
Belgium,BEL,2010,100,100
Belgium,BEL,2011,100,100
Belgium,BEL,2012,100,100
Belgium,BEL,2013,100,100
Belgium,BEL,2014,100,100
Belgium,BEL,2015,100,100
Belgium,BEL,2016,100,100
Belgium,BEL,2017,100,100
Belgium,BEL,2018,100,100
Belgium,BEL,2019,100,100
Belgium,BEL,2020,100,100
Belgium,BEL,2021,100,100
Belgium,BEL,2022,100,100
Belgium,BEL,2023,100,100
Belize,BLZ,2000,94.2,67
Belize,BLZ,2001,94.5,68.5
Belize,BLZ,2002,94.9,69.6
Belize,BLZ,2003,95.1,70.4
Belize,BLZ,2004,95.4,71.4
Belize,BLZ,2005,95.5,71.8
Belize,BLZ,2006,95.7,72.3
Belize,BLZ,2007,95.9,72.8
Belize,BLZ,2008,95.9,72.7
Belize,BLZ,2009,96,72.8
Belize,BLZ,2010,96,73
Belize,BLZ,2011,95.9,73.2
Belize,BLZ,2012,95.9,73.3
Belize,BLZ,2013,95.9,73.3
Belize,BLZ,2014,95.9,73.6
Belize,BLZ,2015,95.7,73.8
Belize,BLZ,2016,95.7,74
Belize,BLZ,2017,95.6,74.1
Belize,BLZ,2018,95.4,74.1
Belize,BLZ,2019,95.4,74.1
Belize,BLZ,2020,95.2,74.3
Belize,BLZ,2021,95,74.4
Belize,BLZ,2022,94.9,74.4
Belize,BLZ,2023,94.8,74.1
Benin,BEN,2000,1.2,0.2
Benin,BEN,2001,1.7,0.2
Benin,BEN,2002,2.3,0.3
Benin,BEN,2003,3.1,0.3
Benin,BEN,2004,3.8,0.4
Benin,BEN,2005,4.8,0.5
Benin,BEN,2006,5.7,0.6
Benin,BEN,2007,6.7,0.7
Benin,BEN,2008,7.6,0.8
Benin,BEN,2009,8.3,0.9
Benin,BEN,2010,9,0.9
Benin,BEN,2011,9.3,1
Benin,BEN,2012,9.6,1.1
Benin,BEN,2013,9.6,1.2
Benin,BEN,2014,9.7,1.3
Benin,BEN,2015,9.8,1.3
Benin,BEN,2016,9.7,1.4
Benin,BEN,2017,9.6,1.5
Benin,BEN,2018,9.8,1.6
Benin,BEN,2019,9.7,1.7
Benin,BEN,2020,9.7,1.8
Benin,BEN,2021,9.9,1.9
Benin,BEN,2022,9.9,2
Benin,BEN,2023,9.8,2.1
Bhutan,BTN,2000,84.6,8.9
Bhutan,BTN,2001,87.4,11.9
Bhutan,BTN,2002,89.8,15
Bhutan,BTN,2003,91.4,18.8
Bhutan,BTN,2004,92.8,22.9
Bhutan,BTN,2005,93.95,27.1
Bhutan,BTN,2006,94.8,31.7
Bhutan,BTN,2007,95.4,36.3
Bhutan,BTN,2008,95.9,41.1
Bhutan,BTN,2009,96.3,45.45
Bhutan,BTN,2010,96.7,49.9
Bhutan,BTN,2011,96.8,54.3
Bhutan,BTN,2012,97.1,58.3
Bhutan,BTN,2013,97.2,62.1
Bhutan,BTN,2014,97.3,66
Bhutan,BTN,2015,97.6,69.2
Bhutan,BTN,2016,97.6,72.4
Bhutan,BTN,2017,97.7,75.1
Bhutan,BTN,2018,97.8,77.5
Bhutan,BTN,2019,97.8,80.1
Bhutan,BTN,2020,97.8,81.9
Bhutan,BTN,2021,98,84.1
Bhutan,BTN,2022,98,85.8
Bhutan,BTN,2023,98.1,87.5
Bolivia,BOL,2000,92.4,18.4
Bolivia,BOL,2001,92.7,19.1
Bolivia,BOL,2002,93.1,20.2
Bolivia,BOL,2003,93.5,21.5
Bolivia,BOL,2004,93.85,23.4
Bolivia,BOL,2005,94.3,25.6
Bolivia,BOL,2006,94.9,28
Bolivia,BOL,2007,95.2,30.9
Bolivia,BOL,2008,95.8,33.6
Bolivia,BOL,2009,96.2,36.4
Bolivia,BOL,2010,96.6,39.2
Bolivia,BOL,2011,97,41.7
Bolivia,BOL,2012,97.3,44.1
Bolivia,BOL,2013,97.6,46
Bolivia,BOL,2014,97.9,48.3
Bolivia,BOL,2015,98.2,50.4
Bolivia,BOL,2016,98.4,52.7
Bolivia,BOL,2017,98.6,55
Bolivia,BOL,2018,98.8,57.6
Bolivia,BOL,2019,98.9,60.5
Bolivia,BOL,2020,99.1,63
Bolivia,BOL,2021,99.2,65.9
Bolivia,BOL,2022,99.3,68.7
Bolivia,BOL,2023,99.4,71.2
Bosnia and Herzegovina,BIH,2000,80.8,33
Bosnia and Herzegovina,BIH,2001,80.1,31.9
Bosnia and Herzegovina,BIH,2002,79.3,30.4
Bosnia and Herzegovina,BIH,2003,78.1,29.15
Bosnia and Herzegovina,BIH,2004,76.7,27.8
Bosnia and Herzegovina,BIH,2005,75.3,26.4
Bosnia and Herzegovina,BIH,2006,74.1,25.5
Bosnia and Herzegovina,BIH,2007,72.7,23.9
Bosnia and Herzegovina,BIH,2008,71.3,22.8
Bosnia and Herzegovina,BIH,2009,69.8,21.7
Bosnia and Herzegovina,BIH,2010,68.4,20.7
Bosnia and Herzegovina,BIH,2011,67.3,19.8
Bosnia and Herzegovina,BIH,2012,66,18.6
Bosnia and Herzegovina,BIH,2013,65.2,18
Bosnia and Herzegovina,BIH,2014,64.4,17.1
Bosnia and Herzegovina,BIH,2015,63.4,16.2
Bosnia and Herzegovina,BIH,2016,62.6,15.5
Bosnia and Herzegovina,BIH,2017,61.8,14.7
Bosnia and Herzegovina,BIH,2018,61.1,14.3
Bosnia and Herzegovina,BIH,2019,60.2,13.5
Bosnia and Herzegovina,BIH,2020,59.6,13.4
Bosnia and Herzegovina,BIH,2021,57.95,12.2
Bosnia and Herzegovina,BIH,2022,57.4,11.5
Bosnia and Herzegovina,BIH,2023,57,10.95
Botswana,BWA,2000,70.4,19.8
Botswana,BWA,2001,71.8,21.3
Botswana,BWA,2002,73.4,22.7
Botswana,BWA,2003,74.6,24.3
Botswana,BWA,2004,76.1,25.3
Botswana,BWA,2005,77.4,26.3
Botswana,BWA,2006,78.3,26.6
Botswana,BWA,2007,79.45,27.3
Botswana,BWA,2008,80.3,27.9
Botswana,BWA,2009,81.1,27.9
Botswana,BWA,2010,81.9,28.3
Botswana,BWA,2011,82.6,28.5
Botswana,BWA,2012,83.1,28.3
Botswana,BWA,2013,83.6,28.1
Botswana,BWA,2014,84.05,28
Botswana,BWA,2015,84.5,27.75
Botswana,BWA,2016,84.8,27.6
Botswana,BWA,2017,84.9,27.4
Botswana,BWA,2018,85.5,27.2
Botswana,BWA,2019,85.7,27.1
Botswana,BWA,2020,85.9,26.7
Botswana,BWA,2021,86,26.7
Botswana,BWA,2022,86.2,26.6
Botswana,BWA,2023,86.4,26.4
Brazil,BRA,2000,96.8,55.4
Brazil,BRA,2001,97.1,56.55
Brazil,BRA,2002,97.3,58
Brazil,BRA,2003,97.5,59.3
Brazil,BRA,2004,97.7,60.8
Brazil,BRA,2005,97.8,62
Brazil,BRA,2006,98.1,63.6
Brazil,BRA,2007,98.1,65.2
Brazil,BRA,2008,98.3,66.7
Brazil,BRA,2009,98.5,68
Brazil,BRA,2010,98.6,69.8
Brazil,BRA,2011,98.7,71.3
Brazil,BRA,2012,98.8,72.7
Brazil,BRA,2013,98.8,74
Brazil,BRA,2014,98.9,75.2
Brazil,BRA,2015,98.9,76.5
Brazil,BRA,2016,99,77.8
Brazil,BRA,2017,99,78.8
Brazil,BRA,2018,99,79.7
Brazil,BRA,2019,99,80.5
Brazil,BRA,2020,99,81.2
Brazil,BRA,2021,98.9,82.2
Brazil,BRA,2022,99,82.75
Brazil,BRA,2023,98.9,83.4
Brunei,BRN,2000,100,100
Brunei,BRN,2001,100,100
Brunei,BRN,2002,100,100
Brunei,BRN,2003,100,100
Brunei,BRN,2004,100,100
Brunei,BRN,2005,100,100
Brunei,BRN,2006,100,100
Brunei,BRN,2007,100,100
Brunei,BRN,2008,100,100
Brunei,BRN,2009,100,100
Brunei,BRN,2010,100,100
Brunei,BRN,2011,100,100
Brunei,BRN,2012,100,100
Brunei,BRN,2013,100,100
Brunei,BRN,2014,100,100
Brunei,BRN,2015,100,100
Brunei,BRN,2016,100,100
Brunei,BRN,2017,100,100
Brunei,BRN,2018,100,100
Brunei,BRN,2019,100,100
Brunei,BRN,2020,100,100
Brunei,BRN,2021,100,100
Brunei,BRN,2022,100,100
Brunei,BRN,2023,100,100
Burkina Faso,BFA,2000,12.4,0.6
Burkina Faso,BFA,2001,12.9,0.6
Burkina Faso,BFA,2002,13.6,0.7
Burkina Faso,BFA,2003,14.2,0.7
Burkina Faso,BFA,2004,14.8,0.8
Burkina Faso,BFA,2005,15.7,0.8
Burkina Faso,BFA,2006,16.5,0.9
Burkina Faso,BFA,2007,17.5,1
Burkina Faso,BFA,2008,18.3,1
Burkina Faso,BFA,2009,19.6,1.1
Burkina Faso,BFA,2010,20.9,1.2
Burkina Faso,BFA,2011,22.1,1.2
Burkina Faso,BFA,2012,23.9,1.3
Burkina Faso,BFA,2013,25.6,1.4
Burkina Faso,BFA,2014,27.4,1.6
Burkina Faso,BFA,2015,29.1,1.7
Burkina Faso,BFA,2016,31.2,1.8
Burkina Faso,BFA,2017,33.4,2
Burkina Faso,BFA,2018,35.4,2.1
Burkina Faso,BFA,2019,37.6,2.3
Burkina Faso,BFA,2020,39.7,2.6
Burkina Faso,BFA,2021,42.1,2.9
Burkina Faso,BFA,2022,44.4,3.2
Burkina Faso,BFA,2023,46.5,3.5
Burundi,BDI,2000,1.3,0.2
Burundi,BDI,2001,1.2,0.2
Burundi,BDI,2002,1,0.2
Burundi,BDI,2003,0.9,0.2
Burundi,BDI,2004,0.9,0.2
Burundi,BDI,2005,0.8,0.2
Burundi,BDI,2006,0.7,0.2
Burundi,BDI,2007,0.6,0.2
Burundi,BDI,2008,0.6,0.2
Burundi,BDI,2009,0.5,0.2
Burundi,BDI,2010,0.5,0.2
Burundi,BDI,2011,0.4,0.2
Burundi,BDI,2012,0.4,0.2
Burundi,BDI,2013,0.3,0.1
Burundi,BDI,2014,0.3,0.2
Burundi,BDI,2015,0.3,0.1
Burundi,BDI,2016,0.2,0.1
Burundi,BDI,2017,0.2,0.1
Burundi,BDI,2018,0.2,0.1
Burundi,BDI,2019,0.2,0.1
Burundi,BDI,2020,0.1,0.1
Burundi,BDI,2021,0.2,0.1
Burundi,BDI,2022,0.1,0.1
Burundi,BDI,2023,0.1,0.1
Cambodia,KHM,2000,15.7,0.9
Cambodia,KHM,2001,18,1
Cambodia,KHM,2002,20.3,1.3
Cambodia,KHM,2003,23,1.5
Cambodia,KHM,2004,25.8,1.6
Cambodia,KHM,2005,28.7,1.9
Cambodia,KHM,2006,31.8,2.1
Cambodia,KHM,2007,34.9,2.4
Cambodia,KHM,2008,38.2,2.7
Cambodia,KHM,2009,41.5,3.1
Cambodia,KHM,2010,44.8,3.7
Cambodia,KHM,2011,48,4.3
Cambodia,KHM,2012,50.9,5.3
Cambodia,KHM,2013,53.8,6.5
Cambodia,KHM,2014,56.9,8.05
Cambodia,KHM,2015,59.8,9.8
Cambodia,KHM,2016,62.6,12.4
Cambodia,KHM,2017,65.4,15.4
Cambodia,KHM,2018,68.3,19.1
Cambodia,KHM,2019,71.1,23.8
Cambodia,KHM,2020,73.8,29.3
Cambodia,KHM,2021,76.4,35.45
Cambodia,KHM,2022,78.8,41.9
Cambodia,KHM,2023,80.7,49.3
Cameroon,CMR,2000,21.4,1
Cameroon,CMR,2001,23.1,1.1
Cameroon,CMR,2002,24.5,1.2
Cameroon,CMR,2003,26.4,1.3
Cameroon,CMR,2004,27.9,1.4
Cameroon,CMR,2005,29.6,1.5
Cameroon,CMR,2006,31.1,1.7
Cameroon,CMR,2007,32.8,1.8
Cameroon,CMR,2008,34.1,2
Cameroon,CMR,2009,35.1,2.1
Cameroon,CMR,2010,36.5,2.2
Cameroon,CMR,2011,37.6,2.4
Cameroon,CMR,2012,38.5,2.6
Cameroon,CMR,2013,39.4,2.8
Cameroon,CMR,2014,40,2.9
Cameroon,CMR,2015,40.8,3.1
Cameroon,CMR,2016,41.6,3.3
Cameroon,CMR,2017,42.8,3.6
Cameroon,CMR,2018,43.9,3.9
Cameroon,CMR,2019,44.9,4.1
Cameroon,CMR,2020,46.4,4.3
Cameroon,CMR,2021,47.6,4.7
Cameroon,CMR,2022,49.2,5
Cameroon,CMR,2023,50.2,5.4
Canada,CAN,2000,100,100
Canada,CAN,2001,100,100
Canada,CAN,2002,100,100
Canada,CAN,2003,100,100
Canada,CAN,2004,100,100
Canada,CAN,2005,100,100
Canada,CAN,2006,100,100
Canada,CAN,2007,100,100
Canada,CAN,2008,100,100
Canada,CAN,2009,100,100
Canada,CAN,2010,100,100
Canada,CAN,2011,100,100
Canada,CAN,2012,100,100
Canada,CAN,2013,100,100
Canada,CAN,2014,100,100
Canada,CAN,2015,100,100
Canada,CAN,2016,100,100
Canada,CAN,2017,100,100
Canada,CAN,2018,100,100
Canada,CAN,2019,100,100
Canada,CAN,2020,100,100
Canada,CAN,2021,100,100
Canada,CAN,2022,100,100
Canada,CAN,2023,100,100
Cape Verde,CPV,2000,89.7,29.8
Cape Verde,CPV,2001,89.6,29.3
Cape Verde,CPV,2002,89.7,29.1
Cape Verde,CPV,2003,89.7,29.1
Cape Verde,CPV,2004,89.8,29.2
Cape Verde,CPV,2005,90,29.2
Cape Verde,CPV,2006,90.1,29.7
Cape Verde,CPV,2007,90.4,30.3
Cape Verde,CPV,2008,90.7,30.9
Cape Verde,CPV,2009,90.8,31.9
Cape Verde,CPV,2010,91.1,33
Cape Verde,CPV,2011,91.5,34
Cape Verde,CPV,2012,91.9,35.5
Cape Verde,CPV,2013,92.2,37.1
Cape Verde,CPV,2014,92.6,38.4
Cape Verde,CPV,2015,93,40.3
Cape Verde,CPV,2016,93.2,42.2
Cape Verde,CPV,2017,93.6,44.2
Cape Verde,CPV,2018,93.9,46.3
Cape Verde,CPV,2019,94.2,48.6
Cape Verde,CPV,2020,94.3,51
Cape Verde,CPV,2021,94.7,53.1
Cape Verde,CPV,2022,94.8,55.3
Cape Verde,CPV,2023,95.1,58
Central African Republic,CAF,2000,0.8,0.1
Central African Republic,CAF,2001,0.7,0.1
Central African Republic,CAF,2002,0.7,0.1
Central African Republic,CAF,2003,0.7,0.1
Central African Republic,CAF,2004,0.8,0.1
Central African Republic,CAF,2005,0.7,0.1
Central African Republic,CAF,2006,0.8,0.1
Central African Republic,CAF,2007,0.9,0.1
Central African Republic,CAF,2008,0.9,0.1
Central African Republic,CAF,2009,1,0.1
Central African Republic,CAF,2010,0.9,0
Central African Republic,CAF,2011,1,0
Central African Republic,CAF,2012,1.1,0
Central African Republic,CAF,2013,1.1,0
Central African Republic,CAF,2014,1.2,0
Central African Republic,CAF,2015,1.2,0
Central African Republic,CAF,2016,1.3,0
Central African Republic,CAF,2017,1.4,0
Central African Republic,CAF,2018,1.5,0
Central African Republic,CAF,2019,1.5,0
Central African Republic,CAF,2020,1.7,0
Central African Republic,CAF,2021,1.7,0
Central African Republic,CAF,2022,1.8,0
Central African Republic,CAF,2023,1.9,0
Chad,TCD,2000,3.3,2.5
Chad,TCD,2001,3.7,2.1
Chad,TCD,2002,4.1,1.9
Chad,TCD,2003,4.7,1.6
Chad,TCD,2004,5.2,1.4
Chad,TCD,2005,5.7,1.2
Chad,TCD,2006,6.4,1
Chad,TCD,2007,7,0.8
Chad,TCD,2008,7.9,0.7
Chad,TCD,2009,9,0.6
Chad,TCD,2010,10.1,0.5
Chad,TCD,2011,11.3,0.4
Chad,TCD,2012,12.8,0.4
Chad,TCD,2013,14.2,0.3
Chad,TCD,2014,15.9,0.3
Chad,TCD,2015,18,0.2
Chad,TCD,2016,20.1,0.2
Chad,TCD,2017,22.55,0.2
Chad,TCD,2018,25.2,0.1
Chad,TCD,2019,27.8,0.1
Chad,TCD,2020,30.7,0.1
Chad,TCD,2021,33.9,0.1
Chad,TCD,2022,37,0.1
Chad,TCD,2023,40.1,0.1
Chile,CHL,2000,100,100
Chile,CHL,2001,100,100
Chile,CHL,2002,100,100
Chile,CHL,2003,100,100
Chile,CHL,2004,100,100
Chile,CHL,2005,100,100
Chile,CHL,2006,100,100
Chile,CHL,2007,100,100
Chile,CHL,2008,100,100
Chile,CHL,2009,100,100
Chile,CHL,2010,100,100
Chile,CHL,2011,100,100
Chile,CHL,2012,100,100
Chile,CHL,2013,100,100
Chile,CHL,2014,100,100
Chile,CHL,2015,100,100
Chile,CHL,2016,100,100
Chile,CHL,2017,100,100
Chile,CHL,2018,100,100
Chile,CHL,2019,100,100
Chile,CHL,2020,100,100
Chile,CHL,2021,100,100
Chile,CHL,2022,100,100
Chile,CHL,2023,100,100
China,CHN,2000,68.7,20.9
China,CHN,2001,69.6,21.2
China,CHN,2002,70.6,21.9
China,CHN,2003,71.9,22.5
China,CHN,2004,72.9,23.5
China,CHN,2005,74.3,24.5
China,CHN,2006,75.3,25.7
China,CHN,2007,76.7,27
China,CHN,2008,78.1,29
China,CHN,2009,79.1,31
China,CHN,2010,81,33.6
China,CHN,2011,82.1,36.4
China,CHN,2012,83.5,39.4
China,CHN,2013,85.3,42.9
China,CHN,2014,86.6,46.8
China,CHN,2015,87.9,50.5
China,CHN,2016,88.9,54.6
China,CHN,2017,90.4,58.3
China,CHN,2018,91.3,61.8
China,CHN,2019,92.3,65.6
China,CHN,2020,93.3,68.7
China,CHN,2021,94.1,72
China,CHN,2022,94.7,74.9
China,CHN,2023,95.2,77.4
Colombia,COL,2000,93.5,34.3
Colombia,COL,2001,94.1,34.7
Colombia,COL,2002,94.7,35.6
Colombia,COL,2003,95.1,36.3
Colombia,COL,2004,95.6,36.9
Colombia,COL,2005,96,37.8
Colombia,COL,2006,96.3,38.5
Colombia,COL,2007,96.5,39.5
Colombia,COL,2008,96.9,40.4
Colombia,COL,2009,97.1,41.5
Colombia,COL,2010,97.4,43.4
Colombia,COL,2011,97.6,45.3
Colombia,COL,2012,97.9,47.1
Colombia,COL,2013,98.1,49.2
Colombia,COL,2014,98.3,50.95
Colombia,COL,2015,98.4,53.4
Colombia,COL,2016,98.6,55.1
Colombia,COL,2017,98.7,57
Colombia,COL,2018,98.8,58.5
Colombia,COL,2019,98.9,60
Colombia,COL,2020,99,60.9
Colombia,COL,2021,99.1,62
Colombia,COL,2022,99.1,62.6
Colombia,COL,2023,99.2,63.6
Comoros,COM,2000,1,0.2
Comoros,COM,2001,1.3,0.3
Comoros,COM,2002,1.6,0.4
Comoros,COM,2003,2,0.4
Comoros,COM,2004,2.6,0.5
Comoros,COM,2005,3.1,0.6
Comoros,COM,2006,3.8,0.8
Comoros,COM,2007,4.4,0.8
Comoros,COM,2008,5.2,1
Comoros,COM,2009,6.1,1.1
Comoros,COM,2010,6.9,1.4
Comoros,COM,2011,7.8,1.6
Comoros,COM,2012,8.9,1.8
Comoros,COM,2013,10,2
Comoros,COM,2014,10.9,2.3
Comoros,COM,2015,11.7,2.5
Comoros,COM,2016,12.9,2.9
Comoros,COM,2017,13.7,3.2
Comoros,COM,2018,14.7,3.7
Comoros,COM,2019,15.6,4
Comoros,COM,2020,16.55,4.4
Comoros,COM,2021,17.3,5
Comoros,COM,2022,18.2,5.4
Comoros,COM,2023,19.3,5.9
Congo,COG,2000,12.8,1
Congo,COG,2001,13.85,1.2
Congo,COG,2002,14.9,1.2
Congo,COG,2003,15.8,1.3
Congo,COG,2004,16.9,1.4
Congo,COG,2005,18.1,1.5
Congo,COG,2006,19.5,1.6
Congo,COG,2007,20.7,1.7
Congo,COG,2008,22.1,1.9
Congo,COG,2009,23.7,2.1
Congo,COG,2010,26,2.2
Congo,COG,2011,27.75,2.3
Congo,COG,2012,30.1,2.5
Congo,COG,2013,32.6,2.8
Congo,COG,2014,35.2,2.9
Congo,COG,2015,37.8,3.2
Congo,COG,2016,40.3,3.4
Congo,COG,2017,42.8,3.7
Congo,COG,2018,45.4,3.9
Congo,COG,2019,47.4,4
Congo,COG,2020,49.8,4.2
Congo,COG,2021,51.8,4.5
Congo,COG,2022,53.7,4.8
Congo,COG,2023,55.1,4.9
Costa Rica,CRI,2000,97.4,77.2
Costa Rica,CRI,2001,97.3,77.6
Costa Rica,CRI,2002,97.5,78
Costa Rica,CRI,2003,97.5,78.1
Costa Rica,CRI,2004,97.6,78.4
Costa Rica,CRI,2005,97.7,78.6
Costa Rica,CRI,2006,97.6,78.8
Costa Rica,CRI,2007,97.7,79.1
Costa Rica,CRI,2008,97.7,79.5
Costa Rica,CRI,2009,97.7,79.7
Costa Rica,CRI,2010,97.8,80.3
Costa Rica,CRI,2011,97.8,80.9
Costa Rica,CRI,2012,97.8,81.7
Costa Rica,CRI,2013,97.9,82.6
Costa Rica,CRI,2014,98,83.4
Costa Rica,CRI,2015,98,84.1
Costa Rica,CRI,2016,98.1,85.1
Costa Rica,CRI,2017,98.1,85.9
Costa Rica,CRI,2018,98.1,86.8
Costa Rica,CRI,2019,98.2,87.5
Costa Rica,CRI,2020,98.2,88.4
Costa Rica,CRI,2021,98.3,89.1
Costa Rica,CRI,2022,98.3,89.7
Costa Rica,CRI,2023,98.4,90.3
Cote d'Ivoire,CIV,2000,33.4,1.3
Cote d'Ivoire,CIV,2001,33.1,1.4
Cote d'Ivoire,CIV,2002,33.1,1.4
Cote d'Ivoire,CIV,2003,33.2,1.4
Cote d'Ivoire,CIV,2004,33,1.5
Cote d'Ivoire,CIV,2005,32.9,1.5
Cote d'Ivoire,CIV,2006,33.2,1.5
Cote d'Ivoire,CIV,2007,33.6,1.6
Cote d'Ivoire,CIV,2008,34,1.7
Cote d'Ivoire,CIV,2009,34.8,1.8
Cote d'Ivoire,CIV,2010,36.1,1.8
Cote d'Ivoire,CIV,2011,37.75,2.1
Cote d'Ivoire,CIV,2012,39.8,2.2
Cote d'Ivoire,CIV,2013,42.3,2.5
Cote d'Ivoire,CIV,2014,45.3,2.7
Cote d'Ivoire,CIV,2015,48.1,3
Cote d'Ivoire,CIV,2016,51.3,3.3
Cote d'Ivoire,CIV,2017,54.6,3.7
Cote d'Ivoire,CIV,2018,58,4.2
Cote d'Ivoire,CIV,2019,61.3,4.7
Cote d'Ivoire,CIV,2020,64.6,5.3
Cote d'Ivoire,CIV,2021,67.8,6
Cote d'Ivoire,CIV,2022,70.9,6.9
Cote d'Ivoire,CIV,2023,73.7,7.6
Croatia,HRV,2000,100,100
Croatia,HRV,2001,100,100
Croatia,HRV,2002,100,100
Croatia,HRV,2003,100,100
Croatia,HRV,2004,100,100
Croatia,HRV,2005,100,100
Croatia,HRV,2006,100,100
Croatia,HRV,2007,100,100
Croatia,HRV,2008,100,100
Croatia,HRV,2009,100,100
Croatia,HRV,2010,100,100
Croatia,HRV,2011,100,100
Croatia,HRV,2012,100,100
Croatia,HRV,2013,100,100
Croatia,HRV,2014,100,100
Croatia,HRV,2015,100,100
Croatia,HRV,2016,100,100
Croatia,HRV,2017,100,100
Croatia,HRV,2018,100,100
Croatia,HRV,2019,100,100
Croatia,HRV,2020,100,100
Croatia,HRV,2021,100,100
Croatia,HRV,2022,100,100
Croatia,HRV,2023,100,100
Cuba,CUB,2000,76.5,27.4
Cuba,CUB,2001,79.5,33.5
Cuba,CUB,2002,82.7,39.9
Cuba,CUB,2003,84.95,46.6
Cuba,CUB,2004,87.2,53.1
Cuba,CUB,2005,88.7,59
Cuba,CUB,2006,90.15,64.1
Cuba,CUB,2007,90.8,69
Cuba,CUB,2008,91.9,72.45
Cuba,CUB,2009,92.8,75
Cuba,CUB,2010,93.2,78.2
Cuba,CUB,2011,93.6,79.8
Cuba,CUB,2012,94.4,81.7
Cuba,CUB,2013,94.9,83.5
Cuba,CUB,2014,95.2,84.7
Cuba,CUB,2015,95.5,86.15
Cuba,CUB,2016,96,86.9
Cuba,CUB,2017,96.3,88.1
Cuba,CUB,2018,96.6,88.6
Cuba,CUB,2019,96.8,89.4
Cuba,CUB,2020,97,89.7
Cuba,CUB,2021,97.1,90.3
Cuba,CUB,2022,97.3,90.7
Cuba,CUB,2023,97.3,90.9
Cyprus,CYP,2000,100,100
Cyprus,CYP,2001,100,100
Cyprus,CYP,2002,100,100
Cyprus,CYP,2003,100,100
Cyprus,CYP,2004,100,100
Cyprus,CYP,2005,100,100
Cyprus,CYP,2006,100,100
Cyprus,CYP,2007,100,100
Cyprus,CYP,2008,100,100
Cyprus,CYP,2009,100,100
Cyprus,CYP,2010,100,100
Cyprus,CYP,2011,100,100
Cyprus,CYP,2012,100,100
Cyprus,CYP,2013,100,100
Cyprus,CYP,2014,100,100
Cyprus,CYP,2015,100,100
Cyprus,CYP,2016,100,100
Cyprus,CYP,2017,100,100
Cyprus,CYP,2018,100,100
Cyprus,CYP,2019,100,100
Cyprus,CYP,2020,100,100
Cyprus,CYP,2021,100,100
Cyprus,CYP,2022,100,100
Cyprus,CYP,2023,100,100
Czechia,CZE,2000,100,100
Czechia,CZE,2001,100,100
Czechia,CZE,2002,100,100
Czechia,CZE,2003,100,100
Czechia,CZE,2004,100,100
Czechia,CZE,2005,100,100
Czechia,CZE,2006,100,100
Czechia,CZE,2007,100,100
Czechia,CZE,2008,100,100
Czechia,CZE,2009,100,100
Czechia,CZE,2010,100,100
Czechia,CZE,2011,100,100
Czechia,CZE,2012,100,100
Czechia,CZE,2013,100,100
Czechia,CZE,2014,100,100
Czechia,CZE,2015,100,100
Czechia,CZE,2016,100,100
Czechia,CZE,2017,100,100
Czechia,CZE,2018,100,100
Czechia,CZE,2019,100,100
Czechia,CZE,2020,100,100
Czechia,CZE,2021,100,100
Czechia,CZE,2022,100,100
Czechia,CZE,2023,100,100
Democratic Republic of Congo,COD,2000,4.3,0
Democratic Republic of Congo,COD,2001,4.8,0
Democratic Republic of Congo,COD,2002,5.5,0
Democratic Republic of Congo,COD,2003,5.8,0.1
Democratic Republic of Congo,COD,2004,6.4,0
Democratic Republic of Congo,COD,2005,6.9,0.1
Democratic Republic of Congo,COD,2006,7.5,0.1
Democratic Republic of Congo,COD,2007,8.1,0.1
Democratic Republic of Congo,COD,2008,8.5,0.1
Democratic Republic of Congo,COD,2009,9,0.1
Democratic Republic of Congo,COD,2010,9.3,0.1
Democratic Republic of Congo,COD,2011,9.6,0.2
Democratic Republic of Congo,COD,2012,9.7,0.2
Democratic Republic of Congo,COD,2013,9.8,0.2
Democratic Republic of Congo,COD,2014,10,0.3
Democratic Republic of Congo,COD,2015,9.9,0.3
Democratic Republic of Congo,COD,2016,9.9,0.4
Democratic Republic of Congo,COD,2017,9.9,0.4
Democratic Republic of Congo,COD,2018,10,0.5
Democratic Republic of Congo,COD,2019,9.9,0.5
Democratic Republic of Congo,COD,2020,9.8,0.6
Democratic Republic of Congo,COD,2021,9.9,0.6
Democratic Republic of Congo,COD,2022,9.9,0.7
Democratic Republic of Congo,COD,2023,9.7,0.8
Denmark,DNK,2000,100,100
Denmark,DNK,2001,100,100
Denmark,DNK,2002,100,100
Denmark,DNK,2003,100,100
Denmark,DNK,2004,100,100
Denmark,DNK,2005,100,100
Denmark,DNK,2006,100,100
Denmark,DNK,2007,100,100
Denmark,DNK,2008,100,100
Denmark,DNK,2009,100,100
Denmark,DNK,2010,100,100
Denmark,DNK,2011,100,100
Denmark,DNK,2012,100,100
Denmark,DNK,2013,100,100
Denmark,DNK,2014,100,100
Denmark,DNK,2015,100,100
Denmark,DNK,2016,100,100
Denmark,DNK,2017,100,100
Denmark,DNK,2018,100,100
Denmark,DNK,2019,100,100
Denmark,DNK,2020,100,100
Denmark,DNK,2021,100,100
Denmark,DNK,2022,100,100
Denmark,DNK,2023,100,100
Djibouti,DJI,2000,4.3,1.4
Djibouti,DJI,2001,4.5,1.3
Djibouti,DJI,2002,4.6,1.2
Djibouti,DJI,2003,5,1.2
Djibouti,DJI,2004,5.2,1.1
Djibouti,DJI,2005,5.7,1
Djibouti,DJI,2006,5.9,1
Djibouti,DJI,2007,6.4,0.9
Djibouti,DJI,2008,6.7,0.9
Djibouti,DJI,2009,7.3,0.8
Djibouti,DJI,2010,7.7,0.7
Djibouti,DJI,2011,8.3,0.7
Djibouti,DJI,2012,8.8,0.6
Djibouti,DJI,2013,9.3,0.6
Djibouti,DJI,2014,9.8,0.5
Djibouti,DJI,2015,10.2,0.4
Djibouti,DJI,2016,10.7,0.4
Djibouti,DJI,2017,11.1,0.3
Djibouti,DJI,2018,11.7,0.3
Djibouti,DJI,2019,11.7,0.3
Djibouti,DJI,2020,11.9,0.2
Djibouti,DJI,2021,12.3,0.2
Djibouti,DJI,2022,12.2,0.2
Djibouti,DJI,2023,12.3,0.1
Dominica,DMA,2000,95,56.1
Dominica,DMA,2001,95.65,58.1
Dominica,DMA,2002,96.1,59.7
Dominica,DMA,2003,96.4,61.6
Dominica,DMA,2004,96.9,62.9
Dominica,DMA,2005,97.2,64.3
Dominica,DMA,2006,97.4,66.2
Dominica,DMA,2007,97.55,68.3
Dominica,DMA,2008,97.7,69.2
Dominica,DMA,2009,97.8,71.3
Dominica,DMA,2010,97.7,72.3
Dominica,DMA,2011,97.7,74.25
Dominica,DMA,2012,97.5,75.8
Dominica,DMA,2013,97.5,76.5
Dominica,DMA,2014,97.4,77.5
Dominica,DMA,2015,97.3,77.8
Dominica,DMA,2016,97,78.7
Dominica,DMA,2017,96.9,79.6
Dominica,DMA,2018,96.8,79.3
Dominica,DMA,2019,96.4,79.7
Dominica,DMA,2020,96.1,78.8
Dominica,DMA,2021,96.1,79
Dominica,DMA,2022,95.6,78.9
Dominica,DMA,2023,95.6,79.2
Dominican Republic,DOM,2000,95,66.1
Dominican Republic,DOM,2001,95.3,68.1
Dominican Republic,DOM,2002,95.4,69
Dominican Republic,DOM,2003,95.6,69.7
Dominican Republic,DOM,2004,95.6,70.1
Dominican Republic,DOM,2005,95.7,70.1
Dominican Republic,DOM,2006,95.5,69.9
Dominican Republic,DOM,2007,95.5,69.3
Dominican Republic,DOM,2008,95.3,68.8
Dominican Republic,DOM,2009,95.25,68.5
Dominican Republic,DOM,2010,95.1,68.4
Dominican Republic,DOM,2011,95.2,68.6
Dominican Republic,DOM,2012,95.2,68.8
Dominican Republic,DOM,2013,95.3,69.5
Dominican Republic,DOM,2014,95.4,70.5
Dominican Republic,DOM,2015,95.5,71.5
Dominican Republic,DOM,2016,95.7,72.3
Dominican Republic,DOM,2017,95.9,73.6
Dominican Republic,DOM,2018,96.1,74.75
Dominican Republic,DOM,2019,96.3,75.7
Dominican Republic,DOM,2020,96.4,76.7
Dominican Republic,DOM,2021,96.6,77.6
Dominican Republic,DOM,2022,96.8,78.7
Dominican Republic,DOM,2023,96.9,79.6
East Asia and Pacific (WB),WB_EAP,2000,66.15828,21.088888
East Asia and Pacific (WB),WB_EAP,2001,66.94334,21.435522
East Asia and Pacific (WB),WB_EAP,2002,67.93172,22.034353
East Asia and Pacific (WB),WB_EAP,2003,69.17053,22.499622
East Asia and Pacific (WB),WB_EAP,2004,70.30331,23.317822
East Asia and Pacific (WB),WB_EAP,2005,71.745445,24.193077
East Asia and Pacific (WB),WB_EAP,2006,73.069626,25.300133
East Asia and Pacific (WB),WB_EAP,2007,74.66792,26.54273
East Asia and Pacific (WB),WB_EAP,2008,76.32459,28.431978
East Asia and Pacific (WB),WB_EAP,2009,77.759026,30.423285
East Asia and Pacific (WB),WB_EAP,2010,79.64501,32.95061
East Asia and Pacific (WB),WB_EAP,2011,81.11869,35.77639
East Asia and Pacific (WB),WB_EAP,2012,82.61019,38.81798
East Asia and Pacific (WB),WB_EAP,2013,84.343834,42.266636
East Asia and Pacific (WB),WB_EAP,2014,85.66234,46.075153
East Asia and Pacific (WB),WB_EAP,2015,86.987404,49.753777
East Asia and Pacific (WB),WB_EAP,2016,88.08665,53.537373
East Asia and Pacific (WB),WB_EAP,2017,89.41185,57.03467
East Asia and Pacific (WB),WB_EAP,2018,90.32757,60.235634
East Asia and Pacific (WB),WB_EAP,2019,91.24941,63.553444
East Asia and Pacific (WB),WB_EAP,2020,92.15178,66.37239
East Asia and Pacific (WB),WB_EAP,2021,92.8984,69.21959
East Asia and Pacific (WB),WB_EAP,2022,93.486176,71.73464
East Asia and Pacific (WB),WB_EAP,2023,93.979164,74.02298
East Timor,TLS,2000,3.3,0
East Timor,TLS,2001,3.7,0.1
East Timor,TLS,2002,4.3,0.1
East Timor,TLS,2003,5,0.2
East Timor,TLS,2004,5.7,0.2
East Timor,TLS,2005,6.5,0.3
East Timor,TLS,2006,7.5,0.4
East Timor,TLS,2007,8.5,0.6
East Timor,TLS,2008,9.7,0.7
East Timor,TLS,2009,11,1
East Timor,TLS,2010,12.4,1.2
East Timor,TLS,2011,13.9,1.4
East Timor,TLS,2012,15.5,1.8
East Timor,TLS,2013,17.4,2.2
East Timor,TLS,2014,19.3,2.6
East Timor,TLS,2015,21.3,3
East Timor,TLS,2016,23.5,3.5
East Timor,TLS,2017,25.5,4
East Timor,TLS,2018,27.9,4.7
East Timor,TLS,2019,30,5.2
East Timor,TLS,2020,32.2,5.7
East Timor,TLS,2021,34.4,6.2
East Timor,TLS,2022,36.5,6.7
East Timor,TLS,2023,38.1,7.4
Ecuador,ECU,2000,98.7,71.5
Ecuador,ECU,2001,98.8,73.6
Ecuador,ECU,2002,98.9,75.5
Ecuador,ECU,2003,98.9,77.1
Ecuador,ECU,2004,99,78.3
Ecuador,ECU,2005,99,79.5
Ecuador,ECU,2006,99,80.6
Ecuador,ECU,2007,99.1,81.4
Ecuador,ECU,2008,99,82.2
Ecuador,ECU,2009,99.1,83
Ecuador,ECU,2010,99.1,83.5
Ecuador,ECU,2011,99.1,83.9
Ecuador,ECU,2012,99.1,84.2
Ecuador,ECU,2013,99.1,84.7
Ecuador,ECU,2014,99.1,85
Ecuador,ECU,2015,99.1,85.4
Ecuador,ECU,2016,99.1,85.5
Ecuador,ECU,2017,99.1,85.9
Ecuador,ECU,2018,99,85.7
Ecuador,ECU,2019,99,86
Ecuador,ECU,2020,99,86
Ecuador,ECU,2021,99,86.1
Ecuador,ECU,2022,99,86.3
Ecuador,ECU,2023,99,86.5
Egypt,EGY,2000,96.2,71.8
Egypt,EGY,2001,96.8,78.2
Egypt,EGY,2002,97.3,83.8
Egypt,EGY,2003,97.7,88
Egypt,EGY,2004,98.2,91.3
Egypt,EGY,2005,98.4,93.8
Egypt,EGY,2006,98.8,95.7
Egypt,EGY,2007,99,97
Egypt,EGY,2008,99.2,98
Egypt,EGY,2009,99.3,98.7
Egypt,EGY,2010,99.4,99.2
Egypt,EGY,2011,99.6,99.5
Egypt,EGY,2012,99.6,99.7
Egypt,EGY,2013,99.7,99.8
Egypt,EGY,2014,99.8,99.9
Egypt,EGY,2015,99.8,99.9
Egypt,EGY,2016,99.8,99.9
Egypt,EGY,2017,99.9,99.9
Egypt,EGY,2018,99.9,99.9
Egypt,EGY,2019,99.9,99.9
Egypt,EGY,2020,99.9,99.9
Egypt,EGY,2021,99.9,99.9
Egypt,EGY,2022,99.9,99.9
Egypt,EGY,2023,99.9,99.9
El Salvador,SLV,2000,82.6,24.5
El Salvador,SLV,2001,84.2,26.5
El Salvador,SLV,2002,85.6,28.5
El Salvador,SLV,2003,87.1,31.2
El Salvador,SLV,2004,88,32.8
El Salvador,SLV,2005,89.2,35.1
El Salvador,SLV,2006,90.1,37.25
El Salvador,SLV,2007,91.1,39.5
El Salvador,SLV,2008,91.8,42.8
El Salvador,SLV,2009,92.5,45.2
El Salvador,SLV,2010,93.3,48.3
El Salvador,SLV,2011,93.9,51.1
El Salvador,SLV,2012,94.4,54.7
El Salvador,SLV,2013,94.8,58
El Salvador,SLV,2014,95.4,61.8
El Salvador,SLV,2015,95.8,65.2
El Salvador,SLV,2016,96.2,69.1
El Salvador,SLV,2017,96.4,72.1
El Salvador,SLV,2018,96.7,75.4
El Salvador,SLV,2019,97,78.4
El Salvador,SLV,2020,97.1,81.2
El Salvador,SLV,2021,97.3,83.5
El Salvador,SLV,2022,97.6,85.7
El Salvador,SLV,2023,97.8,87.7
Equatorial Guinea,GNQ,2000,26.6,4.1
Equatorial Guinea,GNQ,2001,27.6,4.3
Equatorial Guinea,GNQ,2002,28.85,4.5
Equatorial Guinea,GNQ,2003,29.45,4.6
Equatorial Guinea,GNQ,2004,30.9,4.9
Equatorial Guinea,GNQ,2005,31.1,5
Equatorial Guinea,GNQ,2006,32.1,5.1
Equatorial Guinea,GNQ,2007,32.5,5.1
Equatorial Guinea,GNQ,2008,33,5.4
Equatorial Guinea,GNQ,2009,33.6,5.3
Equatorial Guinea,GNQ,2010,33.9,5.3
Equatorial Guinea,GNQ,2011,34,5.2
Equatorial Guinea,GNQ,2012,34.1,5.15
Equatorial Guinea,GNQ,2013,33.9,4.9
Equatorial Guinea,GNQ,2014,33.3,4.8
Equatorial Guinea,GNQ,2015,33.4,4.5
Equatorial Guinea,GNQ,2016,32.8,4.3
Equatorial Guinea,GNQ,2017,32,4.1
Equatorial Guinea,GNQ,2018,31.2,3.9
Equatorial Guinea,GNQ,2019,31,3.6
Equatorial Guinea,GNQ,2020,30.2,3.3
Equatorial Guinea,GNQ,2021,29.2,3.1
Equatorial Guinea,GNQ,2022,28.3,3
Equatorial Guinea,GNQ,2023,27.3,2.7
Eritrea,ERI,2000,10.7,0.4
Eritrea,ERI,2001,11.9,0.4
Eritrea,ERI,2002,13,0.4
Eritrea,ERI,2003,13.8,0.5
Eritrea,ERI,2004,14.85,0.5
Eritrea,ERI,2005,15.8,0.5
Eritrea,ERI,2006,16.7,0.5
Eritrea,ERI,2007,17.9,0.6
Eritrea,ERI,2008,18.8,0.6
Eritrea,ERI,2009,19.8,0.7
Eritrea,ERI,2010,20.6,0.7
Eritrea,ERI,2011,21.5,0.8
Eritrea,ERI,2012,22.4,0.8
Eritrea,ERI,2013,23.1,0.8
Eritrea,ERI,2014,23.8,0.9
Eritrea,ERI,2015,24.4,0.9
Eritrea,ERI,2016,24.6,0.9
Eritrea,ERI,2017,25,1
Eritrea,ERI,2018,25.3,0.9
Eritrea,ERI,2019,25.4,1
Eritrea,ERI,2020,25.4,1
Eritrea,ERI,2021,25.2,1
Eritrea,ERI,2022,24.9,1
Eritrea,ERI,2023,24.4,1
Estonia,EST,2000,100,100
Estonia,EST,2001,100,100
Estonia,EST,2002,100,100
Estonia,EST,2003,100,100
Estonia,EST,2004,100,100
Estonia,EST,2005,100,100
Estonia,EST,2006,100,100
Estonia,EST,2007,100,100
Estonia,EST,2008,100,100
Estonia,EST,2009,100,100
Estonia,EST,2010,100,100
Estonia,EST,2011,100,100
Estonia,EST,2012,100,100
Estonia,EST,2013,100,100
Estonia,EST,2014,100,100
Estonia,EST,2015,100,100
Estonia,EST,2016,100,100
Estonia,EST,2017,100,100
Estonia,EST,2018,100,100
Estonia,EST,2019,100,100
Estonia,EST,2020,100,100
Estonia,EST,2021,100,100
Estonia,EST,2022,100,100
Estonia,EST,2023,100,100
Eswatini,SWZ,2000,60.3,10.8
Eswatini,SWZ,2001,62.3,11.9
Eswatini,SWZ,2002,64.3,13
Eswatini,SWZ,2003,66.2,14.3
Eswatini,SWZ,2004,68,15.5
Eswatini,SWZ,2005,69.9,16.7
Eswatini,SWZ,2006,71.9,18
Eswatini,SWZ,2007,73.9,19.3
Eswatini,SWZ,2008,75.8,20.4
Eswatini,SWZ,2009,77.5,21.7
Eswatini,SWZ,2010,79.3,22.7
Eswatini,SWZ,2011,80.9,23.9
Eswatini,SWZ,2012,82.5,25.2
Eswatini,SWZ,2013,84.1,26.5
Eswatini,SWZ,2014,85.5,27.8
Eswatini,SWZ,2015,86.5,28.8
Eswatini,SWZ,2016,87.7,29.4
Eswatini,SWZ,2017,88.6,30
Eswatini,SWZ,2018,89.3,30.2
Eswatini,SWZ,2019,90.1,30.6
Eswatini,SWZ,2020,90.7,30.8
Eswatini,SWZ,2021,91.3,31.1
Eswatini,SWZ,2022,91.8,31.1
Eswatini,SWZ,2023,92.3,31
Ethiopia,ETH,2000,2.1,0.5
Ethiopia,ETH,2001,2.5,0.5
Ethiopia,ETH,2002,3,0.5
Ethiopia,ETH,2003,3.5,0.4
Ethiopia,ETH,2004,4.1,0.4
Ethiopia,ETH,2005,4.9,0.4
Ethiopia,ETH,2006,5.6,0.4
Ethiopia,ETH,2007,6.6,0.4
Ethiopia,ETH,2008,7.6,0.4
Ethiopia,ETH,2009,8.9,0.3
Ethiopia,ETH,2010,10.1,0.3
Ethiopia,ETH,2011,11.7,0.3
Ethiopia,ETH,2012,13.5,0.3
Ethiopia,ETH,2013,15.2,0.4
Ethiopia,ETH,2014,16.7,0.3
Ethiopia,ETH,2015,18.2,0.3
Ethiopia,ETH,2016,19.4,0.3
Ethiopia,ETH,2017,20.65,0.3
Ethiopia,ETH,2018,21.4,0.3
Ethiopia,ETH,2019,21.9,0.3
Ethiopia,ETH,2020,22.8,0.3
Ethiopia,ETH,2021,23.2,0.3
Ethiopia,ETH,2022,23.3,0.3
Ethiopia,ETH,2023,23.6,0.3
Europe and Central Asia (WB),WB_ECA,2000,98.8836,87.974655
Europe and Central Asia (WB),WB_ECA,2001,98.97551,88.38651
Europe and Central Asia (WB),WB_ECA,2002,99.0717,88.85413
Europe and Central Asia (WB),WB_ECA,2003,99.13609,89.2919
Europe and Central Asia (WB),WB_ECA,2004,99.19004,89.73078
Europe and Central Asia (WB),WB_ECA,2005,99.24812,90.13573
Europe and Central Asia (WB),WB_ECA,2006,99.307655,90.55207
Europe and Central Asia (WB),WB_ECA,2007,99.34664,90.90425
Europe and Central Asia (WB),WB_ECA,2008,99.388275,91.2256
Europe and Central Asia (WB),WB_ECA,2009,99.42183,91.57619
Europe and Central Asia (WB),WB_ECA,2010,99.44834,91.83464
Europe and Central Asia (WB),WB_ECA,2011,99.478096,92.151886
Europe and Central Asia (WB),WB_ECA,2012,99.49536,92.38558
Europe and Central Asia (WB),WB_ECA,2013,99.51491,92.72436
Europe and Central Asia (WB),WB_ECA,2014,99.52593,92.98301
Europe and Central Asia (WB),WB_ECA,2015,99.536354,93.24456
Europe and Central Asia (WB),WB_ECA,2016,99.55892,93.388275
Europe and Central Asia (WB),WB_ECA,2017,99.55031,93.521385
Europe and Central Asia (WB),WB_ECA,2018,99.56899,93.620445
Europe and Central Asia (WB),WB_ECA,2019,99.57069,93.70252
Europe and Central Asia (WB),WB_ECA,2020,99.57502,93.75156
Europe and Central Asia (WB),WB_ECA,2021,99.566475,93.83349
Europe and Central Asia (WB),WB_ECA,2022,99.5565,93.942024
Europe and Central Asia (WB),WB_ECA,2023,99.54919,93.976456
European Union (27),OWID_EU27,2000,100,100
European Union (27),OWID_EU27,2001,100,100
European Union (27),OWID_EU27,2002,100,100
European Union (27),OWID_EU27,2003,100,100
European Union (27),OWID_EU27,2004,100,100
European Union (27),OWID_EU27,2005,100,100
European Union (27),OWID_EU27,2006,100,100
European Union (27),OWID_EU27,2007,100,100
European Union (27),OWID_EU27,2008,100,100
European Union (27),OWID_EU27,2009,100,100
European Union (27),OWID_EU27,2010,100,100
European Union (27),OWID_EU27,2011,100,100
European Union (27),OWID_EU27,2012,100,100
European Union (27),OWID_EU27,2013,100,100
European Union (27),OWID_EU27,2014,100,100
European Union (27),OWID_EU27,2015,100,100
European Union (27),OWID_EU27,2016,100,100
European Union (27),OWID_EU27,2017,100,100
European Union (27),OWID_EU27,2018,100,100
European Union (27),OWID_EU27,2019,100,100
European Union (27),OWID_EU27,2020,100,100
European Union (27),OWID_EU27,2021,100,100
European Union (27),OWID_EU27,2022,100,100
European Union (27),OWID_EU27,2023,100,100
Fiji,FJI,2000,46.6,10
Fiji,FJI,2001,46.7,10.2
Fiji,FJI,2002,46.4,10.5
Fiji,FJI,2003,46.4,10.3
Fiji,FJI,2004,46.9,10.95
Fiji,FJI,2005,47,11.2
Fiji,FJI,2006,47.45,11.6
Fiji,FJI,2007,47.7,11.9
Fiji,FJI,2008,48.7,12.4
Fiji,FJI,2009,49.5,13
Fiji,FJI,2010,50.6,13.6
Fiji,FJI,2011,51.9,14.3
Fiji,FJI,2012,53.3,15.4
Fiji,FJI,2013,54.9,16.5
Fiji,FJI,2014,56.9,17.5
Fiji,FJI,2015,58.7,18.7
Fiji,FJI,2016,60.5,20.3
Fiji,FJI,2017,62.4,21.6
Fiji,FJI,2018,64.1,22.9
Fiji,FJI,2019,65.9,24.4
Fiji,FJI,2020,67.45,25.9
Fiji,FJI,2021,69.1,27.4
Fiji,FJI,2022,70.6,28.7
Fiji,FJI,2023,71.9,29.9
Finland,FIN,2000,100,100
Finland,FIN,2001,100,100
Finland,FIN,2002,100,100
Finland,FIN,2003,100,100
Finland,FIN,2004,100,100
Finland,FIN,2005,100,100
Finland,FIN,2006,100,100
Finland,FIN,2007,100,100
Finland,FIN,2008,100,100
Finland,FIN,2009,100,100
Finland,FIN,2010,100,100
Finland,FIN,2011,100,100
Finland,FIN,2012,100,100
Finland,FIN,2013,100,100
Finland,FIN,2014,100,100
Finland,FIN,2015,100,100
Finland,FIN,2016,100,100
Finland,FIN,2017,100,100
Finland,FIN,2018,100,100
Finland,FIN,2019,100,100
Finland,FIN,2020,100,100
Finland,FIN,2021,100,100
Finland,FIN,2022,100,100
Finland,FIN,2023,100,100
France,FRA,2000,100,100
France,FRA,2001,100,100
France,FRA,2002,100,100
France,FRA,2003,100,100
France,FRA,2004,100,100
France,FRA,2005,100,100
France,FRA,2006,100,100
France,FRA,2007,100,100
France,FRA,2008,100,100
France,FRA,2009,100,100
France,FRA,2010,100,100
France,FRA,2011,100,100
France,FRA,2012,100,100
France,FRA,2013,100,100
France,FRA,2014,100,100
France,FRA,2015,100,100
France,FRA,2016,100,100
France,FRA,2017,100,100
France,FRA,2018,100,100
France,FRA,2019,100,100
France,FRA,2020,100,100
France,FRA,2021,100,100
France,FRA,2022,100,100
France,FRA,2023,100,100
Gabon,GAB,2000,78.8,14.9
Gabon,GAB,2001,80.2,16.2
Gabon,GAB,2002,81.5,17.3
Gabon,GAB,2003,82.7,18.6
Gabon,GAB,2004,83.9,19.9
Gabon,GAB,2005,84.9,21.6
Gabon,GAB,2006,85.9,23.05
Gabon,GAB,2007,87.3,24.8
Gabon,GAB,2008,88.2,26.2
Gabon,GAB,2009,89.1,28.1
Gabon,GAB,2010,89.9,29.8
Gabon,GAB,2011,90.7,31.6
Gabon,GAB,2012,91.5,33.9
Gabon,GAB,2013,92.1,35.4
Gabon,GAB,2014,92.8,37.1
Gabon,GAB,2015,93.3,39.2
Gabon,GAB,2016,94,40.5
Gabon,GAB,2017,94.3,42.4
Gabon,GAB,2018,94.7,44
Gabon,GAB,2019,95.1,45.5
Gabon,GAB,2020,95.4,47
Gabon,GAB,2021,95.7,48.5
Gabon,GAB,2022,96,49.9
Gabon,GAB,2023,96.1,51.15
Gambia,GMB,2000,5.4,1.7
Gambia,GMB,2001,5.4,1.6
Gambia,GMB,2002,5.5,1.5
Gambia,GMB,2003,5.3,1.4
Gambia,GMB,2004,5.3,1.3
Gambia,GMB,2005,5.1,1.1
Gambia,GMB,2006,4.8,1.05
Gambia,GMB,2007,4.6,1
Gambia,GMB,2008,4.4,0.8
Gambia,GMB,2009,4.2,0.8
Gambia,GMB,2010,3.9,0.7
Gambia,GMB,2011,3.7,0.7
Gambia,GMB,2012,3.5,0.6
Gambia,GMB,2013,3.4,0.5
Gambia,GMB,2014,3.2,0.5
Gambia,GMB,2015,3,0.4
Gambia,GMB,2016,2.9,0.4
Gambia,GMB,2017,2.8,0.3
Gambia,GMB,2018,2.7,0.3
Gambia,GMB,2019,2.6,0.2
Gambia,GMB,2020,2.4,0.2
Gambia,GMB,2021,2.4,0.2
Gambia,GMB,2022,2.3,0.2
Gambia,GMB,2023,2.3,0.1
Georgia,GEO,2000,84.2,7.6
Georgia,GEO,2001,85.5,8.8
Georgia,GEO,2002,86.5,10.5
Georgia,GEO,2003,87.3,12
Georgia,GEO,2004,88.4,14.4
Georgia,GEO,2005,89.4,16.7
Georgia,GEO,2006,90.2,19.6
Georgia,GEO,2007,91.1,22.6
Georgia,GEO,2008,91.5,26.1
Georgia,GEO,2009,92.5,30.05
Georgia,GEO,2010,93.1,34.5
Georgia,GEO,2011,93.8,39.1
Georgia,GEO,2012,94.3,44.1
Georgia,GEO,2013,94.8,49.1
Georgia,GEO,2014,95.3,54
Georgia,GEO,2015,95.5,59.2
Georgia,GEO,2016,96.2,64.2
Georgia,GEO,2017,96.4,68.1
Georgia,GEO,2018,96.7,72.4
Georgia,GEO,2019,97,76
Georgia,GEO,2020,97.3,79.6
Georgia,GEO,2021,97.5,82.2
Georgia,GEO,2022,97.7,85
Georgia,GEO,2023,97.9,87.1
Germany,DEU,2000,100,100
Germany,DEU,2001,100,100
Germany,DEU,2002,100,100
Germany,DEU,2003,100,100
Germany,DEU,2004,100,100
Germany,DEU,2005,100,100
Germany,DEU,2006,100,100
Germany,DEU,2007,100,100
Germany,DEU,2008,100,100
Germany,DEU,2009,100,100
Germany,DEU,2010,100,100
Germany,DEU,2011,100,100
Germany,DEU,2012,100,100
Germany,DEU,2013,100,100
Germany,DEU,2014,100,100
Germany,DEU,2015,100,100
Germany,DEU,2016,100,100
Germany,DEU,2017,100,100
Germany,DEU,2018,100,100
Germany,DEU,2019,100,100
Germany,DEU,2020,100,100
Germany,DEU,2021,100,100
Germany,DEU,2022,100,100
Germany,DEU,2023,100,100
Ghana,GHA,2000,13.9,1.2
Ghana,GHA,2001,15,1.3
Ghana,GHA,2002,16.2,1.5
Ghana,GHA,2003,17.4,1.7
Ghana,GHA,2004,18.8,1.9
Ghana,GHA,2005,20.2,2.2
Ghana,GHA,2006,21.9,2.5
Ghana,GHA,2007,23.4,2.8
Ghana,GHA,2008,25,3.1
Ghana,GHA,2009,26.5,3.4
Ghana,GHA,2010,28.3,3.8
Ghana,GHA,2011,29.8,4.3
Ghana,GHA,2012,31.3,4.9
Ghana,GHA,2013,32.8,5.3
Ghana,GHA,2014,34.4,6
Ghana,GHA,2015,35.9,6.6
Ghana,GHA,2016,37.2,7.4
Ghana,GHA,2017,39.1,8
Ghana,GHA,2018,40.2,8.8
Ghana,GHA,2019,41.8,9.8
Ghana,GHA,2020,43.2,10.7
Ghana,GHA,2021,44.8,11.7
Ghana,GHA,2022,46.4,12.8
Ghana,GHA,2023,48.2,14.1
Greece,GRC,2000,100,100
Greece,GRC,2001,100,100
Greece,GRC,2002,100,100
Greece,GRC,2003,100,100
Greece,GRC,2004,100,100
Greece,GRC,2005,100,100
Greece,GRC,2006,100,100
Greece,GRC,2007,100,100
Greece,GRC,2008,100,100
Greece,GRC,2009,100,100
Greece,GRC,2010,100,100
Greece,GRC,2011,100,100
Greece,GRC,2012,100,100
Greece,GRC,2013,100,100
Greece,GRC,2014,100,100
Greece,GRC,2015,100,100
Greece,GRC,2016,100,100
Greece,GRC,2017,100,100
Greece,GRC,2018,100,100
Greece,GRC,2019,100,100
Greece,GRC,2020,100,100
Greece,GRC,2021,100,100
Greece,GRC,2022,100,100
Greece,GRC,2023,100,100
Grenada,GRD,2000,92.8,92.4
Grenada,GRD,2001,93.1,92.8
Grenada,GRD,2002,93.6,92.7
Grenada,GRD,2003,93.9,92.9
Grenada,GRD,2004,94.3,92.9
Grenada,GRD,2005,94.5,93
Grenada,GRD,2006,94.7,92.8
Grenada,GRD,2007,94.8,92.6
Grenada,GRD,2008,94.9,92.4
Grenada,GRD,2009,95.1,92.1
Grenada,GRD,2010,95,91.8
Grenada,GRD,2011,94.9,91.4
Grenada,GRD,2012,95,91.1
Grenada,GRD,2013,95,90.7
Grenada,GRD,2014,94.9,90
Grenada,GRD,2015,94.8,89.7
Grenada,GRD,2016,94.6,89.1
Grenada,GRD,2017,94.5,88.7
Grenada,GRD,2018,94.2,88
Grenada,GRD,2019,94.1,87.4
Grenada,GRD,2020,94,86.7
Grenada,GRD,2021,93.8,85.9
Grenada,GRD,2022,93.7,85.1
Grenada,GRD,2023,93.3,84.3
Guatemala,GTM,2000,68,17.1
Guatemala,GTM,2001,67.2,16
Guatemala,GTM,2002,66.65,15.4
Guatemala,GTM,2003,66,14.5
Guatemala,GTM,2004,65,13.9
Guatemala,GTM,2005,64.5,13.1
Guatemala,GTM,2006,63.8,12.5
Guatemala,GTM,2007,63.2,12.2
Guatemala,GTM,2008,62.8,11.9
Guatemala,GTM,2009,62.45,11.8
Guatemala,GTM,2010,62.4,11.6
Guatemala,GTM,2011,62.6,11.6
Guatemala,GTM,2012,63.1,11.8
Guatemala,GTM,2013,63.5,12
Guatemala,GTM,2014,64.2,12.4
Guatemala,GTM,2015,65,12.8
Guatemala,GTM,2016,65.9,13.2
Guatemala,GTM,2017,66.3,13.6
Guatemala,GTM,2018,67.2,14.3
Guatemala,GTM,2019,67.7,14.7
Guatemala,GTM,2020,68.4,15.3
Guatemala,GTM,2021,68.9,16.1
Guatemala,GTM,2022,69.2,16.6
Guatemala,GTM,2023,69.8,17.3
Guinea,GIN,2000,1.2,0.5
Guinea,GIN,2001,1.2,0.5
Guinea,GIN,2002,1.2,0.5
Guinea,GIN,2003,1.2,0.5
Guinea,GIN,2004,1.2,0.5
Guinea,GIN,2005,1.2,0.5
Guinea,GIN,2006,1.2,0.5
Guinea,GIN,2007,1.2,0.5
Guinea,GIN,2008,1.2,0.4
Guinea,GIN,2009,1.3,0.4
Guinea,GIN,2010,1.3,0.4
Guinea,GIN,2011,1.3,0.4
Guinea,GIN,2012,1.4,0.3
Guinea,GIN,2013,1.5,0.3
Guinea,GIN,2014,1.6,0.3
Guinea,GIN,2015,1.7,0.2
Guinea,GIN,2016,1.7,0.2
Guinea,GIN,2017,1.9,0.2
Guinea,GIN,2018,1.9,0.2
Guinea,GIN,2019,2.1,0.1
Guinea,GIN,2020,2.2,0.1
Guinea,GIN,2021,2.3,0.1
Guinea,GIN,2022,2.4,0.1
Guinea,GIN,2023,2.6,0.1
Guinea-Bissau,GNB,2000,3.4,0.1
Guinea-Bissau,GNB,2001,3.2,0.1
Guinea-Bissau,GNB,2002,3.2,0.1
Guinea-Bissau,GNB,2003,3,0.1
Guinea-Bissau,GNB,2004,3,0.1
Guinea-Bissau,GNB,2005,2.9,0.1
Guinea-Bissau,GNB,2006,2.8,0.1
Guinea-Bissau,GNB,2007,2.7,0.1
Guinea-Bissau,GNB,2008,2.8,0.1
Guinea-Bissau,GNB,2009,2.7,0.1
Guinea-Bissau,GNB,2010,2.7,0.1
Guinea-Bissau,GNB,2011,2.7,0.1
Guinea-Bissau,GNB,2012,2.6,0.1
Guinea-Bissau,GNB,2013,2.6,0.1
Guinea-Bissau,GNB,2014,2.6,0.1
Guinea-Bissau,GNB,2015,2.5,0.1
Guinea-Bissau,GNB,2016,2.4,0
Guinea-Bissau,GNB,2017,2.3,0
Guinea-Bissau,GNB,2018,2.3,0
Guinea-Bissau,GNB,2019,2.1,0
Guinea-Bissau,GNB,2020,2,0
Guinea-Bissau,GNB,2021,1.9,0
Guinea-Bissau,GNB,2022,1.7,0
Guinea-Bissau,GNB,2023,1.5,0
Guyana,GUY,2000,100,100
Guyana,GUY,2001,100,100
Guyana,GUY,2002,100,100
Guyana,GUY,2003,100,100
Guyana,GUY,2004,100,100
Guyana,GUY,2005,100,100
Guyana,GUY,2006,100,100
Guyana,GUY,2007,100,100
Guyana,GUY,2008,100,100
Guyana,GUY,2009,100,100
Guyana,GUY,2010,100,100
Guyana,GUY,2011,100,100
Guyana,GUY,2012,100,100
Guyana,GUY,2013,100,100
Guyana,GUY,2014,100,100
Guyana,GUY,2015,100,100
Guyana,GUY,2016,100,100
Guyana,GUY,2017,100,100
Guyana,GUY,2018,100,100
Guyana,GUY,2019,100,100
Guyana,GUY,2020,100,100
Guyana,GUY,2021,100,100
Guyana,GUY,2022,100,100
Guyana,GUY,2023,100,100
Haiti,HTI,2000,5.8,0.6
Haiti,HTI,2001,5.9,0.7
Haiti,HTI,2002,6,0.7
Haiti,HTI,2003,6.3,0.7
Haiti,HTI,2004,6.4,0.8
Haiti,HTI,2005,6.4,0.9
Haiti,HTI,2006,6.6,0.9
Haiti,HTI,2007,6.6,0.9
Haiti,HTI,2008,6.7,1
Haiti,HTI,2009,6.7,1
Haiti,HTI,2010,6.8,1.1
Haiti,HTI,2011,6.7,1.1
Haiti,HTI,2012,6.8,1.1
Haiti,HTI,2013,6.7,1.1
Haiti,HTI,2014,6.5,1.1
Haiti,HTI,2015,6.7,1.2
Haiti,HTI,2016,6.6,1.3
Haiti,HTI,2017,6.5,1.2
Haiti,HTI,2018,6.5,1.3
Haiti,HTI,2019,6.5,1.3
Haiti,HTI,2020,6.4,1.3
Haiti,HTI,2021,6.4,1.4
Haiti,HTI,2022,6.4,1.3
Haiti,HTI,2023,6.2,1.4
High-income countries,OWID_HIC,2000,99.99344,99.87391
High-income countries,OWID_HIC,2001,99.993,99.87658
High-income countries,OWID_HIC,2002,99.99335,99.87922
High-income countries,OWID_HIC,2003,99.99318,99.880356
High-income countries,OWID_HIC,2004,99.99329,99.88298
High-income countries,OWID_HIC,2005,99.993416,99.88547
High-income countries,OWID_HIC,2006,99.992966,99.88839
High-income countries,OWID_HIC,2007,99.9931,99.89219
High-income countries,OWID_HIC,2008,99.99294,99.89677
High-income countries,OWID_HIC,2009,99.992775,99.900604
High-income countries,OWID_HIC,2010,99.99291,99.90652
High-income countries,OWID_HIC,2011,99.99274,99.91251
High-income countries,OWID_HIC,2012,99.99265,99.91699
High-income countries,OWID_HIC,2013,99.992905,99.92188
High-income countries,OWID_HIC,2014,99.99317,99.926285
High-income countries,OWID_HIC,2015,99.9931,99.930214
High-income countries,OWID_HIC,2016,99.993385,99.93536
High-income countries,OWID_HIC,2017,99.99332,99.93962
High-income countries,OWID_HIC,2018,99.99324,99.944176
High-income countries,OWID_HIC,2019,99.99353,99.947815
High-income countries,OWID_HIC,2020,99.99346,99.952255
High-income countries,OWID_HIC,2021,99.99376,99.955635
High-income countries,OWID_HIC,2022,99.99374,99.958755
High-income countries,OWID_HIC,2023,99.994095,99.96184
Honduras,HND,2000,55.3,8.2
Honduras,HND,2001,57.7,8.8
Honduras,HND,2002,59.7,9.6
Honduras,HND,2003,61.6,10.3
Honduras,HND,2004,63.5,11
Honduras,HND,2005,65.1,11.7
Honduras,HND,2006,66.4,12.5
Honduras,HND,2007,67.7,13.2
Honduras,HND,2008,68.9,13.9
Honduras,HND,2009,69.6,14.5
Honduras,HND,2010,70.1,15.4
Honduras,HND,2011,70.8,16
Honduras,HND,2012,71.6,17.1
Honduras,HND,2013,71.8,17.5
Honduras,HND,2014,72.1,18.2
Honduras,HND,2015,72,19.1
Honduras,HND,2016,72.4,19.7
Honduras,HND,2017,72.7,20.2
Honduras,HND,2018,73.2,21.2
Honduras,HND,2019,72.9,21.9
Honduras,HND,2020,72.7,23.3
Honduras,HND,2021,73.1,23.4
Honduras,HND,2022,72.85,24.8
Honduras,HND,2023,72.9,25
Hungary,HUN,2000,100,100
Hungary,HUN,2001,100,100
Hungary,HUN,2002,100,100
Hungary,HUN,2003,100,100
Hungary,HUN,2004,100,100
Hungary,HUN,2005,100,100
Hungary,HUN,2006,100,100
Hungary,HUN,2007,100,100
Hungary,HUN,2008,100,100
Hungary,HUN,2009,100,100
Hungary,HUN,2010,100,100
Hungary,HUN,2011,100,100
Hungary,HUN,2012,100,100
Hungary,HUN,2013,100,100
Hungary,HUN,2014,100,100
Hungary,HUN,2015,100,100
Hungary,HUN,2016,100,100
Hungary,HUN,2017,100,100
Hungary,HUN,2018,100,100
Hungary,HUN,2019,100,100
Hungary,HUN,2020,100,100
Hungary,HUN,2021,100,100
Hungary,HUN,2022,100,100
Hungary,HUN,2023,100,100
Iceland,ISL,2000,100,100
Iceland,ISL,2001,100,100
Iceland,ISL,2002,100,100
Iceland,ISL,2003,100,100
Iceland,ISL,2004,100,100
Iceland,ISL,2005,100,100
Iceland,ISL,2006,100,100
Iceland,ISL,2007,100,100
Iceland,ISL,2008,100,100
Iceland,ISL,2009,100,100
Iceland,ISL,2010,100,100
Iceland,ISL,2011,100,100
Iceland,ISL,2012,100,100
Iceland,ISL,2013,100,100
Iceland,ISL,2014,100,100
Iceland,ISL,2015,100,100
Iceland,ISL,2016,100,100
Iceland,ISL,2017,100,100
Iceland,ISL,2018,100,100
Iceland,ISL,2019,100,100
Iceland,ISL,2020,100,100
Iceland,ISL,2021,100,100
Iceland,ISL,2022,100,100
Iceland,ISL,2023,100,100
India,IND,2000,50.2,6.6
India,IND,2001,52.6,7.2
India,IND,2002,54.7,7.9
India,IND,2003,56.8,8.5
India,IND,2004,58.7,9.2
India,IND,2005,60.6,9.7
India,IND,2006,62.4,10.4
India,IND,2007,64.2,11.1
India,IND,2008,66.1,12
India,IND,2009,68.3,13
India,IND,2010,70.6,14.6
India,IND,2011,73.1,16.4
India,IND,2012,75.8,18.6
India,IND,2013,78.3,21.4
India,IND,2014,81,24.3
India,IND,2015,83.4,28
India,IND,2016,85.6,32
India,IND,2017,87.6,36.4
India,IND,2018,89.3,41.1
India,IND,2019,90.8,46
India,IND,2020,92.3,51
India,IND,2021,93.3,56.1
India,IND,2022,94.4,60.8
India,IND,2023,95.2,65.7
Indonesia,IDN,2000,14.3,1.7
Indonesia,IDN,2001,15.9,2.2
Indonesia,IDN,2002,18.2,2.9
Indonesia,IDN,2003,21.1,3.7
Indonesia,IDN,2004,24.8,4.9
Indonesia,IDN,2005,29.5,6.7
Indonesia,IDN,2006,35.1,8.7
Indonesia,IDN,2007,41.2,11.3
Indonesia,IDN,2008,48,14.8
Indonesia,IDN,2009,54.8,18.5
Indonesia,IDN,2010,61,22.9
Indonesia,IDN,2011,67.2,27.9
Indonesia,IDN,2012,72.2,33.1
Indonesia,IDN,2013,76.9,38.8
Indonesia,IDN,2014,80.55,44.6
Indonesia,IDN,2015,83.8,50.6
Indonesia,IDN,2016,86.7,56.1
Indonesia,IDN,2017,88.9,61.3
Indonesia,IDN,2018,90.7,66.1
Indonesia,IDN,2019,92.1,70.5
Indonesia,IDN,2020,93.4,74.4
Indonesia,IDN,2021,94.4,78.2
Indonesia,IDN,2022,95.3,81.3
Indonesia,IDN,2023,96,84.1
Iran,IRN,2000,97.2,83.25
Iran,IRN,2001,97.4,85
Iran,IRN,2002,97.6,86.25
Iran,IRN,2003,97.9,87.3
Iran,IRN,2004,98.1,88.3
Iran,IRN,2005,98.4,89.5
Iran,IRN,2006,98.5,90.1
Iran,IRN,2007,98.6,90.7
Iran,IRN,2008,98.8,91.5
Iran,IRN,2009,98.8,91.9
Iran,IRN,2010,98.9,92.4
Iran,IRN,2011,98.9,92.6
Iran,IRN,2012,98.9,92.8
Iran,IRN,2013,99,93.1
Iran,IRN,2014,99,93.3
Iran,IRN,2015,99,93.5
Iran,IRN,2016,99,93.4
Iran,IRN,2017,99,93.5
Iran,IRN,2018,98.9,93.6
Iran,IRN,2019,98.9,93.5
Iran,IRN,2020,98.9,93.5
Iran,IRN,2021,98.9,93.3
Iran,IRN,2022,98.8,93.5
Iran,IRN,2023,98.8,93.3
Iraq,IRQ,2000,72.9,46.9
Iraq,IRQ,2001,77.3,52.8
Iraq,IRQ,2002,81.6,59
Iraq,IRQ,2003,85.6,64.5
Iraq,IRQ,2004,88.5,70.05
Iraq,IRQ,2005,91.1,75
Iraq,IRQ,2006,93.1,79.1
Iraq,IRQ,2007,94.8,82.6
Iraq,IRQ,2008,96,85.8
Iraq,IRQ,2009,97,88.5
Iraq,IRQ,2010,97.7,90.5
Iraq,IRQ,2011,98.2,92.2
Iraq,IRQ,2012,98.6,93.8
Iraq,IRQ,2013,99,95
Iraq,IRQ,2014,99.2,96
Iraq,IRQ,2015,99.3,96.8
Iraq,IRQ,2016,99.4,97.45
Iraq,IRQ,2017,99.5,97.9
Iraq,IRQ,2018,99.6,98.3
Iraq,IRQ,2019,99.6,98.6
Iraq,IRQ,2020,99.6,98.9
Iraq,IRQ,2021,99.6,99.1
Iraq,IRQ,2022,99.6,99.3
Iraq,IRQ,2023,99.6,99.4
Ireland,IRL,2000,100,100
Ireland,IRL,2001,100,100
Ireland,IRL,2002,100,100
Ireland,IRL,2003,100,100
Ireland,IRL,2004,100,100
Ireland,IRL,2005,100,100
Ireland,IRL,2006,100,100
Ireland,IRL,2007,100,100
Ireland,IRL,2008,100,100
Ireland,IRL,2009,100,100
Ireland,IRL,2010,100,100
Ireland,IRL,2011,100,100
Ireland,IRL,2012,100,100
Ireland,IRL,2013,100,100
Ireland,IRL,2014,100,100
Ireland,IRL,2015,100,100
Ireland,IRL,2016,100,100
Ireland,IRL,2017,100,100
Ireland,IRL,2018,100,100
Ireland,IRL,2019,100,100
Ireland,IRL,2020,100,100
Ireland,IRL,2021,100,100
Ireland,IRL,2022,100,100
Ireland,IRL,2023,100,100
Israel,ISR,2000,100,100
Israel,ISR,2001,100,100
Israel,ISR,2002,100,100
Israel,ISR,2003,100,100
Israel,ISR,2004,100,100
Israel,ISR,2005,100,100
Israel,ISR,2006,100,100
Israel,ISR,2007,100,100
Israel,ISR,2008,100,100
Israel,ISR,2009,100,100
Israel,ISR,2010,100,100
Israel,ISR,2011,100,100
Israel,ISR,2012,100,100
Israel,ISR,2013,100,100
Israel,ISR,2014,100,100
Israel,ISR,2015,100,100
Israel,ISR,2016,100,100
Israel,ISR,2017,100,100
Israel,ISR,2018,100,100
Israel,ISR,2019,100,100
Israel,ISR,2020,100,100
Israel,ISR,2021,100,100
Israel,ISR,2022,100,100
Israel,ISR,2023,100,100
Italy,ITA,2000,100,100
Italy,ITA,2001,100,100
Italy,ITA,2002,100,100
Italy,ITA,2003,100,100
Italy,ITA,2004,100,100
Italy,ITA,2005,100,100
Italy,ITA,2006,100,100
Italy,ITA,2007,100,100
Italy,ITA,2008,100,100
Italy,ITA,2009,100,100
Italy,ITA,2010,100,100
Italy,ITA,2011,100,100
Italy,ITA,2012,100,100
Italy,ITA,2013,100,100
Italy,ITA,2014,100,100
Italy,ITA,2015,100,100
Italy,ITA,2016,100,100
Italy,ITA,2017,100,100
Italy,ITA,2018,100,100
Italy,ITA,2019,100,100
Italy,ITA,2020,100,100
Italy,ITA,2021,100,100
Italy,ITA,2022,100,100
Italy,ITA,2023,100,100
Jamaica,JAM,2000,97.3,51.5
Jamaica,JAM,2001,97.4,54.5
Jamaica,JAM,2002,97.6,57.8
Jamaica,JAM,2003,97.6,60.1
Jamaica,JAM,2004,97.7,62.85
Jamaica,JAM,2005,97.6,64.9
Jamaica,JAM,2006,97.5,67.2
Jamaica,JAM,2007,97.5,69.3
Jamaica,JAM,2008,97.4,71.4
Jamaica,JAM,2009,97.3,73.3
Jamaica,JAM,2010,97,74.7
Jamaica,JAM,2011,97,76.8
Jamaica,JAM,2012,97,78.4
Jamaica,JAM,2013,96.9,79.7
Jamaica,JAM,2014,96.7,81.1
Jamaica,JAM,2015,96.7,82.4
Jamaica,JAM,2016,96.7,83.7
Jamaica,JAM,2017,96.6,84.7
Jamaica,JAM,2018,96.6,85.9
Jamaica,JAM,2019,96.6,86.7
Jamaica,JAM,2020,96.6,87.6
Jamaica,JAM,2021,96.6,88.3
Jamaica,JAM,2022,96.5,88.9
Jamaica,JAM,2023,96.5,89.7
Japan,JPN,2000,100,100
Japan,JPN,2001,100,100
Japan,JPN,2002,100,100
Japan,JPN,2003,100,100
Japan,JPN,2004,100,100
Japan,JPN,2005,100,100
Japan,JPN,2006,100,100
Japan,JPN,2007,100,100
Japan,JPN,2008,100,100
Japan,JPN,2009,100,100
Japan,JPN,2010,100,100
Japan,JPN,2011,100,100
Japan,JPN,2012,100,100
Japan,JPN,2013,100,100
Japan,JPN,2014,100,100
Japan,JPN,2015,100,100
Japan,JPN,2016,100,100
Japan,JPN,2017,100,100
Japan,JPN,2018,100,100
Japan,JPN,2019,100,100
Japan,JPN,2020,100,100
Japan,JPN,2021,100,100
Japan,JPN,2022,100,100
Japan,JPN,2023,100,100
Jordan,JOR,2000,99.8,99.1
Jordan,JOR,2001,99.8,99.2
Jordan,JOR,2002,99.8,99.2
Jordan,JOR,2003,99.8,99.3
Jordan,JOR,2004,99.8,99.3
Jordan,JOR,2005,99.8,99.4
Jordan,JOR,2006,99.8,99.4
Jordan,JOR,2007,99.8,99.4
Jordan,JOR,2008,99.8,99.4
Jordan,JOR,2009,99.9,99.5
Jordan,JOR,2010,99.8,99.5
Jordan,JOR,2011,99.9,99.5
Jordan,JOR,2012,99.9,99.5
Jordan,JOR,2013,99.8,99.5
Jordan,JOR,2014,99.8,99.5
Jordan,JOR,2015,99.8,99.5
Jordan,JOR,2016,99.8,99.4
Jordan,JOR,2017,99.8,99.4
Jordan,JOR,2018,99.8,99.4
Jordan,JOR,2019,99.7,99.4
Jordan,JOR,2020,99.7,99.3
Jordan,JOR,2021,99.6,99.3
Jordan,JOR,2022,99.5,99.2
Jordan,JOR,2023,99.3,99.1
Kazakhstan,KAZ,2000,96.6,68.1
Kazakhstan,KAZ,2001,96.8,70.3
Kazakhstan,KAZ,2002,97,72
Kazakhstan,KAZ,2003,97.2,73.5
Kazakhstan,KAZ,2004,97.2,75.5
Kazakhstan,KAZ,2005,97.5,76.7
Kazakhstan,KAZ,2006,97.4,78.3
Kazakhstan,KAZ,2007,97.6,79.4
Kazakhstan,KAZ,2008,97.7,80.6
Kazakhstan,KAZ,2009,97.7,81.95
Kazakhstan,KAZ,2010,97.8,83
Kazakhstan,KAZ,2011,97.9,84
Kazakhstan,KAZ,2012,97.9,85.3
Kazakhstan,KAZ,2013,97.9,86
Kazakhstan,KAZ,2014,97.9,86.6
Kazakhstan,KAZ,2015,97.9,87.4
Kazakhstan,KAZ,2016,97.9,88
Kazakhstan,KAZ,2017,98,88.6
Kazakhstan,KAZ,2018,97.9,89.2
Kazakhstan,KAZ,2019,97.9,89.5
Kazakhstan,KAZ,2020,97.8,89.7
Kazakhstan,KAZ,2021,97.7,90
Kazakhstan,KAZ,2022,97.7,90.3
Kazakhstan,KAZ,2023,97.7,90.9
Kenya,KEN,2000,5.6,0.5
Kenya,KEN,2001,6.7,0.6
Kenya,KEN,2002,8,0.7
Kenya,KEN,2003,9.4,0.7
Kenya,KEN,2004,10.8,0.8
Kenya,KEN,2005,12.3,0.9
Kenya,KEN,2006,13.8,1
Kenya,KEN,2007,15.2,1.2
Kenya,KEN,2008,16.7,1.3
Kenya,KEN,2009,18.4,1.4
Kenya,KEN,2010,19.7,1.6
Kenya,KEN,2011,21.6,1.9
Kenya,KEN,2012,23.5,2.1
Kenya,KEN,2013,25.8,2.5
Kenya,KEN,2014,28.1,2.9
Kenya,KEN,2015,30.9,3.3
Kenya,KEN,2016,34.2,3.9
Kenya,KEN,2017,37.7,4.5
Kenya,KEN,2018,41.5,5.3
Kenya,KEN,2019,45.8,6.2
Kenya,KEN,2020,50,7.3
Kenya,KEN,2021,54.7,8.5
Kenya,KEN,2022,58.7,9.8
Kenya,KEN,2023,62.6,11.4
Kiribati,KIR,2000,0.8,0.2
Kiribati,KIR,2001,1,0.2
Kiribati,KIR,2002,1.2,0.2
Kiribati,KIR,2003,1.5,0.3
Kiribati,KIR,2004,1.8,0.3
Kiribati,KIR,2005,2.3,0.3
Kiribati,KIR,2006,2.7,0.4
Kiribati,KIR,2007,3.3,0.4
Kiribati,KIR,2008,3.9,0.5
Kiribati,KIR,2009,4.6,0.5
Kiribati,KIR,2010,5.4,0.6
Kiribati,KIR,2011,6.4,0.7
Kiribati,KIR,2012,7.3,0.8
Kiribati,KIR,2013,8.3,0.8
Kiribati,KIR,2014,9.8,0.9
Kiribati,KIR,2015,11,1
Kiribati,KIR,2016,12.6,1.1
Kiribati,KIR,2017,14.1,1.3
Kiribati,KIR,2018,15.85,1.4
Kiribati,KIR,2019,17.6,1.6
Kiribati,KIR,2020,19.6,1.7
Kiribati,KIR,2021,21.6,1.8
Kiribati,KIR,2022,23.8,1.9
Kiribati,KIR,2023,25.65,2.2
Kuwait,KWT,2000,100,100
Kuwait,KWT,2001,100,100
Kuwait,KWT,2002,100,100
Kuwait,KWT,2003,100,100
Kuwait,KWT,2004,100,100
Kuwait,KWT,2005,100,100
Kuwait,KWT,2006,100,100
Kuwait,KWT,2007,100,100
Kuwait,KWT,2008,100,100
Kuwait,KWT,2009,100,100
Kuwait,KWT,2010,100,100
Kuwait,KWT,2011,100,100
Kuwait,KWT,2012,100,100
Kuwait,KWT,2013,100,100
Kuwait,KWT,2014,100,100
Kuwait,KWT,2015,100,100
Kuwait,KWT,2016,100,100
Kuwait,KWT,2017,100,100
Kuwait,KWT,2018,100,100
Kuwait,KWT,2019,100,100
Kuwait,KWT,2020,100,100
Kuwait,KWT,2021,100,100
Kuwait,KWT,2022,100,100
Kuwait,KWT,2023,100,100
Kyrgyzstan,KGZ,2000,86.8,33.3
Kyrgyzstan,KGZ,2001,87.5,35.9
Kyrgyzstan,KGZ,2002,88.3,38.2
Kyrgyzstan,KGZ,2003,89,40.7
Kyrgyzstan,KGZ,2004,89.8,43.7
Kyrgyzstan,KGZ,2005,90.2,46.6
Kyrgyzstan,KGZ,2006,90.9,49
Kyrgyzstan,KGZ,2007,91.4,51.8
Kyrgyzstan,KGZ,2008,92,54.4
Kyrgyzstan,KGZ,2009,92.4,56.7
Kyrgyzstan,KGZ,2010,92.75,58.8
Kyrgyzstan,KGZ,2011,93.1,60.7
Kyrgyzstan,KGZ,2012,93.2,62.3
Kyrgyzstan,KGZ,2013,93.5,63.9
Kyrgyzstan,KGZ,2014,93.6,65
Kyrgyzstan,KGZ,2015,93.7,66
Kyrgyzstan,KGZ,2016,93.7,66.8
Kyrgyzstan,KGZ,2017,93.8,67.6
Kyrgyzstan,KGZ,2018,93.8,68.3
Kyrgyzstan,KGZ,2019,93.7,69.2
Kyrgyzstan,KGZ,2020,93.7,69.6
Kyrgyzstan,KGZ,2021,93.5,70.4
Kyrgyzstan,KGZ,2022,93.5,70.6
Kyrgyzstan,KGZ,2023,93.4,70.9
Laos,LAO,2000,3.2,0.7
Laos,LAO,2001,3.7,0.7
Laos,LAO,2002,4.3,0.6
Laos,LAO,2003,4.8,0.7
Laos,LAO,2004,5.4,0.6
Laos,LAO,2005,6.1,0.7
Laos,LAO,2006,6.8,0.7
Laos,LAO,2007,7.6,0.7
Laos,LAO,2008,8.3,0.7
Laos,LAO,2009,9.3,0.8
Laos,LAO,2010,10.1,0.8
Laos,LAO,2011,10.8,0.9
Laos,LAO,2012,11.9,1
Laos,LAO,2013,12.8,1.1
Laos,LAO,2014,13.7,1.2
Laos,LAO,2015,14.8,1.4
Laos,LAO,2016,15.7,1.6
Laos,LAO,2017,16.9,1.7
Laos,LAO,2018,17.9,1.8
Laos,LAO,2019,19.3,2
Laos,LAO,2020,20.2,2.3
Laos,LAO,2021,21.2,2.5
Laos,LAO,2022,22.5,2.7
Laos,LAO,2023,23.6,2.9
Latin America and Caribbean (WB),WB_LAC,2000,92.89151,43.96633
Latin America and Caribbean (WB),WB_LAC,2001,93.332245,44.984673
Latin America and Caribbean (WB),WB_LAC,2002,93.70005,46.142998
Latin America and Caribbean (WB),WB_LAC,2003,93.97759,47.11236
Latin America and Caribbean (WB),WB_LAC,2004,94.24412,48.06638
Latin America and Caribbean (WB),WB_LAC,2005,94.42011,48.80708
Latin America and Caribbean (WB),WB_LAC,2006,94.60491,49.66237
Latin America and Caribbean (WB),WB_LAC,2007,94.679535,50.49653
Latin America and Caribbean (WB),WB_LAC,2008,94.78487,51.30792
Latin America and Caribbean (WB),WB_LAC,2009,94.89603,51.996044
Latin America and Caribbean (WB),WB_LAC,2010,94.968346,52.960022
Latin America and Caribbean (WB),WB_LAC,2011,95.02089,53.825306
Latin America and Caribbean (WB),WB_LAC,2012,95.092896,54.792843
Latin America and Caribbean (WB),WB_LAC,2013,95.11867,55.697407
Latin America and Caribbean (WB),WB_LAC,2014,95.17385,56.634483
Latin America and Caribbean (WB),WB_LAC,2015,95.18996,57.71562
Latin America and Caribbean (WB),WB_LAC,2016,95.234505,58.70433
Latin America and Caribbean (WB),WB_LAC,2017,95.22058,59.705914
Latin America and Caribbean (WB),WB_LAC,2018,95.2039,60.66464
Latin America and Caribbean (WB),WB_LAC,2019,95.1903,61.627224
Latin America and Caribbean (WB),WB_LAC,2020,95.19024,62.512756
Latin America and Caribbean (WB),WB_LAC,2021,95.117,63.512867
Latin America and Caribbean (WB),WB_LAC,2022,95.06887,64.34711
Latin America and Caribbean (WB),WB_LAC,2023,95.03143,65.11755
Latvia,LVA,2000,100,100
Latvia,LVA,2001,100,100
Latvia,LVA,2002,100,100
Latvia,LVA,2003,100,100
Latvia,LVA,2004,100,100
Latvia,LVA,2005,100,100
Latvia,LVA,2006,100,100
Latvia,LVA,2007,100,100
Latvia,LVA,2008,100,100
Latvia,LVA,2009,100,100
Latvia,LVA,2010,100,100
Latvia,LVA,2011,100,100
Latvia,LVA,2012,100,100
Latvia,LVA,2013,100,100
Latvia,LVA,2014,100,100
Latvia,LVA,2015,100,100
Latvia,LVA,2016,100,100
Latvia,LVA,2017,100,100
Latvia,LVA,2018,100,100
Latvia,LVA,2019,100,100
Latvia,LVA,2020,100,100
Latvia,LVA,2021,100,100
Latvia,LVA,2022,100,100
Latvia,LVA,2023,100,100
Lesotho,LSO,2000,46.5,8.3
Lesotho,LSO,2001,50.3,8.8
Lesotho,LSO,2002,53.6,9.4
Lesotho,LSO,2003,56.8,10
Lesotho,LSO,2004,59.9,10.8
Lesotho,LSO,2005,62.5,11.4
Lesotho,LSO,2006,65.2,12.2
Lesotho,LSO,2007,67.1,13
Lesotho,LSO,2008,69.1,13.7
Lesotho,LSO,2009,70.9,14.5
Lesotho,LSO,2010,72.7,15.5
Lesotho,LSO,2011,74.2,16.3
Lesotho,LSO,2012,75.7,17.4
Lesotho,LSO,2013,77.3,18.3
Lesotho,LSO,2014,78.4,19.4
Lesotho,LSO,2015,79.6,20.8
Lesotho,LSO,2016,81,21.9
Lesotho,LSO,2017,82,23.5
Lesotho,LSO,2018,83.1,25.1
Lesotho,LSO,2019,83.9,26.7
Lesotho,LSO,2020,84.8,28.6
Lesotho,LSO,2021,85.6,30.3
Lesotho,LSO,2022,86.4,32.4
Lesotho,LSO,2023,86.9,34.5
Liberia,LBR,2000,0.3,0.4
Liberia,LBR,2001,0.3,0.4
Liberia,LBR,2002,0.3,0.3
Liberia,LBR,2003,0.3,0.3
Liberia,LBR,2004,0.3,0.3
Liberia,LBR,2005,0.4,0.3
Liberia,LBR,2006,0.4,0.3
Liberia,LBR,2007,0.4,0.2
Liberia,LBR,2008,0.4,0.2
Liberia,LBR,2009,0.5,0.2
Liberia,LBR,2010,0.5,0.2
Liberia,LBR,2011,0.5,0.2
Liberia,LBR,2012,0.5,0.1
Liberia,LBR,2013,0.6,0.1
Liberia,LBR,2014,0.6,0.1
Liberia,LBR,2015,0.6,0.1
Liberia,LBR,2016,0.7,0.1
Liberia,LBR,2017,0.8,0.1
Liberia,LBR,2018,0.9,0.1
Liberia,LBR,2019,1,0
Liberia,LBR,2020,1,0
Liberia,LBR,2021,1.2,0
Liberia,LBR,2022,1.3,0
Liberia,LBR,2023,1.4,0
Lithuania,LTU,2000,100,100
Lithuania,LTU,2001,100,100
Lithuania,LTU,2002,100,100
Lithuania,LTU,2003,100,100
Lithuania,LTU,2004,100,100
Lithuania,LTU,2005,100,100
Lithuania,LTU,2006,100,100
Lithuania,LTU,2007,100,100
Lithuania,LTU,2008,100,100
Lithuania,LTU,2009,100,100
Lithuania,LTU,2010,100,100
Lithuania,LTU,2011,100,100
Lithuania,LTU,2012,100,100
Lithuania,LTU,2013,100,100
Lithuania,LTU,2014,100,100
Lithuania,LTU,2015,100,100
Lithuania,LTU,2016,100,100
Lithuania,LTU,2017,100,100
Lithuania,LTU,2018,100,100
Lithuania,LTU,2019,100,100
Lithuania,LTU,2020,100,100
Lithuania,LTU,2021,100,100
Lithuania,LTU,2022,100,100
Lithuania,LTU,2023,100,100
Low-income countries,OWID_LIC,2000,19.430033,6.8139906
Low-income countries,OWID_LIC,2001,20.141443,6.9362364
Low-income countries,OWID_LIC,2002,20.913122,7.0573444
Low-income countries,OWID_LIC,2003,21.700953,7.1713037
Low-income countries,OWID_LIC,2004,22.536222,7.3067307
Low-income countries,OWID_LIC,2005,23.4019,7.488043
Low-income countries,OWID_LIC,2006,24.363792,7.745489
Low-income countries,OWID_LIC,2007,25.482292,8.035462
Low-income countries,OWID_LIC,2008,26.351755,8.300625
Low-income countries,OWID_LIC,2009,27.120506,8.46976
Low-income countries,OWID_LIC,2010,27.820171,8.677913
Low-income countries,OWID_LIC,2011,28.711779,8.764865
Low-income countries,OWID_LIC,2012,29.744534,8.499771
Low-income countries,OWID_LIC,2013,30.475471,8.119206
Low-income countries,OWID_LIC,2014,30.597471,8.113802
Low-income countries,OWID_LIC,2015,30.594343,8.323081
Low-income countries,OWID_LIC,2016,30.735277,8.626794
Low-income countries,OWID_LIC,2017,30.928434,8.934788
Low-income countries,OWID_LIC,2018,31.280037,9.248736
Low-income countries,OWID_LIC,2019,31.76682,9.583963
Low-income countries,OWID_LIC,2020,32.163994,9.8924
Low-income countries,OWID_LIC,2021,32.554413,10.202652
Low-income countries,OWID_LIC,2022,32.95023,10.538871
Low-income countries,OWID_LIC,2023,33.322727,10.804534
Lower-middle-income countries,OWID_LMC,2000,48.562523,8.897607
Lower-middle-income countries,OWID_LMC,2001,50.075184,9.583858
Lower-middle-income countries,OWID_LMC,2002,51.43154,10.334687
Lower-middle-income countries,OWID_LMC,2003,52.792828,10.9840975
Lower-middle-income countries,OWID_LMC,2004,53.988567,11.695491
Lower-middle-income countries,OWID_LMC,2005,55.160748,12.258741
Lower-middle-income countries,OWID_LMC,2006,56.335007,12.948348
Lower-middle-income countries,OWID_LMC,2007,57.465652,13.633227
Lower-middle-income countries,OWID_LMC,2008,58.606537,14.447126
Lower-middle-income countries,OWID_LMC,2009,59.908497,15.359927
Lower-middle-income countries,OWID_LMC,2010,61.25443,16.618788
Lower-middle-income countries,OWID_LMC,2011,62.730576,18.03255
Lower-middle-income countries,OWID_LMC,2012,64.258354,19.7019
Lower-middle-income countries,OWID_LMC,2013,65.77008,21.697817
Lower-middle-income countries,OWID_LMC,2014,67.42828,23.83504
Lower-middle-income countries,OWID_LMC,2015,69.04126,26.37635
Lower-middle-income countries,OWID_LMC,2016,70.631805,29.067581
Lower-middle-income countries,OWID_LMC,2017,72.258934,31.975462
Lower-middle-income countries,OWID_LMC,2018,73.89414,35.014767
Lower-middle-income countries,OWID_LMC,2019,75.46842,38.14871
Lower-middle-income countries,OWID_LMC,2020,76.996994,41.333668
Lower-middle-income countries,OWID_LMC,2021,78.27901,44.55158
Lower-middle-income countries,OWID_LMC,2022,79.39322,47.54387
Lower-middle-income countries,OWID_LMC,2023,80.23576,50.685177
Luxembourg,LUX,2000,100,100
Luxembourg,LUX,2001,100,100
Luxembourg,LUX,2002,100,100
Luxembourg,LUX,2003,100,100
Luxembourg,LUX,2004,100,100
Luxembourg,LUX,2005,100,100
Luxembourg,LUX,2006,100,100
Luxembourg,LUX,2007,100,100
Luxembourg,LUX,2008,100,100
Luxembourg,LUX,2009,100,100
Luxembourg,LUX,2010,100,100
Luxembourg,LUX,2011,100,100
Luxembourg,LUX,2012,100,100
Luxembourg,LUX,2013,100,100
Luxembourg,LUX,2014,100,100
Luxembourg,LUX,2015,100,100
Luxembourg,LUX,2016,100,100
Luxembourg,LUX,2017,100,100
Luxembourg,LUX,2018,100,100
Luxembourg,LUX,2019,100,100
Luxembourg,LUX,2020,100,100
Luxembourg,LUX,2021,100,100
Luxembourg,LUX,2022,100,100
Luxembourg,LUX,2023,100,100
Madagascar,MDG,2000,2.6,0.8
Madagascar,MDG,2001,2.5,0.8
Madagascar,MDG,2002,2.4,0.8
Madagascar,MDG,2003,2.3,0.8
Madagascar,MDG,2004,2.3,0.7
Madagascar,MDG,2005,2.2,0.7
Madagascar,MDG,2006,2.2,0.7
Madagascar,MDG,2007,2.1,0.6
Madagascar,MDG,2008,2.1,0.6
Madagascar,MDG,2009,2.1,0.6
Madagascar,MDG,2010,2.1,0.6
Madagascar,MDG,2011,2.1,0.6
Madagascar,MDG,2012,2.2,0.5
Madagascar,MDG,2013,2.2,0.6
Madagascar,MDG,2014,2.3,0.5
Madagascar,MDG,2015,2.4,0.5
Madagascar,MDG,2016,2.6,0.5
Madagascar,MDG,2017,2.8,0.5
Madagascar,MDG,2018,2.9,0.5
Madagascar,MDG,2019,3.2,0.5
Madagascar,MDG,2020,3.4,0.5
Madagascar,MDG,2021,3.7,0.5
Madagascar,MDG,2022,3.9,0.6
Madagascar,MDG,2023,4.3,0.5
Malawi,MWI,2000,11.8,0.4
Malawi,MWI,2001,11.5,0.5
Malawi,MWI,2002,11.3,0.5
Malawi,MWI,2003,11.1,0.5
Malawi,MWI,2004,11,0.6
Malawi,MWI,2005,11.1,0.6
Malawi,MWI,2006,11.2,0.6
Malawi,MWI,2007,11.2,0.6
Malawi,MWI,2008,11.5,0.6
Malawi,MWI,2009,11.6,0.6
Malawi,MWI,2010,11.5,0.6
Malawi,MWI,2011,11.3,0.6
Malawi,MWI,2012,11.2,0.6
Malawi,MWI,2013,10.8,0.6
Malawi,MWI,2014,10.5,0.6
Malawi,MWI,2015,10,0.6
Malawi,MWI,2016,9.3,0.6
Malawi,MWI,2017,8.8,0.6
Malawi,MWI,2018,8,0.5
Malawi,MWI,2019,7.5,0.5
Malawi,MWI,2020,6.8,0.5
Malawi,MWI,2021,6.2,0.5
Malawi,MWI,2022,5.7,0.5
Malawi,MWI,2023,5.1,0.5
Malaysia,MYS,2000,99.5,95.6
Malaysia,MYS,2001,99.5,95.6
Malaysia,MYS,2002,99.5,95.6
Malaysia,MYS,2003,99.5,95.55
Malaysia,MYS,2004,99.4,95.4
Malaysia,MYS,2005,99.4,95.1
Malaysia,MYS,2006,99.3,94.8
Malaysia,MYS,2007,99.2,94.4
Malaysia,MYS,2008,99.1,94
Malaysia,MYS,2009,99,93.6
Malaysia,MYS,2010,98.8,92.8
Malaysia,MYS,2011,98.6,92.2
Malaysia,MYS,2012,98.4,91.8
Malaysia,MYS,2013,98.1,90.9
Malaysia,MYS,2014,97.9,89.9
Malaysia,MYS,2015,97.6,89.25
Malaysia,MYS,2016,97.2,88
Malaysia,MYS,2017,96.8,86.7
Malaysia,MYS,2018,96.3,85.1
Malaysia,MYS,2019,96,84.2
Malaysia,MYS,2020,95.3,82.8
Malaysia,MYS,2021,94.7,80.8
Malaysia,MYS,2022,94.3,79.2
Malaysia,MYS,2023,93.6,77.9
Maldives,MDV,2000,48.8,15.8
Maldives,MDV,2001,58.7,23.6
Maldives,MDV,2002,68.1,33.3
Maldives,MDV,2003,76.1,44.15
Maldives,MDV,2004,83.5,54.8
Maldives,MDV,2005,88.4,64.35
Maldives,MDV,2006,92.35,72.5
Maldives,MDV,2007,95,79
Maldives,MDV,2008,96.8,84.1
Maldives,MDV,2009,97.9,87.8
Maldives,MDV,2010,98.7,91
Maldives,MDV,2011,99.2,93.2
Maldives,MDV,2012,99.5,94.8
Maldives,MDV,2013,99.7,96.2
Maldives,MDV,2014,99.8,97.1
Maldives,MDV,2015,99.8,97.8
Maldives,MDV,2016,99.9,98.4
Maldives,MDV,2017,99.9,98.7
Maldives,MDV,2018,99.9,99.1
Maldives,MDV,2019,99.9,99.3
Maldives,MDV,2020,99.9,99.5
Maldives,MDV,2021,99.9,99.7
Maldives,MDV,2022,99.9,99.7
Maldives,MDV,2023,99.9,99.8
Mali,MLI,2000,1.9,0.3
Mali,MLI,2001,1.9,0.3
Mali,MLI,2002,2,0.3
Mali,MLI,2003,1.9,0.35
Mali,MLI,2004,2,0.4
Mali,MLI,2005,2,0.4
Mali,MLI,2006,2,0.4
Mali,MLI,2007,2,0.4
Mali,MLI,2008,2,0.4
Mali,MLI,2009,2.1,0.4
Mali,MLI,2010,2.1,0.4
Mali,MLI,2011,2.1,0.4
Mali,MLI,2012,2.1,0.4
Mali,MLI,2013,2.1,0.4
Mali,MLI,2014,2.1,0.4
Mali,MLI,2015,2.1,0.4
Mali,MLI,2016,2.2,0.4
Mali,MLI,2017,2.2,0.4
Mali,MLI,2018,2.3,0.4
Mali,MLI,2019,2.3,0.4
Mali,MLI,2020,2.5,0.4
Mali,MLI,2021,2.6,0.4
Mali,MLI,2022,2.7,0.5
Mali,MLI,2023,2.7,0.5
Malta,MLT,2000,100,100
Malta,MLT,2001,100,100
Malta,MLT,2002,100,100
Malta,MLT,2003,100,100
Malta,MLT,2004,100,100
Malta,MLT,2005,100,100
Malta,MLT,2006,100,100
Malta,MLT,2007,100,100
Malta,MLT,2008,100,100
Malta,MLT,2009,100,100
Malta,MLT,2010,100,100
Malta,MLT,2011,100,100
Malta,MLT,2012,100,100
Malta,MLT,2013,100,100
Malta,MLT,2014,100,100
Malta,MLT,2015,100,100
Malta,MLT,2016,100,100
Malta,MLT,2017,100,100
Malta,MLT,2018,100,100
Malta,MLT,2019,100,100
Malta,MLT,2020,100,100
Malta,MLT,2021,100,100
Malta,MLT,2022,100,100
Malta,MLT,2023,100,100
Marshall Islands,MHL,2000,8.8,1.6
Marshall Islands,MHL,2001,12.1,1.5
Marshall Islands,MHL,2002,16.7,1.6
Marshall Islands,MHL,2003,22.4,1.7
Marshall Islands,MHL,2004,29.3,1.6
Marshall Islands,MHL,2005,37.6,1.6
Marshall Islands,MHL,2006,46.2,1.6
Marshall Islands,MHL,2007,55.1,1.6
Marshall Islands,MHL,2008,63.2,1.6
Marshall Islands,MHL,2009,69.8,1.6
Marshall Islands,MHL,2010,75.3,1.5
Marshall Islands,MHL,2011,79.2,1.5
Marshall Islands,MHL,2012,82.2,1.3
Marshall Islands,MHL,2013,83.9,1.2
Marshall Islands,MHL,2014,85.4,1.2
Marshall Islands,MHL,2015,86.5,1.1
Marshall Islands,MHL,2016,86.8,1
Marshall Islands,MHL,2017,87.3,1
Marshall Islands,MHL,2018,87.2,0.8
Marshall Islands,MHL,2019,86.9,0.8
Marshall Islands,MHL,2020,86.9,0.7
Marshall Islands,MHL,2021,86.6,0.7
Marshall Islands,MHL,2022,86.3,0.6
Marshall Islands,MHL,2023,85.9,0.5
Mauritania,MRT,2000,52.7,13.6
Mauritania,MRT,2001,55.1,14.2
Mauritania,MRT,2002,57.7,15.15
Mauritania,MRT,2003,59.6,15.8
Mauritania,MRT,2004,61.7,16.4
Mauritania,MRT,2005,63.1,16.9
Mauritania,MRT,2006,64.3,17.2
Mauritania,MRT,2007,65.3,17.7
Mauritania,MRT,2008,66.6,18
Mauritania,MRT,2009,67.2,18.1
Mauritania,MRT,2010,67.8,18.6
Mauritania,MRT,2011,68.5,18.7
Mauritania,MRT,2012,69.2,18.9
Mauritania,MRT,2013,69.7,18.7
Mauritania,MRT,2014,70.3,18.9
Mauritania,MRT,2015,70.8,19.2
Mauritania,MRT,2016,71.3,19.2
Mauritania,MRT,2017,72,19.2
Mauritania,MRT,2018,72.4,19.4
Mauritania,MRT,2019,73.2,19.6
Mauritania,MRT,2020,73.9,19.9
Mauritania,MRT,2021,74.1,19.9
Mauritania,MRT,2022,74.8,20
Mauritania,MRT,2023,75.3,20.3
Mauritius,MUS,2000,96.8,90.15
Mauritius,MUS,2001,97.3,91.5
Mauritius,MUS,2002,97.6,92.4
Mauritius,MUS,2003,97.8,93.2
Mauritius,MUS,2004,98.1,94
Mauritius,MUS,2005,98.4,94.6
Mauritius,MUS,2006,98.6,95.1
Mauritius,MUS,2007,98.7,95.7
Mauritius,MUS,2008,98.8,96
Mauritius,MUS,2009,98.9,96.5
Mauritius,MUS,2010,99,96.8
Mauritius,MUS,2011,99.1,97.1
Mauritius,MUS,2012,99.2,97.3
Mauritius,MUS,2013,99.3,97.7
Mauritius,MUS,2014,99.3,97.9
Mauritius,MUS,2015,99.3,98.1
Mauritius,MUS,2016,99.3,98.3
Mauritius,MUS,2017,99.4,98.4
Mauritius,MUS,2018,99.4,98.5
Mauritius,MUS,2019,99.4,98.7
Mauritius,MUS,2020,99.4,98.8
Mauritius,MUS,2021,99.4,98.9
Mauritius,MUS,2022,99.4,99
Mauritius,MUS,2023,99.4,99.1
Mexico,MEX,2000,98.3,46.8
Mexico,MEX,2001,98.1,48.2
Mexico,MEX,2002,97.9,49.6
Mexico,MEX,2003,97.6,50.6
Mexico,MEX,2004,97.4,51.3
Mexico,MEX,2005,97.1,51.5
Mexico,MEX,2006,96.7,51.7
Mexico,MEX,2007,96.4,51.7
Mexico,MEX,2008,96,51.7
Mexico,MEX,2009,95.6,51.5
Mexico,MEX,2010,95.3,51.4
Mexico,MEX,2011,94.8,51.4
Mexico,MEX,2012,94.4,51.8
Mexico,MEX,2013,94,52
Mexico,MEX,2014,93.6,52.4
Mexico,MEX,2015,93.2,53
Mexico,MEX,2016,92.8,53.6
Mexico,MEX,2017,92.4,54.4
Mexico,MEX,2018,92,55.3
Mexico,MEX,2019,91.7,56.2
Mexico,MEX,2020,91.5,57.2
Mexico,MEX,2021,91.2,58.4
Mexico,MEX,2022,90.7,59.4
Mexico,MEX,2023,90.6,60.3
Micronesia (country),FSM,2000,30.1,0.7
Micronesia (country),FSM,2001,30.3,0.7
Micronesia (country),FSM,2002,30.3,0.8
Micronesia (country),FSM,2003,30,0.9
Micronesia (country),FSM,2004,31,0.8
Micronesia (country),FSM,2005,31,0.9
Micronesia (country),FSM,2006,31.3,0.9
Micronesia (country),FSM,2007,30.4,0.8
Micronesia (country),FSM,2008,31.3,0.9
Micronesia (country),FSM,2009,32,0.7
Micronesia (country),FSM,2010,32.4,0.6
Micronesia (country),FSM,2011,32.85,0.7
Micronesia (country),FSM,2012,33.15,0.8
Micronesia (country),FSM,2013,34.2,0.7
Micronesia (country),FSM,2014,33.8,0.5
Micronesia (country),FSM,2015,33,0.5
Micronesia (country),FSM,2016,33.55,0.6
Micronesia (country),FSM,2017,33.3,0.5
Micronesia (country),FSM,2018,33.2,0.4
Micronesia (country),FSM,2019,33.2,0.3
Micronesia (country),FSM,2020,33.1,0.3
Micronesia (country),FSM,2021,33.3,0.3
Micronesia (country),FSM,2022,32.2,0.2
Micronesia (country),FSM,2023,31.6,0.2
"Middle East, North Africa, Afghanistan and Pakistan (WB)",WB_MENAP,2000,87.51865,40.981915
"Middle East, North Africa, Afghanistan and Pakistan (WB)",WB_MENAP,2001,88.516106,42.60932
"Middle East, North Africa, Afghanistan and Pakistan (WB)",WB_MENAP,2002,89.32924,43.998394
"Middle East, North Africa, Afghanistan and Pakistan (WB)",WB_MENAP,2003,90.23078,45.03548
"Middle East, North Africa, Afghanistan and Pakistan (WB)",WB_MENAP,2004,90.985725,45.99855
"Middle East, North Africa, Afghanistan and Pakistan (WB)",WB_MENAP,2005,91.76956,46.867233
"Middle East, North Africa, Afghanistan and Pakistan (WB)",WB_MENAP,2006,92.495674,47.5807
"Middle East, North Africa, Afghanistan and Pakistan (WB)",WB_MENAP,2007,93.12816,48.25571
"Middle East, North Africa, Afghanistan and Pakistan (WB)",WB_MENAP,2008,93.66539,48.78512
"Middle East, North Africa, Afghanistan and Pakistan (WB)",WB_MENAP,2009,94.13269,49.19829
"Middle East, North Africa, Afghanistan and Pakistan (WB)",WB_MENAP,2010,94.51069,49.622444
"Middle East, North Africa, Afghanistan and Pakistan (WB)",WB_MENAP,2011,94.82912,49.964878
"Middle East, North Africa, Afghanistan and Pakistan (WB)",WB_MENAP,2012,95.08193,50.307186
"Middle East, North Africa, Afghanistan and Pakistan (WB)",WB_MENAP,2013,95.33926,50.56348
"Middle East, North Africa, Afghanistan and Pakistan (WB)",WB_MENAP,2014,95.548744,51.115772
"Middle East, North Africa, Afghanistan and Pakistan (WB)",WB_MENAP,2015,95.69769,51.755054
"Middle East, North Africa, Afghanistan and Pakistan (WB)",WB_MENAP,2016,95.7992,52.541172
"Middle East, North Africa, Afghanistan and Pakistan (WB)",WB_MENAP,2017,95.89037,53.24583
"Middle East, North Africa, Afghanistan and Pakistan (WB)",WB_MENAP,2018,95.936516,53.93755
"Middle East, North Africa, Afghanistan and Pakistan (WB)",WB_MENAP,2019,95.98718,54.71943
"Middle East, North Africa, Afghanistan and Pakistan (WB)",WB_MENAP,2020,95.96409,55.532124
"Middle East, North Africa, Afghanistan and Pakistan (WB)",WB_MENAP,2021,95.97571,56.368793
"Middle East, North Africa, Afghanistan and Pakistan (WB)",WB_MENAP,2022,95.95133,57.24773
"Middle East, North Africa, Afghanistan and Pakistan (WB)",WB_MENAP,2023,96.01772,58.21658
Moldova,MDA,2000,95.2,38.6
Moldova,MDA,2001,95.8,45.1
Moldova,MDA,2002,96.5,51.5
Moldova,MDA,2003,96.9,58
Moldova,MDA,2004,97.2,63.6
Moldova,MDA,2005,97.6,69.2
Moldova,MDA,2006,97.9,73.8
Moldova,MDA,2007,98.2,78
Moldova,MDA,2008,98.3,81.7
Moldova,MDA,2009,98.6,84.7
Moldova,MDA,2010,98.6,87.2
Moldova,MDA,2011,98.8,89.5
Moldova,MDA,2012,98.9,91.1
Moldova,MDA,2013,99,92.6
Moldova,MDA,2014,99,93.8
Moldova,MDA,2015,99.1,94.8
Moldova,MDA,2016,99.2,95.6
Moldova,MDA,2017,99.2,96.3
Moldova,MDA,2018,99.2,96.8
Moldova,MDA,2019,99.2,97.3
Moldova,MDA,2020,99.2,97.6
Moldova,MDA,2021,99.3,97.85
Moldova,MDA,2022,99.3,98.2
Moldova,MDA,2023,99.3,98.3
Monaco,MCO,2000,100,100
Monaco,MCO,2001,100,100
Monaco,MCO,2002,100,100
Monaco,MCO,2003,100,100
Monaco,MCO,2004,100,100
Monaco,MCO,2005,100,100
Monaco,MCO,2006,100,100
Monaco,MCO,2007,100,100
Monaco,MCO,2008,100,100
Monaco,MCO,2009,100,100
Monaco,MCO,2010,100,100
Monaco,MCO,2011,100,100
Monaco,MCO,2012,100,100
Monaco,MCO,2013,100,100
Monaco,MCO,2014,100,100
Monaco,MCO,2015,100,100
Monaco,MCO,2016,100,100
Monaco,MCO,2017,100,100
Monaco,MCO,2018,100,100
Monaco,MCO,2019,100,100
Monaco,MCO,2020,100,100
Monaco,MCO,2021,100,100
Monaco,MCO,2022,100,100
Monaco,MCO,2023,100,100
Mongolia,MNG,2000,39.9,2.2
Mongolia,MNG,2001,40.1,2.4
Mongolia,MNG,2002,40.7,2.8
Mongolia,MNG,2003,41.1,3
Mongolia,MNG,2004,41.6,3.4
Mongolia,MNG,2005,42.7,4
Mongolia,MNG,2006,43.8,4.4
Mongolia,MNG,2007,45.1,4.9
Mongolia,MNG,2008,46.6,5.5
Mongolia,MNG,2009,48.1,6.2
Mongolia,MNG,2010,50.1,6.9
Mongolia,MNG,2011,52.1,7.7
Mongolia,MNG,2012,54.1,8.6
Mongolia,MNG,2013,56.4,9.2
Mongolia,MNG,2014,58.5,10.2
Mongolia,MNG,2015,60.8,11.1
Mongolia,MNG,2016,62.7,11.9
Mongolia,MNG,2017,64.5,12.9
Mongolia,MNG,2018,66.1,13.9
Mongolia,MNG,2019,67.9,14.8
Mongolia,MNG,2020,69.3,15.7
Mongolia,MNG,2021,70.4,16.9
Mongolia,MNG,2022,71.7,17.9
Mongolia,MNG,2023,72.9,19
Montenegro,MNE,2000,82.9,44.4
Montenegro,MNE,2001,82,44.1
Montenegro,MNE,2002,81.8,43.6
Montenegro,MNE,2003,81.1,43.5
Montenegro,MNE,2004,80.4,42.9
Montenegro,MNE,2005,79.4,42.8
Montenegro,MNE,2006,78.8,42.3
Montenegro,MNE,2007,78,42
Montenegro,MNE,2008,77,41.6
Montenegro,MNE,2009,76.3,41.6
Montenegro,MNE,2010,75.3,41.4
Montenegro,MNE,2011,74.7,41.3
Montenegro,MNE,2012,73.9,41.3
Montenegro,MNE,2013,73.5,41.4
Montenegro,MNE,2014,72.8,41.6
Montenegro,MNE,2015,72.5,41.7
Montenegro,MNE,2016,71.9,42
Montenegro,MNE,2017,71.3,42.3
Montenegro,MNE,2018,71.3,42.7
Montenegro,MNE,2019,70.7,42.85
Montenegro,MNE,2020,70.5,43
Montenegro,MNE,2021,70.3,43.9
Montenegro,MNE,2022,70,43.5
Montenegro,MNE,2023,69.6,44
Morocco,MAR,2000,99.6,78.7
Morocco,MAR,2001,99.7,80.5
Morocco,MAR,2002,99.7,82.2
Morocco,MAR,2003,99.7,83.9
Morocco,MAR,2004,99.7,85.3
Morocco,MAR,2005,99.7,86.7
Morocco,MAR,2006,99.7,88.1
Morocco,MAR,2007,99.7,89.5
Morocco,MAR,2008,99.7,90.4
Morocco,MAR,2009,99.7,91.5
Morocco,MAR,2010,99.7,92.3
Morocco,MAR,2011,99.7,93
Morocco,MAR,2012,99.7,93.9
Morocco,MAR,2013,99.6,94.5
Morocco,MAR,2014,99.6,95.1
Morocco,MAR,2015,99.6,95.6
Morocco,MAR,2016,99.5,96
Morocco,MAR,2017,99.5,96.4
Morocco,MAR,2018,99.4,96.7
Morocco,MAR,2019,99.4,97
Morocco,MAR,2020,99.3,97.2
Morocco,MAR,2021,99.2,97.4
Morocco,MAR,2022,99.2,97.8
Morocco,MAR,2023,99.1,97.8
Mozambique,MOZ,2000,4.3,0.8
Mozambique,MOZ,2001,4.7,0.8
Mozambique,MOZ,2002,5.1,0.7
Mozambique,MOZ,2003,5.45,0.7
Mozambique,MOZ,2004,6,0.6
Mozambique,MOZ,2005,6.4,0.6
Mozambique,MOZ,2006,6.7,0.6
Mozambique,MOZ,2007,7.2,0.5
Mozambique,MOZ,2008,7.9,0.5
Mozambique,MOZ,2009,8.3,0.5
Mozambique,MOZ,2010,8.9,0.5
Mozambique,MOZ,2011,9.5,0.5
Mozambique,MOZ,2012,10,0.5
Mozambique,MOZ,2013,10.55,0.5
Mozambique,MOZ,2014,11.1,0.5
Mozambique,MOZ,2015,11.6,0.6
Mozambique,MOZ,2016,12.4,0.6
Mozambique,MOZ,2017,13.1,0.7
Mozambique,MOZ,2018,13.7,0.8
Mozambique,MOZ,2019,14.5,0.8
Mozambique,MOZ,2020,15.3,0.9
Mozambique,MOZ,2021,16.1,1
Mozambique,MOZ,2022,16.9,1.2
Mozambique,MOZ,2023,17.7,1.3
Myanmar,MMR,2000,4.8,0.2
Myanmar,MMR,2001,5.6,0.3
Myanmar,MMR,2002,6.7,0.4
Myanmar,MMR,2003,8,0.5
Myanmar,MMR,2004,9.5,0.7
Myanmar,MMR,2005,11.2,0.8
Myanmar,MMR,2006,13.2,1
Myanmar,MMR,2007,15.6,1.3
Myanmar,MMR,2008,18.4,1.6
Myanmar,MMR,2009,22,2
Myanmar,MMR,2010,25.6,2.6
Myanmar,MMR,2011,30.3,3.3
Myanmar,MMR,2012,35.55,4.2
Myanmar,MMR,2013,41,5.3
Myanmar,MMR,2014,47.1,6.7
Myanmar,MMR,2015,53,8.4
Myanmar,MMR,2016,59.2,10.6
Myanmar,MMR,2017,65.1,13.3
Myanmar,MMR,2018,70.1,16.3
Myanmar,MMR,2019,74.8,19.7
Myanmar,MMR,2020,78.9,24.1
Myanmar,MMR,2021,82.6,28.4
Myanmar,MMR,2022,85.5,33.2
Myanmar,MMR,2023,88.1,38.4
Namibia,NAM,2000,77,11.2
Namibia,NAM,2001,77,11.3
Namibia,NAM,2002,77.1,11.2
Namibia,NAM,2003,76.9,11.3
Namibia,NAM,2004,77,11.2
Namibia,NAM,2005,76.8,11.3
Namibia,NAM,2006,76.7,11.4
Namibia,NAM,2007,76.5,11.3
Namibia,NAM,2008,76.3,11.4
Namibia,NAM,2009,76,11.5
Namibia,NAM,2010,76,11.6
Namibia,NAM,2011,75.7,11.5
Namibia,NAM,2012,75.7,11.6
Namibia,NAM,2013,75.2,11.7
Namibia,NAM,2014,75,11.9
Namibia,NAM,2015,74.6,12.1
Namibia,NAM,2016,74.3,12.4
Namibia,NAM,2017,74.1,12.5
Namibia,NAM,2018,73.3,12.6
Namibia,NAM,2019,73.1,12.85
Namibia,NAM,2020,72.6,13
Namibia,NAM,2021,72.2,13.2
Namibia,NAM,2022,71.5,13.3
Namibia,NAM,2023,71.35,13.5
Nauru,NRU,2000,100,100
Nauru,NRU,2001,100,100
Nauru,NRU,2002,100,100
Nauru,NRU,2003,100,100
Nauru,NRU,2004,100,100
Nauru,NRU,2005,100,100
Nauru,NRU,2006,100,100
Nauru,NRU,2007,100,100
Nauru,NRU,2008,100,100
Nauru,NRU,2009,100,100
Nauru,NRU,2010,100,100
Nauru,NRU,2011,100,100
Nauru,NRU,2012,100,100
Nauru,NRU,2013,100,100
Nauru,NRU,2014,100,100
Nauru,NRU,2015,100,100
Nauru,NRU,2016,100,100
Nauru,NRU,2017,100,100
Nauru,NRU,2018,100,100
Nauru,NRU,2019,100,100
Nauru,NRU,2020,100,100
Nauru,NRU,2021,100,100
Nauru,NRU,2022,100,100
Nauru,NRU,2023,100,100
Nepal,NPL,2000,22.9,2.6
Nepal,NPL,2001,28.9,3.1
Nepal,NPL,2002,35,3.9
Nepal,NPL,2003,41.1,4.6
Nepal,NPL,2004,46.7,5.25
Nepal,NPL,2005,51.4,6
Nepal,NPL,2006,55.4,6.8
Nepal,NPL,2007,58.4,7.5
Nepal,NPL,2008,61.25,8.3
Nepal,NPL,2009,63.05,9
Nepal,NPL,2010,64.1,9.9
Nepal,NPL,2011,65.1,10.7
Nepal,NPL,2012,65.65,11.6
Nepal,NPL,2013,65.7,12.5
Nepal,NPL,2014,65.9,13.4
Nepal,NPL,2015,66,14.5
Nepal,NPL,2016,65.7,15.6
Nepal,NPL,2017,65.3,16.7
Nepal,NPL,2018,64.6,18.1
Nepal,NPL,2019,64.6,19.5
Nepal,NPL,2020,63.9,20.9
Nepal,NPL,2021,63.4,22.3
Nepal,NPL,2022,62.6,24.1
Nepal,NPL,2023,62.4,25.7
Netherlands,NLD,2000,100,100
Netherlands,NLD,2001,100,100
Netherlands,NLD,2002,100,100
Netherlands,NLD,2003,100,100
Netherlands,NLD,2004,100,100
Netherlands,NLD,2005,100,100
Netherlands,NLD,2006,100,100
Netherlands,NLD,2007,100,100
Netherlands,NLD,2008,100,100
Netherlands,NLD,2009,100,100
Netherlands,NLD,2010,100,100
Netherlands,NLD,2011,100,100
Netherlands,NLD,2012,100,100
Netherlands,NLD,2013,100,100
Netherlands,NLD,2014,100,100
Netherlands,NLD,2015,100,100
Netherlands,NLD,2016,100,100
Netherlands,NLD,2017,100,100
Netherlands,NLD,2018,100,100
Netherlands,NLD,2019,100,100
Netherlands,NLD,2020,100,100
Netherlands,NLD,2021,100,100
Netherlands,NLD,2022,100,100
Netherlands,NLD,2023,100,100
New Zealand,NZL,2000,100,100
New Zealand,NZL,2001,100,100
New Zealand,NZL,2002,100,100
New Zealand,NZL,2003,100,100
New Zealand,NZL,2004,100,100
New Zealand,NZL,2005,100,100
New Zealand,NZL,2006,100,100
New Zealand,NZL,2007,100,100
New Zealand,NZL,2008,100,100
New Zealand,NZL,2009,100,100
New Zealand,NZL,2010,100,100
New Zealand,NZL,2011,100,100
New Zealand,NZL,2012,100,100
New Zealand,NZL,2013,100,100
New Zealand,NZL,2014,100,100
New Zealand,NZL,2015,100,100
New Zealand,NZL,2016,100,100
New Zealand,NZL,2017,100,100
New Zealand,NZL,2018,100,100
New Zealand,NZL,2019,100,100
New Zealand,NZL,2020,100,100
New Zealand,NZL,2021,100,100
New Zealand,NZL,2022,100,100
New Zealand,NZL,2023,100,100
Nicaragua,NIC,2000,54.6,6.2
Nicaragua,NIC,2001,56.5,6.5
Nicaragua,NIC,2002,58.1,6.7
Nicaragua,NIC,2003,59.6,6.8
Nicaragua,NIC,2004,61.2,6.9
Nicaragua,NIC,2005,62.6,7.1
Nicaragua,NIC,2006,64,7.1
Nicaragua,NIC,2007,65.3,7.3
Nicaragua,NIC,2008,66.9,7.4
Nicaragua,NIC,2009,68.6,7.7
Nicaragua,NIC,2010,70.2,7.8
Nicaragua,NIC,2011,72.2,7.9
Nicaragua,NIC,2012,73.7,8.2
Nicaragua,NIC,2013,75.8,8.3
Nicaragua,NIC,2014,77.4,8.6
Nicaragua,NIC,2015,79.3,9
Nicaragua,NIC,2016,81,9.1
Nicaragua,NIC,2017,82.5,9.4
Nicaragua,NIC,2018,83.7,9.7
Nicaragua,NIC,2019,85,9.8
Nicaragua,NIC,2020,86.2,9.8
Nicaragua,NIC,2021,87.2,10.1
Nicaragua,NIC,2022,88.3,10.4
Nicaragua,NIC,2023,89.2,10.4
Niger,NER,2000,3.8,0.3
Niger,NER,2001,4,0.3
Niger,NER,2002,4.1,0.3
Niger,NER,2003,4.2,0.3
Niger,NER,2004,4.4,0.3
Niger,NER,2005,4.5,0.3
Niger,NER,2006,4.9,0.3
Niger,NER,2007,5,0.3
Niger,NER,2008,5.4,0.3
Niger,NER,2009,5.8,0.3
Niger,NER,2010,6.4,0.3
Niger,NER,2011,7,0.3
Niger,NER,2012,7.8,0.3
Niger,NER,2013,8.6,0.3
Niger,NER,2014,9.4,0.3
Niger,NER,2015,10.6,0.3
Niger,NER,2016,11.8,0.3
Niger,NER,2017,13.2,0.3
Niger,NER,2018,14.9,0.4
Niger,NER,2019,16.4,0.4
Niger,NER,2020,18.1,0.4
Niger,NER,2021,20.3,0.4
Niger,NER,2022,22.5,0.5
Niger,NER,2023,24.7,0.5
Nigeria,NGA,2000,1.6,0.2
Nigeria,NGA,2001,1.7,0.2
Nigeria,NGA,2002,1.8,0.2
Nigeria,NGA,2003,1.9,0.2
Nigeria,NGA,2004,2,0.3
Nigeria,NGA,2005,2.1,0.3
Nigeria,NGA,2006,2.3,0.4
Nigeria,NGA,2007,2.5,0.4
Nigeria,NGA,2008,2.8,0.5
Nigeria,NGA,2009,3.2,0.6
Nigeria,NGA,2010,3.8,0.7
Nigeria,NGA,2011,4.5,0.8
Nigeria,NGA,2012,5.5,1
Nigeria,NGA,2013,6.9,1.3
Nigeria,NGA,2014,8.8,1.7
Nigeria,NGA,2015,11.4,2.1
Nigeria,NGA,2016,14.9,2.7
Nigeria,NGA,2017,19.5,3.4
Nigeria,NGA,2018,25.2,4.2
Nigeria,NGA,2019,31.4,5.3
Nigeria,NGA,2020,37.2,6.5
Nigeria,NGA,2021,42.4,7.6
Nigeria,NGA,2022,46.2,8.7
Nigeria,NGA,2023,48.7,9.7
North America (WB),WB_NA,2000,100,100
North America (WB),WB_NA,2001,100,100
North America (WB),WB_NA,2002,100,100
North America (WB),WB_NA,2003,100,100
North America (WB),WB_NA,2004,100,100
North America (WB),WB_NA,2005,100,100
North America (WB),WB_NA,2006,100,100
North America (WB),WB_NA,2007,100,100
North America (WB),WB_NA,2008,100,100
North America (WB),WB_NA,2009,100,100
North America (WB),WB_NA,2010,100,100
North America (WB),WB_NA,2011,100,100
North America (WB),WB_NA,2012,100,100
North America (WB),WB_NA,2013,100,100
North America (WB),WB_NA,2014,100,100
North America (WB),WB_NA,2015,100,100
North America (WB),WB_NA,2016,100,100
North America (WB),WB_NA,2017,100,100
North America (WB),WB_NA,2018,100,100
North America (WB),WB_NA,2019,100,100
North America (WB),WB_NA,2020,100,100
North America (WB),WB_NA,2021,100,100
North America (WB),WB_NA,2022,100,100
North America (WB),WB_NA,2023,100,100
North Korea,PRK,2000,1,0.9
North Korea,PRK,2001,1.4,0.9
North Korea,PRK,2002,1.8,0.9
North Korea,PRK,2003,2.4,0.9
North Korea,PRK,2004,3.1,1
North Korea,PRK,2005,3.9,1
North Korea,PRK,2006,4.7,1
North Korea,PRK,2007,5.6,1
North Korea,PRK,2008,6.6,1
North Korea,PRK,2009,7.6,0.9
North Korea,PRK,2010,8.7,0.9
North Korea,PRK,2011,9.7,0.9
North Korea,PRK,2012,10.4,0.9
North Korea,PRK,2013,11.5,0.9
North Korea,PRK,2014,12.5,0.9
North Korea,PRK,2015,13.5,0.9
North Korea,PRK,2016,14.8,0.9
North Korea,PRK,2017,15.3,0.9
North Korea,PRK,2018,16.6,0.9
North Korea,PRK,2019,17.8,0.9
North Korea,PRK,2020,18.9,0.8
North Korea,PRK,2021,20,0.9
North Korea,PRK,2022,21.1,0.8
North Korea,PRK,2023,22,0.8
North Macedonia,MKD,2000,66.4,36.3
North Macedonia,MKD,2001,69,37
North Macedonia,MKD,2002,71.2,37.5
North Macedonia,MKD,2003,73.3,38.2
North Macedonia,MKD,2004,75.6,38.9
North Macedonia,MKD,2005,77.5,39.6
North Macedonia,MKD,2006,79.3,40.4
North Macedonia,MKD,2007,81.1,40.8
North Macedonia,MKD,2008,82.5,41.8
North Macedonia,MKD,2009,84.2,42.7
North Macedonia,MKD,2010,85.5,43.6
North Macedonia,MKD,2011,86.5,44.9
North Macedonia,MKD,2012,87.7,46.1
North Macedonia,MKD,2013,88.5,47.8
North Macedonia,MKD,2014,89.2,49
North Macedonia,MKD,2015,89.9,50.6
North Macedonia,MKD,2016,90.7,51.8
North Macedonia,MKD,2017,91.1,53.3
North Macedonia,MKD,2018,91.4,55.1
North Macedonia,MKD,2019,91.9,56.6
North Macedonia,MKD,2020,92.6,57.9
North Macedonia,MKD,2021,92.6,59.7
North Macedonia,MKD,2022,93,60.6
North Macedonia,MKD,2023,93.1,61.8
Norway,NOR,2000,100,100
Norway,NOR,2001,100,100
Norway,NOR,2002,100,100
Norway,NOR,2003,100,100
Norway,NOR,2004,100,100
Norway,NOR,2005,100,100
Norway,NOR,2006,100,100
Norway,NOR,2007,100,100
Norway,NOR,2008,100,100
Norway,NOR,2009,100,100
Norway,NOR,2010,100,100
Norway,NOR,2011,100,100
Norway,NOR,2012,100,100
Norway,NOR,2013,100,100
Norway,NOR,2014,100,100
Norway,NOR,2015,100,100
Norway,NOR,2016,100,100
Norway,NOR,2017,100,100
Norway,NOR,2018,100,100
Norway,NOR,2019,100,100
Norway,NOR,2020,100,100
Norway,NOR,2021,100,100
Norway,NOR,2022,100,100
Norway,NOR,2023,100,100
Oman,OMN,2000,100,100
Oman,OMN,2001,100,100
Oman,OMN,2002,100,100
Oman,OMN,2003,100,100
Oman,OMN,2004,100,100
Oman,OMN,2005,100,100
Oman,OMN,2006,100,100
Oman,OMN,2007,100,100
Oman,OMN,2008,100,100
Oman,OMN,2009,100,100
Oman,OMN,2010,100,100
Oman,OMN,2011,100,100
Oman,OMN,2012,100,100
Oman,OMN,2013,100,100
Oman,OMN,2014,100,100
Oman,OMN,2015,100,100
Oman,OMN,2016,100,100
Oman,OMN,2017,100,100
Oman,OMN,2018,100,100
Oman,OMN,2019,100,100
Oman,OMN,2020,100,100
Oman,OMN,2021,100,100
Oman,OMN,2022,100,100
Oman,OMN,2023,100,100
Pakistan,PAK,2000,65.2,4.3
Pakistan,PAK,2001,67.2,4.8
Pakistan,PAK,2002,68.7,5.4
Pakistan,PAK,2003,70.7,5.9
Pakistan,PAK,2004,72.3,6.4
Pakistan,PAK,2005,74.2,7
Pakistan,PAK,2006,76.1,7.6
Pakistan,PAK,2007,77.8,8.4
Pakistan,PAK,2008,79.3,9.1
Pakistan,PAK,2009,80.8,10
Pakistan,PAK,2010,82.1,11
Pakistan,PAK,2011,83,11.9
Pakistan,PAK,2012,83.7,13.1
Pakistan,PAK,2013,84.4,14.2
Pakistan,PAK,2014,85.1,15.6
Pakistan,PAK,2015,85.6,17
Pakistan,PAK,2016,86,18.7
Pakistan,PAK,2017,86.3,20.3
Pakistan,PAK,2018,86.7,22.1
Pakistan,PAK,2019,87.1,24.15
Pakistan,PAK,2020,87.2,26.3
Pakistan,PAK,2021,87.6,28.6
Pakistan,PAK,2022,87.7,30.7
Pakistan,PAK,2023,88.2,33.1
Palau,PLW,2000,100,100
Palau,PLW,2001,100,100
Palau,PLW,2002,100,100
Palau,PLW,2003,100,100
Palau,PLW,2004,100,100
Palau,PLW,2005,100,100
Palau,PLW,2006,100,100
Palau,PLW,2007,100,100
Palau,PLW,2008,100,100
Palau,PLW,2009,100,100
Palau,PLW,2010,100,100
Palau,PLW,2011,100,100
Palau,PLW,2012,100,100
Palau,PLW,2013,100,100
Palau,PLW,2014,100,100
Palau,PLW,2015,100,100
Palau,PLW,2016,100,100
Palau,PLW,2017,100,100
Palau,PLW,2018,100,100
Palau,PLW,2019,100,100
Palau,PLW,2020,100,100
Palau,PLW,2021,100,100
Palau,PLW,2022,100,100
Palau,PLW,2023,100,100
Panama,PAN,2000,100,100
Panama,PAN,2001,100,100
Panama,PAN,2002,100,100
Panama,PAN,2003,100,100
Panama,PAN,2004,100,100
Panama,PAN,2005,100,100
Panama,PAN,2006,100,100
Panama,PAN,2007,100,100
Panama,PAN,2008,100,100
Panama,PAN,2009,100,100
Panama,PAN,2010,100,100
Panama,PAN,2011,100,100
Panama,PAN,2012,100,100
Panama,PAN,2013,100,100
Panama,PAN,2014,100,100
Panama,PAN,2015,100,100
Panama,PAN,2016,100,100
Panama,PAN,2017,100,100
Panama,PAN,2018,100,100
Panama,PAN,2019,100,100
Panama,PAN,2020,100,100
Panama,PAN,2021,100,100
Panama,PAN,2022,100,100
Panama,PAN,2023,100,100
Papua New Guinea,PNG,2000,40,0.1
Papua New Guinea,PNG,2001,40.3,0.2
Papua New Guinea,PNG,2002,40.4,0.3
Papua New Guinea,PNG,2003,40.5,0.4
Papua New Guinea,PNG,2004,40.4,0.5
Papua New Guinea,PNG,2005,40.6,0.7
Papua New Guinea,PNG,2006,40.6,1
Papua New Guinea,PNG,2007,40.6,1.3
Papua New Guinea,PNG,2008,40.4,1.6
Papua New Guinea,PNG,2009,40.3,2.1
Papua New Guinea,PNG,2010,40,2.4
Papua New Guinea,PNG,2011,39.6,2.9
Papua New Guinea,PNG,2012,39.55,3.3
Papua New Guinea,PNG,2013,39.3,3.6
Papua New Guinea,PNG,2014,38.7,3.9
Papua New Guinea,PNG,2015,38.1,4.3
Papua New Guinea,PNG,2016,37.5,4.55
Papua New Guinea,PNG,2017,37.1,4.6
Papua New Guinea,PNG,2018,36.8,5
Papua New Guinea,PNG,2019,35.9,5.2
Papua New Guinea,PNG,2020,35.5,5.4
Papua New Guinea,PNG,2021,34.9,5.6
Papua New Guinea,PNG,2022,34,5.7
Papua New Guinea,PNG,2023,33.4,5.8
Paraguay,PRY,2000,71.4,16.5
Paraguay,PRY,2001,70.6,17.2
Paraguay,PRY,2002,70.1,17.8
Paraguay,PRY,2003,69.8,18.5
Paraguay,PRY,2004,69.7,19.5
Paraguay,PRY,2005,70.7,20.4
Paraguay,PRY,2006,71.4,21.7
Paraguay,PRY,2007,72.65,23.2
Paraguay,PRY,2008,74,24.7
Paraguay,PRY,2009,75.6,26.2
Paraguay,PRY,2010,77.2,27.8
Paraguay,PRY,2011,78.4,29.3
Paraguay,PRY,2012,79.9,30.9
Paraguay,PRY,2013,81.2,32.7
Paraguay,PRY,2014,82.5,34.2
Paraguay,PRY,2015,83.5,35.7
Paraguay,PRY,2016,84.3,37
Paraguay,PRY,2017,85.2,38.3
Paraguay,PRY,2018,85.7,39.5
Paraguay,PRY,2019,86.2,40.4
Paraguay,PRY,2020,86.6,41.6
Paraguay,PRY,2021,86.9,42.3
Paraguay,PRY,2022,87.2,43.3
Paraguay,PRY,2023,87.35,44.4
Peru,PER,2000,59.2,3.7
Peru,PER,2001,64,4.5
Peru,PER,2002,68.3,5.3
Peru,PER,2003,71.6,5.9
Peru,PER,2004,74.3,6.8
Peru,PER,2005,76.6,7.5
Peru,PER,2006,78.4,8.3
Peru,PER,2007,80.2,9.2
Peru,PER,2008,81.2,10.3
Peru,PER,2009,82.7,11.4
Peru,PER,2010,83.9,13
Peru,PER,2011,85.4,14.9
Peru,PER,2012,86.7,16.9
Peru,PER,2013,88.2,19.5
Peru,PER,2014,89.5,22.7
Peru,PER,2015,90.9,26.3
Peru,PER,2016,92,30.5
Peru,PER,2017,93.1,35.3
Peru,PER,2018,94.1,40.6
Peru,PER,2019,95,46.4
Peru,PER,2020,95.8,51.9
Peru,PER,2021,96.3,57.9
Peru,PER,2022,97,63.7
Peru,PER,2023,97.5,69.1
Philippines,PHL,2000,55.9,19.3
Philippines,PHL,2001,57,20.2
Philippines,PHL,2002,58.2,20.8
Philippines,PHL,2003,59,21.2
Philippines,PHL,2004,59.5,21.6
Philippines,PHL,2005,59.5,21.3
Philippines,PHL,2006,60,21.4
Philippines,PHL,2007,60,21
Philippines,PHL,2008,59.8,21.1
Philippines,PHL,2009,60.1,21.3
Philippines,PHL,2010,60.1,21.4
Philippines,PHL,2011,61.3,21.7
Philippines,PHL,2012,62,22.4
Philippines,PHL,2013,63.4,23.1
Philippines,PHL,2014,64.5,24.1
Philippines,PHL,2015,66.4,25.6
Philippines,PHL,2016,68,26.9
Philippines,PHL,2017,69.9,28.4
Philippines,PHL,2018,71.6,30
Philippines,PHL,2019,73.15,31.7
Philippines,PHL,2020,74.8,33.6
Philippines,PHL,2021,76.6,35.6
Philippines,PHL,2022,78.2,37.6
Philippines,PHL,2023,79.8,39.9
Poland,POL,2000,100,100
Poland,POL,2001,100,100
Poland,POL,2002,100,100
Poland,POL,2003,100,100
Poland,POL,2004,100,100
Poland,POL,2005,100,100
Poland,POL,2006,100,100
Poland,POL,2007,100,100
Poland,POL,2008,100,100
Poland,POL,2009,100,100
Poland,POL,2010,100,100
Poland,POL,2011,100,100
Poland,POL,2012,100,100
Poland,POL,2013,100,100
Poland,POL,2014,100,100
Poland,POL,2015,100,100
Poland,POL,2016,100,100
Poland,POL,2017,100,100
Poland,POL,2018,100,100
Poland,POL,2019,100,100
Poland,POL,2020,100,100
Poland,POL,2021,100,100
Poland,POL,2022,100,100
Poland,POL,2023,100,100
Portugal,PRT,2000,100,100
Portugal,PRT,2001,100,100
Portugal,PRT,2002,100,100
Portugal,PRT,2003,100,100
Portugal,PRT,2004,100,100
Portugal,PRT,2005,100,100
Portugal,PRT,2006,100,100
Portugal,PRT,2007,100,100
Portugal,PRT,2008,100,100
Portugal,PRT,2009,100,100
Portugal,PRT,2010,100,100
Portugal,PRT,2011,100,100
Portugal,PRT,2012,100,100
Portugal,PRT,2013,100,100
Portugal,PRT,2014,100,100
Portugal,PRT,2015,100,100
Portugal,PRT,2016,100,100
Portugal,PRT,2017,100,100
Portugal,PRT,2018,100,100
Portugal,PRT,2019,100,100
Portugal,PRT,2020,100,100
Portugal,PRT,2021,100,100
Portugal,PRT,2022,100,100
Portugal,PRT,2023,100,100
Qatar,QAT,2000,100,100
Qatar,QAT,2001,100,100
Qatar,QAT,2002,100,100
Qatar,QAT,2003,100,100
Qatar,QAT,2004,100,100
Qatar,QAT,2005,100,100
Qatar,QAT,2006,100,100
Qatar,QAT,2007,100,100
Qatar,QAT,2008,100,100
Qatar,QAT,2009,100,100
Qatar,QAT,2010,100,100
Qatar,QAT,2011,100,100
Qatar,QAT,2012,100,100
Qatar,QAT,2013,100,100
Qatar,QAT,2014,100,100
Qatar,QAT,2015,100,100
Qatar,QAT,2016,100,100
Qatar,QAT,2017,100,100
Qatar,QAT,2018,100,100
Qatar,QAT,2019,100,100
Qatar,QAT,2020,100,100
Qatar,QAT,2021,100,100
Qatar,QAT,2022,100,100
Qatar,QAT,2023,100,100
Romania,ROU,2000,100,100
Romania,ROU,2001,100,100
Romania,ROU,2002,100,100
Romania,ROU,2003,100,100
Romania,ROU,2004,100,100
Romania,ROU,2005,100,100
Romania,ROU,2006,100,100
Romania,ROU,2007,100,100
Romania,ROU,2008,100,100
Romania,ROU,2009,100,100
Romania,ROU,2010,100,100
Romania,ROU,2011,100,100
Romania,ROU,2012,100,100
Romania,ROU,2013,100,100
Romania,ROU,2014,100,100
Romania,ROU,2015,100,100
Romania,ROU,2016,100,100
Romania,ROU,2017,100,100
Romania,ROU,2018,100,100
Romania,ROU,2019,100,100
Romania,ROU,2020,100,100
Romania,ROU,2021,100,100
Romania,ROU,2022,100,100
Romania,ROU,2023,100,100
Russia,RUS,2000,100,100
Russia,RUS,2001,100,100
Russia,RUS,2002,100,100
Russia,RUS,2003,100,100
Russia,RUS,2004,100,100
Russia,RUS,2005,100,100
Russia,RUS,2006,100,100
Russia,RUS,2007,100,100
Russia,RUS,2008,100,100
Russia,RUS,2009,100,100
Russia,RUS,2010,100,100
Russia,RUS,2011,100,100
Russia,RUS,2012,100,100
Russia,RUS,2013,100,100
Russia,RUS,2014,100,100
Russia,RUS,2015,100,100
Russia,RUS,2016,100,100
Russia,RUS,2017,100,100
Russia,RUS,2018,100,100
Russia,RUS,2019,100,100
Russia,RUS,2020,100,100
Russia,RUS,2021,100,100
Russia,RUS,2022,100,100
Russia,RUS,2023,100,100
Rwanda,RWA,2000,0.4,0.1
Rwanda,RWA,2001,0.4,0.1
Rwanda,RWA,2002,0.4,0.1
Rwanda,RWA,2003,0.4,0.1
Rwanda,RWA,2004,0.4,0.1
Rwanda,RWA,2005,0.4,0.1
Rwanda,RWA,2006,0.5,0.1
Rwanda,RWA,2007,0.5,0.1
Rwanda,RWA,2008,0.7,0.1
Rwanda,RWA,2009,0.8,0.1
Rwanda,RWA,2010,1,0.2
Rwanda,RWA,2011,1.3,0.2
Rwanda,RWA,2012,1.7,0.2
Rwanda,RWA,2013,2.2,0.2
Rwanda,RWA,2014,3,0.3
Rwanda,RWA,2015,4,0.3
Rwanda,RWA,2016,5.4,0.4
Rwanda,RWA,2017,7.4,0.4
Rwanda,RWA,2018,9.9,0.5
Rwanda,RWA,2019,13.4,0.5
Rwanda,RWA,2020,18,0.6
Rwanda,RWA,2021,23.8,0.7
Rwanda,RWA,2022,30.7,0.8
Rwanda,RWA,2023,38.85,1
Saint Kitts and Nevis,KNA,2000,100,100
Saint Kitts and Nevis,KNA,2001,100,100
Saint Kitts and Nevis,KNA,2002,100,100
Saint Kitts and Nevis,KNA,2003,100,100
Saint Kitts and Nevis,KNA,2004,100,100
Saint Kitts and Nevis,KNA,2005,100,100
Saint Kitts and Nevis,KNA,2006,100,100
Saint Kitts and Nevis,KNA,2007,100,100
Saint Kitts and Nevis,KNA,2008,100,100
Saint Kitts and Nevis,KNA,2009,100,100
Saint Kitts and Nevis,KNA,2010,100,100
Saint Kitts and Nevis,KNA,2011,100,100
Saint Kitts and Nevis,KNA,2012,100,100
Saint Kitts and Nevis,KNA,2013,100,100
Saint Kitts and Nevis,KNA,2014,100,100
Saint Kitts and Nevis,KNA,2015,100,100
Saint Kitts and Nevis,KNA,2016,100,100
Saint Kitts and Nevis,KNA,2017,100,100
Saint Kitts and Nevis,KNA,2018,100,100
Saint Kitts and Nevis,KNA,2019,100,100
Saint Kitts and Nevis,KNA,2020,100,100
Saint Kitts and Nevis,KNA,2021,100,100
Saint Kitts and Nevis,KNA,2022,100,100
Saint Kitts and Nevis,KNA,2023,100,100
Saint Lucia,LCA,2000,62.6,95.9
Saint Lucia,LCA,2001,67.4,96.1
Saint Lucia,LCA,2002,72.4,96.4
Saint Lucia,LCA,2003,76.2,96.3
Saint Lucia,LCA,2004,79.9,96.4
Saint Lucia,LCA,2005,83.2,96.6
Saint Lucia,LCA,2006,86.3,96.6
Saint Lucia,LCA,2007,88.4,96.5
Saint Lucia,LCA,2008,90.3,96.7
Saint Lucia,LCA,2009,92.1,96.6
Saint Lucia,LCA,2010,93.4,96.4
Saint Lucia,LCA,2011,94.6,96.4
Saint Lucia,LCA,2012,95.5,96.1
Saint Lucia,LCA,2013,96.2,96
Saint Lucia,LCA,2014,96.7,95.6
Saint Lucia,LCA,2015,97.1,95.3
Saint Lucia,LCA,2016,97.6,94.7
Saint Lucia,LCA,2017,97.9,94.3
Saint Lucia,LCA,2018,98.2,93.9
Saint Lucia,LCA,2019,98.4,93.1
Saint Lucia,LCA,2020,98.7,92.7
Saint Lucia,LCA,2021,98.8,92.3
Saint Lucia,LCA,2022,99,91.7
Saint Lucia,LCA,2023,99.1,91.3
Saint Vincent and the Grenadines,VCT,2000,97.4,98.3
Saint Vincent and the Grenadines,VCT,2001,97.5,98.2
Saint Vincent and the Grenadines,VCT,2002,97.4,98.1
Saint Vincent and the Grenadines,VCT,2003,97.4,98.1
Saint Vincent and the Grenadines,VCT,2004,97.6,98
Saint Vincent and the Grenadines,VCT,2005,97.5,97.8
Saint Vincent and the Grenadines,VCT,2006,97.5,97.8
Saint Vincent and the Grenadines,VCT,2007,97.3,97.8
Saint Vincent and the Grenadines,VCT,2008,97.4,97.6
Saint Vincent and the Grenadines,VCT,2009,97.3,97.5
Saint Vincent and the Grenadines,VCT,2010,97.1,97.5
Saint Vincent and the Grenadines,VCT,2011,97.2,97.4
Saint Vincent and the Grenadines,VCT,2012,97.1,97.1
Saint Vincent and the Grenadines,VCT,2013,96.8,97
Saint Vincent and the Grenadines,VCT,2014,96.8,96.8
Saint Vincent and the Grenadines,VCT,2015,96.4,96.4
Saint Vincent and the Grenadines,VCT,2016,96.3,96.3
Saint Vincent and the Grenadines,VCT,2017,96.2,96.1
Saint Vincent and the Grenadines,VCT,2018,96.1,95.7
Saint Vincent and the Grenadines,VCT,2019,95.9,95.3
Saint Vincent and the Grenadines,VCT,2020,95.4,95.2
Saint Vincent and the Grenadines,VCT,2021,95.2,94.5
Saint Vincent and the Grenadines,VCT,2022,94.9,94.5
Saint Vincent and the Grenadines,VCT,2023,94.5,94
Samoa,WSM,2000,46.6,7.2
Samoa,WSM,2001,48,8.1
Samoa,WSM,2002,48.9,9.1
Samoa,WSM,2003,50.4,10.3
Samoa,WSM,2004,51.35,11.2
Samoa,WSM,2005,52.3,12.4
Samoa,WSM,2006,53.2,13.4
Samoa,WSM,2007,54,14.5
Samoa,WSM,2008,54.8,15.6
Samoa,WSM,2009,56,16.8
Samoa,WSM,2010,56.6,17.85
Samoa,WSM,2011,57.7,18.9
Samoa,WSM,2012,58.8,20.1
Samoa,WSM,2013,59.8,21.4
Samoa,WSM,2014,60.5,22.6
Samoa,WSM,2015,61.2,23.9
Samoa,WSM,2016,62.3,25.2
Samoa,WSM,2017,62.7,26.2
Samoa,WSM,2018,63.5,27.5
Samoa,WSM,2019,63.7,28.6
Samoa,WSM,2020,64.45,29.9
Samoa,WSM,2021,65,30.9
Samoa,WSM,2022,65.3,31.9
Samoa,WSM,2023,65.3,33.2
San Marino,SMR,2000,100,100
San Marino,SMR,2001,100,100
San Marino,SMR,2002,100,100
San Marino,SMR,2003,100,100
San Marino,SMR,2004,100,100
San Marino,SMR,2005,100,100
San Marino,SMR,2006,100,100
San Marino,SMR,2007,100,100
San Marino,SMR,2008,100,100
San Marino,SMR,2009,100,100
San Marino,SMR,2010,100,100
San Marino,SMR,2011,100,100
San Marino,SMR,2012,100,100
San Marino,SMR,2013,100,100
San Marino,SMR,2014,100,100
San Marino,SMR,2015,100,100
San Marino,SMR,2016,100,100
San Marino,SMR,2017,100,100
San Marino,SMR,2018,100,100
San Marino,SMR,2019,100,100
San Marino,SMR,2020,100,100
San Marino,SMR,2021,100,100
San Marino,SMR,2022,100,100
San Marino,SMR,2023,100,100
Sao Tome and Principe,STP,2000,0.4,0
Sao Tome and Principe,STP,2001,0.4,0
Sao Tome and Principe,STP,2002,0.5,0.1
Sao Tome and Principe,STP,2003,0.6,0.1
Sao Tome and Principe,STP,2004,0.7,0.1
Sao Tome and Principe,STP,2005,0.8,0.1
Sao Tome and Principe,STP,2006,0.9,0.1
Sao Tome and Principe,STP,2007,1.1,0.2
Sao Tome and Principe,STP,2008,1.2,0.2
Sao Tome and Principe,STP,2009,1.4,0.2
Sao Tome and Principe,STP,2010,1.6,0.3
Sao Tome and Principe,STP,2011,1.8,0.3
Sao Tome and Principe,STP,2012,2,0.4
Sao Tome and Principe,STP,2013,2.3,0.4
Sao Tome and Principe,STP,2014,2.5,0.5
Sao Tome and Principe,STP,2015,2.8,0.5
Sao Tome and Principe,STP,2016,3.1,0.6
Sao Tome and Principe,STP,2017,3.4,0.7
Sao Tome and Principe,STP,2018,3.8,0.7
Sao Tome and Principe,STP,2019,4.1,0.7
Sao Tome and Principe,STP,2020,4.4,0.8
Sao Tome and Principe,STP,2021,4.7,0.9
Sao Tome and Principe,STP,2022,5.2,1
Sao Tome and Principe,STP,2023,5.5,1.1
Saudi Arabia,SAU,2000,100,100
Saudi Arabia,SAU,2001,100,100
Saudi Arabia,SAU,2002,100,100
Saudi Arabia,SAU,2003,100,100
Saudi Arabia,SAU,2004,100,100
Saudi Arabia,SAU,2005,100,100
Saudi Arabia,SAU,2006,100,100
Saudi Arabia,SAU,2007,100,100
Saudi Arabia,SAU,2008,100,100
Saudi Arabia,SAU,2009,100,100
Saudi Arabia,SAU,2010,100,100
Saudi Arabia,SAU,2011,100,100
Saudi Arabia,SAU,2012,100,100
Saudi Arabia,SAU,2013,100,100
Saudi Arabia,SAU,2014,100,100
Saudi Arabia,SAU,2015,100,100
Saudi Arabia,SAU,2016,100,100
Saudi Arabia,SAU,2017,100,100
Saudi Arabia,SAU,2018,100,100
Saudi Arabia,SAU,2019,100,100
Saudi Arabia,SAU,2020,100,100
Saudi Arabia,SAU,2021,100,100
Saudi Arabia,SAU,2022,100,100
Saudi Arabia,SAU,2023,100,100
Senegal,SEN,2000,69.2,6.9
Senegal,SEN,2001,70.9,7.3
Senegal,SEN,2002,72.4,7.7
Senegal,SEN,2003,73.2,7.9
Senegal,SEN,2004,73.1,8
Senegal,SEN,2005,72.5,8
Senegal,SEN,2006,71.6,7.85
Senegal,SEN,2007,70,7.6
Senegal,SEN,2008,68.2,7.2
Senegal,SEN,2009,66.05,7
Senegal,SEN,2010,63.5,6.7
Senegal,SEN,2011,60.9,6.5
Senegal,SEN,2012,58.6,6.3
Senegal,SEN,2013,56.4,6.2
Senegal,SEN,2014,54.3,6.2
Senegal,SEN,2015,52.9,6.1
Senegal,SEN,2016,52.1,6.1
Senegal,SEN,2017,51.9,6.3
Senegal,SEN,2018,52.4,6.6
Senegal,SEN,2019,53.5,6.9
Senegal,SEN,2020,55,7.3
Senegal,SEN,2021,56.9,7.7
Senegal,SEN,2022,58.7,8.2
Senegal,SEN,2023,61,8.8
Serbia,SRB,2000,82.2,30.6
Serbia,SRB,2001,82.8,31.9
Serbia,SRB,2002,83.1,33.2
Serbia,SRB,2003,83.5,34.3
Serbia,SRB,2004,84.1,35.6
Serbia,SRB,2005,84.4,37
Serbia,SRB,2006,84.8,38.4
Serbia,SRB,2007,85.2,39.5
Serbia,SRB,2008,85.6,41.2
Serbia,SRB,2009,86,42.6
Serbia,SRB,2010,86.3,44.1
Serbia,SRB,2011,86.8,45.7
Serbia,SRB,2012,87.2,47.1
Serbia,SRB,2013,87.8,49.3
Serbia,SRB,2014,88.3,50.8
Serbia,SRB,2015,88.8,53.2
Serbia,SRB,2016,89.4,55.3
Serbia,SRB,2017,89.9,57.1
Serbia,SRB,2018,90.3,59.7
Serbia,SRB,2019,90.9,61.8
Serbia,SRB,2020,91.3,64.3
Serbia,SRB,2021,91.7,66.6
Serbia,SRB,2022,92.2,68.6
Serbia,SRB,2023,92.6,70.9
Seychelles,SYC,2000,100,100
Seychelles,SYC,2001,100,100
Seychelles,SYC,2002,100,100
Seychelles,SYC,2003,100,100
Seychelles,SYC,2004,100,100
Seychelles,SYC,2005,100,100
Seychelles,SYC,2006,100,100
Seychelles,SYC,2007,100,100
Seychelles,SYC,2008,100,100
Seychelles,SYC,2009,100,100
Seychelles,SYC,2010,100,100
Seychelles,SYC,2011,100,100
Seychelles,SYC,2012,100,100
Seychelles,SYC,2013,100,100
Seychelles,SYC,2014,100,100
Seychelles,SYC,2015,100,100
Seychelles,SYC,2016,100,100
Seychelles,SYC,2017,100,100
Seychelles,SYC,2018,100,100
Seychelles,SYC,2019,100,100
Seychelles,SYC,2020,100,100
Seychelles,SYC,2021,100,100
Seychelles,SYC,2022,100,100
Seychelles,SYC,2023,100,100
Sierra Leone,SLE,2000,0.1,0.3
Sierra Leone,SLE,2001,0.1,0.3
Sierra Leone,SLE,2002,0.1,0.3
Sierra Leone,SLE,2003,0.1,0.4
Sierra Leone,SLE,2004,0.2,0.4
Sierra Leone,SLE,2005,0.2,0.4
Sierra Leone,SLE,2006,0.3,0.4
Sierra Leone,SLE,2007,0.3,0.3
Sierra Leone,SLE,2008,0.4,0.3
Sierra Leone,SLE,2009,0.5,0.3
Sierra Leone,SLE,2010,0.5,0.3
Sierra Leone,SLE,2011,0.6,0.2
Sierra Leone,SLE,2012,0.7,0.2
Sierra Leone,SLE,2013,0.8,0.2
Sierra Leone,SLE,2014,0.9,0.1
Sierra Leone,SLE,2015,1,0.1
Sierra Leone,SLE,2016,1.1,0.1
Sierra Leone,SLE,2017,1.2,0.1
Sierra Leone,SLE,2018,1.3,0
Sierra Leone,SLE,2019,1.3,0
Sierra Leone,SLE,2020,1.4,0
Sierra Leone,SLE,2021,1.5,0
Sierra Leone,SLE,2022,1.5,0
Sierra Leone,SLE,2023,1.6,0
Singapore,SGP,2000,100,100
Singapore,SGP,2001,100,100
Singapore,SGP,2002,100,100
Singapore,SGP,2003,100,100
Singapore,SGP,2004,100,100
Singapore,SGP,2005,100,100
Singapore,SGP,2006,100,100
Singapore,SGP,2007,100,100
Singapore,SGP,2008,100,100
Singapore,SGP,2009,100,100
Singapore,SGP,2010,100,100
Singapore,SGP,2011,100,100
Singapore,SGP,2012,100,100
Singapore,SGP,2013,100,100
Singapore,SGP,2014,100,100
Singapore,SGP,2015,100,100
Singapore,SGP,2016,100,100
Singapore,SGP,2017,100,100
Singapore,SGP,2018,100,100
Singapore,SGP,2019,100,100
Singapore,SGP,2020,100,100
Singapore,SGP,2021,100,100
Singapore,SGP,2022,100,100
Singapore,SGP,2023,100,100
Slovakia,SVK,2000,100,100
Slovakia,SVK,2001,100,100
Slovakia,SVK,2002,100,100
Slovakia,SVK,2003,100,100
Slovakia,SVK,2004,100,100
Slovakia,SVK,2005,100,100
Slovakia,SVK,2006,100,100
Slovakia,SVK,2007,100,100
Slovakia,SVK,2008,100,100
Slovakia,SVK,2009,100,100
Slovakia,SVK,2010,100,100
Slovakia,SVK,2011,100,100
Slovakia,SVK,2012,100,100
Slovakia,SVK,2013,100,100
Slovakia,SVK,2014,100,100
Slovakia,SVK,2015,100,100
Slovakia,SVK,2016,100,100
Slovakia,SVK,2017,100,100
Slovakia,SVK,2018,100,100
Slovakia,SVK,2019,100,100
Slovakia,SVK,2020,100,100
Slovakia,SVK,2021,100,100
Slovakia,SVK,2022,100,100
Slovakia,SVK,2023,100,100
Slovenia,SVN,2000,100,100
Slovenia,SVN,2001,100,100
Slovenia,SVN,2002,100,100
Slovenia,SVN,2003,100,100
Slovenia,SVN,2004,100,100
Slovenia,SVN,2005,100,100
Slovenia,SVN,2006,100,100
Slovenia,SVN,2007,100,100
Slovenia,SVN,2008,100,100
Slovenia,SVN,2009,100,100
Slovenia,SVN,2010,100,100
Slovenia,SVN,2011,100,100
Slovenia,SVN,2012,100,100
Slovenia,SVN,2013,100,100
Slovenia,SVN,2014,100,100
Slovenia,SVN,2015,100,100
Slovenia,SVN,2016,100,100
Slovenia,SVN,2017,100,100
Slovenia,SVN,2018,100,100
Slovenia,SVN,2019,100,100
Slovenia,SVN,2020,100,100
Slovenia,SVN,2021,100,100
Slovenia,SVN,2022,100,100
Slovenia,SVN,2023,100,100
Solomon Islands,SLB,2000,37.6,3.4
Solomon Islands,SLB,2001,37.5,3.3
Solomon Islands,SLB,2002,37.6,3.2
Solomon Islands,SLB,2003,37.5,3.2
Solomon Islands,SLB,2004,37.6,3
Solomon Islands,SLB,2005,37.3,2.9
Solomon Islands,SLB,2006,37.2,2.8
Solomon Islands,SLB,2007,37,2.6
Solomon Islands,SLB,2008,36.8,2.4
Solomon Islands,SLB,2009,37,2.2
Solomon Islands,SLB,2010,36.7,2.1
Solomon Islands,SLB,2011,36.7,2
Solomon Islands,SLB,2012,36.6,1.9
Solomon Islands,SLB,2013,36.6,1.7
Solomon Islands,SLB,2014,36.5,1.7
Solomon Islands,SLB,2015,36.2,1.5
Solomon Islands,SLB,2016,36.4,1.4
Solomon Islands,SLB,2017,36,1.3
Solomon Islands,SLB,2018,35.8,1.3
Solomon Islands,SLB,2019,35.2,1.2
Solomon Islands,SLB,2020,34.8,1.1
Solomon Islands,SLB,2021,34.3,1
Solomon Islands,SLB,2022,33.6,0.9
Solomon Islands,SLB,2023,33.1,0.9
Somalia,SOM,2000,0.2,0.3
Somalia,SOM,2001,0.3,0.3
Somalia,SOM,2002,0.4,0.3
Somalia,SOM,2003,0.5,0.3
Somalia,SOM,2004,0.6,0.3
Somalia,SOM,2005,0.7,0.3
Somalia,SOM,2006,0.9,0.4
Somalia,SOM,2007,1.1,0.3
Somalia,SOM,2008,1.2,0.4
Somalia,SOM,2009,1.5,0.4
Somalia,SOM,2010,1.7,0.4
Somalia,SOM,2011,2.1,0.4
Somalia,SOM,2012,2.3,0.4
Somalia,SOM,2013,2.8,0.4
Somalia,SOM,2014,3.1,0.4
Somalia,SOM,2015,3.5,0.4
Somalia,SOM,2016,4.1,0.5
Somalia,SOM,2017,4.7,0.5
Somalia,SOM,2018,5.1,0.4
Somalia,SOM,2019,5.8,0.4
Somalia,SOM,2020,6.4,0.4
Somalia,SOM,2021,7.1,0.4
Somalia,SOM,2022,8,0.4
Somalia,SOM,2023,8.8,0.5
South Africa,ZAF,2000,76.9,30.2
South Africa,ZAF,2001,77.9,32.3
South Africa,ZAF,2002,79.1,34.8
South Africa,ZAF,2003,80.3,37.6
South Africa,ZAF,2004,81.7,40
South Africa,ZAF,2005,83,43.1
South Africa,ZAF,2006,84.3,45.7
South Africa,ZAF,2007,85.5,48.9
South Africa,ZAF,2008,86.7,51.5
South Africa,ZAF,2009,87.9,54
South Africa,ZAF,2010,89,56
South Africa,ZAF,2011,90.1,57.8
South Africa,ZAF,2012,91,59.6
South Africa,ZAF,2013,91.7,61.2
South Africa,ZAF,2014,92.5,62.25
South Africa,ZAF,2015,93.2,63.4
South Africa,ZAF,2016,93.9,64.5
South Africa,ZAF,2017,94.4,65.35
South Africa,ZAF,2018,94.9,66.4
South Africa,ZAF,2019,95.2,67.2
South Africa,ZAF,2020,95.7,68.2
South Africa,ZAF,2021,96,68.7
South Africa,ZAF,2022,96.3,69.4
South Africa,ZAF,2023,96.5,70.4
South Asia (WB),WB_SA,2000,48.08156,5.917706
South Asia (WB),WB_SA,2001,50.31155,6.465286
South Asia (WB),WB_SA,2002,52.316288,7.102738
South Asia (WB),WB_SA,2003,54.34361,7.658488
South Asia (WB),WB_SA,2004,56.16241,8.30752
South Asia (WB),WB_SA,2005,57.996124,8.773231
South Asia (WB),WB_SA,2006,59.737534,9.422102
South Asia (WB),WB_SA,2007,61.490967,10.068035
South Asia (WB),WB_SA,2008,63.304398,10.89036
South Asia (WB),WB_SA,2009,65.39342,11.796155
South Asia (WB),WB_SA,2010,67.5525,13.234421
South Asia (WB),WB_SA,2011,69.92675,14.860263
South Asia (WB),WB_SA,2012,72.451294,16.835434
South Asia (WB),WB_SA,2013,74.79617,19.3267
South Asia (WB),WB_SA,2014,77.35083,21.923296
South Asia (WB),WB_SA,2015,79.62285,25.221426
South Asia (WB),WB_SA,2016,81.70566,28.782413
South Asia (WB),WB_SA,2017,83.59186,32.707405
South Asia (WB),WB_SA,2018,85.255264,36.89049
South Asia (WB),WB_SA,2019,86.67683,41.245953
South Asia (WB),WB_SA,2020,88.08934,45.685596
South Asia (WB),WB_SA,2021,89.07156,50.22214
South Asia (WB),WB_SA,2022,90.13267,54.409744
South Asia (WB),WB_SA,2023,90.90101,58.78384
South Korea,KOR,2000,100,100
South Korea,KOR,2001,100,100
South Korea,KOR,2002,100,100
South Korea,KOR,2003,100,100
South Korea,KOR,2004,100,100
South Korea,KOR,2005,100,100
South Korea,KOR,2006,100,100
South Korea,KOR,2007,100,100
South Korea,KOR,2008,100,100
South Korea,KOR,2009,100,100
South Korea,KOR,2010,100,100
South Korea,KOR,2011,100,100
South Korea,KOR,2012,100,100
South Korea,KOR,2013,100,100
South Korea,KOR,2014,100,100
South Korea,KOR,2015,100,100
South Korea,KOR,2016,100,100
South Korea,KOR,2017,100,100
South Korea,KOR,2018,100,100
South Korea,KOR,2019,100,100
South Korea,KOR,2020,100,100
South Korea,KOR,2021,100,100
South Korea,KOR,2022,100,100
South Korea,KOR,2023,100,100
South Sudan,SSD,2000,0.2,0.1
South Sudan,SSD,2001,0.2,0.1
South Sudan,SSD,2002,0.2,0.1
South Sudan,SSD,2003,0.2,0.1
South Sudan,SSD,2004,0.2,0.1
South Sudan,SSD,2005,0.1,0.1
South Sudan,SSD,2006,0.1,0
South Sudan,SSD,2007,0.1,0
South Sudan,SSD,2008,0.1,0
South Sudan,SSD,2009,0.1,0
South Sudan,SSD,2010,0.1,0
South Sudan,SSD,2011,0.1,0
South Sudan,SSD,2012,0,0
South Sudan,SSD,2013,0,0
South Sudan,SSD,2014,0,0
South Sudan,SSD,2015,0,0
South Sudan,SSD,2016,0,0
South Sudan,SSD,2017,0,0
South Sudan,SSD,2018,0,0
South Sudan,SSD,2019,0,0
South Sudan,SSD,2020,0,0
South Sudan,SSD,2021,0,0
South Sudan,SSD,2022,0,0
South Sudan,SSD,2023,0,0
Spain,ESP,2000,100,100
Spain,ESP,2001,100,100
Spain,ESP,2002,100,100
Spain,ESP,2003,100,100
Spain,ESP,2004,100,100
Spain,ESP,2005,100,100
Spain,ESP,2006,100,100
Spain,ESP,2007,100,100
Spain,ESP,2008,100,100
Spain,ESP,2009,100,100
Spain,ESP,2010,100,100
Spain,ESP,2011,100,100
Spain,ESP,2012,100,100
Spain,ESP,2013,100,100
Spain,ESP,2014,100,100
Spain,ESP,2015,100,100
Spain,ESP,2016,100,100
Spain,ESP,2017,100,100
Spain,ESP,2018,100,100
Spain,ESP,2019,100,100
Spain,ESP,2020,100,100
Spain,ESP,2021,100,100
Spain,ESP,2022,100,100
Spain,ESP,2023,100,100
Sri Lanka,LKA,2000,49.9,10.1
Sri Lanka,LKA,2001,51.1,10.7
Sri Lanka,LKA,2002,51.8,11.2
Sri Lanka,LKA,2003,52.7,11.9
Sri Lanka,LKA,2004,53.1,12.4
Sri Lanka,LKA,2005,53.5,12.7
Sri Lanka,LKA,2006,54.4,13
Sri Lanka,LKA,2007,55,13.2
Sri Lanka,LKA,2008,55.7,13.6
Sri Lanka,LKA,2009,56.65,13.9
Sri Lanka,LKA,2010,57.3,14.3
Sri Lanka,LKA,2011,58.7,15
Sri Lanka,LKA,2012,59.8,15.85
Sri Lanka,LKA,2013,61.2,16.4
Sri Lanka,LKA,2014,62.8,17.4
Sri Lanka,LKA,2015,64.1,18.2
Sri Lanka,LKA,2016,65.3,19.1
Sri Lanka,LKA,2017,66.8,20.3
Sri Lanka,LKA,2018,68,21.2
Sri Lanka,LKA,2019,68.8,22.2
Sri Lanka,LKA,2020,69.9,23.3
Sri Lanka,LKA,2021,70.6,24.3
Sri Lanka,LKA,2022,71.4,25.3
Sri Lanka,LKA,2023,72.5,26.2
Sub-Saharan Africa (WB),WB_SSA,2000,21.911972,2.5959868
Sub-Saharan Africa (WB),WB_SSA,2001,22.20997,2.7057717
Sub-Saharan Africa (WB),WB_SSA,2002,22.56632,2.8415442
Sub-Saharan Africa (WB),WB_SSA,2003,22.916283,2.9804163
Sub-Saharan Africa (WB),WB_SSA,2004,23.30786,3.126791
Sub-Saharan Africa (WB),WB_SSA,2005,23.687065,3.3016865
Sub-Saharan Africa (WB),WB_SSA,2006,24.101961,3.4712374
Sub-Saharan Africa (WB),WB_SSA,2007,24.565771,3.6396832
Sub-Saharan Africa (WB),WB_SSA,2008,24.983446,3.8193276
Sub-Saharan Africa (WB),WB_SSA,2009,25.473005,4.007826
Sub-Saharan Africa (WB),WB_SSA,2010,25.975828,4.194373
Sub-Saharan Africa (WB),WB_SSA,2011,26.500505,4.409549
Sub-Saharan Africa (WB),WB_SSA,2012,27.112919,4.642089
Sub-Saharan Africa (WB),WB_SSA,2013,27.827297,4.922333
Sub-Saharan Africa (WB),WB_SSA,2014,28.718414,5.1939206
Sub-Saharan Africa (WB),WB_SSA,2015,29.827652,5.4864464
Sub-Saharan Africa (WB),WB_SSA,2016,31.134478,5.8253655
Sub-Saharan Africa (WB),WB_SSA,2017,32.759373,6.163874
Sub-Saharan Africa (WB),WB_SSA,2018,34.69578,6.561561
Sub-Saharan Africa (WB),WB_SSA,2019,36.769474,7.0074368
Sub-Saharan Africa (WB),WB_SSA,2020,38.786125,7.47451
Sub-Saharan Africa (WB),WB_SSA,2021,40.642635,7.9126124
Sub-Saharan Africa (WB),WB_SSA,2022,42.10315,8.390574
Sub-Saharan Africa (WB),WB_SSA,2023,43.187096,8.821686
Sudan,SDN,2000,17.45,5.3
Sudan,SDN,2001,20.6,6.2
Sudan,SDN,2002,23.65,7.3
Sudan,SDN,2003,27.4,8.5
Sudan,SDN,2004,31.2,10
Sudan,SDN,2005,35.4,11.7
Sudan,SDN,2006,39.1,13.6
Sudan,SDN,2007,43.5,15.5
Sudan,SDN,2008,47.6,17.6
Sudan,SDN,2009,51.25,20.3
Sudan,SDN,2010,54.55,22.9
Sudan,SDN,2011,57.8,25.8
Sudan,SDN,2012,60.5,28.7
Sudan,SDN,2013,63.2,32
Sudan,SDN,2014,65.7,35.1
Sudan,SDN,2015,67.9,38.2
Sudan,SDN,2016,70,41.7
Sudan,SDN,2017,72,44.8
Sudan,SDN,2018,73.8,48
Sudan,SDN,2019,75.9,51.6
Sudan,SDN,2020,77.4,54.7
Sudan,SDN,2021,79.1,57.8
Sudan,SDN,2022,80.3,60.7
Sudan,SDN,2023,81.6,63.8
Suriname,SUR,2000,86.3,55.2
Suriname,SUR,2001,87.5,57.5
Suriname,SUR,2002,88.5,59.3
Suriname,SUR,2003,89.5,61.6
Suriname,SUR,2004,90.1,64
Suriname,SUR,2005,91,66.1
Suriname,SUR,2006,91.8,67.9
Suriname,SUR,2007,92.5,70.1
Suriname,SUR,2008,93.2,71.9
Suriname,SUR,2009,93.7,73.8
Suriname,SUR,2010,94.25,75.8
Suriname,SUR,2011,94.7,77.7
Suriname,SUR,2012,95,79.3
Suriname,SUR,2013,95.5,81.3
Suriname,SUR,2014,95.9,82.8
Suriname,SUR,2015,96.2,84.4
Suriname,SUR,2016,96.55,85.8
Suriname,SUR,2017,96.8,87.3
Suriname,SUR,2018,97,88.4
Suriname,SUR,2019,97.4,89.5
Suriname,SUR,2020,97.5,90.5
Suriname,SUR,2021,97.6,91.5
Suriname,SUR,2022,97.8,92.3
Suriname,SUR,2023,98,92.9
Sweden,SWE,2000,100,100
Sweden,SWE,2001,100,100
Sweden,SWE,2002,100,100
Sweden,SWE,2003,100,100
Sweden,SWE,2004,100,100
Sweden,SWE,2005,100,100
Sweden,SWE,2006,100,100
Sweden,SWE,2007,100,100
Sweden,SWE,2008,100,100
Sweden,SWE,2009,100,100
Sweden,SWE,2010,100,100
Sweden,SWE,2011,100,100
Sweden,SWE,2012,100,100
Sweden,SWE,2013,100,100
Sweden,SWE,2014,100,100
Sweden,SWE,2015,100,100
Sweden,SWE,2016,100,100
Sweden,SWE,2017,100,100
Sweden,SWE,2018,100,100
Sweden,SWE,2019,100,100
Sweden,SWE,2020,100,100
Sweden,SWE,2021,100,100
Sweden,SWE,2022,100,100
Sweden,SWE,2023,100,100
Switzerland,CHE,2000,100,100
Switzerland,CHE,2001,100,100
Switzerland,CHE,2002,100,100
Switzerland,CHE,2003,100,100
Switzerland,CHE,2004,100,100
Switzerland,CHE,2005,100,100
Switzerland,CHE,2006,100,100
Switzerland,CHE,2007,100,100
Switzerland,CHE,2008,100,100
Switzerland,CHE,2009,100,100
Switzerland,CHE,2010,100,100
Switzerland,CHE,2011,100,100
Switzerland,CHE,2012,100,100
Switzerland,CHE,2013,100,100
Switzerland,CHE,2014,100,100
Switzerland,CHE,2015,100,100
Switzerland,CHE,2016,100,100
Switzerland,CHE,2017,100,100
Switzerland,CHE,2018,100,100
Switzerland,CHE,2019,100,100
Switzerland,CHE,2020,100,100
Switzerland,CHE,2021,100,100
Switzerland,CHE,2022,100,100
Switzerland,CHE,2023,100,100
Syria,SYR,2000,99.8,97.5
Syria,SYR,2001,99.8,97.6
Syria,SYR,2002,99.9,97.8
Syria,SYR,2003,99.9,97.9
Syria,SYR,2004,99.9,98.1
Syria,SYR,2005,99.9,98
Syria,SYR,2006,99.9,97.9
Syria,SYR,2007,99.9,97.8
Syria,SYR,2008,99.8,97.7
Syria,SYR,2009,99.8,97.4
Syria,SYR,2010,99.8,97.2
Syria,SYR,2011,99.7,96.85
Syria,SYR,2012,99.7,96.5
Syria,SYR,2013,99.7,96.1
Syria,SYR,2014,99.6,95.8
Syria,SYR,2015,99.5,95.3
Syria,SYR,2016,99.4,94.8
Syria,SYR,2017,99.3,94.1
Syria,SYR,2018,99.2,93.5
Syria,SYR,2019,99.1,92.8
Syria,SYR,2020,98.9,91.9
Syria,SYR,2021,98.9,91.2
Syria,SYR,2022,98.7,90.1
Syria,SYR,2023,98.6,89
Tajikistan,TJK,2000,78.7,20.6
Tajikistan,TJK,2001,81.5,24.4
Tajikistan,TJK,2002,84.1,28.65
Tajikistan,TJK,2003,86.2,32.8
Tajikistan,TJK,2004,88.2,37.1
Tajikistan,TJK,2005,89.8,40.95
Tajikistan,TJK,2006,91.2,45.1
Tajikistan,TJK,2007,92.5,48.8
Tajikistan,TJK,2008,93.2,52.2
Tajikistan,TJK,2009,94.2,55.8
Tajikistan,TJK,2010,95,58.9
Tajikistan,TJK,2011,95.5,61.7
Tajikistan,TJK,2012,96.1,64.2
Tajikistan,TJK,2013,96.5,66.9
Tajikistan,TJK,2014,96.8,68.8
Tajikistan,TJK,2015,97.2,70.9
Tajikistan,TJK,2016,97.5,73.2
Tajikistan,TJK,2017,97.8,74.7
Tajikistan,TJK,2018,98,76.5
Tajikistan,TJK,2019,98.3,78.3
Tajikistan,TJK,2020,98.4,79.8
Tajikistan,TJK,2021,98.55,81.05
Tajikistan,TJK,2022,98.6,82.6
Tajikistan,TJK,2023,98.7,83.8
Tanzania,TZA,2000,1.4,0.2
Tanzania,TZA,2001,1.5,0.2
Tanzania,TZA,2002,1.6,0.2
Tanzania,TZA,2003,1.8,0.3
Tanzania,TZA,2004,1.9,0.3
Tanzania,TZA,2005,2.1,0.3
Tanzania,TZA,2006,2.2,0.3
Tanzania,TZA,2007,2.4,0.3
Tanzania,TZA,2008,2.7,0.4
Tanzania,TZA,2009,3.2,0.4
Tanzania,TZA,2010,3.6,0.4
Tanzania,TZA,2011,4.2,0.5
Tanzania,TZA,2012,5.1,0.6
Tanzania,TZA,2013,6,0.6
Tanzania,TZA,2014,7.3,0.8
Tanzania,TZA,2015,8.6,0.9
Tanzania,TZA,2016,10.1,1
Tanzania,TZA,2017,11.7,1.2
Tanzania,TZA,2018,13.4,1.3
Tanzania,TZA,2019,15.1,1.5
Tanzania,TZA,2020,17.1,1.7
Tanzania,TZA,2021,19.1,1.9
Tanzania,TZA,2022,21.2,2.2
Tanzania,TZA,2023,23.3,2.5
Thailand,THA,2000,86.2,47.5
Thailand,THA,2001,86.7,48.9
Thailand,THA,2002,86.8,50.9
Thailand,THA,2003,87.1,52
Thailand,THA,2004,87.2,54
Thailand,THA,2005,87.3,55.25
Thailand,THA,2006,87.5,56.8
Thailand,THA,2007,87.5,58.1
Thailand,THA,2008,87.4,59.6
Thailand,THA,2009,87.4,61.2
Thailand,THA,2010,87.6,62.5
Thailand,THA,2011,87.7,64
Thailand,THA,2012,88,65.4
Thailand,THA,2013,88.2,67.1
Thailand,THA,2014,88.4,69
Thailand,THA,2015,88.8,70.5
Thailand,THA,2016,89.1,72
Thailand,THA,2017,89.4,73.5
Thailand,THA,2018,90,74.6
Thailand,THA,2019,90.4,76.1
Thailand,THA,2020,90.9,77.4
Thailand,THA,2021,91.3,78.9
Thailand,THA,2022,91.6,80.1
Thailand,THA,2023,91.9,81.1
Togo,TGO,2000,0.6,0
Togo,TGO,2001,0.8,0
Togo,TGO,2002,1.2,0.1
Togo,TGO,2003,1.6,0.1
Togo,TGO,2004,2.2,0.1
Togo,TGO,2005,2.8,0.2
Togo,TGO,2006,3.6,0.2
Togo,TGO,2007,4.5,0.3
Togo,TGO,2008,5.4,0.4
Togo,TGO,2009,6.5,0.4
Togo,TGO,2010,7.8,0.5
Togo,TGO,2011,9,0.6
Togo,TGO,2012,10.3,0.7
Togo,TGO,2013,11.7,0.7
Togo,TGO,2014,13.1,0.7
Togo,TGO,2015,14.6,0.8
Togo,TGO,2016,16.1,0.9
Togo,TGO,2017,17.4,1
Togo,TGO,2018,19,1
Togo,TGO,2019,20.6,1
Togo,TGO,2020,21.9,1.1
Togo,TGO,2021,23.5,1.1
Togo,TGO,2022,24.9,1.2
Togo,TGO,2023,26.4,1.1
Tonga,TON,2000,76.1,21.6
Tonga,TON,2001,77.9,24.6
Tonga,TON,2002,79.7,27.5
Tonga,TON,2003,81.4,30.3
Tonga,TON,2004,82.5,33.1
Tonga,TON,2005,84.1,36.1
Tonga,TON,2006,85.1,38.9
Tonga,TON,2007,86.3,41.5
Tonga,TON,2008,87,44.5
Tonga,TON,2009,88.1,47.2
Tonga,TON,2010,88.8,50.7
Tonga,TON,2011,89.7,53.6
Tonga,TON,2012,90.3,56.8
Tonga,TON,2013,91.1,60.2
Tonga,TON,2014,91.5,63.7
Tonga,TON,2015,92.2,67.2
Tonga,TON,2016,92.9,70.8
Tonga,TON,2017,93.2,73.8
Tonga,TON,2018,93.8,76.9
Tonga,TON,2019,94.1,79.8
Tonga,TON,2020,94.6,82.2
Tonga,TON,2021,94.8,84.55
Tonga,TON,2022,95.2,86.7
Tonga,TON,2023,95.6,88.7
Trinidad and Tobago,TTO,2000,100,100
Trinidad and Tobago,TTO,2001,100,100
Trinidad and Tobago,TTO,2002,100,100
Trinidad and Tobago,TTO,2003,100,100
Trinidad and Tobago,TTO,2004,100,100
Trinidad and Tobago,TTO,2005,100,100
Trinidad and Tobago,TTO,2006,100,100
Trinidad and Tobago,TTO,2007,100,100
Trinidad and Tobago,TTO,2008,100,100
Trinidad and Tobago,TTO,2009,100,100
Trinidad and Tobago,TTO,2010,100,100
Trinidad and Tobago,TTO,2011,100,100
Trinidad and Tobago,TTO,2012,100,100
Trinidad and Tobago,TTO,2013,100,100
Trinidad and Tobago,TTO,2014,100,100
Trinidad and Tobago,TTO,2015,100,100
Trinidad and Tobago,TTO,2016,100,100
Trinidad and Tobago,TTO,2017,100,100
Trinidad and Tobago,TTO,2018,100,100
Trinidad and Tobago,TTO,2019,100,100
Trinidad and Tobago,TTO,2020,100,100
Trinidad and Tobago,TTO,2021,100,100
Trinidad and Tobago,TTO,2022,100,100
Trinidad and Tobago,TTO,2023,100,100
Tunisia,TUN,2000,94.1,87.9
Tunisia,TUN,2001,95.5,90.2
Tunisia,TUN,2002,96.6,92.2
Tunisia,TUN,2003,97.4,93.7
Tunisia,TUN,2004,98,95
Tunisia,TUN,2005,98.6,96
Tunisia,TUN,2006,99,96.9
Tunisia,TUN,2007,99.3,97.5
Tunisia,TUN,2008,99.5,98
Tunisia,TUN,2009,99.7,98.4
Tunisia,TUN,2010,99.8,98.8
Tunisia,TUN,2011,99.8,99
Tunisia,TUN,2012,99.9,99.2
Tunisia,TUN,2013,99.9,99.3
Tunisia,TUN,2014,99.9,99.4
Tunisia,TUN,2015,99.9,99.5
Tunisia,TUN,2016,99.9,99.6
Tunisia,TUN,2017,99.9,99.7
Tunisia,TUN,2018,99.9,99.7
Tunisia,TUN,2019,99.9,99.7
Tunisia,TUN,2020,99.9,99.8
Tunisia,TUN,2021,99.9,99.8
Tunisia,TUN,2022,99.9,99.8
Tunisia,TUN,2023,99.9,99.8
Turkey,TUR,2000,97.7,78.5
Turkey,TUR,2001,98,79.3
Turkey,TUR,2002,98.3,80
Turkey,TUR,2003,98.5,80.7
Turkey,TUR,2004,98.6,81
Turkey,TUR,2005,98.8,81.5
Turkey,TUR,2006,99,82
Turkey,TUR,2007,99.1,82.3
Turkey,TUR,2008,99.2,82.6
Turkey,TUR,2009,99.3,82.9
Turkey,TUR,2010,99.4,83.1
Turkey,TUR,2011,99.4,83.5
Turkey,TUR,2012,99.5,83.6
Turkey,TUR,2013,99.5,83.7
Turkey,TUR,2014,99.5,83.6
Turkey,TUR,2015,99.5,83.75
Turkey,TUR,2016,99.6,83.8
Turkey,TUR,2017,99.5,83.8
Turkey,TUR,2018,99.6,83.8
Turkey,TUR,2019,99.6,83.9
Turkey,TUR,2020,99.6,83.9
Turkey,TUR,2021,99.6,84.1
Turkey,TUR,2022,99.5,84.15
Turkey,TUR,2023,99.5,84.2
Turkmenistan,TKM,2000,99.9,98.7
Turkmenistan,TKM,2001,100,98.9
Turkmenistan,TKM,2002,100,99.1
Turkmenistan,TKM,2003,100,99.2
Turkmenistan,TKM,2004,100,99.4
Turkmenistan,TKM,2005,100,99.4
Turkmenistan,TKM,2006,100,99.6
Turkmenistan,TKM,2007,100,99.6
Turkmenistan,TKM,2008,100,99.7
Turkmenistan,TKM,2009,100,99.7
Turkmenistan,TKM,2010,100,99.8
Turkmenistan,TKM,2011,100,99.8
Turkmenistan,TKM,2012,100,99.8
Turkmenistan,TKM,2013,100,99.8
Turkmenistan,TKM,2014,100,99.8
Turkmenistan,TKM,2015,100,99.9
Turkmenistan,TKM,2016,100,99.9
Turkmenistan,TKM,2017,100,99.9
Turkmenistan,TKM,2018,99.9,99.9
Turkmenistan,TKM,2019,99.9,99.9
Turkmenistan,TKM,2020,99.9,99.9
Turkmenistan,TKM,2021,99.9,99.9
Turkmenistan,TKM,2022,99.9,99.9
Turkmenistan,TKM,2023,99.9,99.9
Tuvalu,TUV,2000,3.6,6.6
Tuvalu,TUV,2001,5.2,7.8
Tuvalu,TUV,2002,7.5,9.1
Tuvalu,TUV,2003,10.65,10.5
Tuvalu,TUV,2004,14.9,12.3
Tuvalu,TUV,2005,20.2,14.25
Tuvalu,TUV,2006,26.7,16.2
Tuvalu,TUV,2007,34.3,18.15
Tuvalu,TUV,2008,43,20.5
Tuvalu,TUV,2009,52.1,22.8
Tuvalu,TUV,2010,60.9,25.2
Tuvalu,TUV,2011,69,27.4
Tuvalu,TUV,2012,76,29.7
Tuvalu,TUV,2013,81.55,31.8
Tuvalu,TUV,2014,85.9,34
Tuvalu,TUV,2015,89.1,35.9
Tuvalu,TUV,2016,91.5,37.4
Tuvalu,TUV,2017,93.3,38.9
Tuvalu,TUV,2018,94.5,39.7
Tuvalu,TUV,2019,95.4,40.7
Tuvalu,TUV,2020,96,42.1
Tuvalu,TUV,2021,96.7,42.8
Tuvalu,TUV,2022,97.1,42.8
Tuvalu,TUV,2023,97.2,43.7
Uganda,UGA,2000,3.9,0.3
Uganda,UGA,2001,3.5,0.3
Uganda,UGA,2002,3.3,0.3
Uganda,UGA,2003,3.1,0.3
Uganda,UGA,2004,2.9,0.3
Uganda,UGA,2005,2.8,0.35
Uganda,UGA,2006,2.7,0.4
Uganda,UGA,2007,2.7,0.4
Uganda,UGA,2008,2.6,0.4
Uganda,UGA,2009,2.6,0.4
Uganda,UGA,2010,2.6,0.4
Uganda,UGA,2011,2.6,0.4
Uganda,UGA,2012,2.6,0.4
Uganda,UGA,2013,2.6,0.4
Uganda,UGA,2014,2.7,0.4
Uganda,UGA,2015,2.7,0.5
Uganda,UGA,2016,2.7,0.5
Uganda,UGA,2017,2.8,0.5
Uganda,UGA,2018,2.9,0.5
Uganda,UGA,2019,3,0.6
Uganda,UGA,2020,3.1,0.7
Uganda,UGA,2021,3.3,0.7
Uganda,UGA,2022,3.5,0.8
Uganda,UGA,2023,3.7,0.8
Ukraine,UKR,2000,94.9,84.6
Ukraine,UKR,2001,95.3,84.7
Ukraine,UKR,2002,95.9,85.3
Ukraine,UKR,2003,96.2,85.7
Ukraine,UKR,2004,96.5,85.8
Ukraine,UKR,2005,96.8,86.1
Ukraine,UKR,2006,97.2,86.6
Ukraine,UKR,2007,97.4,86.9
Ukraine,UKR,2008,97.7,86.95
Ukraine,UKR,2009,97.9,87.2
Ukraine,UKR,2010,98,87.4
Ukraine,UKR,2011,98.3,87.8
Ukraine,UKR,2012,98.3,87.7
Ukraine,UKR,2013,98.5,87.9
Ukraine,UKR,2014,98.6,87.9
Ukraine,UKR,2015,98.7,87.9
Ukraine,UKR,2016,98.8,88
Ukraine,UKR,2017,98.8,88.1
Ukraine,UKR,2018,98.9,87.9
Ukraine,UKR,2019,99,88
Ukraine,UKR,2020,99.1,87.8
Ukraine,UKR,2021,99.1,87.9
Ukraine,UKR,2022,99.1,88
Ukraine,UKR,2023,99.1,87.6
United Arab Emirates,ARE,2000,100,100
United Arab Emirates,ARE,2001,100,100
United Arab Emirates,ARE,2002,100,100
United Arab Emirates,ARE,2003,100,100
United Arab Emirates,ARE,2004,100,100
United Arab Emirates,ARE,2005,100,100
United Arab Emirates,ARE,2006,100,100
United Arab Emirates,ARE,2007,100,100
United Arab Emirates,ARE,2008,100,100
United Arab Emirates,ARE,2009,100,100
United Arab Emirates,ARE,2010,100,100
United Arab Emirates,ARE,2011,100,100
United Arab Emirates,ARE,2012,100,100
United Arab Emirates,ARE,2013,100,100
United Arab Emirates,ARE,2014,100,100
United Arab Emirates,ARE,2015,100,100
United Arab Emirates,ARE,2016,100,100
United Arab Emirates,ARE,2017,100,100
United Arab Emirates,ARE,2018,100,100
United Arab Emirates,ARE,2019,100,100
United Arab Emirates,ARE,2020,100,100
United Arab Emirates,ARE,2021,100,100
United Arab Emirates,ARE,2022,100,100
United Arab Emirates,ARE,2023,100,100
United Kingdom,GBR,2000,100,100
United Kingdom,GBR,2001,100,100
United Kingdom,GBR,2002,100,100
United Kingdom,GBR,2003,100,100
United Kingdom,GBR,2004,100,100
United Kingdom,GBR,2005,100,100
United Kingdom,GBR,2006,100,100
United Kingdom,GBR,2007,100,100
United Kingdom,GBR,2008,100,100
United Kingdom,GBR,2009,100,100
United Kingdom,GBR,2010,100,100
United Kingdom,GBR,2011,100,100
United Kingdom,GBR,2012,100,100
United Kingdom,GBR,2013,100,100
United Kingdom,GBR,2014,100,100
United Kingdom,GBR,2015,100,100
United Kingdom,GBR,2016,100,100
United Kingdom,GBR,2017,100,100
United Kingdom,GBR,2018,100,100
United Kingdom,GBR,2019,100,100
United Kingdom,GBR,2020,100,100
United Kingdom,GBR,2021,100,100
United Kingdom,GBR,2022,100,100
United Kingdom,GBR,2023,100,100
United States,USA,2000,100,100
United States,USA,2001,100,100
United States,USA,2002,100,100
United States,USA,2003,100,100
United States,USA,2004,100,100
United States,USA,2005,100,100
United States,USA,2006,100,100
United States,USA,2007,100,100
United States,USA,2008,100,100
United States,USA,2009,100,100
United States,USA,2010,100,100
United States,USA,2011,100,100
United States,USA,2012,100,100
United States,USA,2013,100,100
United States,USA,2014,100,100
United States,USA,2015,100,100
United States,USA,2016,100,100
United States,USA,2017,100,100
United States,USA,2018,100,100
United States,USA,2019,100,100
United States,USA,2020,100,100
United States,USA,2021,100,100
United States,USA,2022,100,100
United States,USA,2023,100,100
Upper-middle-income countries,OWID_UMC,2000,76.562126,27.53044
Upper-middle-income countries,OWID_UMC,2001,77.21151,28.156746
Upper-middle-income countries,OWID_UMC,2002,77.92617,29.108421
Upper-middle-income countries,OWID_UMC,2003,78.7875,29.959179
Upper-middle-income countries,OWID_UMC,2004,79.598564,31.11938
Upper-middle-income countries,OWID_UMC,2005,80.64242,32.312473
Upper-middle-income countries,OWID_UMC,2006,81.576385,33.663494
Upper-middle-income countries,OWID_UMC,2007,82.66774,35.125233
Upper-middle-income countries,OWID_UMC,2008,83.872955,37.100945
Upper-middle-income countries,OWID_UMC,2009,84.90054,39.109806
Upper-middle-income countries,OWID_UMC,2010,86.298195,41.522396
Upper-middle-income countries,OWID_UMC,2011,87.258514,44.286034
Upper-middle-income countries,OWID_UMC,2012,88.334724,47.030777
Upper-middle-income countries,OWID_UMC,2013,89.56923,50.1053
Upper-middle-income countries,OWID_UMC,2014,90.50557,53.39778
Upper-middle-income countries,OWID_UMC,2015,91.38303,56.66454
Upper-middle-income countries,OWID_UMC,2016,92.104935,60.122448
Upper-middle-income countries,OWID_UMC,2017,92.98269,63.28589
Upper-middle-income countries,OWID_UMC,2018,93.5601,66.201355
Upper-middle-income countries,OWID_UMC,2019,94.16042,69.253456
Upper-middle-income countries,OWID_UMC,2020,94.760956,71.77955
Upper-middle-income countries,OWID_UMC,2021,95.212425,74.421
Upper-middle-income countries,OWID_UMC,2022,95.56855,76.66906
Upper-middle-income countries,OWID_UMC,2023,95.862404,78.62716
Uruguay,URY,2000,100,100
Uruguay,URY,2001,100,100
Uruguay,URY,2002,100,100
Uruguay,URY,2003,100,100
Uruguay,URY,2004,100,100
Uruguay,URY,2005,100,100
Uruguay,URY,2006,100,100
Uruguay,URY,2007,100,100
Uruguay,URY,2008,100,100
Uruguay,URY,2009,100,100
Uruguay,URY,2010,100,100
Uruguay,URY,2011,100,100
Uruguay,URY,2012,100,100
Uruguay,URY,2013,100,100
Uruguay,URY,2014,100,100
Uruguay,URY,2015,100,100
Uruguay,URY,2016,100,100
Uruguay,URY,2017,100,100
Uruguay,URY,2018,100,100
Uruguay,URY,2019,100,100
Uruguay,URY,2020,100,100
Uruguay,URY,2021,100,100
Uruguay,URY,2022,100,100
Uruguay,URY,2023,100,100
Uzbekistan,UZB,2000,98.3,71.5
Uzbekistan,UZB,2001,98.4,71.6
Uzbekistan,UZB,2002,98.5,72.3
Uzbekistan,UZB,2003,98.6,72.3
Uzbekistan,UZB,2004,98.7,73
Uzbekistan,UZB,2005,98.7,73.1
Uzbekistan,UZB,2006,98.8,73.3
Uzbekistan,UZB,2007,98.7,73.4
Uzbekistan,UZB,2008,98.8,73.3
Uzbekistan,UZB,2009,98.7,73.8
Uzbekistan,UZB,2010,98.7,73.5
Uzbekistan,UZB,2011,98.7,73.9
Uzbekistan,UZB,2012,98.6,73.4
Uzbekistan,UZB,2013,98.5,73.75
Uzbekistan,UZB,2014,98.4,73.6
Uzbekistan,UZB,2015,98.3,73.6
Uzbekistan,UZB,2016,98.2,73.1
Uzbekistan,UZB,2017,98,73.4
Uzbekistan,UZB,2018,98,73.1
Uzbekistan,UZB,2019,97.7,72.4
Uzbekistan,UZB,2020,97.6,71.8
Uzbekistan,UZB,2021,97.4,71.5
Uzbekistan,UZB,2022,97.2,71.55
Uzbekistan,UZB,2023,96.8,70.9
Vanuatu,VUT,2000,51.4,2.5
Vanuatu,VUT,2001,51.5,2.7
Vanuatu,VUT,2002,50.8,2.8
Vanuatu,VUT,2003,49.9,2.9
Vanuatu,VUT,2004,49,3.1
Vanuatu,VUT,2005,47.3,3.2
Vanuatu,VUT,2006,45.7,3.3
Vanuatu,VUT,2007,44.5,3.4
Vanuatu,VUT,2008,43.1,3.5
Vanuatu,VUT,2009,41.6,3.5
Vanuatu,VUT,2010,40.3,3.7
Vanuatu,VUT,2011,39.8,3.8
Vanuatu,VUT,2012,39.35,4
Vanuatu,VUT,2013,39.4,4.25
Vanuatu,VUT,2014,39.5,4.4
Vanuatu,VUT,2015,39.6,4.8
Vanuatu,VUT,2016,40.1,5
Vanuatu,VUT,2017,41.3,5.4
Vanuatu,VUT,2018,42.5,5.8
Vanuatu,VUT,2019,44,6.3
Vanuatu,VUT,2020,46,6.85
Vanuatu,VUT,2021,48,7.6
Vanuatu,VUT,2022,49.6,8.2
Vanuatu,VUT,2023,52.3,9
Venezuela,VEN,2000,99.5,78.1
Venezuela,VEN,2001,99.5,77.35
Venezuela,VEN,2002,99.5,77.5
Venezuela,VEN,2003,99.5,77.2
Venezuela,VEN,2004,99.4,77.4
Venezuela,VEN,2005,99.4,77.2
Venezuela,VEN,2006,99.3,78.1
Venezuela,VEN,2007,99.3,78.1
Venezuela,VEN,2008,99.2,78.7
Venezuela,VEN,2009,99.1,79
Venezuela,VEN,2010,99,79.7
Venezuela,VEN,2011,99,80
Venezuela,VEN,2012,98.8,80.5
Venezuela,VEN,2013,98.7,80.9
Venezuela,VEN,2014,98.5,81.2
Venezuela,VEN,2015,98.4,81.9
Venezuela,VEN,2016,98.2,82.2
Venezuela,VEN,2017,98,82.5
Venezuela,VEN,2018,97.7,82.7
Venezuela,VEN,2019,97.5,83.1
Venezuela,VEN,2020,97.3,83.4
Venezuela,VEN,2021,97,83.2
Venezuela,VEN,2022,96.7,83.45
Venezuela,VEN,2023,96.5,83.8
Vietnam,VNM,2000,39.3,4.4
Vietnam,VNM,2001,44.65,5.7
Vietnam,VNM,2002,50.4,7.6
Vietnam,VNM,2003,55.7,9.7
Vietnam,VNM,2004,60.6,12.2
Vietnam,VNM,2005,65.2,15.1
Vietnam,VNM,2006,69.3,18.2
Vietnam,VNM,2007,73.1,21.8
Vietnam,VNM,2008,76.6,26.1
Vietnam,VNM,2009,79.5,31.15
Vietnam,VNM,2010,83,37
Vietnam,VNM,2011,85.6,43.9
Vietnam,VNM,2012,88.1,50.9
Vietnam,VNM,2013,90.3,58.05
Vietnam,VNM,2014,92,66.1
Vietnam,VNM,2015,93.7,73.3
Vietnam,VNM,2016,95.2,79.3
Vietnam,VNM,2017,96.2,84.9
Vietnam,VNM,2018,97.2,89.3
Vietnam,VNM,2019,97.9,92.5
Vietnam,VNM,2020,98.5,95
Vietnam,VNM,2021,98.9,96.8
Vietnam,VNM,2022,99.1,97.9
Vietnam,VNM,2023,99.4,98.7
World,OWID_WRL,2000,75.677444,23.781698
World,OWID_WRL,2001,76.12219,24.145403
World,OWID_WRL,2002,76.57582,24.635265
World,OWID_WRL,2003,77.103355,25.028868
World,OWID_WRL,2004,77.57838,25.576319
World,OWID_WRL,2005,78.15095,26.077456
World,OWID_WRL,2006,78.68802,26.700052
World,OWID_WRL,2007,79.3049,27.34942
World,OWID_WRL,2008,79.955,28.250744
World,OWID_WRL,2009,80.58178,29.183207
World,OWID_WRL,2010,81.35914,30.421724
World,OWID_WRL,2011,82.034,31.7578
World,OWID_WRL,2012,82.76935,33.23929
World,OWID_WRL,2013,83.57677,34.948944
World,OWID_WRL,2014,84.29252,36.800434
World,OWID_WRL,2015,84.99218,38.828705
World,OWID_WRL,2016,85.61961,40.983147
World,OWID_WRL,2017,86.31556,43.157326
World,OWID_WRL,2018,86.887856,45.301964
World,OWID_WRL,2019,87.45827,47.531754
World,OWID_WRL,2020,88.008644,49.66664
World,OWID_WRL,2021,88.43,51.786186
World,OWID_WRL,2022,88.76597,53.766285
World,OWID_WRL,2023,89.00973,55.7462
Yemen,YEM,2000,92.1,40.9
Yemen,YEM,2001,92.5,41.7
Yemen,YEM,2002,92.8,42.5
Yemen,YEM,2003,93.1,43
Yemen,YEM,2004,93.3,43.5
Yemen,YEM,2005,93.5,43.8
Yemen,YEM,2006,93.7,44.25
Yemen,YEM,2007,93.9,44.3
Yemen,YEM,2008,93.9,44.7
Yemen,YEM,2009,94,44.1
Yemen,YEM,2010,93.9,43.9
Yemen,YEM,2011,93.8,43.7
Yemen,YEM,2012,93.8,43
Yemen,YEM,2013,93.4,41.9
Yemen,YEM,2014,93.2,40.9
Yemen,YEM,2015,93.1,39.5
Yemen,YEM,2016,92.5,37.8
Yemen,YEM,2017,92,36.4
Yemen,YEM,2018,91.4,34.6
Yemen,YEM,2019,90.6,32.7
Yemen,YEM,2020,89.9,30.8
Yemen,YEM,2021,88.8,29
Yemen,YEM,2022,87.8,27
Yemen,YEM,2023,86.5,24.9
Zambia,ZMB,2000,38.2,1.4
Zambia,ZMB,2001,38.6,1.5
Zambia,ZMB,2002,39.1,1.6
Zambia,ZMB,2003,39.5,1.7
Zambia,ZMB,2004,39.8,1.9
Zambia,ZMB,2005,39.8,1.9
Zambia,ZMB,2006,39.9,2
Zambia,ZMB,2007,39.6,2.1
Zambia,ZMB,2008,39.3,2.2
Zambia,ZMB,2009,38.7,2.2
Zambia,ZMB,2010,37.9,2.3
Zambia,ZMB,2011,36.6,2.3
Zambia,ZMB,2012,35.5,2.3
Zambia,ZMB,2013,33.9,2.3
Zambia,ZMB,2014,32.1,2.3
Zambia,ZMB,2015,30.3,2.3
Zambia,ZMB,2016,28.5,2.3
Zambia,ZMB,2017,26.6,2.3
Zambia,ZMB,2018,24.9,2.3
Zambia,ZMB,2019,23,2.3
Zambia,ZMB,2020,21.3,2.3
Zambia,ZMB,2021,19.9,2.3
Zambia,ZMB,2022,18.3,2.4
Zambia,ZMB,2023,16.8,2.3
Zimbabwe,ZWE,2000,88,5.2
Zimbabwe,ZWE,2001,87.2,5
Zimbabwe,ZWE,2002,86.5,4.8
Zimbabwe,ZWE,2003,85.7,4.6
Zimbabwe,ZWE,2004,85,4.5
Zimbabwe,ZWE,2005,84.3,4.5
Zimbabwe,ZWE,2006,83.6,4.5
Zimbabwe,ZWE,2007,83.1,4.5
Zimbabwe,ZWE,2008,82.6,4.5
Zimbabwe,ZWE,2009,81.9,4.6
Zimbabwe,ZWE,2010,81.7,4.8
Zimbabwe,ZWE,2011,81,4.8
Zimbabwe,ZWE,2012,80.7,5.1
Zimbabwe,ZWE,2013,80.1,5.3
Zimbabwe,ZWE,2014,79.95,5.4
Zimbabwe,ZWE,2015,79.4,5.7
Zimbabwe,ZWE,2016,79.1,5.9
Zimbabwe,ZWE,2017,78.9,6.1
Zimbabwe,ZWE,2018,78.6,6.4
Zimbabwe,ZWE,2019,78.4,6.5
Zimbabwe,ZWE,2020,78.1,6.8
Zimbabwe,ZWE,2021,77.8,7.1
Zimbabwe,ZWE,2022,77.6,7.2
Zimbabwe,ZWE,2023,77,7.5