Entity,Code,Year,99%,90%,80%,70%,60%,50%,40%,30%,20%,10%,Top 1%
Australia,AUS,1921,0.17,27.28,47.73,58.39,64.84,69.66,73.7,77.29,80.95,85.67,95.93
Australia,AUS,1922,0.22,32.01,50.74,60.16,65.99,70.43,74.35,77.75,81.46,85.77,95.12
Australia,AUS,1923,0.19,30.16,49.73,59.35,65.25,69.88,73.78,77.16,80.54,84.98,93.71
Australia,AUS,1924,0.2,31.49,50.61,60.03,65.83,70.45,74.2,77.63,81.35,85.61,94.34
Australia,AUS,1925,0.21,33.28,51.64,60.62,66.33,70.76,74.54,77.93,81.53,85.76,95.18
Australia,AUS,1926,0.22,32.61,51.08,60.32,66.08,70.64,74.34,77.61,81.16,85.52,94.53
Australia,AUS,1927,0.21,32.5,51.35,60.27,66.1,70.58,74.39,77.73,81.37,85.62,94.64
Australia,AUS,1928,0.21,32.16,51.1,60.29,66.17,70.66,74.39,77.78,81.49,85.82,94.62
Australia,AUS,1929,0.23,33,51.7,60.6,66.24,70.6,74.29,77.62,81.14,85.42,93.75
Australia,AUS,1930,0.25,35.99,54.13,62.57,67.96,72.23,75.6,78.88,82.67,86.95,95.85
Australia,AUS,1931,0.3,37.93,54.72,62.82,67.92,72.05,75.34,78.58,82.2,86.34,95.33
Australia,AUS,1932,0.31,38.74,55.06,62.93,68,72.14,75.57,78.79,82.44,86.49,95.27
Australia,AUS,1933,0.31,39.07,55.02,62.71,67.85,71.91,75.27,78.48,82.08,86.22,94.74
Australia,AUS,1934,0.28,37.59,54.38,62.34,67.52,71.68,75.05,78.31,81.82,85.91,94.76
Australia,AUS,1935,0.31,38.56,54.62,62.4,67.45,71.5,74.9,78.24,81.75,85.87,94.67
Australia,AUS,1936,0.29,38.29,54.68,62.57,67.64,71.77,75.2,78.48,82.15,86.35,95.44
Australia,AUS,1937,0.33,39.93,55.58,62.93,67.91,72.12,75.44,78.62,82.24,86.26,95.03
Australia,AUS,1938,0.33,40.2,55.69,63.07,68.01,72.13,75.36,78.55,82.08,86.1,94.83
Australia,AUS,1939,0.33,41.05,55.98,63.15,67.99,71.96,75.26,78.36,81.8,85.8,93.76
Australia,AUS,1940,0.32,42.29,56.4,63.35,68.17,72.23,75.53,78.69,82.26,86.37,94.96
Australia,AUS,1941,0.3,42.77,56.71,63.54,68.28,72.14,75.43,78.49,82.02,85.99,94.53
Australia,AUS,1942,0.32,43.25,56.59,63.24,67.78,71.7,74.94,78.07,81.54,85.49,93.91
Australia,AUS,1943,0.33,44.46,57.25,63.75,68.27,72.07,75.31,78.42,81.88,85.81,93.98
Australia,AUS,1944,0.43,47.17,58.79,64.83,69.27,72.99,76.2,79.29,82.8,86.78,95.39
Australia,AUS,1945,0.49,47.95,59.15,65.19,69.6,73.26,76.41,79.47,82.85,86.8,95.36
Australia,AUS,1946,0.47,47.31,58.59,64.73,69.18,72.84,75.96,79.07,82.46,86.37,94.56
Australia,AUS,1947,0.52,47.98,59.06,65.04,69.51,73.23,76.44,79.53,83.07,86.99,95.21
Australia,AUS,1948,0.6,48.46,59.01,64.97,69.41,73.06,76.1,79.18,82.61,86.49,94.5
Australia,AUS,1949,0.69,49.12,59.61,65.42,69.79,73.38,76.51,79.63,83.04,87.03,95.29
Australia,AUS,1950,0.69,49.18,59.66,65.44,69.79,73.39,76.41,79.46,82.88,86.7,95.04
Australia,AUS,1951,0.68,48.87,59.31,65.11,69.52,73.16,76.17,79.26,82.71,86.58,94.71
Australia,AUS,1952,0.75,49.41,59.61,65.4,69.67,73.34,76.51,79.55,82.93,86.85,95.01
Australia,AUS,1953,0.85,50.28,60.26,65.99,70.31,73.8,76.93,80,83.36,87.27,95.35
Australia,AUS,1954,0.95,50.62,60.55,66.24,70.45,73.88,76.96,79.89,83.34,87.17,95.5
Australia,AUS,1955,1.03,51.17,61.02,66.52,70.61,74.03,77.18,80.19,83.58,87.43,95.5
Australia,AUS,1956,1.24,51.34,60.96,66.46,70.56,73.92,76.91,79.9,83.16,86.87,94.95
Australia,AUS,1957,1.13,51.27,61.12,66.66,70.78,74.15,77.26,80.33,83.7,87.62,95.73
Australia,AUS,1958,2,51.94,61.46,66.98,71.18,74.58,77.71,80.84,84.15,88.09,96.29
Australia,AUS,1959,1.62,51.76,61.21,66.7,70.8,74.21,77.28,80.31,83.69,87.63,95.6
Australia,AUS,1960,2.17,52,61.4,66.89,71.06,74.5,77.64,80.73,84.05,88.03,95.96
Australia,AUS,1961,2.57,52.34,61.58,67.2,71.37,74.72,77.85,80.93,84.25,88.24,96.35
Australia,AUS,1962,2.55,52.12,61.44,66.99,71.19,74.49,77.62,80.69,84.02,87.94,95.94
Australia,AUS,1963,3.3,52.18,61.46,66.85,71.06,74.5,77.64,80.74,84.06,88.05,96.15
Australia,AUS,1964,3.25,51.81,60.97,66.45,70.62,74.08,77.18,80.24,83.59,87.53,95.74
Australia,AUS,1965,3.55,51.81,61.15,66.6,70.82,74.27,77.47,80.53,83.95,87.86,96.14
Australia,AUS,1966,3.9,52,61.16,66.36,70.66,74.11,77.2,80.26,83.61,87.63,95.59
Australia,AUS,1967,4.12,52.25,61.28,66.67,70.94,74.37,77.53,80.7,84.05,88.16,96.45
Australia,AUS,1968,4.32,52.08,61.16,66.52,70.67,74.14,77.27,80.27,83.61,87.52,95.45
Australia,AUS,1969,3.88,52.31,61.4,66.86,70.87,74.42,77.57,80.65,84.13,88.28,96.71
Australia,AUS,1970,3.87,51.97,61.12,66.48,70.5,74.06,77.13,80.22,83.65,87.75,96.14
Australia,AUS,1971,4.58,52.64,61.89,67.34,71.44,74.91,78,81.12,84.37,88.33,96.43
Australia,AUS,1972,6.06,53.01,62.1,67.51,71.65,75.07,78.2,81.34,84.57,88.61,96.76
Australia,AUS,1973,6.73,53.22,62.36,67.8,71.97,75.3,78.48,81.56,84.77,88.78,96.95
Australia,AUS,1974,7.65,53.01,62.14,67.57,71.84,75.19,78.32,81.37,84.57,88.47,96.34
Australia,AUS,1975,11.04,53.62,62.79,68.27,72.47,75.9,79.18,82.34,85.56,89.48,97.75
Australia,AUS,1976,12.36,54.02,63.03,68.43,72.54,75.89,79,82.14,85.26,89.17,97.04
Australia,AUS,1977,14.46,54.37,63.49,69,73.12,76.56,79.71,82.81,86,89.98,98.15
Australia,AUS,1978,15.22,54.87,63.78,69.21,73.37,76.79,79.9,83.02,86.2,90.2,98.43
Australia,AUS,1979,16.46,55.41,64.43,69.78,73.87,77.32,80.46,83.5,86.65,90.63,98.56
Australia,AUS,1980,16.94,55.8,64.76,70.08,74.11,77.52,80.51,83.53,86.65,90.74,98.6
Australia,AUS,1981,16.85,56.27,65.03,70.31,74.28,77.63,80.7,83.74,86.89,90.9,98.67
Australia,AUS,1982,17.04,56.42,65.07,70.33,74.3,77.62,80.64,83.58,86.67,90.53,98.26
Australia,AUS,1983,17.99,57.08,65.62,70.96,74.87,78.22,81.29,84.2,87.38,91.41,99.12
Australia,AUS,1984,18.15,57.33,65.86,71.08,75,78.35,81.36,84.19,87.32,91.23,98.97
Australia,AUS,1985,17.88,57.45,65.99,71.23,75.1,78.4,81.34,84.15,87.07,90.87,98.55
Australia,AUS,1986,18.64,58.02,66.53,71.65,75.55,78.85,81.87,84.73,87.8,91.63,99.64
Australia,AUS,1987,18.94,58.12,66.67,71.81,75.67,78.93,81.88,84.68,87.65,91.48,99.16
Australia,AUS,1988,19.14,58.46,66.9,72.1,75.92,79.12,82.04,84.83,87.91,91.75,99.59
Australia,AUS,1989,19.12,58.67,67.02,72.1,75.83,79.02,81.89,84.67,87.6,91.26,98.58
Australia,AUS,1990,20.07,59.31,67.67,72.77,76.6,79.77,82.7,85.5,88.49,92.16,99.71
Australia,AUS,1991,21.37,59.77,68.06,73.16,76.97,80.08,82.96,85.77,88.85,92.49,100.1
Australia,AUS,1992,21.4,59.93,68.19,73.19,77,80.1,82.95,85.73,88.68,92.33,99.74
Australia,AUS,1993,21.82,60.42,68.73,73.71,77.52,80.6,83.42,86.16,89.09,92.77,100.25
Australia,AUS,1994,22.04,60.49,68.7,73.69,77.38,80.48,83.26,85.97,88.85,92.37,99.48
Australia,AUS,1995,22.13,60.79,69.13,74.1,77.89,80.96,83.75,86.42,89.23,92.81,100.02
Australia,AUS,1996,22.08,60.91,69.33,74.32,78.02,81.07,83.81,86.45,89.29,92.7,99.94
Australia,AUS,1997,21.97,61.22,69.64,74.61,78.37,81.42,84.12,86.72,89.49,92.93,99.95
Australia,AUS,1998,22.3,61.48,70.1,75.02,78.75,81.8,84.5,87.13,89.93,93.36,100.42
Australia,AUS,1999,22.54,61.96,70.55,75.42,79.09,82.12,84.8,87.35,90.08,93.48,100.55
Australia,AUS,2000,23.45,62.27,70.89,75.81,79.5,82.46,85.12,87.61,90.29,93.63,100.5
Australia,AUS,2001,24.7,62.77,71.31,76.19,79.82,82.76,85.37,87.86,90.55,93.91,100.88
Australia,AUS,2002,25.35,63,71.52,76.41,79.91,82.8,85.36,87.84,90.43,93.68,100.4
Australia,AUS,2003,25.71,63.35,71.88,76.77,80.32,83.2,85.76,88.23,90.81,94.02,100.73
Australia,AUS,2004,26.32,63.77,72.26,77.07,80.59,83.41,85.96,88.44,91.02,94.29,101.05
Australia,AUS,2005,27.24,64.08,72.68,77.5,81.03,83.86,86.36,88.8,91.37,94.59,101.37
Australia,AUS,2006,27.45,64.35,72.95,77.75,81.2,83.99,86.49,88.88,91.43,94.56,101.16
Australia,AUS,2007,28.04,64.15,72.86,77.74,81.17,83.99,86.46,88.83,91.39,94.5,100.91
Australia,AUS,2008,28.86,64.69,73.22,78.03,81.39,84.14,86.58,88.92,91.38,94.43,100.72
Australia,AUS,2009,29,64.7,73.39,78.32,81.76,84.51,86.97,89.3,91.79,94.83,101.27
Australia,AUS,2010,30.02,65.25,73.76,78.68,82.05,84.75,87.16,89.49,91.91,94.93,101.25
Australia,AUS,2011,30.44,65.21,73.9,78.73,82.13,84.85,87.23,89.5,91.9,94.94,101.17
Australia,AUS,2012,30.85,65.6,74.22,78.98,82.32,84.97,87.33,89.6,91.98,94.94,101.13
Australia,AUS,2013,31.81,65.61,74.31,79.19,82.6,85.27,87.64,89.9,92.32,95.38,101.76
Australia,AUS,2014,32.33,65.56,74.31,79.14,82.58,85.27,87.63,89.91,92.26,95.26,101.38
Australia,AUS,2015,31.9,65.58,74.47,79.31,82.69,85.36,87.69,89.97,92.34,95.27,101.39
Australia,AUS,2016,32.17,65.85,74.66,79.5,82.85,85.54,87.91,90.14,92.5,95.43,101.55
Australia,AUS,2017,32.14,65.75,74.55,79.4,82.8,85.52,87.87,90.11,92.45,95.41,101.39
Australia,AUS,2018,32.81,66.11,75.05,79.92,83.33,86.03,88.39,90.63,93,95.97,102.09
Australia,AUS,2019,32.14,66.06,75.1,79.97,83.36,86.04,88.41,90.67,92.99,95.91,101.98
Australia,AUS,2020,32.36,66.53,75.48,80.36,83.72,86.41,88.8,91.05,93.41,96.38,102.58
Australia,AUS,2021,32.46,66.53,75.39,80.22,83.54,86.25,88.59,90.82,93.16,96.1,102.17
Austria,AUT,1947,0.13,29.6,52.12,61.45,67.06,71.21,74.73,77.88,81.09,85.04,92.87
Austria,AUT,1948,0.14,35.84,54.75,62.96,68.31,72.3,75.73,78.94,82.08,86.02,94.3
Austria,AUT,1949,0.15,38.25,55.52,63.04,67.98,71.83,75.09,78.22,81.36,85.2,92.97
Austria,AUT,1950,0.18,42.88,56.94,63.95,68.62,72.37,75.6,78.66,81.84,85.71,93.7
Austria,AUT,1951,0.19,44.17,57.52,64.24,68.82,72.39,75.46,78.44,81.49,85.22,92.65
Austria,AUT,1952,0.23,47.05,58.99,65.37,69.72,73.22,76.28,79.12,82.13,85.87,93.27
Austria,AUT,1953,0.24,48.25,59.63,65.72,69.94,73.4,76.44,79.27,82.29,85.96,93.55
Austria,AUT,1954,0.25,47.98,59.49,65.64,69.99,73.48,76.54,79.4,82.34,85.98,93.37
Austria,AUT,1955,0.27,48.22,59.77,65.85,70.15,73.6,76.59,79.46,82.49,86.15,93.6
Austria,AUT,1956,0.28,48.25,59.69,65.83,70.1,73.58,76.63,79.47,82.42,86.13,93.51
Austria,AUT,1957,0.28,47.81,59.46,65.58,69.87,73.34,76.37,79.29,82.42,86.14,93.82
Austria,AUT,1958,0.32,49.45,60.36,66.34,70.61,74.05,77.05,79.96,82.95,86.61,94.37
Austria,AUT,1959,0.32,49.15,60.29,66.2,70.55,73.97,77,79.87,82.91,86.63,94.46
Austria,AUT,1960,0.36,50.24,60.63,66.35,70.61,73.97,76.99,79.85,82.87,86.58,93.97
Austria,AUT,1961,0.43,51.32,61.27,67,71.23,74.62,77.63,80.5,83.47,87.2,94.98
Austria,AUT,1962,0.44,51.43,61.31,66.84,70.91,74.26,77.25,80.06,83.03,86.66,93.98
Austria,AUT,1963,0.48,51.53,61.46,66.86,70.93,74.28,77.27,80.11,83.08,86.76,94.04
Austria,AUT,1964,0.55,51.83,61.78,67.09,71.22,74.6,77.66,80.57,83.55,87.26,95.04
Austria,AUT,1965,0.61,51.88,61.68,66.89,70.84,74.23,77.23,80.07,83.05,86.7,94.28
Austria,AUT,1966,0.61,51.8,61.85,67.17,71.2,74.66,77.67,80.55,83.53,87.3,94.81
Austria,AUT,1967,0.7,51.88,61.91,67.1,71.04,74.34,77.34,80.19,83.16,86.9,94.43
Austria,AUT,1968,0.82,52.05,62,67.2,71.12,74.37,77.38,80.21,83.18,86.95,94.44
Austria,AUT,1969,0.82,51.5,61.78,66.97,70.73,73.96,77.01,79.92,83.06,86.84,94.38
Austria,AUT,1970,0.91,51.6,61.81,67.11,70.89,74.13,77.11,80.02,83.13,86.87,94.48
Austria,AUT,1971,0.79,51.37,62.05,67.46,71.32,74.57,77.53,80.39,83.35,87.02,94.42
Austria,AUT,1972,0.91,51.67,62.24,67.67,71.58,74.84,77.78,80.63,83.65,87.45,95.01
Austria,AUT,1973,2.25,52.31,62.74,68.21,72.11,75.32,78.27,81.1,84.06,87.71,95.28
Austria,AUT,1974,1.96,52.38,62.71,68.2,72.13,75.28,78.22,81.05,84,87.69,95.19
Austria,AUT,1975,3.23,52.43,62.7,68.23,72.11,75.34,78.19,80.94,83.91,87.5,94.81
Austria,AUT,1976,6.8,52.89,63.11,68.58,72.45,75.59,78.41,81.17,84.07,87.58,94.81
Austria,AUT,1977,8.88,52.89,63.19,68.81,72.71,75.88,78.75,81.48,84.46,88.15,95.55
Austria,AUT,1978,11.13,53.02,63.25,68.86,72.79,75.92,78.73,81.43,84.29,87.83,95.12
Austria,AUT,1979,11.1,53.2,63.37,69.16,73.06,76.24,79.09,81.79,84.7,88.4,95.62
Austria,AUT,1980,10.7,53.31,63.43,69.24,73.24,76.41,79.21,81.93,84.76,88.39,95.63
Austria,AUT,1981,15.51,53.73,63.77,69.45,73.39,76.55,79.36,82.04,84.86,88.4,95.67
Austria,AUT,1982,15.86,53.73,63.77,69.61,73.63,76.79,79.6,82.26,85.13,88.7,96.1
Austria,AUT,1983,16.65,53.87,63.71,69.62,73.6,76.78,79.54,82.2,85.03,88.5,95.77
Austria,AUT,1984,16.82,54.31,64.18,70.05,74.1,77.35,80.14,82.79,85.65,89.18,96.63
Austria,AUT,1985,17.35,55,64.62,70.33,74.37,77.49,80.22,82.83,85.58,89.07,96.21
Austria,AUT,1986,18.27,55.56,65.09,70.71,74.73,77.84,80.59,83.21,86,89.47,96.57
Austria,AUT,1987,18.75,56.12,65.48,71.1,75.1,78.24,80.96,83.6,86.39,89.85,96.92
Austria,AUT,1988,19.51,56.71,65.93,71.43,75.44,78.66,81.34,83.93,86.63,90.13,97.25
Austria,AUT,1989,19.24,56.79,65.98,71.55,75.52,78.75,81.5,84.09,86.86,90.2,97.34
Austria,AUT,1990,20.08,57.06,66.15,71.78,75.82,78.98,81.68,84.29,87.02,90.43,97.75
Austria,AUT,1991,20.33,57.05,66.17,71.75,75.79,79.02,81.8,84.4,87.11,90.51,97.7
Austria,AUT,1992,20.64,57.24,66.34,71.9,75.94,79.22,81.96,84.59,87.3,90.65,97.89
Austria,AUT,1993,20.16,57.46,66.44,72.1,76.16,79.4,82.22,84.82,87.51,90.89,97.79
Austria,AUT,1994,20.53,57.76,66.82,72.46,76.44,79.65,82.48,85.13,87.89,91.2,98.36
Austria,AUT,1995,21.9,58.07,67.05,72.62,76.62,79.84,82.61,85.24,87.94,91.24,98.19
Austria,AUT,1996,22.93,58.32,67.3,72.81,76.87,80.01,82.76,85.41,88.07,91.37,98.24
Austria,AUT,1997,22.89,59.14,67.8,73.22,77.2,80.31,83.02,85.62,88.31,91.64,98.34
Austria,AUT,1998,24.4,59.36,68.34,73.63,77.58,80.71,83.38,85.91,88.57,91.84,98.43
Austria,AUT,1999,24.04,59.65,68.48,73.81,77.77,80.9,83.55,86.09,88.71,91.94,98.59
Austria,AUT,2000,23.92,59.66,68.97,74.28,78.11,81.24,83.91,86.4,89.03,92.22,98.94
Austria,AUT,2001,25.4,60.15,69.44,74.76,78.65,81.71,84.34,86.78,89.43,92.63,99.14
Austria,AUT,2002,25.92,60.59,69.74,74.9,78.69,81.72,84.35,86.82,89.39,92.55,98.98
Austria,AUT,2003,24.96,60.57,69.8,74.96,78.74,81.77,84.4,86.78,89.34,92.51,99.04
Austria,AUT,2004,25.37,61.03,70.25,75.51,79.33,82.31,84.9,87.32,89.89,93.03,99.69
Austria,AUT,2005,26.44,61.16,70.46,75.71,79.46,82.4,84.99,87.41,89.95,93.07,99.68
Austria,AUT,2006,27.59,61.91,70.95,76.16,79.86,82.79,85.34,87.68,90.21,93.32,99.76
Austria,AUT,2007,28.82,62,71.12,76.4,80.02,83,85.47,87.85,90.44,93.58,99.9
Austria,AUT,2008,29.02,62.41,71.48,76.72,80.27,83.16,85.7,88.05,90.49,93.52,100.03
Austria,AUT,2009,29.02,62.08,71.08,76.39,80.12,83.04,85.59,87.99,90.5,93.6,99.97
Austria,AUT,2010,29.23,62.39,71.23,76.74,80.51,83.38,85.87,88.24,90.7,93.83,100.22
Austria,AUT,2011,30.58,62.88,71.57,77.05,80.8,83.66,86.19,88.57,91.01,94.09,100.57
Austria,AUT,2012,31.77,63.15,71.61,77.04,80.76,83.64,86.1,88.45,90.87,93.89,100.1
Austria,AUT,2013,33.44,63.46,71.84,77.28,80.94,83.8,86.3,88.64,91.03,94.06,100.24
Austria,AUT,2014,33.37,63.69,71.99,77.56,81.3,84.18,86.63,89,91.46,94.44,100.59
Austria,AUT,2015,34.22,63.89,71.94,77.33,81.06,83.88,86.33,88.59,91.01,93.99,100.14
Austria,AUT,2016,34.06,64.29,72.34,77.63,81.46,84.31,86.77,89.09,91.53,94.51,100.89
Austria,AUT,2017,35.02,64.6,72.56,77.82,81.53,84.33,86.67,88.96,91.35,94.3,100.4
Austria,AUT,2018,34.8,64.58,72.56,77.78,81.59,84.42,86.8,89.11,91.44,94.36,100.58
Austria,AUT,2019,33.84,65.03,72.89,78.03,81.91,84.69,87.04,89.3,91.64,94.55,100.66
Austria,AUT,2020,35.08,64.8,72.52,77.35,81.07,83.96,86.4,88.62,90.95,93.87,99.96
Austria,AUT,2021,34.35,64.38,72.18,77.1,80.88,83.94,86.43,88.73,91.12,94.06,100.3
Austria,AUT,2022,33.97,64.74,72.62,77.41,81.11,84.09,86.53,88.75,91.05,93.93,99.84
Austria,AUT,2023,34.23,65.17,73.15,77.92,81.55,84.51,86.99,89.22,91.48,94.35,100.6
Belarus,BLR,1959,0.25,45.31,60.09,67.22,72.19,75.63,79.1,82.05,85.46,89.71,99.48
Belarus,BLR,1960,0.39,48.68,62.22,69.34,73.78,77.6,80.62,84.17,87.48,92.21,102.7
Belarus,BLR,1961,0.5,50.33,62.8,69.53,74.14,77.73,80.92,84.23,87.47,92.27,102.03
Belarus,BLR,1962,0.48,50.28,61.98,68.16,72.92,76.35,79.77,82.67,85.82,89.9,98.98
Belarus,BLR,1963,0.46,50.36,62.56,68.9,73.5,77.27,80.34,83.64,86.84,91.07,100.47
Belarus,BLR,1964,0.73,51.79,63.64,69.91,74.5,78.19,81.58,84.65,87.89,92.79,101.88
Belarus,BLR,1965,1.09,51.74,63.17,69.27,73.83,77.56,80.51,83.92,87.1,91.5,101.39
Belarus,BLR,1966,1.04,51.97,63.38,69.54,73.91,77.74,80.79,84.17,87.59,92.3,101.4
Belarus,BLR,1967,1.68,51.26,63.03,69.23,73.66,77.42,80.65,83.92,87.21,91.48,101.03
Belarus,BLR,1968,1.56,51.16,63.09,69.41,73.66,77.51,80.69,83.93,87.35,91.92,100.89
Belarus,BLR,1969,1.59,50.73,62.72,69.02,73.28,77,80.31,83.41,86.75,91.12,100.52
Belarus,BLR,1970,0.99,49.33,62.01,68.48,72.99,76.71,80.06,83.27,86.63,91.12,101.69
Belarus,BLR,1971,2.45,50.35,62.43,68.87,73.34,76.99,80.31,83.51,86.98,91.59,101.47
Belarus,BLR,1972,2.85,49.63,62.18,68.66,73.16,76.67,80.02,83.29,86.65,91.27,101.09
Belarus,BLR,1973,2.96,50.27,62.3,68.69,73.12,76.63,79.94,83.15,86.47,90.96,100.85
Belarus,BLR,1974,3.66,50.23,62.16,68.71,73.27,76.92,80.23,83.63,87.09,91.83,102.02
Belarus,BLR,1975,2.17,48.84,61.21,67.97,72.64,76.36,79.63,82.81,86.34,90.79,100.93
Belarus,BLR,1976,2.48,48.61,60.88,67.64,72.37,76.18,79.48,82.62,86.16,90.64,100.69
Belarus,BLR,1977,2.92,48.31,60.58,67.51,72.31,76.08,79.45,82.54,86.12,90.66,100.83
Belarus,BLR,1978,2.65,48.01,60.13,67.24,72.1,75.98,79.37,82.49,85.97,90.57,101.1
Belarus,BLR,1979,4.09,47.43,59.7,66.84,71.7,75.58,79,82.07,85.48,90.16,100.75
Belarus,BLR,1980,4.77,47.45,59.5,66.58,71.43,75.26,78.75,81.78,84.97,89.47,99.32
Belarus,BLR,1981,4.36,47.21,59.39,66.72,71.7,75.64,79.17,82.29,85.57,90.26,100.61
Belarus,BLR,1982,6.13,47.5,59.43,66.66,71.68,75.62,79.1,82.25,85.77,90.41,101.13
Belarus,BLR,1983,6.77,47.7,59.23,66.43,71.55,75.45,78.82,82.04,85.39,89.85,100.04
Belarus,BLR,1984,7.24,47.4,58.39,65.62,70.82,74.8,78.29,81.49,84.81,89.07,99.09
Belarus,BLR,1985,7.04,48.48,59.4,66.26,71.11,74.91,78.24,81.34,84.54,88.73,98.18
Belarus,BLR,1986,7.89,50.75,61.29,67.69,72.23,75.97,79.25,82.27,85.55,89.74,99.57
Belarus,BLR,1987,9.69,50.65,61.06,67.46,72.06,75.8,79.06,82.11,85.42,89.65,99.36
Belarus,BLR,1988,7.84,50.34,60.76,67.22,71.93,75.7,78.99,82.07,85.28,89.4,98.64
Belarus,BLR,1989,10.85,49.07,59.8,66.48,71.5,75.52,78.98,82.1,85.42,89.67,99.57
Belarus,BLR,1990,11.93,48.73,59.26,66,70.96,74.86,78.37,81.56,84.85,89.01,98.6
Belarus,BLR,1991,9.78,48.04,58.57,65.3,70.35,74.41,77.85,81.09,84.41,88.61,98.01
Belarus,BLR,1992,10.83,46.98,57.68,64.5,69.74,73.92,77.61,81.02,84.46,88.69,98.49
Belarus,BLR,1993,12.72,46.25,56.29,63.05,68.42,72.69,76.44,79.89,83.36,87.54,96.84
Belarus,BLR,1994,10.35,45.75,55.95,62.85,68.16,72.63,76.37,79.87,83.32,87.5,96.53
Belarus,BLR,1995,10.21,45.43,55.3,62.11,67.4,72.04,75.99,79.62,83.1,87.25,96.11
Belarus,BLR,1996,11.79,45.74,55.65,62.3,67.49,71.99,75.97,79.62,83.12,87.33,96.13
Belarus,BLR,1997,12.76,45.62,55.59,62.14,67.28,71.76,75.66,79.24,82.94,87.07,95.77
Belarus,BLR,1998,13.04,45.4,55.22,61.84,67.09,71.55,75.56,79.23,83,87.22,95.76
Belarus,BLR,1999,12.53,44.54,54.88,61.53,66.8,71.29,75.29,78.94,82.6,86.73,95.07
Belarus,BLR,2000,16.32,45.84,56.07,62.59,67.75,72.06,75.92,79.51,83.24,87.45,96.15
Belarus,BLR,2001,16.79,45.61,55.67,61.82,67.04,71.45,75.39,79.05,82.83,87.23,95.65
Belarus,BLR,2002,16.16,44.99,54.9,61.11,66.32,70.75,74.77,78.59,82.42,86.8,95.12
Belarus,BLR,2003,18.39,45.54,55.48,61.71,66.84,71.25,75.2,78.98,82.73,87.25,95.48
Belarus,BLR,2004,18.8,45.87,55.9,62.08,67.31,71.71,75.66,79.4,83.06,87.55,95.75
Belarus,BLR,2005,18.76,45.49,55.58,61.76,66.98,71.5,75.53,79.31,83.05,87.4,95.69
Belarus,BLR,2006,19.39,46.14,56.31,62.55,67.74,72.2,76.05,79.75,83.38,87.82,95.96
Belarus,BLR,2007,19.91,47.35,57.35,63.58,68.77,73.11,76.93,80.48,84.07,88.37,96.34
Belarus,BLR,2008,21.44,47.63,57.57,63.63,68.79,73.14,76.97,80.52,84.15,88.42,96.38
Belarus,BLR,2009,20.92,47.57,57.58,63.79,68.93,73.31,77.07,80.56,84.23,88.43,96.45
Belarus,BLR,2010,21.31,47.51,57.52,63.62,68.81,73.25,77.07,80.59,84.18,88.37,96.49
Belarus,BLR,2011,22.2,47.51,57.34,63.56,68.81,73.42,77.33,80.92,84.55,88.85,97.09
Belarus,BLR,2012,22.95,49.94,59.8,65.82,70.89,75.1,78.61,81.93,85.37,89.32,97.24
Belarus,BLR,2013,23.66,50.81,60.43,66.53,71.46,75.56,78.99,82.22,85.53,89.49,97.34
Belarus,BLR,2014,24.18,51.49,61.1,67.13,72.03,76.09,79.57,82.81,86.05,90,97.88
Belarus,BLR,2015,26.45,52.8,61.98,67.93,72.65,76.58,79.97,83.11,86.3,90.14,97.92
Belarus,BLR,2016,26.25,53.22,62.41,68.4,72.96,76.87,80.24,83.31,86.47,90.23,97.91
Belarus,BLR,2017,27.44,53.85,62.81,68.61,73.15,76.99,80.41,83.47,86.6,90.32,97.99
Belarus,BLR,2018,28.4,53.71,62.64,68.53,73.13,77.03,80.45,83.51,86.69,90.47,98.25
Belgium,BEL,1841,0.07,0.88,4.05,20.19,35.54,50.06,60.62,67.62,73.75,80.2,90.77
Belgium,BEL,1842,0.06,0.79,3.15,15.82,31.49,47.26,58.67,66.55,72.95,79.48,89.92
Belgium,BEL,1843,0.07,0.89,3.97,19.51,35.41,49.86,60.41,67.9,73.93,80.28,90.88
Belgium,BEL,1844,0.07,1.03,6.32,23.69,39.4,52.5,61.5,68.33,73.62,79.66,90
Belgium,BEL,1845,0.07,0.91,5.47,22.12,37.83,51.45,61.06,67.82,73.36,79.66,89.9
Belgium,BEL,1846,0.06,0.74,3.39,18.22,32.66,46.64,57.23,64.92,71.26,77.75,88.6
Belgium,BEL,1847,0.06,0.74,2.68,12.55,27.7,41.53,51.67,60.02,67.38,74.53,86.39
Belgium,BEL,1848,0.07,0.98,4.13,18.32,32.62,45.41,55.4,63.4,69.98,76.48,87.3
Belgium,BEL,1849,0.07,0.9,3.42,12.02,25.73,37.78,48.96,58.98,67.22,75.18,87.62
Belgium,BEL,1850,0.07,1.12,7.03,24.08,39.87,53.1,62.15,68.65,74.32,80.04,90.16
Belgium,BEL,1851,0.07,0.98,5.68,23.28,39.6,53.23,62.43,68.8,74.4,80.1,90.21
Belgium,BEL,1852,0.07,0.96,5.66,22.82,39.27,53.07,62.22,68.75,74.36,80.09,89.95
Belgium,BEL,1853,0.07,1.04,5.97,23.07,38.81,52.1,61.17,67.62,73.09,78.69,88.35
Belgium,BEL,1854,0.06,0.88,3.86,19.24,35.51,49.75,59.95,67.01,72.95,79.06,89.11
Belgium,BEL,1855,0.06,0.72,2.73,13.54,30.95,46.62,57.69,65.34,71.16,77.22,87.08
Belgium,BEL,1856,0.07,0.85,3.55,18.84,36.78,51.96,61.8,68.62,74.12,80.23,90.23
Belgium,BEL,1857,0.06,0.76,3.64,20.61,37.27,51.76,61.34,68.01,73.67,79.73,89.91
Belgium,BEL,1858,0.06,0.75,3.97,20.96,37.31,51.4,60.63,67.23,72.81,78.73,88.7
Belgium,BEL,1859,0.06,0.65,3.22,18.68,33.94,48.1,58.8,66.38,72.66,79.05,90.35
Belgium,BEL,1860,0.07,1,12.96,30.92,46.19,57.14,64.66,70.34,75.28,80.97,91.28
Belgium,BEL,1861,0.06,0.81,4.58,22.56,39.31,53.13,62.22,68.63,74.09,79.82,90.07
Belgium,BEL,1862,0.07,0.97,5.64,25.87,42.84,56.04,64.09,69.98,75.12,80.59,90.72
Belgium,BEL,1863,0.06,0.86,4.07,21.94,39.54,53.76,62.91,69.13,74.42,79.87,89.89
Belgium,BEL,1864,0.06,0.82,3.68,19.36,36.2,50.97,61,67.87,73.3,78.97,89
Belgium,BEL,1865,0.05,0.68,2.86,14.25,31.6,46.87,58.99,66.96,73.25,79.35,89.72
Belgium,BEL,1866,0.06,0.74,2.6,8.69,23.46,34.59,45.14,56.11,65.72,74.18,87.01
Belgium,BEL,1867,0.07,0.93,5.59,26.49,43.01,55.37,63.47,69.58,74.63,80.19,90.24
Belgium,BEL,1868,0.07,1.02,4.08,24.2,41.1,54.5,63.24,69.68,74.79,80.59,90.57
Belgium,BEL,1869,0.08,1.17,4.29,23.81,40.53,54.12,63.03,69.38,74.55,80.21,90.21
Belgium,BEL,1870,0.07,0.98,3.95,22.12,37.63,51.25,61.17,67.95,73.65,79.46,89.68
Belgium,BEL,1871,0.06,0.74,2.21,6.9,23.32,37.26,51.25,62.36,70.22,76.94,87.91
Belgium,BEL,1872,0.07,0.93,3.14,18.37,34.62,49.66,60.63,68.15,74.09,80.05,90.54
Belgium,BEL,1873,0.07,1.04,7.1,28.03,43.61,55.48,63.7,69.69,74.78,80.11,90.02
Belgium,BEL,1874,0.07,1.14,8.95,30.44,45.8,57.12,64.78,70.44,75.48,80.87,91.12
Belgium,BEL,1875,0.06,0.88,4.53,26.35,41.95,54.17,62.65,68.93,74.19,79.68,89.78
Belgium,BEL,1876,0.09,0.92,4.02,25.42,41.34,54.23,63.08,69.46,74.7,79.93,89.43
Belgium,BEL,1877,0.08,1.14,7.83,29.14,44.27,56.34,64.29,70.32,75.4,80.7,90.16
Belgium,BEL,1878,0.06,1.07,14.04,31.94,46.18,56.97,64.47,70.09,74.99,80.31,89.54
Belgium,BEL,1879,0.06,0.99,12.89,31.75,46.22,56.75,63.95,69.52,74.37,79.78,89
Belgium,BEL,1880,0.05,0.77,7.16,29.28,44.57,56.15,63.94,69.82,74.78,80.34,90.43
Belgium,BEL,1881,0.06,1.03,14.17,32.47,46.58,57.28,64.59,70.25,75.11,80.61,90.38
Belgium,BEL,1882,0.07,1.12,16.69,34.7,48.62,58.55,65.45,70.75,75.55,81,90.84
Belgium,BEL,1883,0.07,1.12,16.25,33.99,47.44,57.57,64.62,70.2,74.92,80.4,89.77
Belgium,BEL,1884,0.06,0.95,14.04,32.68,46.73,57.6,64.74,70.39,75.23,80.79,90.58
Belgium,BEL,1885,0.07,1.22,16.95,34.51,48.47,58.35,65.2,70.65,75.43,80.73,90.38
Belgium,BEL,1886,0.05,0.8,10.32,31.76,46.4,57.4,64.66,70.42,75.12,80.44,89.96
Belgium,BEL,1887,0.07,1.16,18.28,36.64,50.19,59.56,66.04,71.25,75.78,80.84,90.24
Belgium,BEL,1888,0.06,0.94,16.52,35.48,49.31,58.91,65.5,70.64,75.42,80.54,89.96
Belgium,BEL,1889,0.06,0.92,14.4,35.12,49.22,59.07,65.68,70.97,75.77,81.1,90.4
Belgium,BEL,1890,0.06,0.88,13.81,34.15,48.02,57.86,64.62,69.97,74.81,80.01,89.48
Belgium,BEL,1891,0.06,0.88,13.26,34.18,48.04,57.82,64.53,69.79,74.43,79.64,88.98
Belgium,BEL,1892,0.06,0.85,9.9,32.3,46.48,56.67,63.66,69.07,73.83,79.1,88.59
Belgium,BEL,1893,0.06,0.92,13.87,34.79,48.68,58.42,65.13,70.45,75.25,80.61,90.04
Belgium,BEL,1894,0.06,1.23,20.88,38.77,51.48,60.16,66.35,71.33,75.94,81.22,90.41
Belgium,BEL,1895,0.06,0.93,18.72,38.04,51.29,60.03,66.09,71.01,75.5,80.57,89.7
Belgium,BEL,1896,0.07,1.35,22.92,41.43,53.47,61.66,67.55,72.38,76.84,81.9,91.16
Belgium,BEL,1897,0.07,1.6,25.84,43.59,55.29,62.79,68.2,72.83,77.13,82.03,91.07
Belgium,BEL,1898,0.06,1.28,23.83,43.13,54.93,62.61,68.18,72.72,77,82.07,91.16
Belgium,BEL,1899,0.06,1.01,20.36,40.33,53.03,61.19,66.97,71.67,76.09,81.05,89.96
Belgium,BEL,1900,0.06,1.08,23.06,41.62,53.52,61.17,66.81,71.38,75.69,80.6,89.58
Belgium,BEL,1901,0.07,2,27.69,45.32,56,63.18,68.54,72.9,77.08,82.04,91.04
Belgium,BEL,1902,0.07,1.51,25.9,44.48,55.51,62.86,68.23,72.7,76.91,81.78,90.76
Belgium,BEL,1903,0.06,1.48,26.7,45.42,56.24,63.49,68.72,73.22,77.44,82.19,91.1
Belgium,BEL,1904,0.06,1.42,26.73,45.82,56.54,63.46,68.66,72.99,77.14,81.98,90.89
Belgium,BEL,1905,0.07,1.9,28.82,47.01,57.4,63.83,68.84,73.04,77.09,81.81,90.52
Belgium,BEL,1906,0.06,1.51,28.3,46.98,57.5,64.05,69.04,73.34,77.38,81.95,90.73
Belgium,BEL,1907,0.07,2.46,31.16,48.63,58.25,64.41,69.23,73.36,77.29,81.83,90.52
Belgium,BEL,1908,0.07,1.64,28.54,47.15,57.2,63.72,68.61,72.75,76.81,81.44,90
Belgium,BEL,1909,0.07,2.08,30.17,48.56,58.03,64.26,69.09,73.16,77.18,81.75,90.13
Belgium,BEL,1910,0.07,2.06,31.01,49.16,58.73,65.01,69.84,73.91,77.9,82.47,91.13
Belgium,BEL,1911,0.06,1.28,28.45,47.37,57.48,63.97,68.93,73.1,77.21,81.76,89.98
Belgium,BEL,1912,0.08,3.29,33.65,50.31,59.29,65.13,69.76,73.71,77.7,82.08,90.26
Belgium,BEL,1913,0.08,3.3,34.75,51.2,59.83,65.56,70.15,74.12,78.11,82.59,90.62
Belgium,BEL,1919,0.08,2.11,23.35,41.17,54.99,62.88,68.35,72.75,76.87,81.53,90.07
Belgium,BEL,1920,0.09,5.93,33.25,51.28,60.64,66.56,71.01,74.96,78.82,83.36,92.01
Belgium,BEL,1921,0.09,11.21,38.47,54.19,62.1,67.44,71.7,75.39,79.09,83.63,92.23
Belgium,BEL,1922,0.1,13.03,39.2,54.25,61.98,67.13,71.14,74.74,78.25,82.64,91.38
Belgium,BEL,1923,0.11,18.32,41.7,55.67,63.12,68.05,72.1,75.76,79.33,83.7,92.2
Belgium,BEL,1924,0.11,19.94,42.91,56.25,63.45,68.35,72.27,75.83,79.43,83.79,92.52
Belgium,BEL,1925,0.11,18.19,42.61,56.34,63.48,68.54,72.45,75.98,79.56,83.86,92.36
Belgium,BEL,1926,0.1,18.04,42.81,56.1,63.35,68.39,72.35,75.89,79.54,83.68,91.92
Belgium,BEL,1927,0.11,18.81,43.33,56.29,63.36,68.21,72.11,75.62,79.18,83.38,91.63
Belgium,BEL,1928,0.11,19.59,43.83,56.36,63.31,68.22,72.2,75.79,79.38,83.79,92.29
Belgium,BEL,1929,0.1,15.32,40.02,53.81,61.58,66.74,70.81,74.42,77.99,82.4,90.45
Belgium,BEL,1930,0.1,18,43.05,56.09,63.25,68.29,72.45,76.05,79.83,84.26,92.95
Belgium,BEL,1931,0.12,22.52,45.92,57.39,63.89,68.74,72.61,75.98,79.47,83.83,92.07
Belgium,BEL,1932,0.12,22.4,46.7,57.85,64.42,69.07,72.79,76.22,79.64,83.82,92.15
Belgium,BEL,1933,0.12,22.78,46.74,57.81,64.33,69.05,72.88,76.4,79.7,83.88,92.16
Belgium,BEL,1934,0.13,25.92,48.98,59.33,65.46,70,73.74,77.25,80.68,85.11,93.84
Belgium,BEL,1935,0.13,26.33,48.9,59,65.16,69.67,73.38,76.82,80.15,84.36,92.44
Belgium,BEL,1936,0.13,26.09,48.94,59.13,65.29,69.88,73.59,76.93,80.35,84.66,92.93
Belgium,BEL,1937,0.13,26.35,49.08,58.95,65.14,69.7,73.42,76.72,80.24,84.43,92.36
Belgium,BEL,1938,0.13,26.6,49.15,59.09,65.32,69.81,73.58,76.86,80.38,84.59,92.81
Belgium,BEL,1939,0.14,27.96,49.49,59.01,64.98,69.42,73.13,76.49,79.89,83.9,91.7
Belgium,BEL,1940,0.13,21.07,37.56,52.47,60.84,66.58,70.94,74.8,78.46,82.74,90.8
Belgium,BEL,1941,0.12,25.23,47.43,57.59,64.07,68.78,72.65,76.05,79.41,83.38,90.98
Belgium,BEL,1942,0.12,25.89,48.06,58.01,64.26,68.93,72.65,76.01,79.36,83.36,91.09
Belgium,BEL,1943,0.14,25.33,48.51,58.99,65.47,70.1,73.94,77.37,80.76,84.96,93.05
Belgium,BEL,1944,0.13,19.91,39.59,52.9,61.34,67.32,71.87,75.79,79.55,83.91,91.97
Belgium,BEL,1945,0.11,22.35,46.04,57.53,64.39,69.41,73.45,76.95,80.38,84.6,92.73
Belgium,BEL,1946,0.14,31.39,52.18,61.06,66.75,71.06,74.68,78,81.36,85.44,93.51
Belgium,BEL,1947,0.17,36.4,53.96,62.07,67.52,71.69,75.12,78.34,81.61,85.52,93.49
Belgium,BEL,1948,0.2,41.23,55.86,63.18,68.24,72.24,75.56,78.79,82.12,86.14,94.26
Belgium,BEL,1949,0.21,43.63,56.89,63.71,68.5,72.36,75.57,78.64,81.77,85.64,93.34
Belgium,BEL,1950,0.23,45.48,57.81,64.49,69.1,72.83,76,79.04,82.17,86.05,93.72
Belgium,BEL,1951,0.25,46.97,58.52,64.87,69.37,72.91,75.98,78.92,82.06,85.86,93.25
Belgium,BEL,1952,0.28,49.17,59.76,65.78,70.2,73.65,76.75,79.68,82.7,86.47,94.16
Belgium,BEL,1953,0.31,49.93,60.17,66.06,70.28,73.74,76.77,79.6,82.66,86.34,94.04
Belgium,BEL,1954,0.31,50.13,60.37,66.28,70.52,74.01,77.05,79.88,82.92,86.66,94.25
Belgium,BEL,1955,0.32,50.17,60.4,66.29,70.53,73.92,76.91,79.71,82.66,86.3,93.74
Belgium,BEL,1956,0.34,50.85,60.74,66.45,70.57,74.01,76.98,79.82,82.8,86.48,93.86
Belgium,BEL,1957,0.38,51.06,60.85,66.52,70.72,74.11,77.15,80,83.06,86.82,94.41
Belgium,BEL,1958,0.48,51.86,61.35,67.07,71.15,74.52,77.53,80.34,83.35,87.02,94.65
Belgium,BEL,1959,0.51,52.11,61.66,67.34,71.54,74.93,77.96,80.8,83.72,87.5,95.19
Belgium,BEL,1960,0.51,51.95,61.15,66.6,70.72,74.03,77,79.89,82.93,86.62,93.98
Belgium,BEL,1961,0.6,52.36,61.78,67.25,71.42,74.86,77.83,80.71,83.75,87.47,95.19
Belgium,BEL,1962,0.66,52.38,61.55,66.95,71.05,74.51,77.44,80.29,83.35,86.96,94.48
Belgium,BEL,1963,0.64,52.35,61.47,66.82,70.9,74.27,77.27,80.07,83.02,86.66,94.05
Belgium,BEL,1964,0.8,52.4,61.85,67.24,71.32,74.77,77.82,80.76,83.86,87.61,95.38
Belgium,BEL,1965,1.28,52.39,61.59,66.96,71.04,74.47,77.49,80.33,83.42,87.22,94.92
Belgium,BEL,1966,1.02,52.77,61.82,67.1,71.16,74.57,77.6,80.48,83.51,87.29,94.8
Belgium,BEL,1967,2.18,53.05,61.97,67.25,71.25,74.62,77.68,80.61,83.66,87.47,95.11
Belgium,BEL,1968,2.24,53.01,61.81,67.03,70.97,74.29,77.27,80.13,83.12,86.81,94.16
Belgium,BEL,1969,2.41,52.81,61.81,67.02,70.94,74.29,77.3,80.24,83.32,87.1,94.76
Belgium,BEL,1970,2.62,53.17,62.06,67.24,71.19,74.52,77.55,80.47,83.61,87.44,95.1
Belgium,BEL,1971,3.15,53.33,62.28,67.38,71.31,74.63,77.7,80.56,83.61,87.42,94.91
Belgium,BEL,1972,4.27,53.25,62.32,67.6,71.55,74.89,77.94,80.85,83.94,87.75,95.27
Belgium,BEL,1973,6.66,53.56,62.65,67.82,71.74,75.03,78.06,80.9,83.92,87.61,95.23
Belgium,BEL,1974,7.27,54.05,62.97,68.19,72.1,75.39,78.34,81.19,84.25,87.96,95.43
Belgium,BEL,1975,8.87,54.25,62.96,68.21,72.02,75.25,78.16,80.97,83.96,87.68,95.14
Belgium,BEL,1976,9,54.27,63.06,68.25,72.17,75.4,78.32,81.14,84.17,87.87,95.16
Belgium,BEL,1977,12.59,54.48,63.42,68.71,72.61,75.85,78.86,81.78,84.87,88.69,96.38
Belgium,BEL,1978,12.42,54.48,63.35,68.75,72.63,75.9,78.88,81.7,84.77,88.46,96.02
Belgium,BEL,1979,14.17,54.75,63.75,69.21,73.11,76.36,79.3,82.14,85.17,88.98,96.56
Belgium,BEL,1980,14.87,54.95,63.87,69.16,73.11,76.38,79.33,82.16,85.21,88.94,96.34
Belgium,BEL,1981,16.36,55.53,64.33,69.53,73.46,76.72,79.59,82.42,85.42,89.18,96.65
Belgium,BEL,1982,17.19,55.67,64.43,69.72,73.66,76.89,79.81,82.61,85.6,89.31,97.01
Belgium,BEL,1983,17.49,55.65,64.56,69.88,73.74,76.95,79.79,82.54,85.45,89.06,96.63
Belgium,BEL,1984,18.16,56.27,65,70.23,74.08,77.31,80.19,82.96,85.95,89.64,97.25
Belgium,BEL,1985,18.69,56.53,65.11,70.27,74.2,77.36,80.25,83.05,85.99,89.66,97.07
Belgium,BEL,1986,19.21,56.78,65.42,70.49,74.44,77.63,80.47,83.2,86.08,89.67,97.29
Belgium,BEL,1987,19.39,57.1,65.91,71.05,75.01,78.25,81.11,83.89,86.82,90.53,98.16
Belgium,BEL,1988,19.78,57.5,66.29,71.43,75.25,78.47,81.35,84.15,87.1,90.79,98.6
Belgium,BEL,1989,19.75,57.7,66.4,71.66,75.43,78.58,81.4,84.11,86.96,90.53,97.8
Belgium,BEL,1990,19.87,57.9,66.82,71.99,75.89,79.03,81.83,84.55,87.43,91,98.43
Belgium,BEL,1991,20.55,58.11,66.95,72.15,75.9,79.15,81.98,84.7,87.62,91.17,98.57
Belgium,BEL,1992,20.62,58.11,67.03,72.3,76.1,79.3,82.13,84.87,87.79,91.34,98.71
Belgium,BEL,1993,21.03,58.25,67.24,72.45,76.2,79.31,82.11,84.79,87.6,91.12,98.31
Belgium,BEL,1994,21.07,58.18,67.38,72.62,76.48,79.74,82.55,85.25,88.07,91.63,98.83
Belgium,BEL,1995,21.9,58.25,67.37,72.66,76.5,79.62,82.55,85.24,88.12,91.65,98.81
Belgium,BEL,1996,22.68,58.63,67.92,73.1,76.9,79.99,82.79,85.46,88.26,91.75,98.85
Belgium,BEL,1997,23.57,58.76,68.14,73.32,77.2,80.29,82.99,85.62,88.42,91.9,98.98
Belgium,BEL,1998,23.32,58.87,68.14,73.34,77.16,80.31,83,85.68,88.48,91.98,99.21
Belgium,BEL,1999,23.22,58.92,68.3,73.58,77.46,80.55,83.17,85.81,88.63,92.05,99.01
Belgium,BEL,2000,23.18,58.95,68.52,73.76,77.62,80.71,83.44,85.99,88.74,92.12,99.23
Belgium,BEL,2001,23.31,59.16,68.74,74.13,77.98,81.07,83.78,86.31,89.02,92.37,99.39
Belgium,BEL,2002,24.66,59.49,68.85,74.25,78,81.1,83.74,86.26,88.95,92.25,99.11
Belgium,BEL,2003,25.32,59.77,69.15,74.47,78.19,81.2,83.81,86.33,88.94,92.18,98.83
Belgium,BEL,2004,26.57,60.41,69.8,75.08,78.77,81.76,84.39,86.94,89.52,92.8,99.78
Belgium,BEL,2005,27.46,60.53,69.78,75.11,78.91,81.9,84.53,86.98,89.51,92.81,99.54
Belgium,BEL,2006,27.53,60.84,70.13,75.55,79.27,82.25,84.87,87.33,89.91,93.21,99.89
Belgium,BEL,2007,26.98,60.91,70.2,75.63,79.44,82.47,85.09,87.51,90.18,93.38,100.27
Belgium,BEL,2008,28.44,60.84,70.12,75.72,79.52,82.49,85.09,87.54,90.14,93.34,100.11
Belgium,BEL,2009,28.99,61.19,70.36,75.94,79.75,82.74,85.3,87.74,90.36,93.49,100.26
Belgium,BEL,2010,28.94,61.61,70.58,76.14,79.96,82.9,85.46,87.95,90.51,93.72,100.42
Belgium,BEL,2011,29.21,61.71,70.86,76.45,80.25,83.23,85.8,88.25,90.82,94.06,100.89
Belgium,BEL,2012,30.66,61.97,70.85,76.37,80.19,83.18,85.71,88.07,90.58,93.67,100.23
Belgium,BEL,2013,31.02,62.22,71.09,76.48,80.34,83.34,85.87,88.22,90.71,93.87,100.36
Belgium,BEL,2014,31.99,62.91,71.6,77.16,80.97,83.93,86.45,88.84,91.35,94.47,100.98
Belgium,BEL,2015,32.64,62.81,71.6,76.95,80.73,83.7,86.25,88.6,91.04,94.05,100.25
Belgium,BEL,2016,32.68,63.3,71.94,77.23,81.09,84.07,86.61,88.96,91.45,94.49,100.85
Belgium,BEL,2017,32.84,63.65,72.2,77.41,81.23,84.2,86.68,89.04,91.45,94.47,100.75
Belgium,BEL,2018,33.64,63.9,72.34,77.57,81.3,84.26,86.78,89.14,91.59,94.55,100.65
Belgium,BEL,2019,34.33,64.36,72.7,77.84,81.64,84.61,87.13,89.45,91.85,94.88,101.09
Belgium,BEL,2020,34.83,63.91,71.88,76.84,80.46,83.36,85.88,88.21,90.6,93.5,99.53
Belgium,BEL,2021,34.19,64.22,72.27,77.4,81.17,84.21,86.86,89.36,91.89,95,101.19
Belgium,BEL,2022,34.64,64.52,72.58,77.65,81.38,84.38,86.92,89.3,91.71,94.64,100.42
Belgium,BEL,2023,35.42,64.68,72.87,78.01,81.78,84.63,87.2,89.6,92.15,95.41,102.08
Bulgaria,BGR,1947,0.08,3.1,33.88,53.67,62.57,68.33,72.49,76.34,80.1,84.92,95.29
Bulgaria,BGR,1948,0.09,4.46,37.77,55.99,64,69.47,73.41,76.93,80.59,85.23,95.79
Bulgaria,BGR,1949,0.09,15.1,46.09,59.52,65.86,70.6,74.32,77.55,81.05,85.62,96.69
Bulgaria,BGR,1950,0.11,22.04,51.21,62.15,68.25,72.63,76.2,79.44,83.12,87.92,98.52
Bulgaria,BGR,1951,0.11,20.41,50.69,61.67,67.56,72.12,75.72,78.78,82.36,86.95,97.74
Bulgaria,BGR,1952,0.11,20.66,50.78,61.09,66.51,70.76,74.19,77.37,80.24,84.63,94.61
Bulgaria,BGR,1953,0.13,32.77,56.41,64.74,69.77,73.64,76.85,79.88,83.29,87.41,97.37
Bulgaria,BGR,1954,0.13,37.01,57.95,65.33,69.93,73.76,77.01,80.07,83.38,87.58,97.25
Bulgaria,BGR,1955,0.13,38.06,58.45,65.71,70.18,73.86,77.19,80.23,83.57,87.85,97.54
Bulgaria,BGR,1956,0.15,42.43,59.16,65.58,69.83,73.24,76.43,79.41,82.39,86.41,95.73
Bulgaria,BGR,1957,0.17,43.86,59.75,66.32,70.59,74.11,77.34,80.48,83.72,88.11,98.1
Bulgaria,BGR,1958,0.22,48.42,61.26,67.41,71.65,75.05,78.25,81.26,84.51,89.03,99.33
Bulgaria,BGR,1959,0.21,46.82,59.81,65.65,69.85,73.08,76.03,79.05,82.15,86.28,95.39
Bulgaria,BGR,1960,0.26,49.94,61.93,67.64,71.69,74.93,77.96,80.99,84.07,88.3,98.3
Bulgaria,BGR,1961,0.34,51.46,62.49,68.03,72.02,75.26,78.2,81.19,84.35,88.68,99.03
Bulgaria,BGR,1962,0.37,51.76,62.26,67.59,71.44,74.53,77.26,80.06,83.14,86.99,95.97
Bulgaria,BGR,1963,0.38,52.31,62.74,68.1,72.14,75.3,78.12,80.92,84.08,88.14,97.84
Bulgaria,BGR,1964,0.43,53.36,63.46,68.69,72.51,75.72,78.6,81.39,84.53,88.63,98.82
Bulgaria,BGR,1965,0.51,53.7,63.64,68.7,72.45,75.57,78.42,81.16,84.27,88.32,98.38
Bulgaria,BGR,1966,0.49,53.48,63.61,68.68,72.44,75.64,78.48,81.26,84.4,88.43,98.55
Bulgaria,BGR,1967,0.42,52.94,62.98,68.08,71.92,75.02,77.89,80.6,83.56,87.49,97.04
Bulgaria,BGR,1968,0.48,53.4,63.43,68.6,72.34,75.53,78.47,81.27,84.27,88.32,97.89
Bulgaria,BGR,1969,0.5,53.09,62.77,67.92,71.62,74.65,77.53,80.36,83.36,87.25,96.54
Bulgaria,BGR,1970,0.67,53.9,63.48,68.51,72.15,75.21,78.08,80.95,83.9,87.79,97.65
Bulgaria,BGR,1971,0.77,53.2,62.98,67.97,71.64,74.69,77.42,80.27,83.34,87.17,96.75
Bulgaria,BGR,1972,0.77,53.59,63.05,68.18,71.85,74.86,77.64,80.33,83.27,87.07,95.86
Bulgaria,BGR,1973,0.63,53.78,63.57,68.64,72.29,75.36,78.14,80.83,83.92,87.74,96.84
Bulgaria,BGR,1974,0.7,53.83,63.36,68.49,72.16,75.14,77.91,80.61,83.62,87.38,96.5
Bulgaria,BGR,1975,1.36,53.45,63.07,68.23,71.82,74.81,77.47,80.11,83.06,86.88,95.79
Bulgaria,BGR,1976,1.08,53.71,63.33,68.45,72.11,75.21,77.92,80.54,83.53,87.43,96.12
Bulgaria,BGR,1977,0.98,53.13,62.7,67.93,71.62,74.71,77.5,80.15,83.02,86.87,95.17
Bulgaria,BGR,1978,1.63,53.27,62.73,68.08,71.83,74.92,77.76,80.43,83.41,87.3,95.99
Bulgaria,BGR,1979,2.41,53.16,62.75,68.08,71.84,74.94,77.75,80.5,83.41,87.2,95.59
Bulgaria,BGR,1980,2.37,53.18,62.67,67.96,71.73,74.77,77.57,80.27,83.14,86.81,95.02
Bulgaria,BGR,1981,3,53.47,62.81,68.25,72.01,75.05,77.87,80.61,83.58,87.4,95.81
Bulgaria,BGR,1982,3.04,52.91,62.25,67.62,71.56,74.69,77.59,80.37,83.21,86.95,95.25
Bulgaria,BGR,1983,3.88,53.13,62.34,67.82,71.67,74.8,77.57,80.27,83.1,86.84,94.98
Bulgaria,BGR,1984,4.11,52.76,62.18,67.77,71.68,74.93,77.77,80.55,83.39,87.2,95.48
Bulgaria,BGR,1985,5.94,52.53,61.86,67.39,71.4,74.61,77.39,80.13,83.02,86.78,94.4
Bulgaria,BGR,1986,8.41,52.85,62.11,67.62,71.63,74.94,77.85,80.57,83.55,87.55,94.9
Bulgaria,BGR,1987,6.08,52.82,62.15,67.56,71.63,74.87,77.77,80.48,83.34,86.92,94.62
Bulgaria,BGR,1988,6.06,52.5,61.92,67.45,71.68,74.96,77.78,80.59,83.48,87.12,95.04
Bulgaria,BGR,1989,7.14,52.23,61.88,67.53,71.67,75.01,77.98,80.76,83.68,87.35,95.35
Bulgaria,BGR,1990,7.3,51.84,61.76,67.45,71.6,74.95,77.92,80.72,83.62,87.24,95
Bulgaria,BGR,1991,4.6,52.31,61.86,67.45,71.43,74.96,77.87,80.61,83.5,87.1,94.74
Bulgaria,BGR,1992,4.94,51.37,61.25,67.16,71.4,75.03,78.02,80.89,83.89,87.57,95.32
Bulgaria,BGR,1993,6.34,51.25,61.06,67.07,71.37,74.91,77.98,80.87,83.88,87.51,95.43
Bulgaria,BGR,1994,5.02,50.6,60.61,66.68,71.11,74.6,77.9,80.62,83.65,87.58,95.31
Bulgaria,BGR,1995,7.77,51,60.67,66.69,71.05,74.55,77.77,80.59,83.62,87.32,94.66
Bulgaria,BGR,1996,5.38,51.27,60.87,66.79,71.05,74.48,77.59,80.44,83.39,87.07,94.37
Bulgaria,BGR,1997,3.3,50.63,60.31,66.24,70.67,74.15,77.16,80.22,83.07,86.66,93.79
Bulgaria,BGR,1998,5.99,51.34,60.79,66.7,71.07,74.56,77.54,80.53,83.36,86.98,94.2
Bulgaria,BGR,1999,6.17,52.13,61.63,67.46,71.79,75.17,78.15,81.09,84,87.59,95.15
Bulgaria,BGR,2000,12.57,52.39,61.66,67.35,71.6,74.97,77.98,80.74,83.84,87.41,94.73
Bulgaria,BGR,2001,13.01,52.67,61.85,67.6,71.92,75.31,78.33,81.09,84.21,87.84,95.24
Bulgaria,BGR,2002,14.13,53,62.11,67.89,72.12,75.52,78.48,81.28,84.27,87.78,95.09
Bulgaria,BGR,2003,15.54,53.32,62.32,68,72.24,75.69,78.66,81.45,84.45,88.02,95.32
Bulgaria,BGR,2004,14.66,53.13,62.27,68.13,72.47,75.97,78.98,81.79,84.69,88.46,95.73
Bulgaria,BGR,2005,17.17,53.25,62.14,67.92,72.22,75.75,78.76,81.63,84.53,88.37,95.83
Bulgaria,BGR,2006,17.34,53.27,62.21,68.07,72.42,75.89,78.92,81.75,84.65,88.47,96.04
Bulgaria,BGR,2007,18.38,53.71,62.56,68.4,72.75,76.19,79.19,81.96,84.87,88.53,95.9
Bulgaria,BGR,2008,18.05,53.8,62.88,68.79,73.12,76.61,79.61,82.35,85.22,88.74,96.23
Bulgaria,BGR,2009,18.91,54.12,63.11,68.95,73.37,76.93,79.97,82.76,85.66,89.22,96.61
Bulgaria,BGR,2010,19.18,54.42,63.39,69.23,73.65,77.11,80.07,82.83,85.67,89.12,96.24
Bulgaria,BGR,2011,20.92,54.84,63.58,69.46,73.85,77.34,80.31,83.08,85.9,89.41,96.69
Bulgaria,BGR,2012,21.04,55.3,63.86,69.64,73.97,77.42,80.39,83.13,85.92,89.41,96.57
Bulgaria,BGR,2013,21.54,55.43,64.22,69.96,74.46,77.96,80.95,83.69,86.54,90.05,97.49
Bulgaria,BGR,2014,22.71,54.94,63.61,69.43,74,77.63,80.64,83.43,86.31,89.8,97.02
Bulgaria,BGR,2015,23.01,55.37,63.82,69.63,74.03,77.69,80.72,83.48,86.3,89.74,96.57
Bulgaria,BGR,2016,24.05,55.36,63.76,69.59,74.15,77.86,80.93,83.82,86.71,90.13,97.07
Bulgaria,BGR,2017,24.17,55.42,63.92,69.6,74.08,77.77,80.84,83.67,86.53,89.96,96.86
Bulgaria,BGR,2018,23.91,55.55,63.9,69.68,74.19,77.85,81.01,83.89,86.77,90.24,97.11
Bulgaria,BGR,2019,24.13,55.75,64.09,69.76,74.29,77.98,81.17,84.02,86.9,90.34,97.32
Bulgaria,BGR,2020,25.86,54.58,62.45,67.86,72.23,75.9,79.27,82.38,85.52,89.15,96.19
Bulgaria,BGR,2021,23.44,52.73,60.59,65.79,69.9,73.49,76.82,80.01,83.32,87.22,94.54
Canada,CAN,1921,0.09,14.36,41.43,56.21,64.22,69.43,73.72,77.51,81.59,86.3,95.81
Canada,CAN,1922,0.09,15.45,42.1,56.53,64.34,69.41,73.56,77.26,81.11,85.71,95.27
Canada,CAN,1923,0.1,14.86,41.93,56.47,64.01,69.07,73.23,76.89,80.59,85.26,94.45
Canada,CAN,1924,0.11,18.85,45.05,58.32,65.36,70.16,74.27,77.86,81.78,86.24,95.53
Canada,CAN,1925,0.11,20.54,46.39,59.03,65.73,70.4,74.41,77.86,81.73,86.16,95.44
Canada,CAN,1926,0.1,17.68,44.18,57.76,64.89,69.73,73.65,77.04,80.69,85.26,94.41
Canada,CAN,1927,0.11,18.62,44.8,58.03,65.06,69.92,74.06,77.55,81.41,85.98,95.14
Canada,CAN,1928,0.11,20.09,44.99,57.76,64.74,69.64,73.65,77.14,80.78,85.36,94.07
Canada,CAN,1929,0.11,18.14,43.87,57.35,64.46,69.3,73.37,76.97,80.56,85.08,94.04
Canada,CAN,1930,0.11,20.48,46.09,58.43,65.34,70.15,74.22,77.8,81.53,85.95,94.93
Canada,CAN,1931,0.11,23.96,48.91,59.85,66.22,71.01,74.89,78.34,82.19,86.56,95.77
Canada,CAN,1932,0.14,27.59,50.54,60.57,66.66,71.08,74.74,78.04,81.73,85.92,94.7
Canada,CAN,1933,0.15,30.16,52.01,61.53,67.12,71.54,75.07,78.42,82.06,86.36,95.24
Canada,CAN,1934,0.15,30.86,52.64,61.72,67.26,71.74,75.26,78.68,82.45,86.73,95.89
Canada,CAN,1935,0.15,29.79,51.95,61.41,67.06,71.55,75.05,78.5,82.2,86.51,95.33
Canada,CAN,1936,0.16,30.76,52.29,61.43,67.03,71.43,74.98,78.4,82.1,86.33,95.39
Canada,CAN,1937,0.14,26.68,50.52,60.55,66.46,71.01,74.76,78.16,81.84,86.14,95.17
Canada,CAN,1938,0.16,32.8,53.49,62.25,67.78,71.99,75.44,78.79,82.48,86.85,95.74
Canada,CAN,1939,0.17,34.9,54.36,62.62,67.87,72.01,75.44,78.68,82.22,86.39,95.02
Canada,CAN,1940,0.18,36.24,54.71,62.69,67.89,71.96,75.42,78.68,82.16,86.38,94.87
Canada,CAN,1941,0.17,35.5,54.35,62.55,67.82,72.01,75.46,78.67,82.22,86.36,94.94
Canada,CAN,1942,0.19,37.51,55.28,63.05,68.24,72.36,75.8,79.03,82.59,86.79,95.95
Canada,CAN,1943,0.2,37.88,55.4,63.05,68.13,72.2,75.57,78.74,82.24,86.26,94.48
Canada,CAN,1944,0.21,39.99,56.35,63.72,68.62,72.6,75.97,79.19,82.77,86.88,95.29
Canada,CAN,1945,0.23,42.45,57.24,64.27,69.13,73.02,76.35,79.56,83.13,87.29,96.04
Canada,CAN,1946,0.23,42.71,57.53,64.48,69.26,73.19,76.6,79.84,83.41,87.49,96.1
Canada,CAN,1947,0.24,44.02,57.94,64.63,69.39,73.28,76.66,79.95,83.47,87.46,96.06
Canada,CAN,1948,0.27,45.32,58.31,64.78,69.59,73.4,76.77,79.95,83.4,87.38,95.69
Canada,CAN,1949,0.28,46.21,58.84,65.05,69.75,73.48,76.81,80.04,83.46,87.45,95.73
Canada,CAN,1950,0.31,47.87,59.46,65.52,70.08,73.81,77.1,80.26,83.63,87.55,95.99
Canada,CAN,1951,0.34,48.1,59.54,65.66,70.33,74.05,77.15,80.25,83.6,87.54,95.83
Canada,CAN,1952,0.33,48.24,59.59,65.76,70.44,74.22,77.5,80.69,84.02,88.08,96.47
Canada,CAN,1953,0.35,49.16,60.08,66.11,70.66,74.37,77.59,80.72,84.09,88.1,96.44
Canada,CAN,1954,0.4,50.6,61.02,66.8,71.32,74.9,78.12,81.26,84.58,88.56,96.85
Canada,CAN,1955,0.41,50.95,61.22,66.97,71.41,74.92,78.01,81.13,84.39,88.39,96.68
Canada,CAN,1956,0.4,51.02,61.16,66.94,71.39,74.91,78.03,81.1,84.4,88.43,96.53
Canada,CAN,1957,0.43,50.76,60.9,66.62,71.06,74.74,77.89,81.04,84.37,88.46,96.76
Canada,CAN,1958,0.48,51.69,61.49,67.22,71.61,75.17,78.31,81.51,84.73,88.69,96.89
Canada,CAN,1959,0.55,51.79,61.61,67.28,71.55,75.02,78.17,81.25,84.49,88.5,96.68
Canada,CAN,1960,0.61,52.08,61.77,67.47,71.8,75.28,78.42,81.56,84.83,88.82,97.06
Canada,CAN,1961,0.65,52.45,61.92,67.65,71.95,75.41,78.58,81.75,84.96,89.02,97.2
Canada,CAN,1962,0.65,52.33,61.89,67.7,72.03,75.5,78.68,81.86,85.07,88.98,97.18
Canada,CAN,1963,0.73,52.43,62.04,67.66,72,75.49,78.6,81.74,84.91,88.86,96.85
Canada,CAN,1964,0.99,52.66,62.13,67.78,72.16,75.68,78.85,82.05,85.27,89.33,97.54
Canada,CAN,1965,2.22,52.71,62.2,67.87,72.23,75.73,78.86,82.04,85.22,89.2,97.2
Canada,CAN,1966,2.34,52.65,62.19,67.86,72.26,75.9,79.09,82.27,85.5,89.4,97.3
Canada,CAN,1967,2.46,52.72,62.27,67.91,72.38,76.09,79.26,82.45,85.73,89.7,97.83
Canada,CAN,1968,3.19,53.05,62.5,68.1,72.46,76.13,79.32,82.45,85.7,89.66,97.37
Canada,CAN,1969,3.64,52.95,62.53,68.22,72.56,76.18,79.46,82.65,85.9,89.88,97.73
Canada,CAN,1970,4.23,53.16,62.65,68.36,72.65,76.32,79.61,82.79,86.09,90.19,98.36
Canada,CAN,1971,5.33,53.37,62.94,68.7,73.04,76.67,79.93,83.04,86.25,90.2,98.27
Canada,CAN,1972,5.58,53.17,62.82,68.55,72.81,76.5,79.78,82.94,86.16,90.16,98.12
Canada,CAN,1973,7.3,53.28,62.86,68.7,73.08,76.72,79.92,83.08,86.3,90.27,98.09
Canada,CAN,1974,8.1,53.44,63.04,68.76,73.07,76.7,79.95,83.1,86.34,90.28,98.24
Canada,CAN,1975,8.36,53.65,63.24,68.98,73.32,76.96,80.21,83.36,86.61,90.65,98.61
Canada,CAN,1976,11.81,54.35,63.65,69.34,73.61,77.19,80.41,83.54,86.77,90.75,98.62
Canada,CAN,1977,13.48,54.35,63.78,69.49,73.77,77.39,80.72,83.9,87.15,91.27,99.39
Canada,CAN,1978,13.78,54.8,64.11,69.77,74.09,77.71,80.97,84.13,87.4,91.43,99.52
Canada,CAN,1979,15.22,55.01,64.42,70.06,74.41,78.05,81.28,84.43,87.73,91.81,100.02
Canada,CAN,1980,15.71,55.63,64.87,70.37,74.58,78.1,81.31,84.42,87.71,91.77,99.63
Canada,CAN,1981,16.79,56.1,65.16,70.69,74.94,78.47,81.65,84.72,87.99,92.03,100.26
Canada,CAN,1982,17.74,56.72,65.53,70.9,75.01,78.54,81.64,84.75,87.96,92.01,100.01
Canada,CAN,1983,18.4,57.18,65.98,71.3,75.34,78.79,81.94,84.99,88.24,92.3,100.2
Canada,CAN,1984,18.75,57.63,66.24,71.55,75.64,79.06,82.15,85.2,88.47,92.42,100.44
Canada,CAN,1985,19.04,57.6,66.3,71.65,75.64,79.08,82.19,85.17,88.36,92.2,100.05
Canada,CAN,1986,19.13,57.8,66.54,71.83,75.84,79.22,82.23,85.21,88.4,92.3,100.24
Canada,CAN,1987,19.32,58.16,66.77,72.11,76.13,79.5,82.53,85.53,88.67,92.57,100.27
Canada,CAN,1988,19.67,58.56,66.96,72.25,76.23,79.58,82.58,85.49,88.57,92.39,100.23
Canada,CAN,1989,19.89,58.66,67.18,72.54,76.53,79.88,82.84,85.74,88.85,92.68,100.57
Canada,CAN,1990,20.61,58.93,67.56,72.87,76.87,80.18,83.11,85.99,89.1,92.91,100.6
Canada,CAN,1991,21.04,59.22,67.72,73.07,76.98,80.29,83.26,86.11,89.18,92.88,100.55
Canada,CAN,1992,21.8,59.35,67.97,73.31,77.29,80.54,83.48,86.35,89.36,93.14,100.67
Canada,CAN,1993,22.02,59.42,67.98,73.22,77.18,80.42,83.3,86.14,89.14,92.96,100.42
Canada,CAN,1994,21.96,59.68,68.17,73.43,77.39,80.62,83.49,86.3,89.31,93.04,100.44
Canada,CAN,1995,22.6,59.8,68.38,73.61,77.54,80.74,83.6,86.36,89.34,93.01,100.52
Canada,CAN,1996,23.49,60.23,68.67,73.8,77.71,80.91,83.75,86.53,89.48,93.08,100.52
Canada,CAN,1997,23.23,60.66,69,74.12,77.93,81.1,83.87,86.61,89.51,93.07,100.38
Canada,CAN,1998,24.24,60.99,69.3,74.33,78.15,81.27,84.04,86.75,89.59,93.15,100.4
Canada,CAN,1999,24.34,61.14,69.56,74.63,78.44,81.51,84.29,86.94,89.75,93.26,100.42
Canada,CAN,2000,25.04,61.46,69.86,74.92,78.75,81.82,84.61,87.26,90.11,93.65,100.65
Canada,CAN,2001,25.35,61.71,70.11,75.22,79.04,82.09,84.86,87.5,90.31,93.73,100.73
Canada,CAN,2002,25.79,61.9,70.21,75.37,79.15,82.25,84.97,87.58,90.37,93.81,100.73
Canada,CAN,2003,25.79,61.97,70.49,75.55,79.35,82.43,85.19,87.78,90.54,93.96,100.93
Canada,CAN,2004,26.5,62.24,70.78,75.89,79.68,82.72,85.44,88.04,90.79,94.19,101.06
Canada,CAN,2005,25.89,62.38,70.98,76.06,79.85,82.88,85.58,88.19,90.88,94.3,101.17
Canada,CAN,2006,26.46,62.74,71.34,76.5,80.24,83.29,86.01,88.59,91.28,94.62,101.46
Canada,CAN,2007,26.58,62.78,71.36,76.52,80.28,83.32,86.01,88.56,91.25,94.57,101.38
Canada,CAN,2008,27.42,62.88,71.6,76.75,80.5,83.49,86.17,88.69,91.39,94.7,101.5
Canada,CAN,2009,28.04,63.24,71.97,77.13,80.82,83.8,86.44,89.01,91.68,95.03,101.88
Canada,CAN,2010,28.22,63.61,72.3,77.48,81.14,84.08,86.7,89.27,91.92,95.15,101.91
Canada,CAN,2011,28.35,63.84,72.49,77.63,81.31,84.26,86.89,89.39,92.01,95.3,102.02
Canada,CAN,2012,28.61,63.91,72.66,77.86,81.52,84.45,87.07,89.57,92.19,95.48,102.23
Canada,CAN,2013,28.87,64.05,72.74,77.93,81.62,84.55,87.15,89.69,92.3,95.52,102.17
Canada,CAN,2014,28.98,64.02,72.76,77.98,81.65,84.62,87.25,89.71,92.32,95.57,102.18
Canada,CAN,2015,28.38,64.06,72.86,78.04,81.77,84.68,87.29,89.79,92.38,95.62,102.39
Canada,CAN,2016,28.13,63.98,72.87,78.12,81.89,84.89,87.53,90.03,92.65,95.9,102.7
Canada,CAN,2017,27.55,63.8,72.85,78.08,81.9,84.87,87.49,89.96,92.52,95.72,102.26
Canada,CAN,2018,27.14,63.82,72.95,78.18,81.95,84.94,87.52,89.97,92.53,95.71,102.24
Canada,CAN,2019,28.23,64.3,73.26,78.53,82.25,85.24,87.82,90.25,92.79,95.97,102.54
Canada,CAN,2020,27.06,63.03,72.56,77.97,81.78,84.81,87.41,89.85,92.38,95.52,102.02
Canada,CAN,2021,26.69,62.4,72.12,77.69,81.65,84.81,87.52,90.03,92.65,95.93,102.65
Canada,CAN,2022,26.41,62.52,71.99,77.5,81.33,84.45,87.12,89.57,92.13,95.29,101.75
Canada,CAN,2023,26.97,62.93,72.56,78.07,81.92,85.02,87.67,90.16,92.7,95.9,102.53
Chile,CHL,1992,10.85,55.37,64.93,70.38,74.44,77.8,80.97,83.99,87.23,91.24,99.4
Chile,CHL,1993,13.69,55.4,64.9,70.43,74.52,77.82,80.93,83.93,87.14,91.14,99.29
Chile,CHL,1994,15.3,55.35,65.02,70.66,74.76,78.31,81.39,84.51,87.74,91.73,100.33
Chile,CHL,1995,15.4,55.24,64.7,70.45,74.48,78.11,81.27,84.39,87.63,91.68,100.13
Chile,CHL,1996,16.71,55.55,65.15,70.86,74.88,78.41,81.53,84.6,87.83,91.89,100.57
Chile,CHL,1997,17.72,56.2,65.92,71.52,75.53,79.08,82.19,85.14,88.25,92,99.8
Chile,CHL,1998,17.84,56.81,66.23,71.79,75.71,79.12,82.21,85.2,88.19,91.85,99.58
Chile,CHL,1999,19.04,57.24,66.66,72.05,76.07,79.29,82.26,85.08,88.07,91.79,98.99
Chile,CHL,2000,19.59,57.74,67.18,72.56,76.6,79.89,83.05,85.99,89.02,92.65,99.75
Chile,CHL,2001,18.9,57.4,66.85,72.27,76.49,79.81,82.9,85.88,88.95,92.74,100.43
Chile,CHL,2002,19.77,58.14,67.45,72.71,76.81,80.17,83.23,86.25,89.42,93.33,101.04
Chile,CHL,2003,20.51,58.29,67.47,72.83,76.93,80.25,83.26,86.25,89.34,93.17,100.75
Chile,CHL,2004,20.13,58.62,67.84,73.06,77.07,80.35,83.35,86.27,89.25,92.99,100.44
Chile,CHL,2005,20.85,59.21,68.2,73.51,77.37,80.64,83.62,86.54,89.55,93.3,100.9
Chile,CHL,2006,21.29,59.45,68.47,73.87,77.79,81.06,84.04,86.94,90.08,93.75,101.3
Chile,CHL,2007,21.28,59.15,68.03,73.6,77.44,80.62,83.5,86.28,89.3,92.99,100.28
Chile,CHL,2008,21.02,59.39,68.42,74.05,78.03,81.21,84.08,87.02,90.06,93.84,101.52
Chile,CHL,2009,21.39,59.53,68.69,74.39,78.31,81.37,84.25,87.06,90.1,93.87,101.52
Chile,CHL,2010,22.05,59.7,68.75,74.24,78.14,81.12,83.82,86.57,89.51,93.22,100.51
Chile,CHL,2011,22.54,60.27,69.28,74.82,78.78,81.72,84.41,87.19,90.17,93.86,101.7
Chile,CHL,2012,23.25,60.55,69.5,74.83,78.76,81.82,84.35,86.99,89.9,93.61,101.08
Chile,CHL,2013,23.29,60.55,69.57,74.94,78.99,82.2,84.69,87.31,90.14,93.78,101.14
Chile,CHL,2014,23.33,60.86,69.78,75.15,79.19,82.43,84.9,87.32,90.17,93.73,101.09
Chile,CHL,2015,23.73,60.86,69.94,75.37,79.41,82.67,85.23,87.55,90.26,93.81,101.32
Chile,CHL,2016,23.91,61.34,70.36,75.78,79.71,82.97,85.66,87.88,90.47,93.84,101.17
Chile,CHL,2017,24.38,61.67,70.75,76.07,80.01,83.2,86.01,88.06,90.35,93.55,100.62
Chile,CHL,2018,24.49,61.82,70.97,76.32,80.3,83.47,86.31,88.43,90.68,93.74,100.57
Chile,CHL,2019,23.96,61.75,70.92,76.35,80.28,83.56,86.42,88.83,90.85,93.67,100.2
Chile,CHL,2020,25.08,60.35,69.34,74.77,78.87,82.17,85.13,88.01,90.3,92.86,98.99
Croatia,HRV,2001,21.35,55.88,64.75,70.04,73.95,77.29,80.23,83.11,86.09,89.76,97.01
Croatia,HRV,2002,22.24,56.35,65.02,70.23,74.08,77.36,80.24,83,86.09,89.62,96.96
Croatia,HRV,2003,22.58,56.35,65.11,70.3,74.1,77.21,80.12,82.84,85.74,89.26,96.42
Croatia,HRV,2004,23.82,56.97,65.88,71.04,74.77,77.91,80.82,83.6,86.63,90.06,97.44
Croatia,HRV,2005,24.17,56.81,65.63,71,74.82,77.98,80.78,83.39,86.23,89.82,96.88
Croatia,HRV,2006,24.48,57.31,66.27,71.61,75.38,78.5,81.25,83.86,86.65,90.34,97.61
Croatia,HRV,2007,23.78,57.24,66.12,71.46,75.36,78.37,81.14,83.79,86.54,90.01,97.06
Croatia,HRV,2008,24.63,57.21,65.97,71.53,75.46,78.62,81.32,83.98,86.85,90.4,97.46
Croatia,HRV,2009,25.12,57.97,66.6,71.99,75.85,78.84,81.55,84.09,86.86,90.32,97.73
Croatia,HRV,2010,27.89,58.56,66.95,72.29,76.12,79.12,81.76,84.37,87.18,90.56,97.86
Croatia,HRV,2011,28.34,58.89,67.42,72.79,76.64,79.65,82.3,84.81,87.53,90.93,98.02
Croatia,HRV,2012,29.92,59.04,67.47,72.93,76.74,79.79,82.37,84.87,87.59,90.99,97.9
Croatia,HRV,2013,29.14,59.74,68.09,73.4,77.2,80.24,82.88,85.36,88.08,91.38,98.34
Croatia,HRV,2014,31.62,59.94,68.18,73.6,77.43,80.4,82.98,85.5,88.21,91.49,98.57
Croatia,HRV,2015,30.23,59.7,67.77,73.1,76.96,80.04,82.71,85.16,87.73,90.92,97.86
Croatia,HRV,2016,31.45,60.6,68.45,73.71,77.65,80.7,83.27,85.71,88.3,91.6,98.6
Croatia,HRV,2017,30.57,60.43,68.22,73.57,77.4,80.47,83.1,85.59,88.16,91.32,98
Croatia,HRV,2018,31.61,60.43,68.34,73.74,77.69,80.78,83.46,85.9,88.45,91.6,98.46
Croatia,HRV,2019,31.56,60.73,68.74,74.03,77.93,81.1,83.72,86.22,88.77,91.94,98.81
Croatia,HRV,2020,31.39,60.62,68.13,73.16,77,80.14,82.87,85.46,88.1,91.19,97.88
Czechia,CZE,1950,0.17,42.1,56.77,63.51,68.12,71.76,74.94,78,81.15,85.03,92.96
Czechia,CZE,1951,0.21,44.58,57.57,63.95,68.42,72.01,75.12,78.05,81.16,84.99,92.67
Czechia,CZE,1952,0.29,47.47,58.84,64.9,69.21,72.66,75.74,78.55,81.64,85.36,92.81
Czechia,CZE,1953,0.41,48.8,59.42,65.15,69.27,72.63,75.57,78.41,81.32,84.93,92.33
Czechia,CZE,1954,0.52,50.05,59.85,65.4,69.27,72.52,75.47,78.28,81.17,84.77,92.27
Czechia,CZE,1955,0.61,50.77,60.38,65.94,69.98,73.27,76.23,79.14,82.2,85.91,93.79
Czechia,CZE,1956,0.73,51.54,60.82,66.27,70.25,73.51,76.47,79.33,82.31,85.94,93.25
Czechia,CZE,1957,0.81,51.42,60.61,66,69.91,73.11,76.06,78.86,81.81,85.49,92.9
Czechia,CZE,1958,1.08,52.43,61.57,66.81,70.66,73.84,76.77,79.52,82.46,86.1,93.6
Czechia,CZE,1959,1.92,52.45,61.29,66.56,70.36,73.58,76.49,79.32,82.28,85.93,93.07
Czechia,CZE,1960,2.59,52.67,61.67,66.97,70.86,74.14,77.11,79.94,82.86,86.53,94.08
Czechia,CZE,1961,2.85,53,61.93,67.16,71.08,74.27,77.2,80.01,82.91,86.59,94.08
Czechia,CZE,1962,1.96,52.79,61.55,66.65,70.47,73.65,76.48,79.2,82.09,85.66,92.78
Czechia,CZE,1963,2.34,52.88,61.82,66.91,70.85,74.09,77.03,79.87,82.84,86.45,94.02
Czechia,CZE,1964,3.09,53.27,61.94,66.95,70.82,74.03,77.01,79.85,82.8,86.56,94.24
Czechia,CZE,1965,2.17,52.77,61.85,66.92,70.75,74.02,76.94,79.83,82.78,86.52,94.16
Czechia,CZE,1966,2.6,52.92,62.01,67.02,70.86,74.1,77.03,79.88,82.9,86.67,94.28
Czechia,CZE,1967,2.38,52.66,61.8,66.87,70.66,73.94,76.95,79.84,82.83,86.57,94.29
Czechia,CZE,1968,3.15,52.15,61.38,66.47,70.37,73.65,76.6,79.43,82.38,86.02,93.72
Czechia,CZE,1969,2.32,51.31,60.82,65.94,69.76,73,75.97,78.96,82.12,85.98,93.72
Czechia,CZE,1970,3.56,51.38,60.8,65.97,69.79,73.01,75.94,78.84,81.93,85.75,93.4
Czechia,CZE,1971,3.18,51.61,61.05,66.21,69.97,73.19,76.16,79.08,82.18,86.02,93.79
Czechia,CZE,1972,4.53,52.26,61.42,66.58,70.41,73.69,76.71,79.58,82.61,86.42,94.19
Czechia,CZE,1973,3.97,52.45,61.41,66.52,70.32,73.52,76.44,79.29,82.3,86.04,93.67
Czechia,CZE,1974,5.1,52.48,61.45,66.59,70.36,73.51,76.41,79.23,82.27,86.01,93.6
Czechia,CZE,1975,6.19,52.86,61.7,66.88,70.66,73.84,76.78,79.58,82.57,86.28,93.84
Czechia,CZE,1976,7.18,53.01,61.76,66.99,70.75,73.94,76.82,79.64,82.65,86.35,93.67
Czechia,CZE,1977,7.5,53.04,61.76,66.91,70.73,73.93,76.86,79.67,82.67,86.41,93.85
Czechia,CZE,1978,9.74,53.04,61.53,66.82,70.68,73.88,76.81,79.64,82.65,86.45,94.06
Czechia,CZE,1979,10.9,53.1,61.53,66.78,70.69,73.93,76.84,79.67,82.68,86.46,94.09
Czechia,CZE,1980,10.23,52.73,61.07,66.39,70.27,73.44,76.36,79.18,82.12,85.85,93.31
Czechia,CZE,1981,12.85,53.09,61.37,66.63,70.62,73.85,76.77,79.56,82.56,86.29,94.06
Czechia,CZE,1982,13.66,53.21,61.66,66.74,70.65,73.9,76.81,79.58,82.55,86.36,93.9
Czechia,CZE,1983,13.72,52.9,61.28,66.44,70.34,73.64,76.57,79.37,82.39,86.1,93.66
Czechia,CZE,1984,15.63,53.19,61.4,66.56,70.51,73.85,76.78,79.61,82.61,86.34,93.88
Czechia,CZE,1985,16.95,53.29,61.6,66.58,70.66,73.94,76.88,79.69,82.71,86.41,94.06
Czechia,CZE,1986,16.72,53.31,61.5,66.55,70.59,73.87,76.84,79.68,82.69,86.37,93.92
Czechia,CZE,1987,17.6,53.6,61.88,66.94,70.93,74.31,77.27,80.14,83.17,86.9,94.53
Czechia,CZE,1988,18.16,53.71,61.96,67.06,71.05,74.4,77.46,80.31,83.4,87.15,94.93
Czechia,CZE,1989,19.06,53.78,62.01,67.09,70.99,74.36,77.36,80.28,83.29,86.99,94.42
Czechia,CZE,1990,18.54,53.04,61.5,66.67,70.65,74.15,77.18,80.16,83.25,87.05,94.62
Czechia,CZE,1991,18.44,53.54,62,67.28,71.27,74.75,77.79,80.74,83.74,87.5,94.89
Czechia,CZE,1992,19.14,53.76,62.23,67.55,71.61,75.12,78.16,81.12,84.21,87.95,95.5
Czechia,CZE,1993,19.86,54.55,62.93,68.21,72.13,75.53,78.54,81.43,84.46,88.12,95.49
Czechia,CZE,1994,19.8,54.57,63.12,68.44,72.39,75.77,78.81,81.64,84.62,88.24,95.5
Czechia,CZE,1995,20.42,54.76,63.29,68.52,72.47,75.76,78.82,81.67,84.66,88.28,95.55
Czechia,CZE,1996,22.44,55.36,63.73,69.03,72.99,76.28,79.28,82.15,85.18,88.88,96.19
Czechia,CZE,1997,22.18,55.29,63.84,69.12,73.13,76.44,79.51,82.39,85.38,89.03,96.12
Czechia,CZE,1998,23.55,56.11,64.55,69.77,73.72,76.96,79.93,82.83,85.76,89.34,96.56
Czechia,CZE,1999,23.93,56.44,64.66,70,73.94,77.19,80.11,82.95,85.84,89.38,96.35
Czechia,CZE,2000,24,56.47,64.94,70.2,74.21,77.46,80.37,83.16,86.02,89.57,96.72
Czechia,CZE,2001,24.7,56.84,65.32,70.6,74.56,77.79,80.64,83.42,86.29,89.83,96.82
Czechia,CZE,2002,24.78,57.09,65.46,70.75,74.69,77.99,80.84,83.5,86.47,89.87,96.88
Czechia,CZE,2003,25.66,57.07,65.42,70.69,74.72,77.92,80.77,83.46,86.28,89.68,96.52
Czechia,CZE,2004,26.26,57.58,65.95,71.25,75.24,78.47,81.33,83.98,86.76,90.23,97.17
Czechia,CZE,2005,26.62,57.85,66.17,71.52,75.5,78.68,81.51,84.13,86.92,90.33,97.13
Czechia,CZE,2006,28.26,58.37,66.63,72.07,76.05,79.27,82.09,84.73,87.4,90.85,97.66
Czechia,CZE,2007,27.64,58.58,66.82,72.23,76.25,79.47,82.33,84.95,87.66,91.12,97.89
Czechia,CZE,2008,28.37,58.67,66.92,72.49,76.52,79.77,82.57,85.16,87.87,91.33,98.04
Czechia,CZE,2009,29.26,59.06,67.18,72.57,76.63,79.84,82.61,85.22,87.86,91.17,97.86
Czechia,CZE,2010,29.2,59.38,67.44,72.88,76.91,80.14,82.91,85.49,88.16,91.41,98.34
Czechia,CZE,2011,29.86,59.65,67.71,73.06,77.14,80.38,83.11,85.7,88.4,91.67,98.59
Czechia,CZE,2012,30.89,60.05,67.98,73.34,77.36,80.54,83.25,85.83,88.49,91.75,98.38
Czechia,CZE,2013,30.53,60.45,68.21,73.44,77.39,80.66,83.41,85.94,88.62,91.86,98.44
Czechia,CZE,2014,31.6,61.01,68.82,74.1,78.06,81.23,83.96,86.52,89.15,92.34,99.13
Czechia,CZE,2015,31.76,61.16,68.88,73.92,77.87,81.03,83.71,86.23,88.84,92.02,98.38
Czechia,CZE,2016,31.41,61.38,69.25,74.32,78.24,81.46,84.22,86.72,89.35,92.59,99.31
Czechia,CZE,2017,31.51,61.41,69.25,74.28,78.25,81.43,84.14,86.66,89.26,92.37,98.96
Czechia,CZE,2018,31.41,61.39,69.24,74.29,78.26,81.46,84.22,86.74,89.32,92.55,98.94
Czechia,CZE,2019,31.16,61.61,69.51,74.62,78.52,81.7,84.46,86.98,89.56,92.76,99.3
Czechia,CZE,2020,32.51,61.14,68.84,73.73,77.43,80.53,83.19,85.74,88.37,91.51,97.88
Czechia,CZE,2021,32.19,59.78,67.33,72.25,76.04,79.26,82.22,85.03,87.84,91.15,97.85
Denmark,DNK,1835,0.05,0.8,3.93,18.66,35.81,48.44,58.48,65.96,72.55,79.53,90.75
Denmark,DNK,1836,0.05,0.87,6.73,25.99,39.86,51,60.01,66.66,72.87,79.32,89.91
Denmark,DNK,1837,0.06,1.12,11.43,30.46,43.1,52.96,60.74,66.6,72.24,78.35,88.56
Denmark,DNK,1838,0.06,1.31,14.01,32.73,45.45,54.73,61.98,67.9,73.47,79.69,90.14
Denmark,DNK,1839,0.06,0.95,7.81,28.9,43.86,54.21,62.04,68.42,73.7,80.37,91.07
Denmark,DNK,1840,0.05,0.91,7.4,26.77,42.2,53.59,61.73,68.06,73.47,79.78,90.07
Denmark,DNK,1841,0.05,1.03,11.45,31.95,45.58,55.64,63,69.14,74.31,80.16,90.59
Denmark,DNK,1842,0.05,1.05,12.45,32.18,45.46,55.42,62.59,68.5,73.71,79.72,90.06
Denmark,DNK,1843,0.06,1.49,18.48,34.73,47.08,56.45,63.17,68.74,73.76,79.78,90.83
Denmark,DNK,1844,0.06,1.4,17.39,35.41,47.91,56.84,63.5,69.13,74.07,79.82,89.87
Denmark,DNK,1845,0.06,1.14,13.06,32.82,46.62,56.73,63.78,69.69,74.88,80.65,90.97
Denmark,DNK,1846,0.05,0.75,7.41,26.72,42.36,53.81,61.99,68.16,73.63,79.81,90.06
Denmark,DNK,1847,0.05,0.79,6.73,26.56,42.31,53.74,61.59,67.59,72.9,78.53,89.08
Denmark,DNK,1848,0.05,0.86,5.97,25.34,42.2,54,61.94,68.2,73.48,79.42,90.26
Denmark,DNK,1849,0.05,0.89,6.25,23.45,38.76,51.06,59.9,66.48,72.33,78.47,89.43
Denmark,DNK,1850,0.06,1.35,12.24,31.71,46.55,56.5,63.93,69.89,74.86,80.6,91.68
Denmark,DNK,1851,0.06,1.33,15.55,34.99,48.96,58.16,64.88,70.83,75.64,81.33,91.15
Denmark,DNK,1852,0.05,0.94,10.18,32.31,46.89,56.91,64.1,70.17,75.09,80.7,90.37
Denmark,DNK,1853,0.05,0.83,6.44,25.4,38.96,49.18,57.01,64.16,70.38,76.74,87.76
Denmark,DNK,1854,0.06,1.46,13.95,34.23,48.57,58.5,65.2,70.9,75.86,81.42,91.54
Denmark,DNK,1855,0.08,2.38,19.42,36.4,49.09,57.87,64.24,69.46,74.05,79.13,88.16
Denmark,DNK,1856,0.08,2.12,16.68,35.85,49.67,58.94,65.53,70.88,75.62,81.03,90.86
Denmark,DNK,1857,0.07,1.3,7.51,26.29,42.5,54.2,62.45,68.58,73.99,79.6,89.56
Denmark,DNK,1858,0.07,1.22,4.32,15.89,35.7,50.5,60.43,67.45,73.34,79.54,90.22
Denmark,DNK,1859,0.08,1.71,8.6,30.02,45.91,56.39,64.12,69.89,75.11,80.83,90.96
Denmark,DNK,1860,0.08,1.67,12.68,32.69,47.31,57.44,64.25,69.77,74.79,80.36,90
Denmark,DNK,1861,0.08,2.43,20.13,38,51.27,60.02,66.11,71.34,75.91,81.21,90.42
Denmark,DNK,1862,0.08,2.08,20.11,38.21,51.72,60.17,66.14,71.5,75.97,81.35,90.32
Denmark,DNK,1863,0.08,2.27,19.19,37.47,50.97,60.19,66.27,71.37,76.06,81.74,90.91
Denmark,DNK,1864,0.07,1.08,5.38,21.46,36.02,50.27,60.16,66.77,72.89,79.17,89.93
Denmark,DNK,1865,0.07,1.13,4.65,15.93,34.57,49.92,60.26,67.42,73.46,79.71,90.1
Denmark,DNK,1866,0.08,1.52,5.96,22.2,40.93,54.49,63.46,69.77,75.27,81.04,91.33
Denmark,DNK,1867,0.08,1.64,9.63,29.78,46.38,57.91,65.13,70.66,75.73,80.89,90.14
Denmark,DNK,1868,0.07,1.7,13.67,33.24,48.63,58.79,65.76,71.18,76.26,81.86,91.5
Denmark,DNK,1869,0.08,1.97,12.88,33.04,48.66,58.67,65.56,70.83,75.69,81.35,91.04
Denmark,DNK,1870,0.08,1.7,14.14,34.22,48.5,58.63,65.5,71.03,75.93,81.56,91.49
Denmark,DNK,1871,0.08,2.06,16.46,34.48,48.23,58.24,65.01,70.46,75.14,80.72,90.29
Denmark,DNK,1872,0.08,2.51,20.34,37.1,50.53,59.67,66.04,71.48,76.39,82.13,91.79
Denmark,DNK,1873,0.08,2.46,20.38,37.47,50.67,59.57,65.91,71.09,75.91,81.47,91.31
Denmark,DNK,1874,0.07,1.78,19.04,36.15,49.19,58.33,65.11,70.26,75.11,80.51,90.19
Denmark,DNK,1875,0.07,1.29,15.03,32.92,46.98,57.04,64.38,69.8,74.73,80.13,89.83
Denmark,DNK,1876,0.07,1.86,15.64,34.24,48.75,58.69,65.91,71.15,76.23,81.38,91.46
Denmark,DNK,1877,0.08,2.28,17.11,36.06,50.67,60.24,66.96,72.15,77.01,82.14,91.75
Denmark,DNK,1878,0.08,2.1,16.91,36.52,51.59,61.23,67.77,72.72,77.48,82.74,92.35
Denmark,DNK,1879,0.08,1.87,15.34,34.52,49.24,58.95,65.86,71.19,75.99,81.2,90.82
Denmark,DNK,1880,0.07,1.28,10.52,31.06,47.59,58.35,65.73,71.24,76.15,81.42,91.2
Denmark,DNK,1881,0.08,2.66,19.91,38.35,52.02,60.9,67.44,72.4,77.08,82.26,91.32
Denmark,DNK,1882,0.07,1.38,15.09,35.56,50.72,60.86,67.52,72.58,77.31,82.67,91.71
Denmark,DNK,1883,0.07,2.74,22.39,40.17,53.22,61.58,67.66,72.61,77.2,82.33,91.44
Denmark,DNK,1884,0.07,2.33,21.94,39.66,53.13,61.82,67.91,73.04,77.59,82.86,92.26
Denmark,DNK,1885,0.09,3.29,23.16,41.04,54.02,62.43,68.23,73.08,77.61,82.62,91.89
Denmark,DNK,1886,0.08,2.94,22.43,40.3,53.79,62.12,68.18,73.24,77.75,82.93,92.12
Denmark,DNK,1887,0.08,2.23,19.74,39,53.05,62.17,68.41,73.43,77.86,82.96,91.95
Denmark,DNK,1888,0.07,1.68,13.79,34.42,50.13,60.36,67.29,72.45,77.23,82.19,91.06
Denmark,DNK,1889,0.07,2.28,18.44,37.75,52.29,61.41,68.05,73.27,77.87,83.01,92.11
Denmark,DNK,1890,0.08,2.01,15.97,36.21,51.32,60.67,67.35,72.36,77.14,82.34,91.29
Denmark,DNK,1891,0.08,1.96,16.09,36.56,51.11,60.27,66.43,71.5,76.18,80.91,89.48
Denmark,DNK,1892,0.07,1.91,17.22,38.38,52.77,61.43,67.21,71.96,76.35,81.2,89.86
Denmark,DNK,1893,0.07,1.59,15.5,37.1,52.37,61.41,67.86,73.06,77.56,82.59,91.63
Denmark,DNK,1894,0.08,2.36,20.95,41.46,54.96,63.51,69.17,73.98,78.41,83.4,92.08
Denmark,DNK,1895,0.08,3.23,27.46,45.87,57.28,64.65,69.91,74.33,78.38,83.21,91.99
Denmark,DNK,1896,0.08,5.42,32.36,49.22,59.44,66.13,71.08,75.41,79.49,84.06,92.64
Denmark,DNK,1897,0.08,5.07,30.48,47.37,58.17,65,69.96,74.17,78.3,83.11,91.7
Denmark,DNK,1898,0.08,5.53,32.44,49.33,59.6,66.27,71.18,75.35,79.47,84.24,93.06
Denmark,DNK,1899,0.07,3.01,29.68,47.41,57.98,64.98,70.01,74.17,78.3,82.85,91.31
Denmark,DNK,1900,0.08,6.79,32.26,48.19,58.19,64.95,69.7,73.81,77.78,82.27,90.43
Denmark,DNK,1901,0.08,5.98,33.02,49.13,59.36,66.22,71,75.23,79.22,83.86,92.07
Denmark,DNK,1902,0.09,9.68,36.87,51.84,60.9,67.05,71.64,75.72,79.62,84.18,92.54
Denmark,DNK,1903,0.09,11.36,37.59,52.25,61.11,66.91,71.53,75.59,79.48,83.98,92.36
Denmark,DNK,1904,0.09,15.27,39.7,53.79,62.08,67.65,72.18,75.98,79.89,84.41,92.86
Denmark,DNK,1905,0.09,11.19,37.2,52.15,60.91,66.72,71.49,75.28,79.08,83.7,91.78
Denmark,DNK,1906,0.09,17.12,41.01,54.7,62.91,68.33,72.76,76.6,80.46,84.84,93.38
Denmark,DNK,1907,0.1,16.66,40.91,54.58,62.4,67.77,72.03,75.87,79.57,83.76,91.93
Denmark,DNK,1908,0.08,13.01,39.15,53.49,61.96,67.73,71.89,75.76,79.51,83.76,91.96
Denmark,DNK,1909,0.11,19.06,42.63,55.44,63.2,68.57,72.7,76.55,80.07,84.4,92.87
Denmark,DNK,1910,0.11,20.97,44.19,56.54,63.97,69.37,73.37,77.15,80.63,84.94,93.24
Denmark,DNK,1911,0.1,18.19,42.23,55.16,63.07,68.32,72.67,76.53,80.14,84.65,92.8
Denmark,DNK,1912,0.11,20.92,43.79,56.57,63.88,68.96,73.06,76.53,80.07,84.43,92.45
Denmark,DNK,1913,0.12,22.67,45.85,57.78,64.75,69.67,73.68,77.05,80.6,84.73,92.73
Denmark,DNK,1914,0.11,22.27,45.39,57.3,64.34,69.36,73.57,77.09,80.78,84.96,92.97
Denmark,DNK,1915,0.12,23.05,45.28,56.87,64.08,69.21,73.09,76.54,80.08,84.02,92.01
Denmark,DNK,1916,0.11,17.89,41.87,55.3,63.14,68.45,72.65,76.28,79.75,83.83,91.71
Denmark,DNK,1917,0.11,19.07,42.44,56.07,63.64,68.66,72.75,76.32,79.79,83.81,91.6
Denmark,DNK,1918,0.14,19.09,31.01,46.74,59.81,67.33,72.56,76.91,81.07,85.86,94.94
Denmark,DNK,1919,0.12,18.38,36.87,53.43,62.58,68.3,72.86,76.82,80.45,84.75,92.74
Denmark,DNK,1920,0.12,19.27,40.44,55.79,63.76,69.2,73.4,76.95,80.43,84.53,92.38
Denmark,DNK,1921,0.15,28.41,50.72,60.93,66.85,71.23,74.95,78.37,81.73,85.6,93.42
Denmark,DNK,1922,0.13,28.16,50.41,60.11,65.98,70.27,73.92,77.18,80.36,84.29,92.18
Denmark,DNK,1923,0.13,28.44,51.58,61.08,66.68,70.97,74.53,77.75,80.99,84.88,92.93
Denmark,DNK,1924,0.13,26.91,51.18,60.96,66.7,71.09,74.59,77.86,81.23,85.11,92.79
Denmark,DNK,1925,0.14,29.67,51.76,61.47,67.13,71.45,74.89,78.21,81.55,85.56,93.53
Denmark,DNK,1926,0.13,30.66,52.29,61.38,67.06,71.31,74.76,78.04,81.24,85.3,93.15
Denmark,DNK,1927,0.13,29.63,51.58,61.04,66.63,70.83,74.29,77.39,80.59,84.49,91.95
Denmark,DNK,1928,0.13,31.19,52.87,61.72,67.19,71.37,74.73,77.95,81.24,85.26,92.92
Denmark,DNK,1929,0.14,32.56,53.19,61.89,67.32,71.28,74.59,77.68,80.83,84.72,92.27
Denmark,DNK,1930,0.14,32.1,53.2,62.06,67.45,71.51,74.99,78.25,81.64,85.6,93.51
Denmark,DNK,1931,0.14,31.91,52.97,61.66,67.04,71.16,74.46,77.53,80.75,84.64,92.36
Denmark,DNK,1932,0.16,34.01,53.82,62.37,67.57,71.5,74.74,77.81,80.95,84.8,92.93
Denmark,DNK,1933,0.17,36.71,54.56,62.58,67.69,71.67,75.03,78.24,81.58,85.48,93.45
Denmark,DNK,1934,0.17,37.98,55.43,63.09,68.1,72.19,75.38,78.45,81.68,85.65,93.84
Denmark,DNK,1935,0.16,33.97,54.25,62.47,67.73,71.64,74.92,77.94,81.17,85.02,92.69
Denmark,DNK,1936,0.17,37.08,55.02,62.98,67.88,71.75,74.97,77.92,81.06,84.96,92.77
Denmark,DNK,1937,0.17,38.42,55.85,63.31,68.17,71.83,75.13,78.11,81.35,85.27,93.08
Denmark,DNK,1938,0.2,40.62,56.69,63.98,68.7,72.38,75.66,78.68,81.79,85.72,93.39
Denmark,DNK,1939,0.2,43.97,58.05,64.72,69.32,72.82,75.94,78.86,81.92,85.73,93.45
Denmark,DNK,1940,0.24,45.27,58.67,65.03,69.35,72.73,75.73,78.57,81.55,85.14,92.19
Denmark,DNK,1941,0.21,44.76,58.28,64.97,69.47,72.99,76.02,78.86,81.76,85.48,92.79
Denmark,DNK,1942,0.24,45.6,59.24,65.76,70.18,73.66,76.7,79.68,82.67,86.53,94.05
Denmark,DNK,1943,0.27,45.55,59.46,65.91,70.28,73.8,76.83,79.76,82.85,86.66,94.57
Denmark,DNK,1944,0.25,42.47,58.04,65.14,69.66,73.26,76.44,79.47,82.47,86.26,93.95
Denmark,DNK,1945,0.25,39.66,57.03,64.67,69.52,73.23,76.51,79.47,82.59,86.55,93.99
Denmark,DNK,1946,0.27,45.53,59.12,65.61,70.05,73.47,76.64,79.6,82.6,86.33,93.63
Denmark,DNK,1947,0.34,48.25,60.55,66.59,70.83,74.23,77.27,80.09,82.96,86.71,94.01
Denmark,DNK,1948,0.42,49.87,61.77,67.84,72.08,75.41,78.49,81.29,84.37,88.23,96.04
Denmark,DNK,1949,0.43,51.21,62.16,67.89,71.91,75.11,78.03,80.88,83.72,87.53,95.21
Denmark,DNK,1950,0.5,52.03,62.38,67.97,71.93,75.08,77.83,80.51,83.35,86.87,94.02
Denmark,DNK,1951,0.58,52.55,62.84,68.4,72.27,75.44,78.24,80.99,83.89,87.51,95.05
Denmark,DNK,1952,0.55,52.77,62.83,68.4,72.28,75.38,78.19,80.95,83.77,87.43,94.57
Denmark,DNK,1953,0.63,53.35,63.13,68.67,72.55,75.63,78.39,81.06,83.89,87.4,94.54
Denmark,DNK,1954,0.68,53.71,63.32,68.73,72.52,75.67,78.42,81.09,83.92,87.49,94.73
Denmark,DNK,1955,0.76,54.28,63.7,68.98,72.86,76.09,78.87,81.62,84.45,88.21,95.47
Denmark,DNK,1956,0.81,54.42,63.76,69.14,73.03,76.14,78.94,81.66,84.51,88.12,95.7
Denmark,DNK,1957,1.06,54.37,63.61,68.87,72.7,75.83,78.61,81.33,84.17,87.7,94.96
Denmark,DNK,1958,2.57,54.88,63.98,69.26,73.04,76.12,78.9,81.56,84.4,87.9,95.02
Denmark,DNK,1959,2.07,54.6,63.97,69.36,73.16,76.22,78.97,81.67,84.44,88.02,95.01
Denmark,DNK,1960,2.13,54.97,64,69.25,72.99,76.1,78.81,81.47,84.24,87.77,94.99
Denmark,DNK,1961,2.29,55.09,64.21,69.42,73.26,76.32,79.1,81.77,84.6,88.14,95.38
Denmark,DNK,1962,3.58,55.08,63.97,69.13,72.9,76.06,78.82,81.53,84.31,87.91,94.96
Denmark,DNK,1963,3.32,55.02,63.88,69.11,72.98,76.15,78.96,81.59,84.54,88.11,95.34
Denmark,DNK,1964,4.55,55.23,63.97,69.07,72.85,76.1,78.92,81.58,84.45,88.03,95.39
Denmark,DNK,1965,4.06,54.97,63.73,68.93,72.76,76.03,78.85,81.57,84.43,88.08,95.44
Denmark,DNK,1966,5.84,55.13,63.9,69.01,72.77,75.95,78.72,81.42,84.26,87.76,95.23
Denmark,DNK,1967,8.72,55.26,63.84,69.04,72.91,76.2,79.12,81.87,84.93,88.52,96.03
Denmark,DNK,1968,7.75,55.26,64.14,69.35,73.25,76.56,79.51,82.31,85.24,88.9,96.43
Denmark,DNK,1969,8.75,55.21,64.09,69.26,73.09,76.45,79.51,82.35,85.38,89.13,96.49
Denmark,DNK,1970,9.34,54.84,63.95,69.32,73.21,76.6,79.65,82.6,85.62,89.29,96.81
Denmark,DNK,1971,9.27,54.62,63.86,69.3,73.36,76.84,79.83,82.72,85.76,89.43,96.97
Denmark,DNK,1972,12.87,54.79,63.88,69.07,73.09,76.47,79.56,82.55,85.67,89.42,97.36
Denmark,DNK,1973,14.72,54.91,64.01,69.33,73.43,76.76,79.86,82.76,85.84,89.61,97.14
Denmark,DNK,1974,16.48,55.16,64.06,69.52,73.44,76.78,79.76,82.68,85.81,89.52,97.03
Denmark,DNK,1975,14.89,55.2,64.24,69.68,73.75,77.07,80.13,83.12,86.23,89.95,97.38
Denmark,DNK,1976,17.15,54.83,63.8,69.28,73.32,76.72,79.73,82.73,85.74,89.4,96.81
Denmark,DNK,1977,18.39,55.61,64.53,70,73.99,77.4,80.58,83.68,86.77,90.53,97.97
Denmark,DNK,1978,18.32,55.64,64.38,69.72,73.76,77.19,80.29,83.28,86.41,90.21,97.98
Denmark,DNK,1979,17.89,55.34,64.05,69.65,73.64,77.08,80.17,83.14,86.29,90.04,97.42
Denmark,DNK,1980,19.04,55,63.81,69.38,73.5,76.98,80.05,83.07,86.23,90.08,97.45
Denmark,DNK,1981,19.12,55.18,63.88,69.43,73.58,77.04,80.11,83.12,86.26,90.14,97.52
Denmark,DNK,1982,20.15,55.42,64.17,69.77,73.89,77.33,80.42,83.43,86.61,90.54,98.42
Denmark,DNK,1983,20.14,55.31,63.99,69.47,73.7,77.15,80.33,83.36,86.5,90.39,97.63
Denmark,DNK,1984,20.71,55.49,64.15,69.6,73.81,77.28,80.47,83.52,86.7,90.52,97.92
Denmark,DNK,1985,19.32,55.39,64.01,69.55,73.74,77.27,80.41,83.45,86.61,90.41,97.82
Denmark,DNK,1986,20.53,55.6,64.07,69.55,73.79,77.32,80.46,83.61,86.81,90.71,98.6
Denmark,DNK,1987,20.49,55.56,64.04,69.63,73.91,77.5,80.73,83.77,87,90.86,98.46
Denmark,DNK,1988,20.92,55.78,64.37,69.68,73.99,77.53,80.67,83.74,86.99,90.82,98.28
Denmark,DNK,1989,21.39,55.75,64.33,69.76,74,77.55,80.73,83.86,87.1,90.93,98.29
Denmark,DNK,1990,21.64,56.07,64.47,69.84,73.93,77.45,80.6,83.65,86.87,90.66,98.09
Denmark,DNK,1991,21.8,56.51,64.89,70.21,74.24,77.76,80.95,83.98,87.22,91.08,98.54
Denmark,DNK,1992,22.97,56.88,64.95,70.21,74.22,77.74,80.92,83.97,87.08,90.76,98.17
Denmark,DNK,1993,24.44,56.89,65.01,70.15,74.1,77.49,80.63,83.61,86.76,90.52,97.7
Denmark,DNK,1994,24.38,56.86,65.19,70.28,74.35,77.78,80.99,83.97,87.09,90.93,98.46
Denmark,DNK,1995,24.2,57.11,65.11,70.17,74.14,77.55,80.67,83.7,86.85,90.64,97.82
Denmark,DNK,1996,24.61,57.38,65.46,70.58,74.57,77.92,81.05,84.08,87.27,91.04,98.27
Denmark,DNK,1997,25.5,57.73,66.02,70.97,74.91,78.3,81.42,84.37,87.51,91.28,98.43
Denmark,DNK,1998,27.02,58.49,66.28,71.25,75.17,78.55,81.67,84.7,87.87,91.66,99.05
Denmark,DNK,1999,26.37,58.5,66.65,71.58,75.49,78.77,81.77,84.69,87.81,91.53,98.75
Denmark,DNK,2000,25.97,58.79,66.94,71.84,75.74,79.02,82.05,85.04,88.09,91.85,98.97
Denmark,DNK,2001,27.4,58.86,67.29,72.15,75.98,79.18,82.18,85.06,88.13,91.76,99.03
Denmark,DNK,2002,27.07,59.05,67.45,72.36,76.13,79.35,82.3,85.16,88.11,91.73,98.72
Denmark,DNK,2003,28.56,59.34,67.84,72.7,76.45,79.69,82.6,85.39,88.39,91.9,99.1
Denmark,DNK,2004,28.28,59.62,68.14,73.08,76.89,80.1,83,85.86,88.81,92.35,99.51
Denmark,DNK,2005,29.56,60.28,68.67,73.64,77.33,80.49,83.35,86.1,89.05,92.59,99.42
Denmark,DNK,2006,30.4,60.07,68.56,73.56,77.29,80.45,83.36,86.15,89.08,92.6,99.59
Denmark,DNK,2007,30.14,60.02,68.73,73.82,77.59,80.77,83.55,86.27,89.09,92.62,99.71
Denmark,DNK,2008,30.32,60.66,69.08,74.24,77.92,81.05,83.92,86.67,89.51,92.91,99.94
Denmark,DNK,2009,31.79,60.94,69.38,74.55,78.16,81.21,83.97,86.65,89.47,92.93,99.89
Denmark,DNK,2010,33.79,61.24,69.79,74.8,78.46,81.46,84.23,86.89,89.67,93.13,100.04
Denmark,DNK,2011,34.2,62.01,70.47,75.47,79,82.06,84.78,87.42,90.21,93.51,100.45
Denmark,DNK,2012,36.06,62.37,70.68,75.75,79.31,82.22,84.88,87.57,90.38,93.81,100.45
Denmark,DNK,2013,36.51,62.64,71.04,76.15,79.72,82.57,85.16,87.78,90.43,93.73,100.39
Denmark,DNK,2014,35.77,62.98,71.22,76.41,80.06,83,85.68,88.24,90.9,94.14,100.95
Denmark,DNK,2015,36.95,63.22,71.49,76.63,80.23,83.11,85.69,88.19,90.84,93.95,100.66
Denmark,DNK,2016,35.73,63.35,71.56,76.72,80.38,83.29,85.88,88.31,90.94,94.17,100.89
Denmark,DNK,2017,37.06,64,72.09,77.06,80.69,83.49,86,88.42,91.01,94.11,100.64
Denmark,DNK,2018,36.75,63.98,72.03,76.92,80.56,83.38,85.96,88.3,90.74,93.95,100.3
Denmark,DNK,2019,37.22,64.43,72.24,77.25,80.93,83.82,86.32,88.7,91.21,94.37,100.76
Denmark,DNK,2020,36.71,64.8,72.51,77.4,81.07,83.96,86.43,88.78,91.28,94.36,100.79
Denmark,DNK,2021,37.86,64.83,72.46,77.3,80.91,83.86,86.29,88.58,91.08,94.14,100.48
Denmark,DNK,2022,37.65,65.02,72.3,77.17,80.75,83.64,86.15,88.5,90.85,93.93,100.18
Denmark,DNK,2023,37.68,65.37,72.75,77.56,81.09,83.97,86.55,88.88,91.31,94.26,100.48
Denmark,DNK,2024,37.2,65.88,73.3,78.08,81.59,84.42,86.93,89.26,91.67,94.69,100.97
East Germany,OWID_GDR,1956,0.27,50.21,61.59,67.52,71.59,74.84,77.68,80.35,83.14,86.7,94.11
East Germany,OWID_GDR,1957,0.28,49.71,61.03,66.89,71,74.25,77.11,79.87,82.76,86.35,93.77
East Germany,OWID_GDR,1958,0.29,50.69,61.55,67.37,71.46,74.68,77.52,80.22,83.06,86.59,94.05
East Germany,OWID_GDR,1959,0.3,50.59,61.38,67.16,71.21,74.43,77.27,79.98,82.79,86.33,93.51
East Germany,OWID_GDR,1960,0.34,51.27,61.64,67.27,71.31,74.51,77.27,79.92,82.68,86.14,93.22
East Germany,OWID_GDR,1961,0.41,51.81,62.18,67.79,71.81,75.06,77.84,80.49,83.23,86.73,94.05
East Germany,OWID_GDR,1962,0.47,52,62.19,67.64,71.6,74.75,77.51,80.12,82.81,86.17,93.14
East Germany,OWID_GDR,1963,0.48,52.59,62.59,68,71.96,75.2,78.02,80.66,83.46,87.01,94.29
East Germany,OWID_GDR,1964,0.59,52.96,62.67,67.93,71.86,75.04,77.85,80.49,83.29,86.79,94.11
East Germany,OWID_GDR,1965,0.83,53.11,62.75,67.91,71.77,74.9,77.68,80.34,83.1,86.61,93.66
East Germany,OWID_GDR,1966,1.32,53.29,62.94,68.07,71.92,75.1,77.87,80.57,83.39,86.93,94.08
East Germany,OWID_GDR,1967,2.27,53.59,63.06,68.12,71.92,75.09,77.91,80.59,83.4,86.92,94.32
East Germany,OWID_GDR,1968,2.73,53.36,62.77,67.82,71.53,74.61,77.37,80.01,82.75,86.2,93.31
East Germany,OWID_GDR,1969,2.86,53.33,62.71,67.66,71.34,74.45,77.25,79.93,82.76,86.27,93.45
East Germany,OWID_GDR,1970,4.12,53.5,62.87,67.78,71.39,74.46,77.27,80,82.88,86.49,93.8
East Germany,OWID_GDR,1971,4.87,53.82,63.24,68.26,71.88,74.93,77.68,80.33,83.13,86.65,93.98
East Germany,OWID_GDR,1972,7.86,54,63.34,68.32,71.9,74.91,77.68,80.38,83.21,86.76,94.09
East Germany,OWID_GDR,1973,8.84,54.34,63.6,68.57,72.1,75.09,77.84,80.5,83.34,86.89,94.24
East Germany,OWID_GDR,1974,7.61,54.38,63.72,68.65,72.25,75.26,78.01,80.7,83.55,87.09,94.56
East Germany,OWID_GDR,1975,7.5,54.12,63.44,68.51,72.05,74.99,77.66,80.29,83.07,86.55,93.75
East Germany,OWID_GDR,1976,10.09,54,63.62,68.69,72.28,75.22,77.93,80.61,83.44,86.89,94.02
East Germany,OWID_GDR,1977,11.54,54.14,63.74,68.93,72.54,75.53,78.26,80.92,83.79,87.34,94.67
East Germany,OWID_GDR,1978,12.76,53.75,63.44,68.71,72.39,75.38,78.09,80.74,83.56,87.1,94.37
East Germany,OWID_GDR,1979,13.8,53.63,63.33,68.6,72.34,75.38,78.11,80.76,83.6,87.15,94.35
East Germany,OWID_GDR,1980,13.8,53.62,63.11,68.44,72.2,75.2,77.91,80.55,83.37,86.89,94.06
East Germany,OWID_GDR,1981,15.02,53.75,63.36,68.75,72.51,75.5,78.19,80.8,83.62,87.1,94.31
East Germany,OWID_GDR,1982,15.24,53.92,63.53,68.84,72.63,75.68,78.35,80.99,83.78,87.27,94.55
East Germany,OWID_GDR,1983,16.71,54.33,63.69,69.11,72.9,75.9,78.56,81.18,83.99,87.57,94.81
East Germany,OWID_GDR,1984,17.31,54.54,63.74,69.14,72.91,75.99,78.7,81.29,84.1,87.6,94.87
East Germany,OWID_GDR,1985,17.24,54.56,63.69,69.07,72.84,75.9,78.59,81.15,83.89,87.31,94.51
East Germany,OWID_GDR,1986,18.07,54.57,63.64,68.94,72.75,75.84,78.58,81.18,83.95,87.43,94.52
East Germany,OWID_GDR,1987,18.84,54.82,63.76,69.19,73,76.18,78.95,81.59,84.37,87.84,95.18
East Germany,OWID_GDR,1988,19.06,54.62,63.52,68.96,72.94,76.13,78.93,81.6,84.42,87.96,95.19
East Germany,OWID_GDR,1989,19.95,54.98,63.73,69.22,73.27,76.43,79.25,81.95,84.79,88.28,95.75
East Germany,OWID_GDR,1990,17.61,53.43,62.56,68.44,72.67,76.1,79.03,81.82,84.76,88.37,95.78
East Germany,OWID_GDR,1991,19.03,53.4,62.72,68.66,72.93,76.33,79.29,82.12,85.04,88.62,96.22
East Germany,OWID_GDR,1992,19.71,54.05,63.19,69.19,73.48,76.94,79.94,82.8,85.76,89.42,96.96
East Germany,OWID_GDR,1993,20.3,54.58,63.69,69.56,73.67,77.28,80.29,83.13,86.13,89.82,97.31
East Germany,OWID_GDR,1994,19.87,54.8,64.11,69.92,74.15,77.62,80.63,83.52,86.48,90.09,97.42
East Germany,OWID_GDR,1995,20.39,55.5,64.68,70.34,74.58,77.98,80.98,83.83,86.79,90.37,97.76
East Germany,OWID_GDR,1996,21.03,56.05,65.21,70.78,75.03,78.47,81.39,84.22,87.11,90.65,97.97
East Germany,OWID_GDR,1997,21.6,56.82,65.98,71.43,75.64,78.99,81.93,84.73,87.68,91.2,98.49
East Germany,OWID_GDR,1998,22.89,57.7,66.71,72.08,76.18,79.45,82.44,85.14,88,91.49,98.74
East Germany,OWID_GDR,1999,23.28,58.17,67.22,72.49,76.64,79.85,82.84,85.49,88.31,91.8,98.82
East Germany,OWID_GDR,2000,23.95,58.27,67.46,72.76,76.9,80.09,83.02,85.69,88.52,92,99.15
East Germany,OWID_GDR,2001,25.19,58.82,67.99,73.22,77.29,80.52,83.41,86.1,88.88,92.37,99.32
East Germany,OWID_GDR,2002,25.99,58.86,68.14,73.41,77.39,80.65,83.46,86.17,88.82,92.25,99.14
East Germany,OWID_GDR,2003,26.62,59.13,68.45,73.63,77.56,80.79,83.49,86.23,88.92,92.22,99.2
East Germany,OWID_GDR,2004,27.72,59.57,68.97,74.18,78.12,81.35,84.09,86.82,89.5,92.78,99.68
East Germany,OWID_GDR,2005,28.96,59.76,69.23,74.44,78.31,81.49,84.24,86.87,89.56,92.8,99.55
East Germany,OWID_GDR,2006,29.79,59.94,69.54,74.77,78.59,81.75,84.49,87.01,89.76,93.05,99.88
East Germany,OWID_GDR,2007,30.67,60.4,69.79,75.06,78.82,81.89,84.6,87.09,89.82,93.04,99.79
East Germany,OWID_GDR,2008,30.59,60.39,69.89,75.23,78.93,82.03,84.75,87.28,90.01,93.15,99.74
East Germany,OWID_GDR,2009,31.16,60.54,70.03,75.42,79.11,82.12,84.76,87.26,89.78,93.15,99.71
East Germany,OWID_GDR,2010,31.56,60.62,70.17,75.59,79.23,82.21,84.86,87.37,89.89,93.18,99.86
East Germany,OWID_GDR,2011,31.84,60.85,70.37,75.86,79.56,82.53,85.16,87.65,90.25,93.55,100.13
East Germany,OWID_GDR,2012,33.69,61.19,70.51,76.1,79.8,82.71,85.28,87.73,90.3,93.62,100.05
East Germany,OWID_GDR,2013,33.14,61.14,70.32,76.01,79.77,82.67,85.22,87.66,90.19,93.29,99.94
East Germany,OWID_GDR,2014,33.93,61.61,70.73,76.45,80.25,83.17,85.72,88.16,90.72,93.82,100.65
East Germany,OWID_GDR,2015,32.3,61.17,70.19,76.03,79.97,82.92,85.47,87.84,90.36,93.49,100.11
East Germany,OWID_GDR,2016,34.67,61.63,70.34,76.2,80.21,83.23,85.8,88.25,90.78,93.92,100.42
East Germany,OWID_GDR,2017,35.1,61.92,70.58,76.29,80.28,83.28,85.84,88.26,90.74,93.8,100.26
East Germany,OWID_GDR,2018,34.43,61.86,70.34,76.01,80.13,83.2,85.79,88.2,90.68,93.7,100.19
East Germany,OWID_GDR,2019,35.15,62.2,70.69,76.37,80.51,83.65,86.24,88.62,91.11,94.15,100.55
East Germany,OWID_GDR,2020,35.49,62.11,70.36,75.95,80.12,83.25,85.83,88.2,90.66,93.64,99.74
England and Wales,,1841,0.07,1.11,5.7,23.8,38.4,51.17,60.31,67.65,73.86,79.87,91.13
England and Wales,,1842,0.07,0.97,5.21,23.5,38.61,51.37,60.6,67.86,73.7,79.69,91.09
England and Wales,,1843,0.07,0.96,5.57,24.62,39.61,52.1,61.2,68.32,73.96,80.08,91.4
England and Wales,,1844,0.07,1.02,5.41,24.03,39.17,51.64,60.95,68.09,73.52,79.74,90.88
England and Wales,,1845,0.07,1.06,6.39,25.47,40.5,52.79,61.86,68.78,74.11,80.38,91.37
England and Wales,,1846,0.06,0.79,3.92,21.46,36.26,49.62,59.95,67.03,73.02,79.37,90.34
England and Wales,,1847,0.06,0.86,3.89,19.91,33.71,46.14,56.57,64.27,70.99,77.19,88.24
England and Wales,,1848,0.06,0.92,4.08,20.36,35,48.22,58.75,66.13,72.71,78.92,90.07
England and Wales,,1849,0.06,0.87,4.07,18.87,31.78,43.55,54.12,62.94,70.03,77.19,89.2
England and Wales,,1850,0.07,1.06,6.85,26.65,41.52,53.65,62.43,68.67,74.49,80.38,91.21
England and Wales,,1851,0.07,0.96,5.38,24.09,39.05,51.58,60.95,67.89,73.86,79.96,91.06
England and Wales,,1852,0.06,0.9,5.06,23.08,38.06,50.79,60.44,67.8,73.83,79.95,90.88
England and Wales,,1853,0.06,0.91,5.3,23.37,37.84,50.05,59.65,67,72.82,78.96,89.67
England and Wales,,1854,0.06,0.85,3.74,20.09,34.84,47.71,58.29,66.17,72.49,79.03,90.32
England and Wales,,1855,0.07,0.97,5.51,24.3,39.11,51.18,60.38,67.14,72.78,78.76,89.08
England and Wales,,1856,0.07,1.06,7.34,27.24,42.12,54.12,62.86,69.49,74.98,81.11,91.97
England and Wales,,1857,0.06,0.91,5.46,25.02,40.4,52.69,61.84,68.42,74.08,80.06,90.72
England and Wales,,1858,0.06,0.89,3.92,20.4,36.35,49.93,60.15,67.14,73.22,79.27,90
England and Wales,,1859,0.06,0.88,4.29,22.38,38.03,51.04,60.77,67.66,73.76,79.85,90.83
England and Wales,,1860,0.07,1.02,8.13,28.25,42.52,53.99,62.29,68.29,73.93,79.64,90.27
England and Wales,,1861,0.07,0.92,5.81,26.36,41.2,53.41,61.97,68.4,74.18,80.03,90.85
England and Wales,,1862,0.07,1.02,5.84,26.33,41.04,53.12,61.67,68.37,74.18,80.24,91.24
England and Wales,,1863,0.07,0.88,3.69,20.19,36.47,49.82,59.82,67.35,73.46,79.88,90.89
England and Wales,,1864,0.07,0.92,4.36,22.07,36.87,49.17,58.78,66.03,72.11,78.66,89.76
England and Wales,,1865,0.06,0.87,5.2,24.47,38.56,50.33,59.53,66.64,72.7,79.09,90.01
England and Wales,,1866,0.06,0.86,4.97,24.4,38.08,49.71,59.08,66.23,72.47,78.87,89.87
England and Wales,,1867,0.07,0.96,9.1,28.91,42.23,53.35,61.7,68.06,73.65,79.54,90.09
England and Wales,,1868,0.06,0.9,5.57,26.4,40.84,52.68,61.56,68.22,74.14,80.27,91.35
England and Wales,,1869,0.07,0.93,5.33,26.19,40.58,52.27,61.03,67.56,73.48,79.45,90.45
England and Wales,,1870,0.06,0.89,4.87,24.84,39.32,51.32,60.23,67,73.03,79.02,89.88
England and Wales,,1871,0.06,0.95,6.13,25.96,39.55,51.16,60.12,67.04,73.06,79.26,90.33
England and Wales,,1872,0.07,1.01,9.71,29.07,42.25,53.36,61.79,68.3,74.07,80.19,91.24
England and Wales,,1873,0.07,1.05,13.58,32.08,44.73,54.86,62.4,68.35,73.66,79.62,90.26
England and Wales,,1874,0.07,0.99,6.71,28.41,41.77,52.43,60.8,67.27,72.89,79.27,90.27
England and Wales,,1875,0.06,0.93,7.78,29.16,41.97,52.2,60.35,66.64,72.27,78.44,88.77
England and Wales,,1876,0.07,1.04,12.12,31.85,44.37,54.51,62.3,68.42,73.91,80.03,90.57
England and Wales,,1877,0.07,1.16,14.93,33.39,45.6,55.38,62.87,68.72,74.1,80.12,90.49
England and Wales,,1878,0.07,0.94,7.66,30.78,44.01,54.27,62.05,67.99,73.52,79.4,89.48
England and Wales,,1879,0.07,1.15,13.58,33.61,45.88,55.22,62.36,67.88,73.15,78.75,88.54
England and Wales,,1880,0.07,0.92,7.17,31.81,45.42,55.51,63.05,68.81,74.22,80.01,90.22
England and Wales,,1881,0.08,1.51,19.12,36.36,48.07,57.04,63.92,69.42,74.68,80.39,90.75
England and Wales,,1882,0.07,1.1,13.07,33.92,46.6,56.23,63.33,69.24,74.66,80.54,91.1
England and Wales,,1883,0.07,1.2,16.22,34.85,46.95,56.18,63.02,68.89,74.14,79.88,90.22
England and Wales,,1884,0.07,1.05,14.39,34.46,46.89,56.25,63.32,69.28,74.52,80.35,91.06
England and Wales,,1885,0.07,1.22,18.48,36.53,48.34,57.13,63.7,69.33,74.3,79.97,90.18
England and Wales,,1886,0.07,1.03,17.49,36.77,48.75,57.36,63.8,69.29,74.19,79.8,89.64
England and Wales,,1887,0.07,1.12,17.6,37.13,49.05,57.54,63.98,69.38,74.36,80,90.11
England and Wales,,1888,0.07,1.3,21.26,39.15,50.46,58.5,64.7,69.9,74.81,80.38,90.34
England and Wales,,1889,0.07,1.06,18.16,38.28,50.18,58.49,64.88,70.12,75.15,80.79,90.76
England and Wales,,1890,0.07,1.04,16.53,36.2,47.59,56.05,62.71,68.1,73.48,79.31,89.5
England and Wales,,1891,0.07,1.03,17.26,36.56,47.54,55.73,62,67.31,72.41,78.26,88.31
England and Wales,,1892,0.07,1.09,18.71,38.16,49.3,57.54,63.63,68.67,73.58,79.27,89.09
England and Wales,,1893,0.06,1.01,17.13,36.92,48.38,57.15,63.5,68.82,73.91,79.87,90.06
England and Wales,,1894,0.08,1.43,23.92,41.59,52.5,60.42,66.32,71.29,76.33,81.95,92.1
England and Wales,,1895,0.06,0.95,19.3,39.42,50.69,58.7,64.46,69.56,74.37,79.96,89.47
England and Wales,,1896,0.07,1.14,20.8,40.78,52,60.11,65.97,71.14,76.15,81.9,91.87
England and Wales,,1897,0.07,1.09,22.58,41.45,52.34,60.17,65.87,70.96,75.81,81.39,91.21
England and Wales,,1898,0.06,1.01,22.35,41.45,52.38,60.09,65.79,70.82,75.67,81.2,91.01
England and Wales,,1899,0.06,1.03,21.99,40.71,51.33,58.9,64.81,69.75,74.66,80.17,90.05
England and Wales,,1900,0.07,1.11,21.88,40.64,51.16,58.48,64.44,69.36,74.32,79.83,89.78
England and Wales,,1901,0.07,1.31,25.27,42.97,53.27,60.42,66.18,71,75.84,81.22,91.3
England and Wales,,1902,0.08,1.71,27.51,44.18,54.09,61.03,66.66,71.34,76.09,81.4,91.43
England and Wales,,1903,0.08,1.85,30.52,46.29,55.73,62.43,67.8,72.32,76.94,82.18,92.43
England and Wales,,1904,0.07,1.35,27.65,45.24,55.08,61.76,67.23,71.78,76.29,81.52,91.37
England and Wales,,1905,0.08,2.16,31.51,47.23,56.37,62.75,68,72.44,76.85,82.03,91.77
England and Wales,,1906,0.08,1.98,31.22,47.18,56.37,62.67,67.94,72.47,76.84,81.96,91.43
England and Wales,,1907,0.09,2.54,32.77,47.93,56.77,62.86,67.92,72.36,76.65,81.72,91.23
England and Wales,,1908,0.08,2.73,33.95,48.93,57.52,63.51,68.48,72.86,77.08,82.01,91.55
England and Wales,,1909,0.1,3.55,35.05,49.47,57.8,63.68,68.44,72.67,76.85,81.73,91.17
England and Wales,,1910,0.1,4.69,37.69,51.43,59.39,65.04,69.81,73.91,78.03,82.98,92.43
England and Wales,,1911,0.08,1.82,32.28,48.82,57.86,64.05,69.1,73.31,77.53,82.55,92.12
England and Wales,,1912,0.11,5.76,38.37,51.8,59.54,65.13,69.89,73.77,77.82,82.77,92.14
England and Wales,,1913,0.1,4.46,37.59,51.39,59.31,64.95,69.79,73.75,77.81,82.86,92.27
England and Wales,,1914,0.1,4.57,28.95,46.82,56.74,63.4,68.67,73.09,77.13,82.45,91.89
England and Wales,,1915,0.1,2.85,21.95,35.38,50.63,59.65,65.76,70.97,75.28,80.59,89.96
England and Wales,,1916,0.12,9.37,22.09,29.96,45.98,57.95,65.17,70.76,75.43,80.78,90.23
England and Wales,,1917,0.12,7.45,21.04,26.62,37.31,53.68,63.18,69.64,74.97,80.48,90.33
England and Wales,,1918,0.11,2.48,18.52,23.19,28.55,38.38,54.59,65.25,72.71,79.48,91
England and Wales,,1919,0.12,8.63,33.57,49.79,59.09,65.15,69.87,74.04,77.89,82.53,91.33
England and Wales,,1920,0.11,10.33,40.2,54.35,62.22,67.66,72.02,75.85,79.67,84.36,93.54
England and Wales,,1921,0.13,18.17,44.34,56.43,63.41,68.42,72.47,76.11,79.8,84.28,93.05
England and Wales,,1922,0.14,16.74,43.23,55.61,62.58,67.52,71.6,75.08,78.74,83.29,92.09
England and Wales,,1923,0.16,22.29,46.93,57.85,64.2,68.9,72.83,76.33,80,84.44,93.24
England and Wales,,1924,0.15,20.01,45.72,57.07,63.65,68.34,72.25,75.65,79.31,83.79,92.58
England and Wales,,1925,0.15,19.8,46.05,57.29,63.95,68.63,72.52,75.9,79.51,83.93,92.46
England and Wales,,1926,0.16,23.2,47.95,58.47,64.79,69.33,73.11,76.51,80.13,84.5,93.11
England and Wales,,1927,0.16,22.17,46.82,57.57,63.98,68.61,72.42,75.79,79.23,83.62,92.22
England and Wales,,1928,0.17,24.41,48.53,58.71,64.87,69.4,73.2,76.61,80.09,84.5,93.15
England and Wales,,1929,0.15,18.3,45,56.28,62.99,67.7,71.6,74.97,78.41,82.75,91.19
England and Wales,,1930,0.18,26.58,49.69,59.43,65.38,69.89,73.6,76.99,80.54,84.95,93.78
England and Wales,,1931,0.17,25.12,48.89,58.79,64.85,69.28,72.97,76.31,79.71,84,92.43
England and Wales,,1932,0.17,26.93,50.11,59.63,65.43,69.74,73.33,76.62,80.01,84.26,92.61
England and Wales,,1933,0.18,27.4,49.49,59.07,65.09,69.55,73.21,76.51,79.92,84.09,92.41
England and Wales,,1934,0.19,28.04,50.86,60.08,65.79,70.15,73.74,77.05,80.58,84.92,93.63
England and Wales,,1935,0.2,31.88,52.26,60.89,66.28,70.52,74.01,77.25,80.71,84.91,93.45
England and Wales,,1936,0.19,31.91,52.39,60.77,66.18,70.34,73.8,76.96,80.39,84.61,92.96
England and Wales,,1937,0.2,32.82,52.4,60.73,66.02,70.17,73.68,76.87,80.27,84.43,92.69
England and Wales,,1938,0.22,35.38,54.02,62.03,67.19,71.24,74.62,77.81,81.2,85.39,93.91
England and Wales,,1939,0.24,38.29,54.78,62.23,67.2,71.08,74.42,77.53,80.72,84.76,92.97
England and Wales,,1940,0.21,25.94,48.73,58.25,64.17,68.68,72.46,75.89,79.29,83.51,91.79
England and Wales,,1941,0.2,26.82,50.24,59.8,65.66,70.15,73.89,77.25,80.69,84.87,93.14
England and Wales,,1942,0.23,27.81,51.59,61.23,66.97,71.4,75,78.34,81.83,86.03,94.51
England and Wales,,1943,0.24,25.79,49.58,60.16,66.39,70.9,74.57,77.98,81.45,85.53,93.72
England and Wales,,1944,0.26,25.05,49.01,60.2,66.5,71.08,74.85,78.36,81.95,86.12,94.58
England and Wales,,1945,0.28,23.51,44.02,58.71,65.64,70.54,74.52,78.07,81.76,85.99,94.51
England and Wales,,1946,0.27,45.6,58.4,64.79,69.44,73.09,76.26,79.34,82.6,86.49,94.5
England and Wales,,1947,0.29,45.86,58.44,64.75,69.32,72.92,76.05,78.97,82.19,86.01,93.99
England and Wales,,1948,0.46,48.53,59.87,65.89,70.3,73.87,77.08,80.06,83.39,87.4,95.91
England and Wales,,1949,0.47,49.01,59.79,65.54,69.83,73.28,76.29,79.24,82.44,86.29,94.29
England and Wales,,1950,0.56,50.11,60.33,65.91,70.1,73.51,76.48,79.37,82.53,86.31,94.25
England and Wales,,1951,0.53,50.48,60.13,65.51,69.52,72.9,75.83,78.66,81.74,85.51,93.34
England and Wales,,1952,0.62,51.84,61.21,66.6,70.65,74,77,79.86,83.01,86.8,94.83
England and Wales,,1953,0.64,52.31,61.48,66.78,70.77,74.08,77.05,79.91,83.02,86.81,94.92
England and Wales,,1954,0.83,52.85,61.78,67.03,70.98,74.28,77.28,80.14,83.25,87.05,94.99
England and Wales,,1955,0.88,53.05,61.84,67.03,70.97,74.21,77.14,79.96,83.02,86.73,94.61
England and Wales,,1956,0.98,53.44,62.05,67.18,71.1,74.31,77.23,80.05,83.13,86.81,94.63
England and Wales,,1957,1.12,53.3,61.93,67.09,71.06,74.35,77.38,80.34,83.52,87.42,95.43
England and Wales,,1958,2.09,53.71,62.21,67.34,71.25,74.47,77.42,80.3,83.38,87.15,95.01
England and Wales,,1959,2.3,53.87,62.28,67.43,71.37,74.58,77.56,80.44,83.57,87.36,95.3
England and Wales,,1960,2.3,53.97,62.43,67.6,71.53,74.82,77.76,80.66,83.79,87.6,95.61
England and Wales,,1961,2.25,53.8,62.21,67.32,71.22,74.46,77.4,80.32,83.43,87.24,95.09
England and Wales,,1962,2.49,53.93,62.23,67.34,71.24,74.48,77.48,80.39,83.52,87.25,95.15
England and Wales,,1963,2.55,53.85,62.21,67.25,71.11,74.36,77.38,80.26,83.33,87.12,94.92
England and Wales,,1964,3.6,54.09,62.62,67.73,71.74,75.06,78.19,81.23,84.35,88.3,96.49
England and Wales,,1965,4.4,54.08,62.58,67.65,71.64,74.94,78.02,81.08,84.25,88.15,96.23
England and Wales,,1966,4.32,54.1,62.6,67.62,71.57,74.87,77.91,80.92,84.06,87.97,95.95
England and Wales,,1967,5.6,54.63,63.04,68.04,72.03,75.34,78.45,81.48,84.67,88.63,96.69
England and Wales,,1968,5.2,54.54,62.87,67.81,71.72,74.97,77.98,80.95,84.08,87.94,95.79
England and Wales,,1969,5.82,54.32,62.63,67.6,71.45,74.75,77.85,80.93,84.21,88.25,96.42
England and Wales,,1970,6.29,54.56,62.88,67.9,71.77,75.08,78.16,81.21,84.44,88.45,96.44
England and Wales,,1971,6.86,54.65,63.11,68.22,72.12,75.47,78.54,81.56,84.75,88.73,96.72
England and Wales,,1972,7.7,54.61,62.96,68.02,71.84,75.13,78.18,81.19,84.38,88.34,96.31
England and Wales,,1973,8.7,54.78,63.17,68.25,72.1,75.37,78.42,81.42,84.55,88.48,96.38
England and Wales,,1974,10.21,54.9,63.3,68.39,72.24,75.5,78.57,81.59,84.74,88.67,96.57
England and Wales,,1975,12.27,55.17,63.52,68.58,72.45,75.7,78.76,81.73,84.87,88.8,96.7
England and Wales,,1976,14.63,55.35,63.49,68.55,72.38,75.62,78.63,81.58,84.68,88.53,96.22
England and Wales,,1977,15.57,55.69,63.85,68.91,72.77,76.05,79.08,82.08,85.22,89.17,97.05
England and Wales,,1978,14.9,55.55,63.75,68.81,72.71,75.98,79.01,82.01,85.2,89.15,97.08
England and Wales,,1979,16.3,55.81,63.85,68.91,72.82,76.07,79.06,82.03,85.17,89.13,97.01
England and Wales,,1980,17.13,56.28,64.2,69.25,73.13,76.41,79.42,82.41,85.56,89.49,97.48
England and Wales,,1981,17.92,56.58,64.51,69.55,73.37,76.65,79.67,82.6,85.74,89.65,97.54
England and Wales,,1982,18.56,56.92,64.7,69.66,73.48,76.73,79.73,82.62,85.77,89.68,97.55
England and Wales,,1983,19.08,57.19,64.89,69.81,73.64,76.9,79.92,82.83,85.97,89.86,97.71
England and Wales,,1984,19.81,57.53,65.14,70.1,73.95,77.24,80.26,83.22,86.38,90.31,98.26
England and Wales,,1985,19.86,57.65,65.1,70.06,73.84,77.05,80.05,82.95,86.02,89.89,97.67
England and Wales,,1986,20.29,57.93,65.42,70.32,74.09,77.32,80.31,83.23,86.33,90.21,98.06
England and Wales,,1987,20.49,58.07,65.66,70.58,74.38,77.66,80.67,83.62,86.76,90.73,98.67
England and Wales,,1988,20.53,58.32,65.85,70.75,74.52,77.79,80.79,83.73,86.84,90.75,98.54
England and Wales,,1989,21.06,58.6,66.13,70.97,74.73,77.95,80.89,83.79,86.86,90.69,98.38
England and Wales,,1990,21.43,58.73,66.34,71.15,74.98,78.23,81.2,84.12,87.22,91.15,98.84
England and Wales,,1991,22.09,59.03,66.61,71.33,75.14,78.35,81.29,84.18,87.25,91.08,98.72
England and Wales,,1992,23.92,59.39,66.96,71.67,75.44,78.65,81.61,84.51,87.58,91.45,99.21
England and Wales,,1993,24.1,59.43,66.99,71.68,75.41,78.57,81.47,84.31,87.33,91.05,98.49
England and Wales,,1994,24.82,59.86,67.49,72.21,75.93,79.11,82.01,84.85,87.91,91.7,99.28
England and Wales,,1995,24.71,59.77,67.54,72.22,75.82,79.04,81.9,84.71,87.72,91.42,98.82
England and Wales,,1996,24.76,60,67.87,72.52,76.12,79.36,82.2,85,87.98,91.68,99.09
England and Wales,,1997,24.64,60.24,68.14,72.82,76.43,79.63,82.45,85.23,88.18,91.82,99.21
England and Wales,,1998,25.54,60.35,68.33,72.99,76.62,79.76,82.58,85.33,88.27,91.89,99.2
England and Wales,,1999,25.73,60.5,68.54,73.22,76.82,79.85,82.69,85.4,88.32,91.88,99.05
England and Wales,,2000,26.57,60.81,68.97,73.74,77.32,80.35,83.18,85.88,88.79,92.37,99.58
England and Wales,,2001,26.68,61.08,69.32,74.1,77.66,80.71,83.46,86.12,88.99,92.55,99.68
England and Wales,,2002,27.29,61.27,69.52,74.32,77.83,80.84,83.56,86.23,89.03,92.51,99.59
England and Wales,,2003,27.65,61.33,69.64,74.49,78.03,80.99,83.62,86.25,89.02,92.46,99.42
England and Wales,,2004,28.65,61.9,70.15,75.02,78.57,81.55,84.22,86.84,89.61,93.06,100.09
England and Wales,,2005,29.31,62.11,70.41,75.29,78.83,81.77,84.44,87.03,89.74,93.12,100.02
England and Wales,,2006,28.38,62.11,70.6,75.57,79.17,82.12,84.78,87.35,90.12,93.48,100.5
England and Wales,,2007,29,62.37,70.83,75.83,79.42,82.33,84.95,87.48,90.22,93.58,100.36
England and Wales,,2008,29.33,62.47,70.98,76,79.59,82.49,85.1,87.63,90.3,93.56,100.19
England and Wales,,2009,30.18,62.84,71.44,76.46,80.07,82.98,85.59,88.11,90.81,94.09,100.88
England and Wales,,2010,31.34,63.11,71.68,76.7,80.29,83.2,85.77,88.28,90.89,94.18,100.83
England and Wales,,2011,32.4,63.56,72.05,77.08,80.68,83.58,86.17,88.65,91.25,94.56,101.18
England and Wales,,2012,33.08,63.9,72.3,77.21,80.77,83.61,86.12,88.56,91.12,94.33,100.8
England and Wales,,2013,33.1,63.82,72.39,77.27,80.84,83.67,86.18,88.61,91.15,94.3,100.79
England and Wales,,2014,32.85,63.95,72.52,77.46,81.05,83.91,86.45,88.88,91.44,94.61,101.21
England and Wales,,2015,32.96,63.87,72.47,77.35,80.89,83.71,86.19,88.57,91.06,94.17,100.51
England and Wales,,2016,32.77,63.8,72.43,77.4,81,83.88,86.39,88.81,91.32,94.49,100.92
England and Wales,,2017,33.74,64.07,72.66,77.56,81.11,83.96,86.45,88.84,91.33,94.44,100.76
England and Wales,,2018,32.83,63.86,72.55,77.52,81.09,83.98,86.49,88.85,91.34,94.43,100.84
England and Wales,,2019,33,64.15,72.84,77.87,81.39,84.27,86.78,89.18,91.7,94.84,101.31
England and Wales,,2020,33.99,62.97,71.64,76.71,80.26,83.15,85.69,88.09,90.61,93.69,100.05
England and Wales,,2021,32.79,62.58,71.47,76.82,80.52,83.5,86.13,88.6,91.16,94.3,100.76
England and Wales,,2022,32.65,63.45,72.19,77.39,81.02,83.92,86.49,88.9,91.38,94.46,100.85
Estonia,EST,1959,0.47,45.83,59.27,66.28,70.61,74.16,77.34,80.23,83.43,87.12,95.15
Estonia,EST,1960,0.49,47.13,60.39,66.87,71.25,74.82,77.88,80.9,84.01,87.62,95.26
Estonia,EST,1961,0.56,47.81,60.63,67.28,71.42,74.75,77.89,80.72,83.72,87.31,95.47
Estonia,EST,1962,0.77,49.18,60.9,67.05,71.39,74.61,77.6,80.51,83.52,87.06,94.37
Estonia,EST,1963,0.74,47.94,60.68,66.65,71.22,74.84,77.84,80.69,83.96,87.72,95.55
Estonia,EST,1964,0.75,49.48,61.4,67.33,71.92,75.39,78.48,81.45,84.63,88.61,96.31
Estonia,EST,1965,1.84,49.91,61.47,67.4,71.7,75.06,78.08,81.02,84.05,87.76,95.7
Estonia,EST,1966,2.5,49.71,61.26,67.31,71.54,75.08,78.03,80.88,83.98,87.93,95.51
Estonia,EST,1967,2.18,50.1,61.45,67.58,71.69,75.28,78.38,81.27,84.46,88.13,95.87
Estonia,EST,1968,2.47,48.61,60.88,67.02,71.49,75.09,78.18,81.14,84.22,88.11,95.55
Estonia,EST,1969,3.43,48.18,60.56,66.58,71.04,74.62,77.69,80.59,83.69,87.63,95.14
Estonia,EST,1970,3.01,48.29,60.58,66.89,71.28,74.77,77.84,80.74,83.89,87.71,95.37
Estonia,EST,1971,3.66,48.66,60.55,67.01,71.52,74.92,78.01,80.93,84.17,88.09,96.63
Estonia,EST,1972,4.13,47.44,59.7,66.74,71.21,74.8,77.93,80.9,84.02,87.88,95.82
Estonia,EST,1973,3.82,48.65,60.4,66.72,71.26,74.89,78.04,81.02,84.19,88.07,95.91
Estonia,EST,1974,3.05,48.49,60.47,67.13,71.63,75.4,78.47,81.42,84.46,88.47,96.61
Estonia,EST,1975,3.87,47.02,59.5,66.45,71.01,74.62,77.59,80.58,83.86,87.93,96.05
Estonia,EST,1976,2.91,46.81,59.02,65.85,70.61,74.2,77.41,80.37,83.48,87.37,95.42
Estonia,EST,1977,2.69,46.32,58.69,65.72,70.5,74.26,77.51,80.57,83.86,88.01,96.71
Estonia,EST,1978,3.68,46.7,58.36,65.46,70.27,74.12,77.34,80.43,83.58,87.52,95.52
Estonia,EST,1979,2.88,46.15,57.7,65.05,70.1,73.97,77.33,80.5,83.56,87.48,95.55
Estonia,EST,1980,2.42,46.19,58.13,65.32,70.2,73.92,77.26,80.25,83.53,87.56,95.64
Estonia,EST,1981,2.58,46.02,57.54,64.7,69.8,73.9,77.31,80.43,83.6,87.69,96.07
Estonia,EST,1982,4.58,46.69,58.31,65.36,70.22,74.31,77.72,80.8,84.07,88.22,96.3
Estonia,EST,1983,3.25,46.45,58.04,65.08,70.21,74.17,77.63,80.8,84.14,88.02,96.26
Estonia,EST,1984,4.66,46.52,57.78,64.73,69.69,73.76,77.18,80.29,83.65,87.63,95.51
Estonia,EST,1985,5.41,47.48,58.34,64.84,69.83,73.86,77.18,80.24,83.56,87.31,95.58
Estonia,EST,1986,7.3,49.96,60.28,66.39,70.97,74.63,77.96,81.13,84.27,88.16,96.32
Estonia,EST,1987,5.97,50.18,60.23,66.48,71.11,74.8,78.09,81.12,84.18,88.07,96.17
Estonia,EST,1988,6.84,50.17,59.99,66.38,70.93,74.65,78.02,81.06,84.19,87.99,95.56
Estonia,EST,1989,5.35,48.64,59.25,65.66,70.51,74.45,77.88,81.17,84.42,88.39,96.37
Estonia,EST,1990,7.06,47.22,58.36,64.81,69.66,73.58,77.21,80.51,83.85,87.96,96.2
Estonia,EST,1991,9.48,46.93,57.73,64.08,69.55,73.69,77.29,80.66,84.01,88,95.64
Estonia,EST,1992,4.77,45.92,57.19,63.81,69.01,73.27,76.91,80.35,83.84,87.85,95.78
Estonia,EST,1993,8.35,44.65,55.31,62.28,67.39,72.13,76.13,79.81,83.28,87.36,94.92
Estonia,EST,1994,12.26,41.13,52.5,59.71,65.46,70.48,74.82,78.91,82.7,87.22,95.52
Estonia,EST,1995,4.96,43.04,54,61.14,66.74,71.72,76.03,79.87,83.57,87.76,95.85
Estonia,EST,1996,15.03,46.95,57.04,63.82,68.95,73.45,77.22,80.92,84.46,88.59,96.57
Estonia,EST,1997,13.35,46.46,57.1,63.86,69.31,73.96,77.74,81.36,84.96,89,96.59
Estonia,EST,1998,15.76,46.5,56.48,63.33,68.76,73.25,77.2,80.83,84.31,88.5,96.46
Estonia,EST,1999,15.3,47.42,57.69,64.4,69.78,74.2,78.12,81.49,85.04,89.17,96.87
Estonia,EST,2000,17.15,47.64,58.01,64.88,70.13,74.28,78.11,81.65,85.15,89.31,97.64
Estonia,EST,2001,16.66,47.14,57.12,64.35,69.73,74.34,78.34,81.84,85.34,89.43,97.19
Estonia,EST,2002,18.8,47.59,57.95,65.11,70.42,74.73,78.68,82.08,85.46,89.63,97.48
Estonia,EST,2003,18.93,49.42,59.11,65.69,71.05,75.23,78.99,82.34,85.71,89.67,97.26
Estonia,EST,2004,20.03,49.63,59.6,66.2,71.43,75.8,79.45,82.77,86.13,90.1,97.43
Estonia,EST,2005,20.01,50.51,60.29,67.04,72.24,76.34,80.02,83.33,86.48,90.26,97.55
Estonia,EST,2006,20.53,51.19,60.3,66.93,72.29,76.49,80.1,83.36,86.57,90.56,97.85
Estonia,EST,2007,21.02,50.62,60.38,67.06,72.24,76.45,80.13,83.46,86.77,90.72,97.96
Estonia,EST,2008,21.2,52.66,61.91,68.49,73.56,77.55,80.98,84.15,87.39,91.1,98.16
Estonia,EST,2009,24.28,53.67,63.27,69.64,74.48,78.35,81.69,84.81,87.78,91.64,98.48
Estonia,EST,2010,24.05,55.24,64.4,70.72,75.25,78.94,82.16,85.2,88.23,91.67,98.9
Estonia,EST,2011,24.72,54.87,64.68,70.95,75.76,79.66,82.85,85.89,88.79,92.18,99.24
Estonia,EST,2012,25.1,55.22,64.82,71.11,75.86,79.76,82.93,85.87,88.97,92.4,99.45
Estonia,EST,2013,26.41,57.08,65.84,71.89,76.62,80.19,83.41,86.35,89.15,92.53,99.58
Estonia,EST,2014,24.04,56.58,65.65,71.86,76.43,80.34,83.49,86.42,89.33,92.71,99.57
Estonia,EST,2015,26.89,57.48,66.43,72.45,77.02,80.67,83.89,86.77,89.63,93.15,99.68
Estonia,EST,2016,25.71,57.01,66.43,72.48,77.16,80.97,84.08,86.82,89.76,93.32,99.62
Estonia,EST,2017,28.14,58.53,67.2,72.92,77.57,81.14,84.2,86.92,89.74,93.25,100.17
Estonia,EST,2018,29.87,58.51,67.21,72.71,77.48,81.17,84.36,87.21,89.93,93.32,99.7
Estonia,EST,2019,29.24,58.96,67.67,73.46,77.92,81.59,84.72,87.48,90.39,93.78,100.49
Finland,FIN,1878,0.06,0.72,2.82,17.61,37.66,51.84,60.92,67.1,72.58,78.32,88.41
Finland,FIN,1879,0.07,1.25,9.31,31.98,48.05,58.49,65.23,70.64,75.13,80.4,90.43
Finland,FIN,1880,0.06,0.84,3.77,20.17,38.21,51.42,60.28,66.84,72.26,77.86,87.75
Finland,FIN,1881,0.06,0.72,2.85,12.07,32.36,48.74,59.74,66.73,72.21,77.98,87.99
Finland,FIN,1882,0.06,0.77,3.3,17.79,38.31,53.68,62.82,69.06,74.46,79.93,89.77
Finland,FIN,1883,0.07,1.07,5.2,25.44,43.85,56.4,64.22,69.73,74.69,80.04,90.04
Finland,FIN,1884,0.06,1.01,5.39,27.3,44.83,56.77,64.28,69.6,74.44,79.56,88.92
Finland,FIN,1885,0.06,0.83,3.68,21.81,41.76,55.31,63.36,69.01,73.83,79.06,88.41
Finland,FIN,1886,0.06,0.86,3.69,20.5,39.79,54.17,62.86,68.73,73.79,79.2,89.17
Finland,FIN,1887,0.07,1.43,13.36,33.17,48.36,58.62,65.51,70.6,75.51,80.85,90.56
Finland,FIN,1888,0.07,1.19,14.82,34.18,48.89,58.6,65.09,70.03,74.65,79.76,88.61
Finland,FIN,1889,0.07,1.25,10.26,31.93,47.37,58.05,65.08,70.35,75.07,80.32,89.77
Finland,FIN,1890,0.07,1.21,8.22,29.48,45.9,57.54,65.09,70.63,75.36,80.43,89.75
Finland,FIN,1891,0.07,1.02,4.25,22.55,42.02,55.71,64.23,69.81,74.75,80.01,89.47
Finland,FIN,1892,0.07,0.86,3.3,16.76,36.43,51.92,61.43,67.63,72.82,78.1,87.17
Finland,FIN,1893,0.08,1.31,6.19,26.68,43.94,55.68,63.9,69.14,73.84,78.89,88.17
Finland,FIN,1894,0.08,1.32,8.72,30.44,47.6,58.2,65.64,70.79,75.5,80.45,89.56
Finland,FIN,1895,0.08,1.83,18.22,37.17,51.38,60.66,66.99,71.77,76.23,81.22,90.15
Finland,FIN,1896,0.08,1.43,16.05,34.74,50.19,59.97,66.78,71.51,75.98,80.88,90.13
Finland,FIN,1897,0.08,1.79,20.04,38.73,52.6,61.41,67.53,71.98,76.37,81.28,90.08
Finland,FIN,1898,0.08,1.62,18.33,37.54,52.87,62.03,68.19,72.69,77.01,81.86,90.45
Finland,FIN,1899,0.07,1.19,7.16,27.86,45.8,58.01,65.44,70.82,75.35,80.32,89.24
Finland,FIN,1900,0.07,0.98,4.53,21.14,40.05,54.78,63.78,69.82,74.78,80,89.07
Finland,FIN,1901,0.07,1.1,5.44,23.73,42.29,56.33,64.57,70.26,75.11,80.51,89.71
Finland,FIN,1902,0.08,1.49,13.76,32.71,49.12,59.5,66.31,71.44,75.94,80.94,89.59
Finland,FIN,1903,0.08,1.45,12.88,32.47,49.39,60.09,66.84,72.02,76.59,81.66,90.81
Finland,FIN,1904,0.08,1.76,16.63,34.66,50.53,60.54,66.86,71.89,76.16,81.12,90.24
Finland,FIN,1905,0.08,1.45,13.55,32.22,48.82,59.32,66.23,71.47,76.15,81.17,90.18
Finland,FIN,1906,0.08,1.69,14.71,33.23,49.31,60.11,66.85,72.09,76.92,82.14,91.16
Finland,FIN,1907,0.09,1.92,15.9,33.64,49.34,59.67,66.18,71.3,75.94,80.9,89.59
Finland,FIN,1908,0.08,1.6,14.53,32.62,48.21,58.82,65.65,70.88,75.76,80.63,89.83
Finland,FIN,1909,0.09,2.45,20.1,38.14,52.15,61.35,67.55,72.49,77.06,81.76,90.5
Finland,FIN,1910,0.09,2.02,19.36,37.08,52.2,61.48,67.82,72.72,77.38,82.27,91.52
Finland,FIN,1911,0.09,2.37,20.57,38.18,52.17,61.26,67.51,72.33,76.8,81.72,90.48
Finland,FIN,1912,0.09,2.88,21.94,39.09,52.65,61.41,67.45,72.34,76.72,81.49,90.4
Finland,FIN,1913,0.09,2.76,22.05,38.7,52.5,61.13,67.31,72.15,76.87,81.73,90.29
Finland,FIN,1914,0.1,3.12,22.9,39.84,53.17,61.64,67.72,72.47,76.95,81.83,90.63
Finland,FIN,1915,0.1,3.1,23.18,40.23,53.41,61.59,67.38,72.13,76.38,81.13,89.68
Finland,FIN,1916,0.1,2.46,20.12,36.38,50.39,59.64,66.21,71.26,75.9,80.91,89.85
Finland,FIN,1917,0.09,2.04,18.1,34.66,49.07,58.39,64.96,70.01,74.59,79.72,88.27
Finland,FIN,1918,0.09,1.68,9.96,19.57,23.63,29.03,37.28,48.44,61.9,72.86,85.9
Finland,FIN,1919,0.08,1.42,8.08,25.21,40.03,53.49,62.2,68.61,73.92,79.36,88.61
Finland,FIN,1920,0.1,2.31,19.4,33.38,48.05,58.6,65.77,71.42,76.45,81.87,91.83
Finland,FIN,1921,0.11,7.81,29.41,45.6,56.74,63.8,69.18,73.46,77.57,82.35,90.85
Finland,FIN,1922,0.11,6.61,28.5,45.29,56.48,63.46,68.59,72.98,77.09,81.75,90.58
Finland,FIN,1923,0.11,5.98,28.35,45.9,56.92,63.84,69.22,73.75,78,82.71,91.68
Finland,FIN,1924,0.1,4.34,25.43,42,53.95,61.76,67.45,72.12,76.46,81.3,90.1
Finland,FIN,1925,0.12,13.22,30.61,46.49,56.75,63.75,69.12,73.66,78.08,82.85,91.72
Finland,FIN,1926,0.13,13.82,31.64,47.62,57.38,64.17,69.37,73.77,78.11,82.89,91.44
Finland,FIN,1927,0.11,8.65,28.37,44.61,55.63,62.76,68.28,72.82,77.28,82.1,90.68
Finland,FIN,1928,0.12,14.1,31.71,47.66,57.23,63.99,69.18,73.49,77.93,82.79,91.65
Finland,FIN,1929,0.11,9.4,28,43.56,54.53,61.99,67.41,72.1,76.72,81.64,90.49
Finland,FIN,1930,0.14,16.1,32.39,47.68,57.42,64.18,69.38,73.94,78.38,83.36,92.01
Finland,FIN,1931,0.15,17.67,34.75,48.97,58.08,64.38,69.3,73.71,77.83,82.59,91.05
Finland,FIN,1932,0.16,17.98,36.02,50.53,59.04,65,70.01,74.27,78.41,83.43,92.52
Finland,FIN,1933,0.15,16.84,36.41,50.42,59.07,65.07,69.74,74.02,78,82.79,91.51
Finland,FIN,1934,0.15,16.82,37.2,51.68,59.92,65.74,70.2,74.39,78.65,83.55,92.95
Finland,FIN,1935,0.16,20.16,40.45,53.57,61.23,66.44,70.82,74.89,78.81,83.48,92.76
Finland,FIN,1936,0.17,19.11,38.25,51.69,59.62,65.06,69.57,73.78,77.7,82.23,91.41
Finland,FIN,1937,0.16,20.45,40.37,53.24,60.79,66.11,70.55,74.41,78.46,83.31,93.04
Finland,FIN,1938,0.16,20.91,40.7,53.31,60.68,66.18,70.59,74.48,78.41,83.1,93.45
Finland,FIN,1939,0.16,19.94,31.58,47.64,57.89,64.28,69.06,73.28,77.48,82.35,91.75
Finland,FIN,1940,0.14,16.43,23.6,28.97,37.63,52.33,62.17,68.82,74.42,79.98,89.89
Finland,FIN,1941,0.16,19.51,22.88,27.72,34.74,48.25,61.09,68.74,74.79,80.6,90.47
Finland,FIN,1942,0.21,19.51,27.41,43,55.63,62.95,68.49,73.11,77.35,82.01,91.92
Finland,FIN,1943,0.21,19.49,32.07,49.21,59.2,65.64,70.59,74.86,78.92,83.56,92.99
Finland,FIN,1944,0.16,16.06,21.5,27.44,40.06,55.89,64.62,70.77,75.96,81.41,91.98
Finland,FIN,1945,0.15,18.72,38.9,52.97,61.16,66.8,71.37,75.37,79.31,83.77,91.49
Finland,FIN,1946,0.2,25.51,46.13,56.76,63.45,68.4,72.59,76.52,80.24,84.58,93.88
Finland,FIN,1947,0.2,26.93,47.64,57.76,64.04,68.67,72.55,76.12,79.97,84.27,92.26
Finland,FIN,1948,0.23,30.14,50,59.11,64.9,69.42,73.16,76.7,80.45,84.66,92.66
Finland,FIN,1949,0.26,30.57,50.29,58.99,64.64,68.94,72.63,76.02,79.56,83.72,91.58
Finland,FIN,1950,0.31,38.68,54.18,61.44,66.4,70.31,73.82,76.92,80.38,84.49,92.04
Finland,FIN,1951,0.41,43.32,55.91,62.56,67.17,70.87,74.21,77.4,80.56,84.67,92.38
Finland,FIN,1952,0.44,45.33,57.22,63.48,67.89,71.51,74.76,77.8,80.95,84.89,93.11
Finland,FIN,1953,0.42,46.44,57.6,63.8,68.1,71.63,74.72,77.66,80.76,84.76,92.4
Finland,FIN,1954,0.5,47.58,58.56,64.45,68.85,72.32,75.35,78.36,81.46,85.31,93.31
Finland,FIN,1955,0.51,47.41,58.26,64.27,68.56,72.1,75.27,78.13,81.22,85.01,92.63
Finland,FIN,1956,0.7,47.79,58.57,64.71,69,72.43,75.46,78.45,81.59,85.4,93.46
Finland,FIN,1957,0.56,47.37,58.28,64.27,68.59,72.08,75.21,78.15,81.25,85.19,92.9
Finland,FIN,1958,0.78,49.21,59.36,65.1,69.4,72.8,75.9,78.77,81.84,85.65,93.12
Finland,FIN,1959,0.8,49.45,59.6,65.32,69.47,72.98,76.02,78.94,82.03,85.86,94
Finland,FIN,1960,1.8,49.73,59.69,65.35,69.54,72.82,75.9,78.77,81.92,85.77,93.59
Finland,FIN,1961,2.08,49.9,59.64,65.28,69.48,72.86,75.98,78.88,81.92,85.68,93.52
Finland,FIN,1962,2.62,49.76,59.43,65.1,69.18,72.6,75.56,78.39,81.46,85.25,92.68
Finland,FIN,1963,3.53,50.09,59.6,65.3,69.36,72.74,75.81,78.83,81.91,85.81,93.35
Finland,FIN,1964,4.5,50.3,59.84,65.37,69.59,72.95,75.95,78.85,81.94,85.72,93.38
Finland,FIN,1965,4.81,50.13,59.7,65.35,69.44,72.82,75.81,78.63,81.6,85.19,92.67
Finland,FIN,1966,6.3,50.7,60.13,65.65,69.72,73.08,76.04,78.91,81.95,85.76,93.3
Finland,FIN,1967,6.97,50.84,60.24,65.7,69.87,73.18,76.15,79.03,82.11,85.89,93.46
Finland,FIN,1968,6.49,50.77,60.15,65.67,69.79,73.18,76.13,78.93,81.95,85.72,93.63
Finland,FIN,1969,7.28,50.33,59.81,65.44,69.61,73.02,76.09,78.96,81.98,85.8,93.32
Finland,FIN,1970,8.84,51.01,60.61,66.06,70.29,73.67,76.74,79.57,82.59,86.46,94.02
Finland,FIN,1971,10,50.47,60.3,65.88,69.99,73.41,76.43,79.36,82.44,86.28,94.05
Finland,FIN,1972,11.52,51.23,60.96,66.59,70.77,74.21,77.27,80.16,83.17,86.89,94.52
Finland,FIN,1973,13.24,51.8,61.44,67.01,71.14,74.49,77.6,80.46,83.6,87.38,95.25
Finland,FIN,1974,13.83,51.6,61.21,66.93,71.16,74.63,77.66,80.54,83.53,87.34,94.95
Finland,FIN,1975,15,52.14,61.75,67.34,71.51,75,78.09,81.05,84.06,87.87,95.59
Finland,FIN,1976,17.28,52.52,61.86,67.46,71.63,75.04,78.04,80.97,84.13,87.97,95.8
Finland,FIN,1977,17.95,52.95,62.25,67.79,72,75.41,78.54,81.51,84.6,88.5,96.58
Finland,FIN,1978,18.85,53.79,62.82,68.45,72.48,75.83,78.86,81.83,84.93,88.81,96.79
Finland,FIN,1979,19.08,54,63.13,68.71,72.73,76.06,79.13,82.19,85.28,89.23,96.76
Finland,FIN,1980,20.27,54.8,63.71,69.1,73.07,76.36,79.47,82.3,85.31,89.02,96.64
Finland,FIN,1981,20.57,54.95,63.84,69.24,73.3,76.65,79.71,82.53,85.54,89.4,97.11
Finland,FIN,1982,22,55.35,64.29,69.77,73.79,77.12,80.13,83.02,86.18,90.11,98.44
Finland,FIN,1983,21.17,55.62,64.43,69.87,73.8,77.04,79.98,82.81,85.96,89.82,97.61
Finland,FIN,1984,21.58,56,64.65,70.06,74.04,77.37,80.32,83.22,86.31,90.17,98.32
Finland,FIN,1985,21.87,55.74,64.48,69.9,73.84,77.12,80.03,82.77,85.82,89.5,97
Finland,FIN,1986,22.52,55.54,64.6,70.15,74.18,77.48,80.45,83.34,86.33,90.11,97.82
Finland,FIN,1987,21.11,55.75,64.74,70.14,74.24,77.56,80.57,83.41,86.45,90.11,97.61
Finland,FIN,1988,21.04,55.32,64.73,70.3,74.37,77.62,80.57,83.43,86.44,90.2,97.56
Finland,FIN,1989,20.63,55.57,64.82,70.55,74.62,77.98,80.87,83.67,86.63,90.31,97.63
Finland,FIN,1990,20.31,55.46,65.09,70.62,74.65,78.01,80.96,83.7,86.57,90.23,97.79
Finland,FIN,1991,21.43,55.91,65.45,71.02,75.15,78.4,81.36,84.1,86.96,90.6,98.13
Finland,FIN,1992,22.56,56.41,65.85,71.29,75.28,78.49,81.37,84.15,87.08,90.7,98.04
Finland,FIN,1993,24.3,57.05,66.29,71.62,75.51,78.72,81.53,84.18,86.9,90.32,97.48
Finland,FIN,1994,23.17,57.66,67,72.32,76.25,79.45,82.25,84.93,87.8,91.29,98.18
Finland,FIN,1995,24.48,57.49,66.94,72.28,76.18,79.38,82.21,84.88,87.64,91.24,98.32
Finland,FIN,1996,24.76,57.94,67.34,72.64,76.51,79.69,82.47,85.18,87.97,91.29,98.16
Finland,FIN,1997,24.54,57.94,67.48,72.9,76.74,79.95,82.77,85.41,88.11,91.5,98.68
Finland,FIN,1998,25.98,58.08,67.66,72.98,76.87,80.08,82.9,85.53,88.3,91.72,98.52
Finland,FIN,1999,24.58,58.38,67.99,73.3,77.21,80.37,83.1,85.72,88.44,91.76,98.71
Finland,FIN,2000,24.7,58.42,68.2,73.7,77.59,80.65,83.31,85.95,88.65,91.88,98.64
Finland,FIN,2001,25.59,59.12,68.82,74.19,77.95,81,83.67,86.28,88.99,92.22,99.06
Finland,FIN,2002,26.04,59.38,69.04,74.3,78.11,81.16,83.82,86.36,88.94,92.15,98.71
Finland,FIN,2003,26.16,59.45,69.22,74.64,78.4,81.45,84.11,86.65,89.25,92.42,99.06
Finland,FIN,2004,25.71,59.14,69.06,74.76,78.76,81.9,84.66,87.22,89.89,93.14,99.84
Finland,FIN,2005,25.87,58.89,68.98,74.93,78.97,82.16,84.89,87.51,90.15,93.31,100
Finland,FIN,2006,26.43,59.72,69.68,75.36,79.33,82.38,85.08,87.63,90.31,93.49,100.21
Finland,FIN,2007,25.99,59.66,69.51,75.46,79.41,82.52,85.2,87.75,90.35,93.53,99.96
Finland,FIN,2008,27.26,59.99,69.91,75.75,79.71,82.85,85.47,87.99,90.57,93.7,100.41
Finland,FIN,2009,27.91,60.51,70.06,75.87,79.81,82.92,85.56,88.04,90.61,93.82,100.37
Finland,FIN,2010,27.23,60.94,70.35,76.13,79.97,82.98,85.61,88.09,90.64,93.82,100.27
Finland,FIN,2011,28.61,61.38,70.83,76.5,80.44,83.43,85.98,88.42,90.95,93.99,100.3
Finland,FIN,2012,28.49,61.9,71.06,76.63,80.52,83.47,86.01,88.39,90.92,94.04,100.3
Finland,FIN,2013,30.2,62.4,71.46,76.93,80.73,83.74,86.26,88.7,91.19,94.24,100.51
Finland,FIN,2014,30.53,63.03,71.86,77.21,80.89,83.89,86.43,88.76,91.21,94.21,100.51
Finland,FIN,2015,32.29,63.57,72.25,77.54,81.23,84.12,86.52,88.89,91.32,94.38,100.5
Finland,FIN,2016,31.4,63.56,72.22,77.48,81.2,84.08,86.57,88.83,91.28,94.32,100.44
Finland,FIN,2017,30.07,63.74,72.38,77.74,81.36,84.26,86.77,89.11,91.52,94.6,100.73
Finland,FIN,2018,30.78,63.85,72.66,77.86,81.52,84.42,86.82,89.23,91.65,94.58,100.6
Finland,FIN,2019,29.37,64.43,72.93,78.11,81.78,84.71,87.18,89.51,91.89,94.86,101.18
Finland,FIN,2020,29.78,64.03,72.85,78.04,81.72,84.6,87.11,89.48,91.92,94.89,101.07
Finland,FIN,2021,31.41,64.27,72.8,77.94,81.66,84.52,87.02,89.4,91.77,94.73,100.9
Finland,FIN,2022,30.54,64.11,72.37,77.44,81.07,83.89,86.35,88.66,91.05,94.03,99.95
Finland,FIN,2023,29.18,64.35,72.85,77.82,81.38,84.26,86.76,89.1,91.51,94.42,100.37
Finland,FIN,2024,31.51,65.18,73.49,78.44,82,84.87,87.35,89.71,92.15,95.15,101.13
France,FRA,1816,0.06,0.98,6.43,24.3,39.59,51.7,60.55,67.05,72.78,78.84,90.02
France,FRA,1817,0.06,0.91,4.85,21.67,37.49,50.09,59.34,65.97,72.18,78.58,90.2
France,FRA,1818,0.06,0.83,4,19.34,35.08,48.74,58.75,65.88,72.28,78.8,90.73
France,FRA,1819,0.05,0.73,3.24,15.48,32.05,46.86,57.74,65.41,72.14,78.82,90.6
France,FRA,1820,0.06,0.86,4.52,20.69,37.13,50.38,59.72,66.34,72.41,78.64,89.45
France,FRA,1821,0.06,0.9,4.44,20.91,37.59,51.23,60.85,67.75,73.75,80.11,91.69
France,FRA,1822,0.05,0.74,3.64,18.52,34.65,49.58,60.08,67.22,73.38,79.79,90.66
France,FRA,1823,0.05,0.82,4.53,21.37,38.37,52.16,61.48,68.23,73.88,80.09,90.98
France,FRA,1824,0.05,0.76,3.63,19.46,36.48,51.1,60.97,67.99,73.88,80.23,91.8
France,FRA,1825,0.05,0.76,3.41,17.5,34.52,49.31,59.69,66.94,73.17,79.75,90.92
France,FRA,1826,0.05,0.8,3.6,16.7,32.73,47.8,58.59,66.01,72.27,78.73,89.52
France,FRA,1827,0.06,0.89,4.9,21.31,36.94,50.46,60.06,66.93,72.88,79.33,90.88
France,FRA,1828,0.05,0.74,3.14,16,32.56,47.55,58.39,65.76,72.08,78.59,89.94
France,FRA,1829,0.06,0.89,4.64,21.46,36.79,50.5,60.16,66.75,72.51,78.59,89.51
France,FRA,1830,0.06,0.9,4.55,21.5,37.08,50.63,60.24,66.88,72.57,78.64,89.47
France,FRA,1831,0.06,0.95,4.4,20.78,35.97,50.64,60.66,67.46,73.16,79.17,89.83
France,FRA,1832,0.06,0.84,3.84,17,30.14,42.87,53.6,62.06,68.91,75.81,87.49
France,FRA,1833,0.06,0.86,4.35,19.83,34.56,48.77,59.32,66.5,72.57,78.92,90.53
France,FRA,1834,0.05,0.63,2.55,10.25,26.89,42.41,55.09,63.95,70.91,77.69,89.23
France,FRA,1835,0.06,0.93,4.97,21.54,36.2,49.65,59.56,66.72,72.74,79.04,90.09
France,FRA,1836,0.06,1.13,7.02,25.97,41.53,54.11,62.63,68.85,74.13,79.98,90.63
France,FRA,1837,0.06,1,5.2,22.64,37.08,49.99,59.33,65.92,71.51,77.29,87.73
France,FRA,1838,0.06,0.88,4.07,20.7,35.52,49.72,59.92,66.94,72.7,78.83,89.82
France,FRA,1839,0.06,1.03,5.33,22.71,38.23,51.93,61.49,68.27,73.8,79.87,91.14
France,FRA,1840,0.07,1.1,5.76,22.21,36.73,50.36,60.34,67.28,72.98,79.04,89.55
France,FRA,1841,0.07,1.12,5.43,21.94,36.12,50.65,61.04,68.16,73.77,79.87,90.53
France,FRA,1842,0.06,1.02,5.51,22.09,36.65,50.45,60.57,67.47,73.09,79.01,89.41
France,FRA,1843,0.06,1.02,5.04,22.1,37.56,51.5,61.44,68.25,73.79,79.59,89.9
France,FRA,1844,0.07,1.19,7.26,25.39,41.34,54.17,62.81,69.12,74.4,80.07,90.2
France,FRA,1845,0.07,1.37,8.85,26.98,43.2,55.66,63.8,69.82,75.01,80.57,90.84
France,FRA,1846,0.06,1.03,5.26,22.41,37.63,51.66,61.55,68.28,73.94,79.8,89.8
France,FRA,1847,0.07,1.14,6.59,23.44,37.98,50.63,60.15,66.75,72.46,78.35,88.17
France,FRA,1848,0.06,1.02,5.7,22.77,37.29,50.54,60.3,67.08,72.79,78.84,88.97
France,FRA,1849,0.06,0.81,3.32,16.05,28.87,41.88,53.21,62.34,69.62,76.64,87.72
France,FRA,1850,0.07,1.32,8.9,27.57,43.14,55.02,63.19,69.33,74.39,80.25,90.27
France,FRA,1851,0.06,1.09,6.15,24.91,41.03,53.74,62.53,68.88,74.06,79.88,89.6
France,FRA,1852,0.06,1.07,5.98,24.17,39.97,53,62.05,68.53,73.87,79.79,89.69
France,FRA,1853,0.07,1.26,8.84,26,41.75,54.43,62.82,68.9,73.93,79.53,89.07
France,FRA,1854,0.06,0.83,3.59,18.03,29.47,42.8,53.95,62.55,69.45,76.13,87.17
France,FRA,1855,0.06,0.94,4.49,19.77,29.14,44.53,56.49,64.74,71.1,77.27,87.4
France,FRA,1856,0.06,1.02,5.5,21.62,35.5,50.71,60.82,67.91,73.58,79.59,89.41
France,FRA,1857,0.06,0.87,4.86,21.37,37.15,51.36,60.81,67.65,73.21,79.18,88.98
France,FRA,1858,0.06,0.88,4.82,21.79,37.92,51.42,60.61,67.18,72.66,78.5,88.3
France,FRA,1859,0.05,0.6,2.4,10.5,27.16,44.14,56.67,64.89,71.49,77.85,88.09
France,FRA,1860,0.07,1.28,8.39,27.18,43.81,55.85,63.48,69.55,74.53,80.12,89.96
France,FRA,1861,0.06,0.88,4.38,22.52,39.5,53.3,62.23,68.76,74.12,79.91,89.75
France,FRA,1862,0.06,1.15,7.81,26.97,43.76,55.95,63.63,69.69,74.78,80.33,90.16
France,FRA,1863,0.06,0.88,5.97,25.89,42.71,55.15,63.1,69.1,74.32,80,89.9
France,FRA,1864,0.06,1.02,7.95,27.45,43.3,55.14,62.99,68.72,73.87,79.44,89.28
France,FRA,1865,0.06,0.86,4.89,23.43,38.91,52.07,61.2,67.46,73.02,78.79,88.8
France,FRA,1866,0.07,1.18,7.8,26.28,41.1,53.05,61.82,67.88,73.35,79.2,89.26
France,FRA,1867,0.06,1.05,8.02,28.14,43.94,55.44,63.35,68.92,73.99,79.66,89.26
France,FRA,1868,0.05,0.82,4.83,23.96,40.03,52.82,61.74,67.96,73.26,79.13,88.92
France,FRA,1869,0.06,0.92,5.99,25.33,40.99,53.53,62.17,68.35,73.51,79.43,89.2
France,FRA,1870,0.05,0.76,3.87,19.46,30.29,43.85,55.34,63.75,70.29,76.52,86.73
France,FRA,1871,0.05,0.66,2.5,9.63,21.37,28.28,39.79,52.47,63.69,72.92,85.23
France,FRA,1872,0.06,1.07,9.05,27.2,42.53,54.96,63.34,69.76,74.8,80.66,90.76
France,FRA,1873,0.06,0.9,7.54,26.34,41.87,54.32,62.76,69.06,74.08,79.78,89.49
France,FRA,1874,0.06,1.39,14.91,31.63,46.85,57.74,64.92,70.57,75.27,80.73,90.5
France,FRA,1875,0.06,1.21,11.94,29.37,44.25,55.6,63.28,69.2,74.2,79.57,89.27
France,FRA,1876,0.07,1.42,13.99,30.11,44.8,56.03,63.73,69.65,74.73,80,89.67
France,FRA,1877,0.06,1.42,14.9,31.39,46.27,57.32,64.65,70.45,75.38,80.65,90.28
France,FRA,1878,0.06,1.12,12.63,30.19,45.31,56.55,64.06,69.82,74.76,79.96,89.28
France,FRA,1879,0.06,1.38,15.61,31.68,46.29,56.9,64.04,69.63,74.47,79.69,88.75
France,FRA,1880,0.06,1.05,9.76,28.56,43.82,55.54,63.53,69.5,74.56,80.03,89.44
France,FRA,1881,0.06,1.26,11.93,29.45,44.47,56.04,63.98,69.95,75.13,80.73,90.42
France,FRA,1882,0.06,1.19,11.2,29.12,43.91,55.55,63.62,69.67,74.96,80.66,90.21
France,FRA,1883,0.06,1.17,11.99,29.69,44.24,55.72,63.72,69.67,74.95,80.62,90.02
France,FRA,1884,0.06,1.02,9.53,28.59,43.24,55.16,63.36,69.5,74.82,80.55,90.13
France,FRA,1885,0.07,1.15,12.67,30.25,44.64,56.1,63.91,69.9,75.03,80.72,90.21
France,FRA,1886,0.06,1.06,11.61,29.3,43.69,55.46,63.44,69.55,74.75,80.52,90.04
France,FRA,1887,0.06,1.29,13.74,31.04,45.21,56.32,63.83,69.71,74.76,80.62,90.17
France,FRA,1888,0.06,1.04,14.36,31.48,46.28,57.62,64.67,70.25,74.91,80.41,89.75
France,FRA,1889,0.07,1.25,17.56,34.3,48.74,59.19,65.81,71.08,75.74,81.13,90.58
France,FRA,1890,0.06,0.96,11.73,30.48,45.07,56.62,63.62,69.31,74.24,79.64,89.13
France,FRA,1891,0.07,1.23,15.79,32.35,46.57,57.51,64.11,69.42,74.03,79.19,88.7
France,FRA,1892,0.06,0.93,15.67,32.79,46.95,57.67,64.44,69.67,74.36,79.37,88.7
France,FRA,1893,0.06,0.93,14.8,32.07,46.18,57.22,64.35,69.74,74.47,79.57,88.91
France,FRA,1894,0.06,1.21,18.65,35.17,48.72,58.89,65.54,70.71,75.27,80.42,89.62
France,FRA,1895,0.06,1.13,19.63,35.49,48.86,58.76,65.31,70.35,74.88,79.85,88.74
France,FRA,1896,0.07,1.82,22.37,38.59,51.38,60.62,66.83,71.71,76.24,81.28,90.35
France,FRA,1897,0.07,1.9,23.08,40.05,52.96,61.68,67.64,72.41,76.78,81.69,90.88
France,FRA,1898,0.06,1.31,20.86,37.85,51.16,60.09,66.33,71.24,75.63,80.55,89.66
France,FRA,1899,0.06,1.24,19.48,36.16,49.79,59.26,65.76,70.94,75.43,80.46,89.55
France,FRA,1900,0.06,1.46,20.66,36.44,49.11,58.24,64.74,69.86,74.52,79.55,88.58
France,FRA,1901,0.07,2.08,22.8,39.06,51.48,60.12,66.28,71.27,75.75,80.67,89.77
France,FRA,1902,0.07,2.31,23.96,40.24,52.44,60.86,66.91,71.76,76.15,81.08,90.18
France,FRA,1903,0.07,2.46,24.84,41.22,53.41,61.63,67.42,72.08,76.37,81.18,89.99
France,FRA,1904,0.07,2.16,24.58,41.16,53.46,61.58,67.4,72.03,76.29,81.1,89.84
France,FRA,1905,0.07,2.66,25.66,41.58,53.07,61.04,66.8,71.56,75.91,80.76,89.58
France,FRA,1906,0.07,2.2,24.62,40.81,52.52,60.73,66.61,71.47,75.83,80.72,89.55
France,FRA,1907,0.08,2.97,26.23,41.45,52.51,60.4,66.13,70.89,75.2,80.08,89.1
France,FRA,1908,0.08,3.24,27.48,43.11,54.06,61.67,67.26,71.93,76.21,81.12,90.2
France,FRA,1909,0.08,4.41,29.07,44.22,54.55,61.84,67.13,71.61,75.81,80.59,89.48
France,FRA,1910,0.09,5.32,30.48,45.71,56.02,63.16,68.4,72.83,76.93,81.69,90.6
France,FRA,1911,0.07,1.79,25.85,42.53,53.99,61.79,67.37,71.89,76.04,80.7,89.38
France,FRA,1912,0.09,5.65,30.74,45.86,56.05,63.2,68.5,72.97,77.11,81.95,91.04
France,FRA,1913,0.09,4.8,30.26,45.81,56.14,63.3,68.6,72.99,77.1,81.86,90.8
France,FRA,1914,0.09,7.21,19.42,22.58,26.75,32.44,44.98,60.76,70,77.31,87.97
France,FRA,1915,0.09,4.33,19.5,22.25,25.68,30.56,38.49,56.22,68.12,76.47,87.87
France,FRA,1916,0.08,4.62,20.37,24.21,29.37,37,52.88,64.44,71.93,78.53,88.65
France,FRA,1917,0.07,1.93,20.39,26.36,34.76,49.22,60.83,68.19,73.79,79.37,88.64
France,FRA,1918,0.07,1.35,16.35,22.13,26.31,31.76,40.07,55.66,67.79,76.38,87.94
France,FRA,1919,0.07,2.64,23.2,35.23,49.25,59.35,66.23,71.44,75.99,80.98,89.66
France,FRA,1920,0.08,4.18,28.94,46.14,57.16,64.31,69.58,73.9,77.98,82.67,91.46
France,FRA,1921,0.09,9.82,33.07,48.83,58.46,64.92,69.87,74.06,78.03,82.61,91.21
France,FRA,1922,0.12,18.1,37.26,50.88,59.39,65.3,69.92,73.87,77.63,82.09,90.53
France,FRA,1923,0.1,15.32,36.42,50.85,59.67,65.74,70.48,74.55,78.47,82.98,91.61
France,FRA,1924,0.12,18.15,37.81,51.22,59.64,65.54,70.19,74.19,78.05,82.56,91.25
France,FRA,1925,0.11,15.85,36.16,50.09,58.83,64.96,69.73,73.84,77.78,82.24,90.64
France,FRA,1926,0.1,14.89,35.59,49.84,58.8,64.99,69.82,73.96,77.85,82.35,90.85
France,FRA,1927,0.12,17.94,38.38,52.14,60.54,66.36,70.86,74.72,78.42,82.75,91.08
France,FRA,1928,0.11,16.76,38.08,52.16,60.59,66.34,70.91,74.84,78.69,83.12,91.48
France,FRA,1929,0.11,16.37,37.1,50.76,59.28,65.13,69.74,73.67,77.44,81.79,90.04
France,FRA,1930,0.13,20.14,40.58,53.12,61.07,66.73,71.27,75.26,79.14,83.72,92.56
France,FRA,1931,0.14,20.69,41.1,53.48,61.18,66.67,71.03,74.79,78.51,82.85,91.04
France,FRA,1932,0.13,20.99,41.96,54.07,61.6,67.04,71.36,75.18,78.94,83.36,91.78
France,FRA,1933,0.14,22.35,42.99,54.48,61.75,67.1,71.38,75.16,78.93,83.29,91.55
France,FRA,1934,0.15,23.1,43.64,55.02,62.22,67.56,71.85,75.66,79.44,83.97,92.63
France,FRA,1935,0.15,24.29,43.87,54.75,61.83,67.13,71.42,75.25,78.97,83.41,91.86
France,FRA,1936,0.15,24.91,44.72,55.52,62.51,67.71,71.87,75.62,79.29,83.7,92.23
France,FRA,1937,0.16,25.23,44.98,55.79,62.79,67.96,72.15,75.92,79.62,84.13,92.64
France,FRA,1938,0.16,25.57,44.92,55.57,62.56,67.74,71.93,75.66,79.35,83.76,92.2
France,FRA,1939,0.16,27.53,46.52,56.62,63.22,68.16,72.15,75.76,79.32,83.63,91.95
France,FRA,1940,0.12,19.84,25.3,34.7,48.66,59,65.77,70.93,75.55,80.38,88.85
France,FRA,1941,0.14,24.38,43.32,54.09,61.37,66.69,71.01,74.83,78.46,82.78,90.89
France,FRA,1942,0.14,22.34,41.54,54.21,61.79,67.08,71.28,75.05,78.58,82.81,90.87
France,FRA,1943,0.13,19.62,27.22,42.43,55.92,64.07,69.64,74.16,78.25,82.85,91.35
France,FRA,1944,0.13,16.98,23.91,28.76,39.86,52.75,62.87,69.75,75.2,80.57,89.52
France,FRA,1945,0.09,18.77,34.7,51.75,61.34,67.38,71.88,75.77,79.45,83.7,91.75
France,FRA,1946,0.13,30.39,52.8,62.01,67.7,71.9,75.43,78.65,81.91,85.93,93.88
France,FRA,1947,0.16,36.32,54.86,63.24,68.57,72.56,75.94,79.07,82.3,86.26,94.31
France,FRA,1948,0.21,41.19,56.28,63.95,69.11,73.07,76.47,79.64,82.94,86.99,95.33
France,FRA,1949,0.19,41.54,56.19,63.61,68.55,72.3,75.51,78.54,81.65,85.49,93.26
France,FRA,1950,0.23,44.11,57.22,64.42,69.32,73.1,76.34,79.4,82.56,86.45,94.29
France,FRA,1951,0.24,44.3,56.99,64.05,68.93,72.69,75.88,78.84,81.94,85.71,93.33
France,FRA,1952,0.27,46.22,58.19,65.07,69.83,73.54,76.75,79.74,82.89,86.72,94.55
France,FRA,1953,0.31,46.91,58.13,64.84,69.5,73.14,76.22,79.13,82.19,85.94,93.49
France,FRA,1954,0.31,47.62,58.84,65.51,70.23,73.94,77.07,80.08,83.21,87.04,94.8
France,FRA,1955,0.34,48.11,59.1,65.71,70.37,74.01,77.14,80.07,83.15,86.91,94.64
France,FRA,1956,0.38,48.46,59.08,65.59,70.18,73.82,76.92,79.81,82.83,86.54,94.02
France,FRA,1957,0.41,48.74,59.4,65.83,70.41,74.05,77.22,80.19,83.31,87.09,94.72
France,FRA,1958,0.47,50.4,60.81,67.12,71.59,75.12,78.18,81.05,84.04,87.77,95.42
France,FRA,1959,0.52,50.34,60.7,66.96,71.51,75.06,78.14,81.03,84.05,87.84,95.39
France,FRA,1960,0.62,50.91,60.86,66.99,71.46,75,78.06,80.96,83.96,87.62,95.18
France,FRA,1961,0.68,51.11,61.26,67.42,71.97,75.56,78.64,81.6,84.62,88.36,96.1
France,FRA,1962,0.71,50.91,60.94,66.95,71.47,75.05,78.11,80.98,83.95,87.57,95.1
France,FRA,1963,0.7,50.88,60.78,66.72,71.25,74.84,77.91,80.79,83.81,87.46,94.98
France,FRA,1964,1.05,51.51,61.51,67.49,71.99,75.64,78.79,81.71,84.76,88.54,96.32
France,FRA,1965,2.33,51.33,61.27,67.19,71.69,75.34,78.48,81.4,84.44,88.15,95.79
France,FRA,1966,2.33,51.55,61.63,67.51,72.04,75.7,78.92,81.89,84.96,88.74,96.64
France,FRA,1967,3.02,51.58,61.62,67.51,71.93,75.62,78.82,81.76,84.81,88.57,96.21
France,FRA,1968,3.16,51.59,61.69,67.56,71.93,75.58,78.76,81.7,84.75,88.49,96.02
France,FRA,1969,3.61,51.28,61.38,67.17,71.44,75.07,78.28,81.37,84.53,88.41,96.09
France,FRA,1970,4.98,52.03,62.25,68.13,72.48,76.06,79.22,82.18,85.26,89.04,96.69
France,FRA,1971,5.68,51.83,62.15,68.11,72.44,76.05,79.22,82.18,85.21,88.91,96.41
France,FRA,1972,7.57,51.84,62.25,68.21,72.59,76.17,79.36,82.37,85.47,89.27,96.97
France,FRA,1973,8.17,52.2,62.54,68.49,72.79,76.32,79.44,82.37,85.4,89.1,96.66
France,FRA,1974,9.83,52.56,62.72,68.74,73.05,76.56,79.68,82.64,85.69,89.42,96.88
France,FRA,1975,12.09,52.62,62.79,68.75,73.07,76.57,79.66,82.61,85.64,89.36,96.79
France,FRA,1976,13.9,52.66,62.91,68.99,73.34,76.8,79.87,82.82,85.87,89.54,97.02
France,FRA,1977,14.24,53.1,63.43,69.56,73.88,77.37,80.44,83.41,86.47,90.19,97.74
France,FRA,1978,15.41,53.4,63.5,69.66,73.97,77.43,80.45,83.33,86.37,90.09,97.58
France,FRA,1979,16.2,53.49,63.7,69.9,74.26,77.73,80.77,83.65,86.66,90.37,97.97
France,FRA,1980,15.86,53.59,63.87,70.12,74.45,77.91,80.91,83.75,86.76,90.43,97.83
France,FRA,1981,16.57,53.97,64.14,70.33,74.64,78.05,81,83.77,86.71,90.33,97.66
France,FRA,1982,17.31,54.18,64.38,70.61,74.98,78.41,81.36,84.18,87.14,90.79,98.25
France,FRA,1983,17.54,54.29,64.46,70.66,75,78.37,81.3,84.04,86.94,90.51,97.86
France,FRA,1984,18.28,54.71,64.8,71.03,75.4,78.81,81.76,84.53,87.43,91.05,98.53
France,FRA,1985,18.61,54.98,64.98,71.17,75.51,78.89,81.77,84.53,87.38,90.95,98.27
France,FRA,1986,18.94,55.2,65.24,71.38,75.78,79.15,82.06,84.8,87.66,91.21,98.52
France,FRA,1987,19.68,55.71,65.75,71.89,76.29,79.69,82.6,85.36,88.27,91.83,99.21
France,FRA,1988,19.71,55.92,66.02,72.2,76.6,80,82.9,85.64,88.52,92.05,99.41
France,FRA,1989,19.91,56,66.14,72.42,76.8,80.21,83.1,85.81,88.63,92.12,99.35
France,FRA,1990,20.46,56.3,66.56,72.78,77.12,80.51,83.37,86.07,88.88,92.32,99.44
France,FRA,1991,20.38,56.39,66.67,72.93,77.33,80.72,83.6,86.31,89.12,92.59,99.77
France,FRA,1992,21.23,56.58,66.9,73.16,77.51,80.96,83.86,86.58,89.38,92.85,100.02
France,FRA,1993,21.27,56.65,66.98,73.25,77.62,81.02,83.89,86.56,89.33,92.77,99.95
France,FRA,1994,21.96,56.87,67.33,73.59,77.99,81.39,84.29,86.99,89.8,93.24,100.46
France,FRA,1995,22.63,57.2,67.48,73.66,78,81.38,84.28,86.96,89.72,93.16,100.17
France,FRA,1996,23.18,57.63,67.76,73.8,78.14,81.49,84.37,87.05,89.8,93.17,100.16
France,FRA,1997,23.49,58.2,68.25,74.2,78.47,81.77,84.64,87.3,90.02,93.39,100.32
France,FRA,1998,24.03,58.48,68.52,74.41,78.64,81.93,84.72,87.35,90.09,93.45,100.38
France,FRA,1999,24.07,58.64,68.78,74.66,78.82,82.09,84.85,87.45,90.15,93.47,100.35
France,FRA,2000,24.61,58.92,69.11,74.99,79.18,82.4,85.12,87.73,90.44,93.74,100.6
France,FRA,2001,24.46,58.95,69.31,75.21,79.4,82.59,85.34,87.94,90.64,93.91,100.7
France,FRA,2002,25.43,59.15,69.53,75.45,79.57,82.75,85.48,88.04,90.7,93.95,100.74
France,FRA,2003,26.45,59.35,69.68,75.54,79.61,82.73,85.42,87.93,90.52,93.7,100.22
France,FRA,2004,27.57,60.14,70.53,76.4,80.45,83.6,86.31,88.84,91.52,94.8,101.67
France,FRA,2005,28.02,60.26,70.62,76.47,80.49,83.57,86.23,88.74,91.35,94.6,101.27
France,FRA,2006,28.74,60.58,70.95,76.85,80.88,84,86.67,89.22,91.82,95.07,101.78
France,FRA,2007,29,60.87,71.2,77.16,81.11,84.21,86.86,89.33,91.91,95.15,101.86
France,FRA,2008,29.33,61.06,71.37,77.26,81.22,84.27,86.91,89.38,91.95,95.15,101.72
France,FRA,2009,29.27,61.05,71.49,77.46,81.44,84.47,87.06,89.5,92.09,95.25,101.8
France,FRA,2010,30.11,61.36,71.69,77.7,81.62,84.66,87.28,89.71,92.26,95.44,101.98
France,FRA,2011,30.5,61.71,72.09,78.08,82.01,85.04,87.63,90.08,92.61,95.76,102.24
France,FRA,2012,31.3,61.98,72.16,78.13,81.99,84.95,87.5,89.9,92.39,95.48,101.73
France,FRA,2013,31.92,62.31,72.36,78.33,82.21,85.2,87.74,90.13,92.61,95.71,102.02
France,FRA,2014,32.46,62.8,72.81,78.77,82.64,85.6,88.13,90.55,93.06,96.22,102.59
France,FRA,2015,32,62.69,72.63,78.54,82.43,85.36,87.88,90.24,92.71,95.77,102.04
France,FRA,2016,32.63,62.96,72.8,78.74,82.67,85.59,88.11,90.47,92.94,95.99,102.31
France,FRA,2017,32.85,63.13,72.9,78.81,82.77,85.69,88.15,90.48,92.91,95.91,102.31
France,FRA,2018,32.92,63.29,73.02,78.91,82.9,85.83,88.31,90.63,93.08,96.1,102.46
France,FRA,2019,32.75,63.59,73.23,79.09,83.05,86,88.46,90.79,93.22,96.23,102.52
France,FRA,2020,33.59,63.46,72.76,78.43,82.33,85.35,87.81,90.12,92.53,95.53,101.75
France,FRA,2021,33.16,63.49,72.66,78.43,82.41,85.47,88.03,90.37,92.82,95.91,102.31
France,FRA,2022,32.18,63.52,72.76,78.52,82.52,85.57,88.11,90.37,92.76,95.73,101.86
France,FRA,2023,32.79,64.08,73.35,79.13,83.11,86.13,88.68,90.98,93.36,96.34,102.67
Germany,DEU,1990,20.64,56.78,65.63,71.07,75.18,78.38,81.18,83.85,86.64,90.12,97.33
Germany,DEU,1991,21.22,56.83,65.68,71.22,75.37,78.59,81.43,84.09,86.89,90.39,97.68
Germany,DEU,1992,22.2,57.27,66.05,71.65,75.7,78.97,81.82,84.52,87.34,90.84,98.17
Germany,DEU,1993,22.47,57.46,66.14,71.72,75.71,78.98,81.85,84.56,87.36,90.82,98.01
Germany,DEU,1994,22.84,57.73,66.41,71.98,76.05,79.31,82.16,84.85,87.64,91.09,98.27
Germany,DEU,1995,23.11,57.99,66.63,72.13,76.08,79.44,82.27,84.99,87.79,91.23,98.31
Germany,DEU,1996,23.92,58.31,66.92,72.35,76.28,79.63,82.44,85.14,87.93,91.34,98.41
Germany,DEU,1997,24.4,58.76,67.42,72.76,76.74,80.02,82.83,85.52,88.33,91.73,98.7
Germany,DEU,1998,25.39,59.32,67.9,73.14,77.11,80.34,83.12,85.76,88.52,91.9,98.86
Germany,DEU,1999,25.14,59.52,68.21,73.41,77.4,80.59,83.37,85.97,88.71,92.07,98.91
Germany,DEU,2000,26.03,59.69,68.43,73.64,77.65,80.76,83.6,86.21,88.94,92.29,99.17
Germany,DEU,2001,26.83,60.04,68.85,74.01,77.98,81.08,83.92,86.51,89.24,92.56,99.38
Germany,DEU,2002,27.49,60.13,69.03,74.15,78.06,81.21,83.97,86.57,89.21,92.5,99.21
Germany,DEU,2003,27.76,60.32,69.21,74.3,78.14,81.26,83.9,86.55,89.17,92.42,99.09
Germany,DEU,2004,29.39,60.83,69.75,74.88,78.7,81.83,84.45,87.08,89.74,93.01,99.79
Germany,DEU,2005,30.37,61.02,69.97,75.12,78.86,81.95,84.58,87.17,89.77,92.97,99.63
Germany,DEU,2006,31.57,61.4,70.38,75.47,79.18,82.23,84.87,87.39,90.04,93.23,99.94
Germany,DEU,2007,31.36,61.62,70.55,75.7,79.38,82.38,85.04,87.44,90.13,93.33,99.97
Germany,DEU,2008,32.05,61.76,70.68,75.86,79.49,82.44,85.07,87.51,90.13,93.25,99.8
Germany,DEU,2009,32.12,61.87,70.77,76.03,79.65,82.56,85.14,87.56,90.11,93.32,99.81
Germany,DEU,2010,32.76,62.05,70.87,76.17,79.8,82.72,85.3,87.74,90.22,93.43,99.94
Germany,DEU,2011,32.91,62.27,71.12,76.45,80.11,83.01,85.59,88.04,90.55,93.74,100.16
Germany,DEU,2012,34.29,62.63,71.3,76.66,80.28,83.12,85.64,88.04,90.54,93.69,100.07
Germany,DEU,2013,34.41,62.63,71.17,76.6,80.27,83.11,85.6,87.99,90.49,93.49,99.95
Germany,DEU,2014,35.11,63.01,71.59,77.01,80.72,83.59,86.08,88.47,91,94.02,100.54
Germany,DEU,2015,34.32,62.8,71.19,76.62,80.4,83.3,85.76,88.13,90.59,93.63,100.02
Germany,DEU,2016,34.75,63.02,71.37,76.84,80.67,83.59,86.09,88.45,90.95,94.04,100.56
Germany,DEU,2017,35.52,63.34,71.57,76.91,80.75,83.66,86.13,88.47,90.91,93.93,100.25
Germany,DEU,2018,35.42,63.26,71.43,76.75,80.67,83.62,86.14,88.46,90.88,93.88,100.28
Germany,DEU,2019,35.84,63.64,71.74,77.02,80.94,83.93,86.45,88.77,91.2,94.22,100.7
Germany,DEU,2020,36.34,63.57,71.59,76.8,80.69,83.73,86.23,88.56,90.95,93.93,100.21
Greece,GRC,1981,16.03,59.12,67.29,72.2,75.78,78.71,81.34,84.06,86.89,90.63,99.1
Greece,GRC,1982,16.53,59.18,67.53,72.38,75.91,78.83,81.51,84.23,87.06,90.86,99.59
Greece,GRC,1983,15.65,59.11,67.52,72.4,75.8,78.67,81.37,83.94,86.83,90.34,98.78
Greece,GRC,1984,17.43,59.44,67.87,72.7,76.19,79.11,81.82,84.42,87.31,90.97,99.33
Greece,GRC,1985,17.44,59.39,67.68,72.44,76.02,78.89,81.55,84.19,87.02,90.52,98.92
Greece,GRC,1986,19.16,59.94,68.25,72.91,76.41,79.28,81.86,84.45,87.24,90.71,99
Greece,GRC,1987,19.28,59.73,68.01,72.68,76.19,79.07,81.64,84.24,87,90.53,98.71
Greece,GRC,1988,19.89,60.28,68.53,73.23,76.75,79.57,82.14,84.75,87.62,91.13,99.03
Greece,GRC,1989,20.36,60.41,68.68,73.34,76.85,79.75,82.4,84.98,87.81,91.3,99.28
Greece,GRC,1990,20.51,60.63,69.03,73.65,77,79.91,82.48,85,87.79,91.3,99.16
Greece,GRC,1991,21.51,60.5,68.99,73.71,77.07,80.01,82.61,85.14,87.87,91.38,99.14
Greece,GRC,1992,21.6,60.36,68.9,73.57,77.05,79.9,82.51,85.07,87.78,91.26,98.93
Greece,GRC,1993,21.98,60.68,69.14,73.89,77.32,80.1,82.72,85.28,88.03,91.57,99.62
Greece,GRC,1994,21.86,60.76,69.35,74.09,77.6,80.42,83.01,85.51,88.25,91.73,99.38
Greece,GRC,1995,22.31,60.63,69.23,74.12,77.62,80.36,82.94,85.47,88.16,91.67,99.26
Greece,GRC,1996,22.47,60.62,69.27,74.25,77.73,80.51,83.06,85.63,88.37,91.79,99.26
Greece,GRC,1997,22.96,60.76,69.63,74.45,78.03,80.84,83.4,85.96,88.67,92.09,99.75
Greece,GRC,1998,23.36,60.89,69.65,74.49,77.98,80.88,83.41,85.87,88.51,91.91,99.34
Greece,GRC,1999,23.1,60.74,69.74,74.56,78.15,80.94,83.45,85.99,88.66,92.06,99.47
Greece,GRC,2000,24.43,61.12,69.85,74.62,78.16,80.99,83.53,85.96,88.64,91.99,99.34
Greece,GRC,2001,24.46,61.38,70.2,75.04,78.58,81.41,83.96,86.37,89.06,92.46,99.83
Greece,GRC,2002,25.98,61.71,70.55,75.27,78.71,81.55,84.07,86.48,89.11,92.42,99.76
Greece,GRC,2003,26.69,61.78,70.65,75.43,78.84,81.71,84.18,86.59,89.16,92.45,99.56
Greece,GRC,2004,25.53,61.66,70.67,75.63,79,81.93,84.43,86.92,89.45,92.76,99.77
Greece,GRC,2005,25.18,61.65,71.02,75.91,79.26,82.13,84.65,87.09,89.72,92.98,100.18
Greece,GRC,2006,27.1,61.92,71.28,76.22,79.6,82.47,85,87.42,89.93,93.08,100.05
Greece,GRC,2007,26.41,61.67,71.11,76.09,79.51,82.33,84.87,87.2,89.76,92.96,100.02
Greece,GRC,2008,28.1,62.17,71.61,76.59,80.01,82.77,85.29,87.65,90.18,93.37,100.52
Greece,GRC,2009,26.68,62.21,71.82,76.85,80.29,83.07,85.56,87.94,90.49,93.69,100.52
Greece,GRC,2010,27.81,62.66,72.1,77.14,80.6,83.42,85.82,88.17,90.64,93.88,100.47
Greece,GRC,2011,28.88,62.72,72.02,77.16,80.68,83.47,85.89,88.27,90.75,93.95,100.7
Greece,GRC,2012,30.24,62.7,71.9,77.1,80.53,83.23,85.72,88.07,90.53,93.71,100.4
Greece,GRC,2013,32.13,63.08,72.37,77.61,81.05,83.79,86.29,88.7,91.2,94.42,101.04
Greece,GRC,2014,31.81,63.22,72.49,77.77,81.23,83.96,86.46,88.78,91.29,94.37,100.95
Greece,GRC,2015,32.39,63.25,72.13,77.5,80.99,83.73,86.14,88.45,90.89,94,100.49
Greece,GRC,2016,31.8,63.31,72.27,77.7,81.27,84.01,86.37,88.79,91.33,94.51,101.13
Greece,GRC,2017,32.79,63.48,72.16,77.64,81.29,83.92,86.28,88.57,91.03,94.19,100.66
Greece,GRC,2018,33.77,63.73,72.58,78.07,81.69,84.36,86.75,88.99,91.53,94.7,101.24
Greece,GRC,2019,33.5,63.76,72.63,78.07,81.64,84.34,86.64,88.82,91.32,94.47,101
Hong Kong,HKG,1986,24.82,58.94,67.01,72.15,75.92,79.47,82.43,85.21,88.38,92.28,100.77
Hong Kong,HKG,1987,26.99,59.28,67.19,72.19,76.12,79.46,82.11,84.99,88.06,92.01,99.98
Hong Kong,HKG,1988,24.49,59.35,67.41,72.5,76.38,79.53,82.26,85.13,88.11,92.04,99.68
Hong Kong,HKG,1989,25.38,59.14,67.44,72.38,76.26,79.41,82.2,85.07,88.27,92.12,99.67
Hong Kong,HKG,1990,25.87,59.7,67.71,72.58,76.38,79.63,82.41,85.17,88.22,91.98,100.58
Hong Kong,HKG,1991,27.02,60.3,68.36,73.25,76.95,80.19,83.01,85.86,89.12,93.21,101.34
Hong Kong,HKG,1992,27.13,60.14,68.17,72.88,76.73,79.95,82.65,85.54,88.62,92.71,100.35
Hong Kong,HKG,1993,28.33,60.59,68.52,73.16,77.08,80.37,83.13,85.99,89.11,93.18,101.46
Hong Kong,HKG,1994,28.78,61.19,69.13,73.92,77.82,81.03,83.81,86.75,89.95,94.07,103.64
Hong Kong,HKG,1995,28.83,61.41,69.41,74.35,78.08,80.8,83.31,86.6,89.99,94.4,102.82
Hong Kong,HKG,1996,28.45,62.27,69.95,74.85,78.61,81.28,83.99,86.76,89.92,94.04,103.08
Hong Kong,HKG,1997,29.01,62.48,70.59,75.38,79.16,82.11,84.83,87.52,90.54,94.51,102.92
Hong Kong,HKG,1998,32.32,62.56,70.56,75.36,79.14,82.12,84.79,87.55,90.6,94.67,102.76
Hong Kong,HKG,1999,32.45,63.08,71.06,75.74,79.32,82.24,84.98,87.82,90.86,94.78,103.1
Hong Kong,HKG,2000,33.28,63.47,71.26,76.04,79.63,82.5,85.25,88.01,90.97,94.98,103.83
Hong Kong,HKG,2001,32.18,64,71.8,76.52,80.14,83.08,85.88,88.61,91.74,95.73,103.61
Hong Kong,HKG,2002,31.68,64.01,71.91,76.72,80.34,83.21,86.03,88.85,91.77,95.88,104.35
Hong Kong,HKG,2003,32.66,63.67,71.95,76.57,80.08,82.97,85.7,88.33,91.34,95.19,102.99
Hong Kong,HKG,2004,32.74,64.47,72.45,77.09,80.65,83.49,86.17,88.75,91.6,95.26,102.72
Hong Kong,HKG,2005,34.26,64.78,72.52,77.09,80.54,83.34,85.92,88.62,91.42,95.01,102.9
Hong Kong,HKG,2006,34.94,65.25,73.23,77.83,81.24,84.11,86.8,89.45,92.32,95.9,103.42
Hong Kong,HKG,2007,35.37,65.25,73.21,77.87,81.24,84.06,86.63,89.25,92.16,95.8,103.33
Hong Kong,HKG,2008,34.39,65.37,73.34,77.88,81.32,84.12,86.67,89.1,91.78,95.27,102.56
Hong Kong,HKG,2009,35.01,65.73,73.57,78.26,81.68,84.58,87.24,89.8,92.51,96.04,103.38
Hong Kong,HKG,2010,36.28,66.01,73.81,78.63,82.05,84.86,87.43,89.86,92.54,95.89,103.05
Hong Kong,HKG,2011,37.18,66.33,74.31,79.04,82.38,85.18,87.75,90.26,92.93,96.42,103.61
Hong Kong,HKG,2012,37.32,66.64,74.48,79.09,82.46,85.33,87.88,90.35,92.93,96.23,103.54
Hong Kong,HKG,2013,37.48,66.79,74.83,79.63,83.08,85.89,88.36,90.85,93.47,96.8,103.62
Hong Kong,HKG,2014,38.99,67.01,75.08,79.76,83.13,85.93,88.41,90.87,93.45,96.71,103.35
Hong Kong,HKG,2015,40.02,66.94,75.15,79.87,83.35,86.16,88.67,91.04,93.66,96.92,103.5
Hong Kong,HKG,2016,38.28,66.96,75.1,79.95,83.54,86.37,88.95,91.45,94.02,97.15,103.47
Hong Kong,HKG,2017,38.7,67.21,75.45,80.33,83.95,86.8,89.33,91.81,94.48,97.73,104.15
Hong Kong,HKG,2018,39.77,67.7,75.75,80.64,84.2,87.1,89.66,92.1,94.77,98.05,104.48
Hong Kong,HKG,2019,39.35,67.5,75.75,80.64,84.34,87.28,89.87,92.32,94.88,98.13,104.58
Hong Kong,HKG,2020,39.53,67.87,75.96,80.45,84.22,87.2,89.82,92.32,94.96,98.35,104.55
Hong Kong,HKG,2021,40.28,68.01,76.39,80.82,84.42,87.47,90.07,92.57,95.2,98.55,104.71
Hong Kong,HKG,2022,38.39,66.88,75.1,79.51,82.78,85.75,88.35,90.8,93.32,96.61,102.77
Hong Kong,HKG,2023,37.86,67.9,76.39,80.91,84.35,87.39,90.11,92.63,95.41,98.8,105.3
Hungary,HUN,1950,0.13,32.89,53.56,61.91,67.35,71.49,75,78.2,81.59,85.56,93.84
Hungary,HUN,1951,0.13,35.21,54.65,62.56,67.63,71.57,74.85,77.96,81.18,84.96,92.51
Hungary,HUN,1952,0.16,40.97,56.33,63.46,68.12,71.9,75.06,77.98,81.1,84.81,92.08
Hungary,HUN,1953,0.15,42.43,57.19,63.9,68.41,71.98,74.96,77.73,80.63,84.22,91.28
Hungary,HUN,1954,0.18,45.84,58.62,64.87,69.12,72.51,75.46,78.22,81.14,84.75,92.39
Hungary,HUN,1955,0.2,47.64,59.88,65.93,70.2,73.62,76.64,79.49,82.43,86.15,93.88
Hungary,HUN,1956,0.21,44.64,58.62,65.08,69.54,73.04,76.08,78.91,81.93,85.6,93.17
Hungary,HUN,1957,0.2,46.92,59.45,65.49,69.71,73.09,76.14,78.98,82,85.68,93.18
Hungary,HUN,1958,0.21,48.82,60.53,66.44,70.63,73.91,76.86,79.67,82.61,86.3,94.22
Hungary,HUN,1959,0.24,49.24,60.2,65.94,70.01,73.34,76.28,79.12,82.08,85.72,93.27
Hungary,HUN,1960,0.26,50.22,60.91,66.65,70.67,73.88,76.69,79.42,82.35,85.97,93.34
Hungary,HUN,1961,0.3,50.98,61.68,67.31,71.32,74.58,77.46,80.23,83.1,86.72,94.5
Hungary,HUN,1962,0.27,50.34,60.96,66.58,70.54,73.75,76.54,79.2,82.08,85.44,92.47
Hungary,HUN,1963,0.29,50.8,61.6,67.13,71.21,74.49,77.42,80.15,83.15,86.78,94.31
Hungary,HUN,1964,0.33,51.87,62.08,67.47,71.38,74.59,77.49,80.29,83.25,86.82,94.26
Hungary,HUN,1965,0.34,51.83,61.89,67.29,71.09,74.26,77.09,79.75,82.57,86.08,93.43
Hungary,HUN,1966,0.34,52.36,62.43,67.79,71.69,74.92,77.85,80.6,83.55,87.2,94.93
Hungary,HUN,1967,0.34,51.83,62.09,67.41,71.28,74.43,77.29,80.08,82.95,86.61,94.28
Hungary,HUN,1968,0.38,51.59,61.84,67.1,70.98,74.18,77.07,79.78,82.64,86.25,93.57
Hungary,HUN,1969,0.4,51.68,61.68,67.03,70.84,74.04,76.94,79.77,82.76,86.45,94.12
Hungary,HUN,1970,0.4,51.1,61.49,66.83,70.73,73.97,76.88,79.69,82.67,86.31,93.83
Hungary,HUN,1971,0.41,50.67,61.2,66.67,70.57,73.78,76.67,79.53,82.62,86.4,94.16
Hungary,HUN,1972,0.43,51.14,61.55,67.13,71.12,74.39,77.32,80.18,83.19,86.87,94.44
Hungary,HUN,1973,0.43,51.23,61.47,67.06,71,74.23,77.13,79.97,82.97,86.68,94.27
Hungary,HUN,1974,0.36,50.44,61.06,66.82,70.88,74.2,77.18,80.08,83.13,86.86,94.39
Hungary,HUN,1975,0.44,50.47,60.9,66.67,70.71,74.01,76.94,79.8,82.82,86.56,94.16
Hungary,HUN,1976,0.62,50.87,60.92,66.63,70.69,73.96,76.9,79.81,82.86,86.56,94.17
Hungary,HUN,1977,0.83,50.77,60.85,66.64,70.69,74.01,76.97,79.84,82.96,86.79,94.59
Hungary,HUN,1978,2.38,50.09,60.09,65.92,70.14,73.51,76.45,79.34,82.4,86.24,93.81
Hungary,HUN,1979,2.73,50.1,59.77,65.83,70.17,73.62,76.71,79.68,82.81,86.77,94.61
Hungary,HUN,1980,3.75,49.32,58.99,64.96,69.46,73,76.12,79.13,82.24,86.16,93.88
Hungary,HUN,1981,6.43,49.04,58.6,64.88,69.33,72.98,76.12,79.16,82.37,86.35,94.33
Hungary,HUN,1982,6.95,49.35,58.84,64.9,69.45,73.06,76.25,79.33,82.46,86.39,94.3
Hungary,HUN,1983,7.87,48.3,57.99,64.2,68.94,72.67,75.94,79.05,82.24,86.16,94.11
Hungary,HUN,1984,7.01,48.43,58.01,64.12,68.98,72.79,76.08,79.2,82.42,86.45,94.43
Hungary,HUN,1985,5.32,48.13,57.95,64.17,69.01,72.78,76.12,79.26,82.49,86.38,94.24
Hungary,HUN,1986,8.38,48.56,58.12,64.21,68.91,72.77,76.15,79.31,82.54,86.51,94.41
Hungary,HUN,1987,11.29,48.94,58.45,64.51,69.3,73.15,76.54,79.7,82.98,86.96,94.9
Hungary,HUN,1988,14.27,49.24,58.71,64.72,69.43,73.43,76.84,79.97,83.24,87.3,95.32
Hungary,HUN,1989,13.07,48.17,57.77,63.93,68.8,72.96,76.45,79.73,83.05,87.04,95.06
Hungary,HUN,1990,14.12,47.92,57.61,63.84,68.75,72.9,76.44,79.72,83.06,87.12,94.98
Hungary,HUN,1991,13.8,47.87,57.5,63.83,68.76,72.97,76.54,79.91,83.29,87.29,95.27
Hungary,HUN,1992,16.65,47.29,56.75,63.25,68.19,72.38,76.28,79.66,83.09,87.21,95.25
Hungary,HUN,1993,17.54,47.12,56.55,62.99,68.04,72.29,76.13,79.61,83.1,87.25,95.11
Hungary,HUN,1994,18.68,47.44,56.86,63.36,68.44,72.65,76.42,79.94,83.41,87.6,95.55
Hungary,HUN,1995,18.87,48,57.31,63.75,68.79,72.99,76.75,80.26,83.66,87.72,95.68
Hungary,HUN,1996,19.77,49.16,58.46,64.77,69.6,73.57,77.1,80.56,83.83,87.83,95.62
Hungary,HUN,1997,20.91,49.52,58.75,65.04,69.9,73.91,77.42,80.91,84.27,88.28,96.01
Hungary,HUN,1998,20.21,49.25,58.51,64.87,69.82,73.9,77.51,80.91,84.3,88.32,96.04
Hungary,HUN,1999,21.78,49.48,58.69,65.05,69.94,73.93,77.48,80.82,84.15,88.11,95.81
Hungary,HUN,2000,21.64,50.27,59.61,65.84,70.76,74.77,78.23,81.54,84.93,88.87,96.6
Hungary,HUN,2001,23.46,51.01,60.2,66.57,71.39,75.31,78.75,81.91,85.34,89.2,96.91
Hungary,HUN,2002,22.95,51.09,60.31,66.68,71.49,75.4,78.86,82.03,85.36,89.21,96.87
Hungary,HUN,2003,24.1,51.54,60.37,66.67,71.42,75.33,78.76,81.92,85.18,89.09,96.57
Hungary,HUN,2004,24.65,51.82,60.6,66.89,71.78,75.72,79.18,82.35,85.65,89.57,97
Hungary,HUN,2005,25.02,51.79,60.56,66.88,71.73,75.74,79.11,82.24,85.33,89.38,96.88
Hungary,HUN,2006,25.41,52.34,60.95,67.17,72.1,76.16,79.63,82.75,85.9,89.86,97.53
Hungary,HUN,2007,25.7,52.46,61.02,67.33,72.25,76.25,79.69,82.79,85.99,89.89,97.24
Hungary,HUN,2008,26.49,53.24,61.66,67.88,72.77,76.75,80.15,83.22,86.37,90.24,97.71
Hungary,HUN,2009,27.79,53.67,61.87,67.99,72.91,76.87,80.27,83.38,86.52,90.26,97.8
Hungary,HUN,2010,29.27,54.33,62.39,68.52,73.29,77.17,80.52,83.59,86.63,90.27,97.63
Hungary,HUN,2011,29.09,54.94,62.92,68.94,73.69,77.46,80.82,83.9,86.94,90.65,97.99
Hungary,HUN,2012,29.19,55.46,63.44,69.33,74,77.79,81.01,84.03,87.06,90.67,97.73
Hungary,HUN,2013,30.8,56.2,64.07,69.93,74.61,78.28,81.45,84.41,87.36,90.97,98.11
Hungary,HUN,2014,30.83,56.39,64.17,69.96,74.63,78.42,81.58,84.57,87.63,91.26,98.66
Hungary,HUN,2015,29.54,56.49,64.07,69.83,74.45,78.16,81.3,84.23,87.31,90.9,97.86
Hungary,HUN,2016,31.17,57.01,64.51,70.17,74.8,78.58,81.73,84.72,87.87,91.55,98.71
Hungary,HUN,2017,31.23,57.09,64.52,69.99,74.6,78.35,81.55,84.47,87.51,91.18,98.57
Hungary,HUN,2018,31.54,57.34,64.64,70.15,74.72,78.51,81.7,84.63,87.67,91.44,98.69
Hungary,HUN,2019,31.7,57.72,65.03,70.45,75.03,78.76,81.93,84.87,87.8,91.7,98.93
Hungary,HUN,2020,31.63,57.41,64.52,69.67,74.07,77.78,81.02,84.01,86.97,90.85,98.69
Iceland,ISL,1838,0.03,0.36,2.66,18.85,33.17,45.93,54.42,61.31,68.56,75.07,86.74
Iceland,ISL,1839,0.03,0.32,1.04,4.7,22.12,35.01,45.95,55.52,64.13,72.76,86.67
Iceland,ISL,1840,0.03,0.34,1.27,7.27,26.44,42.44,53.73,62.35,70.48,77.64,90.59
Iceland,ISL,1841,0.04,0.44,7.37,31.44,45.05,56.21,63.74,69.35,74.32,81.32,91.53
Iceland,ISL,1842,0.05,0.65,18.45,30.57,41.45,50.13,59.29,65.37,72.43,79.05,94.08
Iceland,ISL,1843,0.03,0.28,1.16,17.86,27.99,36.25,42.07,48.91,55.13,61.5,74.14
Iceland,ISL,1844,0.04,0.66,20.71,33.86,43.28,55.35,63.83,70.75,78.05,84.07,96.74
Iceland,ISL,1845,0.04,0.56,21.28,35.18,46.35,54.41,61.34,67.8,73.37,80.84,95.51
Iceland,ISL,1846,0.02,0.15,0.37,0.98,13.44,29.92,40.58,49.42,56.58,62.83,75.55
Iceland,ISL,1847,0.03,0.27,1.49,19.82,33.17,45.87,57.18,66.68,74.77,81.38,97.98
Iceland,ISL,1848,0.04,0.48,13.6,31.76,46.35,54.87,63.19,69.28,75.85,84.85,99.64
Iceland,ISL,1849,0.04,0.47,2.03,6.18,28.71,50.49,63.18,70.46,78.53,87.1,99.51
Iceland,ISL,1850,0.04,0.47,1.98,5.08,26.79,50.35,62.87,70.87,78.45,86.52,98.54
Iceland,ISL,1851,0.04,0.43,1.45,3.53,8.21,31.27,48.83,61.35,68.1,78.37,92.31
Iceland,ISL,1852,0.04,0.7,12.31,29.7,46.11,55.85,63.89,69.02,76.01,82.91,101.61
Iceland,ISL,1853,0.05,2.4,27.34,46.05,56.71,64.41,68.76,73.48,79.55,86.95,96.53
Iceland,ISL,1854,0.04,0.75,21.94,35.94,45.09,55.62,63.81,70.91,76.9,83,92.36
Iceland,ISL,1855,0.04,0.55,17.42,32.5,43.08,51.62,58.52,63.46,68.72,74.39,85.76
Iceland,ISL,1856,0.04,0.61,14.65,32.62,47.44,57.72,65.37,70.13,77.03,83.4,94.71
Iceland,ISL,1857,0.04,0.6,3.69,20.09,37.1,53.32,63.19,70.95,75.83,82.99,100.6
Iceland,ISL,1858,0.04,0.55,2.8,9.35,29.27,43.77,54.93,63.22,70.3,79.76,93.19
Iceland,ISL,1859,0.03,0.41,2.16,7.86,25.1,38.47,48.16,56.07,63.99,71.46,84.56
Iceland,ISL,1860,0.03,0.32,0.85,1.93,3.83,8.41,24.34,40.03,53.6,65.72,80.25
Iceland,ISL,1861,0.04,0.4,1.42,3.73,9.12,25.96,41.47,55.41,65.02,74.72,88.57
Iceland,ISL,1862,0.03,0.32,1.01,7.11,24.44,35.72,45.55,52.3,58.67,66.66,78.99
Iceland,ISL,1863,0.04,0.66,7.83,24.67,35.84,43.84,52.65,59.52,65.14,71.93,84.35
Iceland,ISL,1864,0.04,0.55,3.74,21.3,30.65,43.42,53.97,61.52,69.28,77.2,88
Iceland,ISL,1865,0.04,0.58,3.37,16.69,30.49,43,53.48,60.07,67.9,75.59,87.66
Iceland,ISL,1866,0.04,0.41,2.05,9.8,23.92,33.95,43,51.43,57.85,64.64,76.57
Iceland,ISL,1867,0.04,0.52,4.25,25.37,39.02,49.39,58.38,66.22,73.44,81.04,91.69
Iceland,ISL,1868,0.04,0.48,3.57,20.19,32.9,45.79,53.66,62.31,69.38,77.57,90.07
Iceland,ISL,1869,0.03,0.34,1.15,6.48,21.25,34.82,47.41,56.67,63.51,71.22,85.16
Iceland,ISL,1870,0.05,0.64,9.23,26.7,39.6,49.64,57.59,64.13,70.1,78.3,89.5
Iceland,ISL,1871,0.04,0.48,3.02,18.68,34.04,44.95,56.17,62.69,68.59,76.75,91.57
Iceland,ISL,1872,0.03,0.29,0.78,2.19,9.84,25,40.71,53.4,64.14,73.57,87.94
Iceland,ISL,1873,0.05,0.73,5.48,25.27,35.98,45.87,53.33,59.82,66.95,74.59,85.74
Iceland,ISL,1874,0.06,0.79,3.43,19.55,34.43,47.35,60.13,68.04,74.31,81.6,96.24
Iceland,ISL,1875,0.05,0.72,2.43,8.25,28.44,42.2,55.64,65.11,73.02,81.39,93.6
Iceland,ISL,1876,0.05,0.77,3.74,23.03,39.15,50.01,62.05,69.28,76.29,81.77,92.34
Iceland,ISL,1877,0.07,1.09,9.3,31.57,44.44,56.93,64.01,71.11,75.43,82.16,92.26
Iceland,ISL,1878,0.05,0.77,5.25,29.19,42.82,54.28,61.19,67.43,72.64,79.9,93.62
Iceland,ISL,1879,0.07,1.34,11.25,27.12,38.28,47.12,53.64,60.75,67.67,74.24,88.21
Iceland,ISL,1880,0.06,0.99,6.96,29.08,42.09,54.47,63.12,68.72,73.61,79.95,93.58
Iceland,ISL,1881,0.04,0.49,1.73,8.85,32.37,43.67,56.01,65.85,73.13,79.86,91.45
Iceland,ISL,1882,0.02,0.21,0.52,1.16,2.9,10.48,24.63,32.65,52.74,68.88,86.66
Iceland,ISL,1883,0.04,0.4,1.39,4.59,21.48,34.03,47.99,58.81,66.54,75.32,87.24
Iceland,ISL,1884,0.07,1.07,6.92,25.63,39.3,51.43,60.15,68.23,75.3,82.17,96.35
Iceland,ISL,1885,0.07,1.65,17.47,32.32,46.12,58.05,65.64,71.21,77.52,82.95,92.68
Iceland,ISL,1886,0.07,1.54,16.49,32.69,45.41,56.15,64.02,69.06,75.26,81.57,91.57
Iceland,ISL,1887,0.06,1.13,12.98,27.86,39.85,49.88,57.4,64.29,70.42,76.79,88.87
Iceland,ISL,1888,0.08,3.3,24.7,37.01,48.33,56.79,63.66,69.19,74.15,81.77,91.51
Iceland,ISL,1889,0.1,14.36,34.18,45.9,55.73,61.93,67.61,72.03,76.17,82.86,95.38
Iceland,ISL,1890,0.04,0.51,2.32,23.85,39.03,49.83,56.76,62.95,68.68,75.39,86.86
Iceland,ISL,1891,0.07,1.32,20.87,37.29,52.19,61.17,66.44,71.92,76.13,82.99,94.72
Iceland,ISL,1892,0.1,12.89,34.54,46.39,55.51,62.86,68.94,73.09,78.34,83.16,92.04
Iceland,ISL,1893,0.12,15.66,31.2,46.39,54.45,61.66,66.82,72.18,77.47,83.11,95.18
Iceland,ISL,1894,0.08,8.18,26.48,37.47,46.31,53.54,59.13,64.35,68.81,75.2,84.24
Iceland,ISL,1895,0.08,7.82,32.72,48.76,56.49,63.95,69.43,74.44,80.85,86.57,96.83
Iceland,ISL,1896,0.1,5.8,28.38,45.8,57.68,65.42,70.32,75.84,80.51,86.29,93.72
Iceland,ISL,1897,0.08,2.93,23.66,38.77,50.2,59.92,67.27,72.45,77.34,82.51,93.61
Iceland,ISL,1898,0.07,1.22,17.94,33.82,45,55,61.42,67.85,74.06,79.8,89.03
Iceland,ISL,1899,0.11,7.73,28.12,40.17,51.1,58.74,64.71,70.4,75.29,80.41,91.66
Iceland,ISL,1900,0.08,4.88,24.24,37.21,48.65,56.65,63.09,67.91,73.24,79.42,90.13
Iceland,ISL,1901,0.13,13.07,29.18,43.46,55.35,62.77,68.62,73.35,78.44,84.04,93.85
Iceland,ISL,1902,0.09,1.96,21.92,41.91,56.75,64.28,68.97,73.54,77.98,84.27,99.21
Iceland,ISL,1903,0.08,1.44,17.86,34.39,53.16,62.17,68.82,73.76,80.07,84.51,95.2
Iceland,ISL,1904,0.14,7.87,27.75,43.38,55.33,63.03,68.77,73.3,78.51,82.61,92.69
Iceland,ISL,1905,0.1,7.95,25.26,40.01,52.47,60.18,65.74,70.52,75.45,81.4,91.75
Iceland,ISL,1906,0.13,15.97,29.38,44.36,54.23,63.77,69.01,74.62,79.32,83.55,94.31
Iceland,ISL,1907,0.09,5.13,24.54,38.21,52,61.38,68.41,73.39,78.25,82.77,94.68
Iceland,ISL,1908,0.06,1.42,16.95,32.09,48.9,60.72,67.29,72.4,77.66,82.6,91.55
Iceland,ISL,1909,0.08,3.19,26.05,46.06,58.36,66.19,71.39,75.58,79.81,85.88,93.5
Iceland,ISL,1910,0.1,9.75,30.49,44.18,56.28,64.2,69.51,73.83,78.56,83.68,94.03
Iceland,ISL,1911,0.13,11.07,30.58,47.77,57.9,66.79,72.6,76.91,81.25,85.41,95.43
Iceland,ISL,1912,0.17,17.73,31.9,45.91,59.29,66.29,72.47,76.11,79.92,84.88,92.52
Iceland,ISL,1913,0.17,20.71,40.17,55.01,63.6,68.86,73.59,76.84,80.56,85.94,94.07
Iceland,ISL,1914,0.12,6.43,27.32,43.15,55.46,62.49,68.69,73.34,77.97,82.98,92.31
Iceland,ISL,1915,0.16,15.18,30.83,44.28,54.8,62.4,69.06,73.39,78.1,82.59,91.84
Iceland,ISL,1916,0.13,10.68,29.08,46.8,58.6,66.26,70.94,75.96,78.94,83.08,92.1
Iceland,ISL,1917,0.19,22.02,39.36,52.96,63.73,69.15,73.41,77.69,80.91,85.17,94.53
Iceland,ISL,1918,0.24,17.74,26.76,33.98,44.16,56.87,65.1,71.33,76.72,83.09,96.1
Iceland,ISL,1919,0.16,21.4,38.16,53.09,63.87,69.27,72.97,76.75,80.99,85.06,93.43
Iceland,ISL,1920,0.12,8.7,29.33,47.5,59.23,66.82,72.52,75.99,80.06,84.63,92.59
Iceland,ISL,1921,0.2,15.02,30,44.8,55.45,63.76,68.93,73.68,77.18,82.2,91.41
Iceland,ISL,1922,0.2,17.69,32.9,50.98,59.97,66.38,71.35,74.93,79.43,84.83,95.96
Iceland,ISL,1923,0.22,20.46,36.65,50.7,60.94,66.87,71.54,75.83,79.38,83.8,93.02
Iceland,ISL,1924,0.2,14.18,28.04,43.16,55.06,64.05,69.3,74.27,78.74,83.49,93.56
Iceland,ISL,1925,0.25,20.39,33.68,49.37,60.84,67.36,72.25,77.4,81.38,86.49,93.42
Iceland,ISL,1926,0.23,21.26,39.76,56.12,63.83,70.88,75.46,79.02,82.31,86.73,97.02
Iceland,ISL,1927,0.13,16.02,35.83,53.78,64.09,70.08,74.62,78.61,82.35,86.59,95
Iceland,ISL,1928,0.26,22.03,41.53,56.23,64.97,70.92,75.09,79.34,83.35,87.5,96.11
Iceland,ISL,1929,0.26,22.4,39.49,53.85,63.87,69.44,73.88,77.61,82.17,86.52,94.48
Iceland,ISL,1930,0.26,22.24,38.23,52.42,62.81,69.1,74.25,78.48,82.68,86.68,96.36
Iceland,ISL,1931,0.25,24.31,41.55,56.43,63.7,69.9,74.22,78.28,82.26,86.04,94.17
Iceland,ISL,1932,0.27,23.48,43.9,56.19,65.29,70.92,75.43,79.45,83.21,87.25,99.68
Iceland,ISL,1933,0.3,25.31,42.28,57.17,66.09,71.61,75.89,79.75,83.71,88.39,99.94
Iceland,ISL,1934,0.22,26.81,48.58,60.64,67.08,72.49,76.61,80.11,83.4,87.98,95.04
Iceland,ISL,1935,0.17,18.69,39.13,55.59,64.83,70.34,74.38,78.36,81.82,86.82,95.77
Iceland,ISL,1936,0.25,23.89,44.19,59.56,67.51,72.59,76.1,79.38,83.04,87.53,98.51
Iceland,ISL,1937,0.43,26.48,48.89,60.52,66.5,70.61,74.23,78.05,81.76,86.07,94.65
Iceland,ISL,1938,0.46,30.46,50.95,61.43,67.54,71.65,75.38,79.34,82.62,86.9,96.71
Iceland,ISL,1939,0.34,32.25,53.89,63.66,69.18,72.95,76.84,80.21,83.15,87.32,96.16
Iceland,ISL,1940,0.35,32.77,53.19,63.74,69.42,73.49,77.07,80.21,83.45,86.9,94.95
Iceland,ISL,1941,0.38,26.74,45.6,58.1,66.11,71,75.41,79.18,82.78,86.87,94.52
Iceland,ISL,1942,0.21,30.12,49.5,61.26,68.09,73.31,77.14,80.45,83.87,87.48,95.45
Iceland,ISL,1943,0.43,29.59,49.93,61.55,67.71,72.55,76.42,79.97,83.84,87.88,99.86
Iceland,ISL,1944,0.32,33.26,54.6,64.56,70.17,74.68,78.5,81.13,83.63,88.31,96.65
Iceland,ISL,1945,0.4,34.69,55.39,64.71,70.21,74.79,78.4,81.73,85.09,89.21,95.95
Iceland,ISL,1946,0.52,35.61,56.24,64.86,71.26,75.36,79.11,82.35,85.82,90.43,97.52
Iceland,ISL,1947,0.7,42.65,58.46,65.55,71.33,75.25,78.72,81.9,84.97,88.3,96.88
Iceland,ISL,1948,0.77,44.29,59.84,67.44,72.12,75.98,79.21,81.96,85.12,89.97,97.75
Iceland,ISL,1949,0.83,49.05,62.77,68.65,72.84,76.38,79.28,82.18,85.31,88.81,95.31
Iceland,ISL,1950,0.86,46.95,61.17,67.97,72.27,76.02,79.13,81.95,85.03,88.88,99.81
Iceland,ISL,1951,0.65,47.54,61.21,67.56,72.58,76.88,79.83,82.49,85.56,89.61,97.12
Iceland,ISL,1952,1.26,50.38,62.93,69.42,73.66,77.21,80.14,82.99,86.37,90.24,95.92
Iceland,ISL,1953,3.16,49.97,63.76,69.96,74.15,77.36,80.22,82.91,85.61,89.06,98.29
Iceland,ISL,1954,2.39,53.71,65.25,70.28,74.29,77.39,80.5,83.49,86.06,89.42,98.54
Iceland,ISL,1955,2.59,53.22,64.73,70.76,74.57,78.03,80.8,83.19,86.06,90.54,96.3
Iceland,ISL,1956,2.36,52.65,64.19,70.17,73.54,76.64,79.9,82.79,85.66,89.71,98.27
Iceland,ISL,1957,5.47,54.22,64.86,70.32,74.12,77.45,80.36,82.86,85.42,89.03,97.68
Iceland,ISL,1958,2.06,52.68,64.33,70.36,74.48,77.71,80.55,83.15,86.18,90.18,96.48
Iceland,ISL,1959,8.75,51.59,62.59,69.8,73.69,77.32,80.26,82.66,85.4,89.22,97.31
Iceland,ISL,1960,4.55,54.09,64.54,71,75.43,78.3,80.64,82.91,85.75,89.76,98.24
Iceland,ISL,1961,3.26,54.66,64.55,70.42,74.63,77.79,80.01,82.56,85.65,89.64,97.25
Iceland,ISL,1962,2.93,53.34,64.86,71.04,74.95,78.05,80.49,83.36,86.25,89.59,97.67
Iceland,ISL,1963,2.65,52.84,63.16,70.51,74.14,77,79.95,82.64,85.69,89.65,96.95
Iceland,ISL,1964,3.92,54.71,64.65,69.93,74.44,77.83,80.9,83.5,86.11,89.44,96.83
Iceland,ISL,1965,3.74,53.71,63.92,70.16,74.69,78.24,81.28,83.78,86.45,90.03,97.03
Iceland,ISL,1966,7.7,52.6,63.92,69.16,73.72,77.13,80.03,83.04,85.93,89.31,97.06
Iceland,ISL,1967,9.98,54.9,64.7,69.88,74.19,77.52,80.35,83.21,85.91,89.17,97.49
Iceland,ISL,1968,6.99,54.53,64.61,70.58,74.82,78.39,80.92,83.19,85.69,89.44,96.89
Iceland,ISL,1969,11.61,53.81,64.19,69.66,74.02,77.63,80.53,83.21,85.96,89.11,96.24
Iceland,ISL,1970,13.83,55.47,64.05,69.8,74.12,77.61,80.67,83.31,86.06,89.16,98.04
Iceland,ISL,1971,6.66,52.96,63.88,69.83,74.26,77.38,80.54,83.57,86.28,89.1,96.84
Iceland,ISL,1972,17.24,55.1,63.98,70.1,74.78,78.03,81.1,83.92,86.63,89.73,97.18
Iceland,ISL,1973,11.88,53.93,64.48,70.45,74.4,77.97,81.01,83.83,86.7,90.25,98.26
Iceland,ISL,1974,15.15,54.41,64.01,69.69,74.11,78.38,81.44,84.15,86.9,90.61,98.44
Iceland,ISL,1975,8.71,55.1,65,71.05,75.66,79.35,82.17,84.98,87.88,91.63,100.35
Iceland,ISL,1976,18.59,57.96,66.59,71.97,75.95,79.57,82.8,85.87,88.69,92.32,98.78
Iceland,ISL,1977,13.18,55.53,67.04,72.05,76.17,79.89,82.57,85.17,88.14,91.76,100.95
Iceland,ISL,1978,14.53,57.64,65.78,71.66,76.51,80.13,83.12,85.78,88.63,92.86,101.22
Iceland,ISL,1979,16.36,56.85,65.65,71.74,76.69,80.09,82.99,85.68,88.75,92.32,99.45
Iceland,ISL,1980,17.57,57.66,66.96,72.43,76.32,79.37,82.27,85.26,88.4,92.34,99.55
Iceland,ISL,1981,19.25,59.04,66.46,71.71,75.45,79.03,82,84.68,87.72,91.38,100.47
Iceland,ISL,1982,22.23,58.11,67.05,72.19,76.24,79.69,83.01,85.84,88.77,92.28,98.71
Iceland,ISL,1983,19.2,57.62,66.77,71.76,75.96,79.41,82.51,85.27,87.86,91.89,100.85
Iceland,ISL,1984,20.91,59.38,67.28,72.24,76.13,79.61,83.1,86,89.15,92.9,100.78
Iceland,ISL,1985,20.75,60.4,68.27,73.33,76.83,79.82,82.8,85.66,88.43,92.41,99.89
Iceland,ISL,1986,21.22,59.12,68.66,73.48,77.08,80.65,83.5,86.43,89.56,92.9,99.8
Iceland,ISL,1987,17.31,58.75,68.08,73.18,76.72,79.62,82.57,85.42,88.68,92.33,100.17
Iceland,ISL,1988,20.77,59.1,67.21,72.65,76.44,79.43,82.5,85.6,88.32,91.59,99.01
Iceland,ISL,1989,22.61,61.45,69.03,73.74,77.46,80.57,83.24,85.7,88.82,92.75,99.84
Iceland,ISL,1990,20.64,59.12,67.83,73.37,77.05,80.37,83.74,86.55,89.5,93.04,100.63
Iceland,ISL,1991,20.85,59.77,68.35,73.5,77.45,80.41,83.22,85.78,88.76,92.47,100.15
Iceland,ISL,1992,26.27,61.41,69.49,74.3,77.93,81.16,83.98,86.49,89.09,92.81,100.24
Iceland,ISL,1993,30.93,62.07,70.51,74.82,77.95,81,83.63,86.33,89.46,93.02,99.34
Iceland,ISL,1994,27.49,61.66,70.21,74.92,78.4,81.46,84.18,86.56,89.74,93.36,100.51
Iceland,ISL,1995,19.45,60.46,69.72,74.17,77.5,80.47,83.26,85.87,88.88,92.47,99.8
Iceland,ISL,1996,21.78,61.93,69.86,74.98,78.14,80.98,83.68,86.33,88.88,92.31,99.04
Iceland,ISL,1997,27.48,61.8,69.43,74.48,78.23,81.32,83.96,86.7,89.71,93.1,99.61
Iceland,ISL,1998,25.92,62.97,71.25,75.77,78.89,81.73,84.35,86.88,89.47,92.52,99.63
Iceland,ISL,1999,25.57,62.58,70.69,75.47,79.38,82.01,84.04,86.44,89.03,92.33,98.65
Iceland,ISL,2000,23.38,62.15,70.59,75.99,79.36,82.29,85.08,87.67,90.18,93.28,99.61
Iceland,ISL,2001,24.52,63.61,71.61,76.18,80.14,83.07,85.82,88.05,90.67,93.91,101.37
Iceland,ISL,2002,26.47,63.59,72.22,76.66,80.14,82.68,85.14,87.53,90.39,93.71,100.58
Iceland,ISL,2003,31.49,64.82,72.52,77.28,80.72,83.15,85.64,87.94,90.14,93.34,99.91
Iceland,ISL,2004,26.5,64.2,72.38,77.15,79.93,83.1,86.1,88.49,90.6,93.77,100.84
Iceland,ISL,2005,34,64.87,73.1,77.8,80.9,83.42,85.7,88.23,91.02,94.05,100.63
Iceland,ISL,2006,27.35,64.17,72.11,77.19,81.05,83.76,86.34,88.41,90.66,93.8,100.45
Iceland,ISL,2007,30.17,65.01,72.82,77.26,80.63,83.31,85.89,88.31,90.8,94.08,101.35
Iceland,ISL,2008,34.06,65.82,72.84,77.35,80.79,83.57,86.05,88.21,90.66,93.81,100.95
Iceland,ISL,2009,33.94,65.81,73.36,77.59,81.04,83.97,86.49,88.71,91.04,93.9,100.18
Iceland,ISL,2010,31.05,66.53,74.02,78.33,81.27,84.05,86.46,88.58,90.74,93.98,100.58
Iceland,ISL,2011,33.04,66.21,74,78.02,81.36,84.33,86.93,89.17,91.33,94.45,99.96
Iceland,ISL,2012,34.43,65.67,74.49,79.27,82.14,84.7,87.24,89.56,91.93,94.48,101.33
Iceland,ISL,2013,33.34,65.96,73.72,78.23,81.28,84.19,86.3,88.54,90.93,94.69,100.57
Iceland,ISL,2014,33.93,66.32,74.51,78.99,82.11,84.9,87.39,89.71,91.86,94.57,101.07
Iceland,ISL,2015,32.52,66.26,74.22,79.22,82.2,84.67,87.16,89.16,91.46,94.35,100.57
Iceland,ISL,2016,31.88,66.69,73.69,78.21,81.58,84.34,86.61,88.81,91.02,93.83,101.14
Iceland,ISL,2017,31.38,66.85,74.76,79.01,81.99,84.39,86.91,89.17,91.74,94.73,100.85
Iceland,ISL,2018,32.6,66.56,75.07,79.2,82.3,84.8,86.91,89.22,91.91,95,101.48
Iceland,ISL,2019,35.37,66.42,74.93,79.69,82.77,85.06,87.23,89.79,91.99,94.91,100.59
Iceland,ISL,2020,33,66.51,75.03,79.52,82.73,85.19,87.64,89.81,92.14,95.17,100.87
Iceland,ISL,2021,30.51,66.68,75.2,79.45,82.92,85.64,87.83,89.95,92.31,95.14,100.52
Iceland,ISL,2022,34.1,65.86,74.26,78.48,81.79,84.15,86.75,88.89,91.15,94.46,99.46
Iceland,ISL,2023,28.06,65.42,74.58,79.46,82.42,85.09,87.37,89.47,91.77,94.61,101.05
Ireland,IRL,1950,0.28,40.57,56.07,63.26,68.25,72.15,75.28,78.25,81.64,85.6,94.81
Ireland,IRL,1951,0.28,41.65,55.8,62.64,67.41,71.05,74.2,77.08,80.07,84.06,92.32
Ireland,IRL,1952,0.3,45.66,58.24,64.78,69.41,72.95,76,79.18,82.5,86.41,95.56
Ireland,IRL,1953,0.34,47.58,59.15,65.27,69.86,73.32,76.28,79.46,82.73,86.54,95.3
Ireland,IRL,1954,0.36,48.77,59.51,65.24,69.79,73.14,76.08,79.14,82.44,86.18,94.93
Ireland,IRL,1955,0.37,49.6,59.81,65.28,69.77,72.88,75.74,78.8,81.99,85.74,94.02
Ireland,IRL,1956,0.39,50.25,60.34,66.2,70.54,73.85,76.68,79.74,82.95,86.59,95.19
Ireland,IRL,1957,0.44,50.18,60.18,65.85,70.34,73.67,76.47,79.58,82.79,86.54,95.3
Ireland,IRL,1958,0.42,51.62,60.77,66.43,70.63,74.04,76.71,79.75,82.87,86.49,95.06
Ireland,IRL,1959,0.47,51.28,60.9,66.5,70.56,74.02,76.71,79.67,82.89,86.62,94.8
Ireland,IRL,1960,0.57,52.18,61.45,66.85,71.18,74.53,77.34,80.23,83.5,87.19,95.63
Ireland,IRL,1961,0.55,51.86,61.31,66.6,70.53,73.93,76.79,79.71,82.77,86.4,94.6
Ireland,IRL,1962,0.56,52.03,61.5,66.89,70.77,74.16,77.13,79.99,83.16,86.7,94.84
Ireland,IRL,1963,0.67,52.53,61.59,66.84,70.79,74.08,77.05,79.96,83.07,86.8,94.73
Ireland,IRL,1964,0.71,52.34,61.57,66.96,71.19,74.48,77.45,80.37,83.64,87.37,95.62
Ireland,IRL,1965,0.87,53.2,61.91,67.18,71.16,74.32,77.28,80.16,83.47,87.1,95.56
Ireland,IRL,1966,1.18,52.84,61.66,66.65,70.52,73.76,76.54,79.55,82.75,86.36,94.63
Ireland,IRL,1967,2.06,53.59,62.28,67.45,71.43,74.66,77.74,80.77,84.08,87.85,96.07
Ireland,IRL,1968,3.14,53.14,61.86,67.17,71.05,74.3,77.16,80.18,83.5,87.24,95.26
Ireland,IRL,1969,2.77,53.4,61.85,66.92,70.82,74.12,76.93,80,83.35,86.99,95.31
Ireland,IRL,1970,3.73,53.19,61.71,66.84,70.68,74.08,76.99,79.99,83.41,87.2,95.46
Ireland,IRL,1971,5.01,53.83,62.4,67.5,71.49,74.89,77.82,80.68,84.01,87.86,96.41
Ireland,IRL,1972,4.88,53.03,61.91,67.11,70.98,74.28,77.21,79.97,83.25,87.09,95.27
Ireland,IRL,1973,5.88,53.22,62.06,67.29,71.07,74.31,77.24,80.12,83.45,87.26,95.46
Ireland,IRL,1974,5.91,53.66,62.17,67.3,70.93,74.06,77.08,80.09,83.38,87.01,95.01
Ireland,IRL,1975,6.03,54.02,62.6,67.83,71.51,74.65,77.63,80.6,83.9,87.67,96.02
Ireland,IRL,1976,10.52,54.5,62.77,67.91,71.68,74.73,77.55,80.37,83.62,87.31,95.24
Ireland,IRL,1977,8.41,54.64,62.91,67.92,71.66,74.82,77.67,80.65,83.88,87.57,95.66
Ireland,IRL,1978,10.58,54.37,62.61,67.86,71.75,74.95,77.84,80.69,83.81,87.57,95.65
Ireland,IRL,1979,13.53,54.6,62.82,67.96,71.74,74.95,78.03,80.75,83.82,87.73,95.83
Ireland,IRL,1980,15.28,55.19,63.06,68.1,71.91,75.07,78.07,80.88,84.04,87.86,96.16
Ireland,IRL,1981,16.65,55.55,63.48,68.52,72.32,75.37,78.24,81.21,84.34,88.09,96.2
Ireland,IRL,1982,17.29,55.9,63.81,68.73,72.45,75.61,78.56,81.52,84.54,88.5,96.46
Ireland,IRL,1983,18,55.98,63.65,68.71,72.48,75.61,78.58,81.51,84.51,88.31,96.21
Ireland,IRL,1984,18.93,56.43,64.15,69.14,72.87,76,78.97,81.86,84.82,88.73,96.83
Ireland,IRL,1985,19.78,56.83,64.26,69.05,72.73,75.69,78.63,81.58,84.59,88.4,96.19
Ireland,IRL,1986,19.59,57.14,64.4,69.16,72.76,75.78,78.67,81.52,84.52,88.23,96.15
Ireland,IRL,1987,21.04,57.62,64.97,69.75,73.48,76.54,79.4,82.33,85.44,89.2,97.04
Ireland,IRL,1988,19.73,57.85,65.1,69.87,73.49,76.61,79.56,82.48,85.55,89.21,97.11
Ireland,IRL,1989,20.44,57.8,65.3,69.97,73.63,76.66,79.51,82.33,85.35,89.17,97.05
Ireland,IRL,1990,21.29,58.14,65.68,70.33,74.12,77.14,79.95,82.78,85.69,89.54,97.39
Ireland,IRL,1991,21.58,58.44,65.95,70.63,74.18,77.22,80.03,82.95,85.92,89.72,97.12
Ireland,IRL,1992,22.92,58.62,66.35,71.01,74.5,77.52,80.31,83.08,86.11,90.04,97.62
Ireland,IRL,1993,23.21,58.78,66.29,70.86,74.38,77.38,80.17,82.86,85.85,89.58,97.3
Ireland,IRL,1994,23.48,59.22,66.67,71.34,74.89,77.93,80.74,83.48,86.34,90.1,97.87
Ireland,IRL,1995,22.74,58.97,66.6,71.21,74.64,77.57,80.4,83.19,86.17,89.78,97.31
Ireland,IRL,1996,22.56,59.35,67,71.65,75.09,78.09,80.87,83.5,86.36,90.09,97.38
Ireland,IRL,1997,21.84,59.26,67.17,71.84,75.27,78.26,80.97,83.65,86.57,90.3,97.92
Ireland,IRL,1998,22.05,59.42,67.39,72.09,75.53,78.52,81.21,83.89,86.71,90.51,97.89
Ireland,IRL,1999,21.45,59.38,67.5,72.12,75.57,78.45,81.14,83.77,86.62,90.04,97.37
Ireland,IRL,2000,22.21,59.6,67.85,72.6,76.03,79.01,81.66,84.32,87.17,90.63,97.92
Ireland,IRL,2001,22.44,60.2,68.36,73.23,76.65,79.61,82.29,84.87,87.59,91.27,98.41
Ireland,IRL,2002,23.59,60.68,69,73.67,77.22,80.09,82.66,85.3,88.01,91.46,98.69
Ireland,IRL,2003,25.24,61.25,69.37,74.28,77.69,80.48,83.08,85.68,88.46,91.85,99.09
Ireland,IRL,2004,25.85,61.55,69.82,74.51,78.07,80.95,83.54,86.11,88.84,92.25,99.33
Ireland,IRL,2005,24.66,62.01,70.14,74.97,78.51,81.37,83.92,86.52,89.13,92.55,99.54
Ireland,IRL,2006,26.31,62.33,70.66,75.36,78.73,81.58,84.18,86.61,89.31,92.56,99.67
Ireland,IRL,2007,25.18,62.15,70.62,75.35,78.87,81.76,84.36,86.9,89.54,92.93,99.91
Ireland,IRL,2008,25.96,62.3,70.76,75.68,79.27,82.1,84.77,87.24,89.85,93.11,99.88
Ireland,IRL,2009,26.89,62.3,71.04,76.01,79.5,82.39,84.92,87.42,90.05,93.52,100.41
Ireland,IRL,2010,27.83,63.31,71.6,76.55,80.11,82.95,85.5,87.9,90.5,93.71,100.54
Ireland,IRL,2011,28.08,63.29,71.83,76.76,80.22,83.13,85.7,88.12,90.64,93.88,100.21
Ireland,IRL,2012,28.57,63.46,71.99,76.92,80.43,83.23,85.72,88.02,90.64,93.7,100.23
Ireland,IRL,2013,29.78,63.85,72.27,77.2,80.66,83.45,85.9,88.23,90.71,93.65,100.08
Ireland,IRL,2014,28.62,64.11,72.44,77.24,80.83,83.65,86.19,88.49,90.94,94.13,100.6
Ireland,IRL,2015,30.24,64.44,72.7,77.45,80.94,83.74,86.14,88.47,90.89,93.82,100.21
Ireland,IRL,2016,31.15,64.61,72.9,77.58,80.94,83.72,86.25,88.56,90.96,93.98,100.28
Ireland,IRL,2017,32.06,65.2,73.45,78.02,81.31,84.07,86.59,88.88,91.26,94.27,100.33
Ireland,IRL,2018,31.61,64.93,73.23,78.01,81.41,84.18,86.67,89.05,91.43,94.39,100.78
Ireland,IRL,2019,31.71,65.05,73.48,78.4,81.75,84.53,86.97,89.27,91.6,94.69,100.88
Ireland,IRL,2020,33.1,65.36,73.52,78.41,81.73,84.39,86.67,89.02,91.58,94.65,101.22
Ireland,IRL,2021,32.71,64.88,73.38,78.11,81.54,84.2,86.52,88.87,91.37,94.57,101.06
Ireland,IRL,2022,34,65.66,73.86,78.38,81.74,84.4,86.73,89,91.49,94.66,101.04
Israel,ISR,1983,14.49,57.84,65.96,70.93,74.55,77.52,80.3,83.21,86.41,90.32,98.52
Israel,ISR,1984,14.11,57.88,66.14,71.16,74.81,77.76,80.67,83.68,86.64,90.57,99.03
Israel,ISR,1985,17.76,58.42,66.45,71.39,75.06,78.02,80.87,83.92,86.95,90.71,98.42
Israel,ISR,1986,18.56,58.35,66.24,71.09,74.78,77.74,80.52,83.47,86.49,90.51,98.43
Israel,ISR,1987,18,58.66,66.62,71.35,75.11,78.11,80.92,83.94,87.04,90.95,98.82
Israel,ISR,1988,19,58.86,66.88,71.66,75.33,78.38,81.32,84.25,87.5,91.47,99.01
Israel,ISR,1989,19.55,59.41,67.42,72.24,75.93,78.96,81.92,84.87,88.14,91.89,99.59
Israel,ISR,1990,20.12,60.03,67.79,72.49,76.26,79.44,82.46,85.48,88.64,92.4,99.93
Israel,ISR,1991,20.45,60.04,67.75,72.51,76.12,79.14,82.16,85.16,88.28,92.02,99.43
Israel,ISR,1992,21.04,59.87,67.66,72.44,76.1,79.23,82.16,84.92,87.95,91.9,99.06
Israel,ISR,1993,21.53,60.47,68.3,73.05,76.69,79.75,82.65,85.37,88.38,92.27,99.41
Israel,ISR,1994,23.21,60.51,68.51,73.28,76.84,79.98,82.8,85.58,88.61,92.44,100.08
Israel,ISR,1995,22.41,60.83,68.58,73.35,76.89,79.93,82.73,85.46,88.38,92.13,99.41
Israel,ISR,1996,23.82,61.16,69.09,74.06,77.54,80.57,83.31,86.02,88.86,92.73,100.54
Israel,ISR,1997,22.01,61.28,69.02,73.96,77.57,80.58,83.33,86.08,88.92,92.73,99.97
Israel,ISR,1998,24.86,61.35,69.17,74.13,77.81,80.82,83.57,86.18,88.95,92.58,99.89
Israel,ISR,1999,25.98,61.92,69.64,74.42,78.11,81.15,83.84,86.46,89.14,92.68,100.33
Israel,ISR,2000,25.31,61.83,69.85,74.7,78.28,81.31,84.09,86.66,89.38,92.86,100.67
Israel,ISR,2001,23.67,62.24,70.3,75.15,78.81,81.78,84.5,87.13,89.8,93.29,101.71
Israel,ISR,2002,23.1,62.25,70.54,75.26,78.89,81.93,84.66,87.19,89.84,93.13,101.13
Israel,ISR,2003,25.43,62.84,70.88,75.56,79.12,82.13,84.78,87.49,90.04,93.32,101.2
Israel,ISR,2004,26.52,63.34,71.31,76.04,79.6,82.55,85.21,87.87,90.5,93.67,101.41
Israel,ISR,2005,28.64,63.28,71.49,76.28,79.72,82.67,85.25,87.86,90.53,93.61,100.62
Israel,ISR,2006,28.58,63.84,71.92,76.58,80.08,83.01,85.65,88.19,90.94,93.91,100.71
Israel,ISR,2007,30.06,64.04,72.11,76.73,80.13,83.02,85.65,88.08,90.81,93.99,100.31
Israel,ISR,2008,30.04,64.25,72.5,77.1,80.52,83.44,86,88.43,91.13,94.37,100.56
Israel,ISR,2009,31.62,64.84,73.02,77.61,81.02,83.94,86.49,88.96,91.66,94.77,100.63
Israel,ISR,2010,31.6,65.07,73.13,77.81,81.15,83.93,86.54,89.04,91.74,95.06,100.42
Israel,ISR,2011,33.72,64.99,73.2,77.87,81.19,84.03,86.54,88.96,91.51,94.95,100.58
Israel,ISR,2012,34.45,65.38,73.31,77.96,81.26,83.98,86.5,88.9,91.58,94.81,100.57
Israel,ISR,2013,34.75,65.39,73.56,78.35,81.67,84.33,86.81,89.3,91.93,95.11,101.39
Israel,ISR,2014,33.48,65.74,73.89,78.53,81.86,84.54,87.01,89.46,92.01,95.08,101.49
Israel,ISR,2015,34.72,65.77,73.71,78.38,81.77,84.45,86.85,89.18,91.81,95.05,101.08
Israel,ISR,2016,34.7,65.95,74.08,78.81,82.11,84.84,87.22,89.59,92.19,95.42,101.02
Italy,ITA,1872,0.04,0.44,1.18,2.56,9.84,29.97,47.01,59.41,67.98,75.64,87.93
Italy,ITA,1873,0.05,0.57,1.69,3.46,18.21,35.55,50.41,61.08,68.39,75.29,87.11
Italy,ITA,1874,0.05,0.55,1.78,3.84,19.7,36.89,51.07,60.96,68.26,75.23,86.64
Italy,ITA,1875,0.04,0.52,1.67,3.97,17.21,35.21,50.23,60.87,68.3,75.7,87.71
Italy,ITA,1876,0.05,0.59,1.92,4.95,22.23,39.84,53.77,63.05,70.37,77.34,89.48
Italy,ITA,1877,0.05,0.63,2.12,5.89,26.37,43.5,56.59,64.23,70.85,77.54,88.6
Italy,ITA,1878,0.05,0.61,2.01,5.43,25.14,42.3,54.93,63.6,70.09,76.4,88.19
Italy,ITA,1879,0.05,0.57,1.93,5.5,24.65,42.13,54.79,63.53,69.84,75.87,87.86
Italy,ITA,1880,0.05,0.56,1.8,4.8,22.92,39.88,53.15,62.27,68.33,75.06,87.07
Italy,ITA,1881,0.04,0.52,1.71,4.95,24.51,43.03,56.22,64.83,70.88,77.39,89.73
Italy,ITA,1882,0.05,0.52,1.6,4.32,23.29,42.6,56.58,65.34,71.21,77.91,89.76
Italy,ITA,1883,0.05,0.55,1.52,4.78,24.35,43.6,57.57,65.85,71.42,77.77,89.5
Italy,ITA,1884,0.05,0.61,1.92,7.23,28.54,46.48,59.21,66.7,72.06,78.35,89.97
Italy,ITA,1885,0.05,0.67,2.28,6.76,29.26,48.02,60.18,67.24,72.56,78.94,89.2
Italy,ITA,1886,0.05,0.64,2.11,5.51,25.25,43.06,57.14,64.91,71.29,77.84,88.39
Italy,ITA,1887,0.05,0.62,2.13,6.26,27.33,45.61,59.02,66.03,72.18,78.34,88.71
Italy,ITA,1888,0.05,0.65,2.29,8.75,30.89,48.68,60.43,66.65,72.58,78.15,88.35
Italy,ITA,1889,0.05,0.72,2.64,15.46,36.02,52.75,62.69,68.53,73.99,79.17,89.19
Italy,ITA,1890,0.05,0.7,2.6,16.12,35.74,51.86,61.82,67.6,73.46,78.13,88.4
Italy,ITA,1891,0.05,0.69,2.45,13.78,34.67,51.95,62.22,67.95,73.7,78.07,88.39
Italy,ITA,1892,0.05,0.73,2.71,17.23,36.92,52.47,61.92,67.61,72.85,77.63,87.94
Italy,ITA,1893,0.06,0.77,2.91,19.47,38.84,53.99,62.95,68.45,73.65,78.26,88.66
Italy,ITA,1894,0.06,0.77,2.92,19.7,39.05,54.1,63,68.59,73.65,78.51,89.09
Italy,ITA,1895,0.05,0.73,2.81,19.21,38.28,53.69,62.92,68.65,73.61,78.76,89.29
Italy,ITA,1896,0.06,0.79,3.12,21.35,40.46,55.1,63.63,69.18,74.11,79.33,89.95
Italy,ITA,1897,0.06,0.94,4.29,26.37,45.87,59.03,65.7,70.9,75.73,81.11,91.19
Italy,ITA,1898,0.06,0.89,3.83,25.07,44.24,57.63,64.77,69.87,74.81,80.2,90.15
Italy,ITA,1899,0.06,1,4.76,28,46.66,58.92,65.63,70.87,75.07,80.23,90.58
Italy,ITA,1900,0.06,0.85,3.57,24.53,43.56,56.9,64.18,69.65,74.02,78.82,88.57
Italy,ITA,1901,0.06,0.99,5.04,29.48,47.6,59.2,65.67,70.4,75.21,80.2,89.15
Italy,ITA,1902,0.06,0.85,3.86,27.19,46.56,58.98,65.79,70.63,75.51,80.71,89.3
Italy,ITA,1903,0.06,0.93,4.59,28.04,46.6,58.71,65.47,70.53,74.86,79.78,89.63
Italy,ITA,1904,0.06,1.01,5.95,30.31,48.74,60.18,66.77,71.59,75.91,80.98,90.67
Italy,ITA,1905,0.06,0.97,5.24,29.81,48.3,59.68,66.13,71.05,75.2,80.18,89.59
Italy,ITA,1906,0.06,0.82,5.78,31.18,50,60.88,67.21,71.92,76.12,81.12,90.62
Italy,ITA,1907,0.07,0.88,8.11,32.73,50.48,60.83,66.97,71.67,75.72,80.72,90.09
Italy,ITA,1908,0.06,0.77,4.67,27.81,46.06,58.35,65.17,70.43,74.62,79.69,89.04
Italy,ITA,1909,0.07,0.85,6.2,31.03,49.14,59.88,66.26,71.12,75.17,80.12,89.43
Italy,ITA,1910,0.07,1,11.75,35.32,52.52,62.15,68.01,72.5,76.44,81.27,90.42
Italy,ITA,1911,0.06,0.82,6.55,31.13,48.89,59.97,66.44,71.2,75.31,80,88.98
Italy,ITA,1912,0.08,1.17,18.34,40.25,55.89,64.1,69.42,73.5,77.4,82.06,91.21
Italy,ITA,1913,0.07,1.06,16.02,39.17,55.31,63.7,69.17,73.26,77.22,81.83,91.03
Italy,ITA,1914,0.08,1.34,21.71,43.38,57.35,64.58,69.7,73.56,77.48,82.09,91.23
Italy,ITA,1915,0.07,0.92,11.81,23.32,36.32,55,64.26,70.24,74.77,79.91,88.97
Italy,ITA,1916,0.07,0.92,7.09,21.08,26.44,43.83,60.63,68.75,74.07,79.73,89.25
Italy,ITA,1917,0.07,1.04,13.94,20.96,24.62,34.26,55.68,66.2,72.64,78.58,88.24
Italy,ITA,1918,0.05,0.59,1.74,5.65,17.09,22.57,28.74,38.17,55.5,70.7,84.32
Italy,ITA,1919,0.06,0.91,8.03,27,36.24,50.79,62.58,69.44,74.52,79.74,88.9
Italy,ITA,1920,0.07,0.93,10.07,30.68,48.07,59.96,66.87,72.12,76.39,81.29,90.43
Italy,ITA,1921,0.07,1.21,19.78,41.81,56.87,64.7,69.97,73.98,77.69,82.15,90.78
Italy,ITA,1922,0.08,1.34,22.49,43.83,57.36,64.69,69.66,73.53,77.15,81.5,89.65
Italy,ITA,1923,0.08,1.49,24.29,46.47,59.25,66.27,70.97,74.76,78.45,82.85,91.22
Italy,ITA,1924,0.08,1.8,26.08,46.59,58.85,65.68,70.52,74.4,78.2,82.49,91.07
Italy,ITA,1925,0.09,1.56,24.81,45.96,58.4,65.42,70.33,74.26,78.1,82.38,90.52
Italy,ITA,1926,0.08,1.34,23.88,45.75,58.44,65.38,70.33,74.28,77.96,82.29,90.32
Italy,ITA,1927,0.09,1.77,28.06,49.2,60.35,66.75,71.37,75.13,78.83,83.04,90.85
Italy,ITA,1928,0.09,1.7,28.63,49.64,60.46,66.76,71.34,75.01,78.61,82.79,90.49
Italy,ITA,1929,0.08,1.72,29.47,49.57,60.08,66.26,70.76,74.48,77.96,82.08,89.63
Italy,ITA,1930,0.09,2.67,34.59,53.46,62.71,68.41,72.7,76.4,80.07,84.47,93.07
Italy,ITA,1931,0.09,2.95,35.29,53.28,62.33,67.92,72.15,75.7,79.2,83.41,91.58
Italy,ITA,1932,0.09,2.99,35.26,53.18,62.17,67.79,72.04,75.61,79.14,83.35,91.68
Italy,ITA,1933,0.1,5.34,38.49,54.94,63.39,68.76,72.86,76.4,79.93,84.11,92.37
Italy,ITA,1934,0.11,5.6,39.56,55.99,64.03,69.25,73.31,76.82,80.31,84.51,92.84
Italy,ITA,1935,0.1,5.23,39,55.3,63.4,68.63,72.68,76.25,79.69,83.82,91.84
Italy,ITA,1936,0.11,7.07,40.73,56.07,63.8,68.86,72.77,76.3,79.71,83.8,91.97
Italy,ITA,1937,0.09,3.26,37.87,54.77,63.1,68.46,72.48,75.97,79.51,83.61,91.61
Italy,ITA,1938,0.1,4.37,40.04,56.05,63.92,68.94,72.93,76.27,79.59,83.66,91.55
Italy,ITA,1939,0.11,10.81,43.75,57.76,64.85,69.6,73.36,76.68,79.88,83.88,91.8
Italy,ITA,1940,0.1,12.93,41.92,57.04,64.48,69.36,73.06,76.3,79.46,83.38,90.99
Italy,ITA,1941,0.1,7.17,32.79,52.33,62.32,68.09,72.27,75.78,79.08,83.06,90.72
Italy,ITA,1942,0.09,7.66,25.16,46.14,59.32,66.3,71.08,74.92,78.43,82.55,90.33
Italy,ITA,1943,0.09,5.52,23.18,34.31,50.91,62.14,68.76,73.49,77.66,82.06,90.27
Italy,ITA,1944,0.11,12.75,26.44,44.58,57.25,65.04,70.24,74.34,78.09,82.33,90.21
Italy,ITA,1945,0.1,11.65,31.24,50.78,61.64,67.99,72.48,76.18,79.7,83.78,91.61
Italy,ITA,1946,0.11,12.61,45.37,59.46,66.61,71.28,74.91,78.16,81.41,85.3,93.09
Italy,ITA,1947,0.13,23.5,50.53,61.64,67.75,71.93,75.36,78.52,81.67,85.56,93.28
Italy,ITA,1948,0.15,31.88,54.59,63.6,68.97,72.82,76.06,79.07,82.25,86.14,94.01
Italy,ITA,1949,0.15,35.37,56.21,64.48,69.53,73.14,76.28,79.22,82.28,86.06,93.88
Italy,ITA,1950,0.18,41.31,57.94,65.45,70.29,73.88,76.98,79.91,82.96,86.75,94.49
Italy,ITA,1951,0.17,41.73,57.85,65.19,69.88,73.42,76.41,79.23,82.2,85.84,93.36
Italy,ITA,1952,0.18,44.31,58.84,65.72,70.27,73.74,76.68,79.46,82.35,85.96,93.42
Italy,ITA,1953,0.2,46.12,59.55,66.09,70.47,73.83,76.7,79.51,82.42,86,93.62
Italy,ITA,1954,0.22,47.77,60.58,67.02,71.4,74.8,77.73,80.55,83.48,87.13,94.84
Italy,ITA,1955,0.23,48.4,60.82,67.17,71.52,74.94,77.83,80.58,83.53,87.24,94.97
Italy,ITA,1956,0.25,48.86,60.38,66.48,70.7,73.99,76.86,79.52,82.36,85.86,93.13
Italy,ITA,1957,0.24,48.47,60.3,66.47,70.78,74.24,77.24,80.05,83.07,86.72,94.29
Italy,ITA,1958,0.25,49.87,61.35,67.45,71.78,75.19,78.13,80.9,83.84,87.5,95.2
Italy,ITA,1959,0.26,50.34,61.61,67.71,72.07,75.49,78.48,81.28,84.2,87.91,95.65
Italy,ITA,1960,0.28,50.54,61.54,67.48,71.75,75.17,78.08,80.86,83.74,87.35,94.71
Italy,ITA,1961,0.31,51.08,61.89,67.88,72.2,75.62,78.59,81.38,84.3,87.93,95.48
Italy,ITA,1962,0.3,50.8,61.45,67.33,71.53,74.94,77.89,80.67,83.58,87.16,94.52
Italy,ITA,1963,0.32,50.71,61.45,67.27,71.5,74.91,77.92,80.7,83.62,87.2,94.55
Italy,ITA,1964,0.36,51.91,62.25,68.02,72.19,75.62,78.62,81.45,84.42,88.1,95.76
Italy,ITA,1965,0.39,52.19,62.26,67.81,71.9,75.24,78.21,81.01,83.96,87.61,94.94
Italy,ITA,1966,0.41,53.05,62.89,68.48,72.53,75.9,78.88,81.68,84.61,88.31,95.8
Italy,ITA,1967,0.45,53.07,62.92,68.46,72.47,75.76,78.75,81.54,84.5,88.14,95.58
Italy,ITA,1968,0.46,53.09,62.84,68.35,72.28,75.54,78.5,81.25,84.15,87.76,95.07
Italy,ITA,1969,0.5,52.97,62.56,67.97,71.88,75.13,78.19,81.2,84.33,88.18,95.98
Italy,ITA,1970,0.56,53.67,63.33,68.85,72.81,76.05,78.98,81.8,84.79,88.5,95.99
Italy,ITA,1971,0.59,53.96,63.54,69.09,73.12,76.34,79.22,81.99,84.92,88.6,96.1
Italy,ITA,1972,0.69,53.99,63.64,69.14,73.22,76.42,79.32,82.16,85.13,88.87,96.38
Italy,ITA,1973,0.8,54.31,63.77,69.19,73.21,76.33,79.15,81.89,84.77,88.35,95.68
Italy,ITA,1974,2.72,54.96,64.2,69.56,73.55,76.71,79.58,82.34,85.25,88.87,96.21
Italy,ITA,1975,5.03,55,64.08,69.35,73.28,76.48,79.25,82,84.9,88.54,95.96
Italy,ITA,1976,7.59,55.25,64.3,69.59,73.48,76.72,79.48,82.24,85.15,88.75,96.21
Italy,ITA,1977,9.6,55.68,64.62,69.87,73.75,76.98,79.77,82.54,85.42,88.96,96.24
Italy,ITA,1978,11.39,55.94,64.83,70.09,73.97,77.2,80.03,82.82,85.72,89.32,96.74
Italy,ITA,1979,13.95,56.16,65.07,70.36,74.23,77.45,80.31,83.03,85.93,89.53,96.93
Italy,ITA,1980,13.61,56.2,65.04,70.33,74.15,77.32,80.19,82.93,85.82,89.43,96.68
Italy,ITA,1981,15.93,56.76,65.4,70.68,74.5,77.64,80.45,83.16,86.03,89.62,96.99
Italy,ITA,1982,16.9,57.22,65.79,71.06,74.87,77.99,80.81,83.55,86.45,90.08,97.54
Italy,ITA,1983,17.43,57.18,65.64,70.9,74.71,77.78,80.53,83.21,86.05,89.59,96.84
Italy,ITA,1984,18.95,57.82,66.22,71.48,75.3,78.44,81.23,83.95,86.84,90.45,97.95
Italy,ITA,1985,19.31,58.09,66.39,71.58,75.39,78.48,81.25,83.94,86.8,90.39,97.65
Italy,ITA,1986,20.53,58.37,66.66,71.84,75.66,78.79,81.54,84.21,87.07,90.65,98.04
Italy,ITA,1987,20.52,58.67,66.98,72.23,76.09,79.21,82.01,84.71,87.59,91.16,98.58
Italy,ITA,1988,20.92,58.98,67.23,72.44,76.3,79.43,82.2,84.86,87.7,91.22,98.51
Italy,ITA,1989,21.57,59.26,67.59,72.75,76.66,79.81,82.6,85.28,88.12,91.65,99
Italy,ITA,1990,21.42,59.36,67.74,72.92,76.76,79.91,82.69,85.33,88.13,91.61,98.83
Italy,ITA,1991,20.92,59.25,67.77,72.96,76.85,80.03,82.8,85.45,88.23,91.68,98.75
Italy,ITA,1992,20.96,59.61,68.14,73.35,77.2,80.37,83.17,85.82,88.62,92.11,99.31
Italy,ITA,1993,21.76,60.02,68.47,73.63,77.39,80.52,83.29,85.94,88.74,92.18,99.4
Italy,ITA,1994,23.04,60.2,68.68,73.81,77.56,80.71,83.51,86.14,88.92,92.32,99.47
Italy,ITA,1995,22.87,60.41,68.93,74.05,77.82,80.97,83.75,86.4,89.16,92.58,99.62
Italy,ITA,1996,23.53,60.78,69.26,74.36,78.1,81.23,84.03,86.66,89.4,92.84,99.98
Italy,ITA,1997,24.3,61.31,69.67,74.66,78.35,81.42,84.18,86.78,89.5,92.85,99.68
Italy,ITA,1998,24.83,61.54,69.82,74.72,78.42,81.42,84.16,86.75,89.47,92.8,99.63
Italy,ITA,1999,25.9,62,70.32,75.18,78.83,81.79,84.46,87.02,89.72,93.06,99.99
Italy,ITA,2000,26.27,62.38,70.74,75.6,79.23,82.19,84.84,87.37,90.06,93.36,100.18
Italy,ITA,2001,26.64,62.63,71.04,75.92,79.52,82.46,85.12,87.68,90.36,93.62,100.39
Italy,ITA,2002,26.92,62.99,71.38,76.2,79.77,82.69,85.29,87.83,90.46,93.73,100.44
Italy,ITA,2003,29.55,63.32,71.62,76.34,79.82,82.65,85.18,87.61,90.18,93.37,99.84
Italy,ITA,2004,30.28,63.99,72.27,77.07,80.57,83.46,86.02,88.51,91.14,94.43,101.31
Italy,ITA,2005,30.84,64.25,72.47,77.21,80.64,83.45,85.95,88.36,90.91,94.1,100.69
Italy,ITA,2006,31.78,64.54,72.87,77.64,81.05,83.82,86.31,88.72,91.29,94.52,101.17
Italy,ITA,2007,31.91,64.78,73.09,77.81,81.18,83.91,86.36,88.71,91.25,94.43,100.94
Italy,ITA,2008,33.07,65.02,73.35,78.04,81.36,84.05,86.49,88.8,91.28,94.41,100.96
Italy,ITA,2009,33.42,65.17,73.46,78.16,81.5,84.2,86.59,88.91,91.36,94.49,101.05
Italy,ITA,2010,35.21,65.69,73.91,78.56,81.84,84.5,86.89,89.19,91.61,94.72,101.26
Italy,ITA,2011,35.5,65.75,73.99,78.67,81.96,84.62,86.99,89.28,91.69,94.76,101.27
Italy,ITA,2012,36.57,65.93,74.08,78.74,81.98,84.61,86.94,89.19,91.6,94.62,100.95
Italy,ITA,2013,37.27,66.31,74.43,79.12,82.34,84.99,87.33,89.6,92.02,95.04,101.52
Italy,ITA,2014,38.08,66.55,74.62,79.33,82.59,85.21,87.57,89.81,92.22,95.29,101.81
Italy,ITA,2015,37.81,66.33,74.37,79.06,82.3,84.87,87.18,89.39,91.72,94.7,100.9
Italy,ITA,2016,38.28,66.8,74.81,79.54,82.8,85.39,87.71,89.93,92.3,95.3,101.67
Italy,ITA,2017,36.73,66.57,74.6,79.31,82.58,85.17,87.44,89.62,91.96,94.91,101.2
Italy,ITA,2018,37.97,67,75.04,79.72,83.01,85.6,87.87,90.07,92.41,95.36,101.66
Italy,ITA,2019,39.12,67.31,75.23,79.86,83.12,85.69,87.94,90.11,92.45,95.42,101.7
Italy,ITA,2020,39.06,66.24,73.93,78.48,81.83,84.46,86.78,88.97,91.29,94.23,100.48
Italy,ITA,2021,37.88,66.25,74.13,78.79,82.21,84.93,87.28,89.48,91.83,94.84,101.24
Italy,ITA,2022,37.97,66.76,74.64,79.16,82.47,85.11,87.37,89.5,91.72,94.56,100.69
Japan,JPN,1947,0.12,3.55,27.27,43.89,55.55,62.51,67.68,72.12,76.5,81.32,90.39
Japan,JPN,1948,0.18,19.65,36.61,51.72,60.32,66.09,70.73,74.89,79.08,83.87,93.04
Japan,JPN,1949,0.17,20.4,39.29,53.75,61.7,67.04,71.45,75.4,79.47,84.09,92.83
Japan,JPN,1950,0.2,23.35,44.15,56.29,63.14,67.93,71.93,75.6,79.42,83.82,92.18
Japan,JPN,1951,0.21,26.52,48.56,58.74,64.79,69.19,72.93,76.43,80.14,84.46,92.95
Japan,JPN,1952,0.25,32.24,52.35,60.85,66.23,70.32,73.89,77.28,80.81,85.09,93.43
Japan,JPN,1953,0.26,34.63,53.63,61.49,66.57,70.46,73.81,77.01,80.34,84.44,92.42
Japan,JPN,1954,0.29,36.67,54.62,62.3,67.37,71.27,74.71,78.03,81.49,85.7,93.83
Japan,JPN,1955,0.33,40.33,56.23,63.35,68.13,71.88,75.2,78.42,81.79,85.96,94.17
Japan,JPN,1956,0.33,41.57,56.55,63.37,68.05,71.68,74.88,77.97,81.21,85.23,93.12
Japan,JPN,1957,0.34,42.05,56.58,63.27,67.85,71.39,74.53,77.55,80.73,84.69,92.55
Japan,JPN,1958,0.38,44.76,58.03,64.57,69.1,72.65,75.8,78.86,82.07,86.15,94.23
Japan,JPN,1959,0.42,45.66,58.51,64.94,69.36,72.85,75.97,78.97,82.14,86.12,94.1
Japan,JPN,1960,0.49,47.07,59.07,65.17,69.44,72.84,75.83,78.73,81.81,85.68,93.55
Japan,JPN,1961,0.55,48.26,59.71,65.71,69.92,73.3,76.25,79.1,82.13,85.89,93.61
Japan,JPN,1962,0.62,49.33,60.19,65.98,70.01,73.29,76.17,78.93,81.88,85.6,93.27
Japan,JPN,1963,0.87,50.51,61.03,66.69,70.73,74.04,76.95,79.76,82.78,86.57,94.47
Japan,JPN,1964,1.48,51.26,61.5,67.07,71.02,74.27,77.14,79.91,82.9,86.68,94.5
Japan,JPN,1965,2.06,51.79,61.74,67.12,70.99,74.16,76.98,79.68,82.56,86.23,93.79
Japan,JPN,1966,3.28,52.48,62.31,67.68,71.55,74.74,77.61,80.4,83.35,87.09,94.77
Japan,JPN,1967,3.08,53.03,62.73,68.07,71.88,75.04,77.87,80.6,83.55,87.26,94.86
Japan,JPN,1968,4.29,53.5,63.01,68.28,72.09,75.2,78.02,80.71,83.61,87.24,94.84
Japan,JPN,1969,5.24,53.65,63.25,68.43,72.23,75.33,78.15,80.89,83.85,87.52,95.18
Japan,JPN,1970,5.89,53.88,63.4,68.53,72.28,75.33,78.11,80.86,83.78,87.43,94.98
Japan,JPN,1971,6.9,54.68,64.19,69.31,73.1,76.16,78.92,81.6,84.49,88.16,95.83
Japan,JPN,1972,7.86,55.06,64.59,69.75,73.5,76.55,79.29,82,84.87,88.5,96.09
Japan,JPN,1973,8.61,55.46,64.95,70.05,73.75,76.74,79.4,82,84.78,88.34,95.6
Japan,JPN,1974,12.27,56.16,65.44,70.44,74.07,77.04,79.68,82.26,85.01,88.53,95.68
Japan,JPN,1975,14.66,56.65,65.96,70.92,74.5,77.47,80.11,82.65,85.4,88.89,96.08
Japan,JPN,1976,16.28,57.21,66.41,71.34,74.89,77.82,80.41,82.93,85.65,89.06,96.16
Japan,JPN,1977,17.15,57.74,66.91,71.82,75.35,78.31,80.93,83.48,86.21,89.67,96.99
Japan,JPN,1978,17.7,58.12,67.26,72.16,75.66,78.57,81.2,83.73,86.47,89.92,97.17
Japan,JPN,1979,18.77,58.53,67.71,72.6,76.12,79.02,81.66,84.18,86.94,90.44,97.74
Japan,JPN,1980,19.33,58.71,67.79,72.63,76.11,78.96,81.55,84.07,86.76,90.14,97.21
Japan,JPN,1981,19.88,59.05,68.17,73.05,76.52,79.36,81.94,84.46,87.11,90.54,97.65
Japan,JPN,1982,20.66,59.37,68.55,73.5,76.98,79.83,82.4,84.95,87.67,91.15,98.44
Japan,JPN,1983,21.09,59.23,68.6,73.6,77.09,79.93,82.47,84.98,87.66,91.03,98.17
Japan,JPN,1984,21.95,59.6,68.94,73.98,77.47,80.31,82.85,85.36,88.05,91.44,98.72
Japan,JPN,1985,22.52,59.96,69.24,74.25,77.7,80.54,83.08,85.58,88.27,91.63,98.72
Japan,JPN,1986,23.08,60.3,69.61,74.65,78.15,80.96,83.49,85.96,88.65,92.02,99.14
Japan,JPN,1987,23.82,60.71,69.97,75.04,78.54,81.35,83.88,86.35,89.04,92.41,99.61
Japan,JPN,1988,23.79,60.84,70,75.02,78.5,81.28,83.76,86.19,88.8,92.12,99.17
Japan,JPN,1989,24.28,61.18,70.29,75.35,78.88,81.69,84.19,86.65,89.29,92.67,99.69
Japan,JPN,1990,24.42,61.34,70.36,75.38,78.92,81.72,84.23,86.64,89.25,92.56,99.57
Japan,JPN,1991,25.36,61.52,70.49,75.58,79.15,81.97,84.49,86.93,89.56,92.9,99.98
Japan,JPN,1992,25.03,61.55,70.41,75.58,79.18,82.04,84.57,87.01,89.66,93.01,100.22
Japan,JPN,1993,25.84,61.74,70.46,75.67,79.27,82.14,84.69,87.17,89.81,93.15,100.14
Japan,JPN,1994,26.16,62.13,70.84,76.07,79.67,82.56,85.1,87.57,90.23,93.55,100.67
Japan,JPN,1995,25.46,61.94,70.61,75.86,79.52,82.42,85,87.48,90.13,93.42,100.49
Japan,JPN,1996,27.87,62.5,71.12,76.39,80.07,83.04,85.65,88.17,90.85,94.24,101.4
Japan,JPN,1997,28.38,62.73,71.35,76.64,80.31,83.26,85.86,88.37,91.05,94.41,101.54
Japan,JPN,1998,27.33,62.54,71.28,76.64,80.42,83.39,86.04,88.58,91.3,94.67,101.88
Japan,JPN,1999,28.17,62.57,71.31,76.61,80.37,83.34,85.96,88.48,91.14,94.5,101.56
Japan,JPN,2000,29.33,63.02,71.8,77.08,80.88,83.87,86.53,89.09,91.8,95.2,102.34
Japan,JPN,2001,30.04,63.34,72.14,77.37,81.2,84.2,86.86,89.41,92.11,95.51,102.59
Japan,JPN,2002,30.62,63.6,72.47,77.65,81.45,84.48,87.13,89.69,92.38,95.82,102.84
Japan,JPN,2003,30.59,63.58,72.58,77.76,81.55,84.57,87.21,89.75,92.44,95.8,102.9
Japan,JPN,2004,31.16,63.82,72.86,78.02,81.76,84.82,87.47,90.02,92.71,96.08,103.02
Japan,JPN,2005,30.79,63.82,72.89,77.98,81.67,84.69,87.34,89.85,92.52,95.83,102.71
Japan,JPN,2006,31.26,64.25,73.34,78.35,82.01,85.04,87.67,90.19,92.84,96.16,103.04
Japan,JPN,2007,32.05,64.48,73.55,78.58,82.19,85.17,87.81,90.31,92.96,96.27,103.14
Japan,JPN,2008,31.93,64.68,73.73,78.73,82.29,85.23,87.87,90.36,92.99,96.26,102.92
Japan,JPN,2009,32.29,64.94,74.1,79.12,82.67,85.59,88.22,90.71,93.32,96.57,103.33
Japan,JPN,2010,32.49,65.01,74.13,79.14,82.67,85.53,88.1,90.58,93.15,96.34,102.93
Japan,JPN,2011,30.02,64.61,73.83,78.96,82.52,85.39,87.98,90.45,93.03,96.23,102.77
Japan,JPN,2012,33.34,65.67,74.53,79.5,82.95,85.75,88.24,90.66,93.19,96.34,102.79
Japan,JPN,2013,34.24,65.91,74.78,79.75,83.17,85.96,88.43,90.83,93.38,96.51,102.94
Japan,JPN,2014,34.15,66.18,74.99,79.98,83.43,86.21,88.68,91.07,93.61,96.77,103.21
Japan,JPN,2015,35.12,66.61,75.26,80.24,83.67,86.43,88.87,91.23,93.75,96.85,103.24
Japan,JPN,2016,35.75,66.84,75.46,80.43,83.85,86.6,89.05,91.39,93.87,96.98,103.3
Japan,JPN,2017,36.31,67.16,75.62,80.54,83.97,86.7,89.12,91.43,93.91,96.98,103.26
Japan,JPN,2018,36.48,67.29,75.69,80.63,84.08,86.82,89.23,91.55,94.02,97.1,103.4
Japan,JPN,2019,36.59,67.43,75.81,80.78,84.22,86.97,89.38,91.69,94.14,97.22,103.53
Japan,JPN,2020,36.41,67.57,75.96,80.94,84.45,87.23,89.66,92,94.49,97.6,104.03
Japan,JPN,2021,36.2,67.57,75.91,80.81,84.31,87.09,89.51,91.83,94.29,97.38,103.75
Japan,JPN,2022,36.11,67.24,75.48,80.36,83.83,86.59,89.01,91.3,93.73,96.75,102.96
Japan,JPN,2023,35.43,67.25,75.5,80.4,83.9,86.67,89.11,91.4,93.85,96.9,103.24
Latvia,LVA,1959,0.5,46.48,59.98,66.48,71.25,75.15,78.64,81.77,84.88,88.35,93.84
Latvia,LVA,1960,0.65,48.15,60.77,67.37,71.92,75.39,78.65,81.66,84.8,88.8,96.72
Latvia,LVA,1961,0.87,48.17,60.97,67.55,72.03,75.49,78.73,81.67,84.72,88.61,95.74
Latvia,LVA,1962,0.75,47.87,60.49,66.98,71.45,74.93,77.96,80.97,83.97,87.72,94.86
Latvia,LVA,1963,0.73,48.03,60.74,67.47,72.07,75.53,78.56,81.53,84.58,88.3,96.97
Latvia,LVA,1964,1.29,49.12,61.98,68.38,72.83,76.33,79.5,82.55,85.53,89.29,98.13
Latvia,LVA,1965,2.05,49.07,61.44,67.76,72.29,75.71,78.87,81.85,84.88,88.6,97.37
Latvia,LVA,1966,2.95,48.88,61.28,67.55,72.04,75.6,78.73,81.74,84.85,88.77,97.25
Latvia,LVA,1967,2.46,48.05,60.79,67.35,71.84,75.44,78.51,81.54,84.71,88.45,96.52
Latvia,LVA,1968,2.23,47.28,60.17,66.77,71.45,75.12,78.32,81.4,84.63,88.6,96.86
Latvia,LVA,1969,3.62,46.28,59.81,66.45,71.11,74.72,78.02,81.24,84.39,88.31,96.31
Latvia,LVA,1970,2.95,46.66,59.83,66.6,71.19,74.84,77.99,81.1,84.35,88.25,96.36
Latvia,LVA,1971,4.23,46.38,59.89,66.68,71.25,74.91,78.18,81.38,84.69,88.75,97.24
Latvia,LVA,1972,4.54,45.82,59.16,66.14,70.96,74.75,77.96,81.14,84.49,88.57,96.61
Latvia,LVA,1973,4.3,46.39,59.1,66.03,70.8,74.63,77.86,80.92,84.31,88.22,96.27
Latvia,LVA,1974,2.76,45.73,58.97,66.05,70.9,74.73,77.94,81.06,84.46,88.56,96.63
Latvia,LVA,1975,2.24,44.33,58.04,65.27,70.2,74.01,77.4,80.48,83.88,88,96.59
Latvia,LVA,1976,1.99,45.03,58.18,65.29,70.17,73.97,77.45,80.58,83.96,88.02,96.4
Latvia,LVA,1977,3.79,45.48,58.04,65.18,70.02,73.84,77.25,80.44,83.82,87.97,96.46
Latvia,LVA,1978,2.53,45.25,57.61,64.87,70.02,73.92,77.33,80.48,83.77,87.94,96.58
Latvia,LVA,1979,1.37,43.93,56.92,64.3,69.49,73.49,77.02,80.26,83.68,87.88,96.06
Latvia,LVA,1980,3.25,44.34,57.03,64.34,69.57,73.62,77.08,80.33,83.75,87.83,96.29
Latvia,LVA,1981,3.21,44.13,56.52,64.04,69.48,73.64,77.13,80.42,83.87,87.94,96.64
Latvia,LVA,1982,3.74,44.77,57.29,64.82,69.87,73.9,77.4,80.74,84.25,88.5,97.53
Latvia,LVA,1983,3.09,45.01,56.96,64.45,69.99,73.97,77.42,80.67,84.07,88.13,96.44
Latvia,LVA,1984,4.89,45.58,57.11,64.38,69.61,73.58,77,80.3,83.62,87.74,96.35
Latvia,LVA,1985,6.56,46.75,57.9,64.83,69.67,73.6,76.95,80.18,83.4,87.38,95.53
Latvia,LVA,1986,5.22,49.23,59.94,66.47,71.09,74.79,78.08,81.18,84.37,88.34,96.49
Latvia,LVA,1987,7.91,49.57,59.88,66.43,71.03,74.73,77.9,80.89,84.19,88.1,96.26
Latvia,LVA,1988,8.43,49.33,59.68,66.23,70.88,74.69,77.98,81.02,84.12,88.14,96.43
Latvia,LVA,1989,8.74,47.17,58.41,65.15,70.19,74.25,77.81,81.15,84.41,88.53,96.84
Latvia,LVA,1990,6.67,46.37,57.59,64.28,69.04,73.24,77.03,80.34,83.7,87.76,96.06
Latvia,LVA,1991,5.77,45.37,56.81,63.67,68.94,73.2,77.04,80.43,83.84,88.03,95.92
Latvia,LVA,1992,4.76,44.1,55.26,62.46,68.15,72.83,76.73,80.42,83.87,87.93,95.97
Latvia,LVA,1993,4.53,41.55,52.31,59.64,65.41,70.57,74.86,78.95,82.64,87.01,95.07
Latvia,LVA,1994,6.41,40.1,50.02,57.22,63.12,68.46,73.31,77.65,81.78,86.35,94.83
Latvia,LVA,1995,4.6,41.14,51.11,58.47,64.45,69.81,74.44,78.56,82.56,87.13,95.29
Latvia,LVA,1996,6.28,44.65,55.11,62.25,67.81,72.69,76.74,80.3,83.89,88.09,96.08
Latvia,LVA,1997,8.2,45.68,56.36,63.35,68.78,73.34,77.17,80.64,84.15,88.23,95.93
Latvia,LVA,1998,6.04,45.17,55.62,62.62,68.18,72.83,76.82,80.47,84.04,88.15,95.82
Latvia,LVA,1999,13.16,45.91,56.28,63.39,68.79,73.38,77.44,80.97,84.52,88.61,96.5
Latvia,LVA,2000,15.28,46.73,57.01,63.95,69.15,73.77,77.74,81.34,84.85,88.85,96.77
Latvia,LVA,2001,14.59,46.46,56.65,63.62,69.03,73.57,77.48,81.05,84.58,88.62,96.42
Latvia,LVA,2002,13.81,46.85,56.99,63.89,69.2,73.76,77.71,81.25,84.75,88.81,96.83
Latvia,LVA,2003,16.17,48.06,57.9,64.45,69.73,74.08,77.95,81.38,84.75,88.75,96.49
Latvia,LVA,2004,17.55,48.42,58.14,64.67,69.93,74.34,78.12,81.59,84.98,89.07,96.65
Latvia,LVA,2005,18.44,47.65,57.48,64.08,69.55,73.87,77.77,81.42,84.8,88.97,96.67
Latvia,LVA,2006,18.95,47.65,57.06,63.54,69.16,73.69,77.64,81.3,84.9,89.18,96.86
Latvia,LVA,2007,18.04,47.86,57.65,64.13,69.68,74.22,78.04,81.53,85.01,89.02,96.61
Latvia,LVA,2008,19.96,49.42,59.3,65.61,70.97,75.23,78.96,82.37,85.76,89.69,97.45
Latvia,LVA,2009,19.93,50.6,60.25,66.57,71.79,76.03,79.56,82.86,86.27,90.27,97.67
Latvia,LVA,2010,21.01,51.22,60.64,66.76,71.89,76.02,79.69,83.03,86.39,90.25,97.45
Latvia,LVA,2011,22.13,51.94,61.51,67.54,72.62,76.85,80.42,83.71,87.08,91,98.15
Latvia,LVA,2012,23.54,52.38,61.91,68.04,73.06,77.23,80.6,83.77,86.89,90.74,97.94
Latvia,LVA,2013,25.16,52.1,61.79,68.17,73.15,77.32,80.84,84.03,87.26,91.04,98.36
Latvia,LVA,2014,21.84,52.16,62,68.18,73.27,77.58,81.11,84.29,87.47,91.26,98.82
Latvia,LVA,2015,24.92,52.67,62.49,68.8,73.68,77.88,81.41,84.4,87.62,91.34,98.68
Latvia,LVA,2016,23.88,52.79,62.68,68.9,73.7,77.89,81.5,84.61,87.66,91.37,98.85
Latvia,LVA,2017,23.61,52.97,62.72,68.88,73.82,77.93,81.47,84.71,87.8,91.4,98.74
Latvia,LVA,2018,25.01,53.18,62.81,68.93,73.85,78.1,81.56,84.77,87.91,91.54,98.78
Latvia,LVA,2019,24.72,54.27,63.62,69.79,74.63,78.66,82.24,85.35,88.35,91.94,99.38
Latvia,LVA,2020,25.54,54.04,63.64,69.61,74.35,78.26,81.77,84.97,87.99,91.62,98.76
Latvia,LVA,2021,25.86,51.52,60.75,66.77,71.48,75.6,79.34,82.76,86,89.84,97.18
Latvia,LVA,2022,25.79,52.25,62.1,68.37,73.19,77.47,81.01,84.33,87.49,91.04,97.98
Latvia,LVA,2023,26.92,53.28,63.3,69.48,74.32,78.6,82.18,85.47,88.54,92.03,99.35
Latvia,LVA,2024,26.91,54.26,64.24,70.54,75.44,79.44,82.83,86.03,89.07,92.6,99.9
Lithuania,LTU,1959,0.23,44.87,59.46,66.12,70.94,74.43,77.66,80.59,84,87.96,98.36
Lithuania,LTU,1960,0.36,47.09,60.32,67.41,72.48,76.13,79.51,82.58,85.96,90.19,100.77
Lithuania,LTU,1961,0.38,48.31,60.98,67.72,72.38,75.76,79.11,82.28,85.6,89.91,99.98
Lithuania,LTU,1962,0.4,47.13,60.31,66.57,71.42,75.1,78.13,81.28,84.43,88.46,97.48
Lithuania,LTU,1963,0.42,48.01,61.03,67.3,72.35,76.18,79.45,82.58,85.83,89.92,99.65
Lithuania,LTU,1964,0.54,49.97,62.39,68.5,73.17,76.91,80.12,83.36,86.72,91.22,101.41
Lithuania,LTU,1965,0.83,50.17,62.03,67.99,72.5,76.35,79.44,82.6,85.84,90.09,99.63
Lithuania,LTU,1966,1.16,49.95,62.01,68.15,72.58,76.23,79.51,82.82,86.19,90.52,100.11
Lithuania,LTU,1967,1.83,49.82,61.89,68.18,72.49,76.11,79.53,82.7,86.21,90.33,100.25
Lithuania,LTU,1968,1.83,48.74,61.42,67.85,72.27,75.84,79.27,82.48,85.89,90.31,99.37
Lithuania,LTU,1969,1.47,48.58,61.1,67.45,72,75.64,78.82,82.02,85.52,89.84,99.47
Lithuania,LTU,1970,2.89,47.78,60.71,67.37,71.93,75.57,78.81,82.02,85.35,89.65,99.45
Lithuania,LTU,1971,3.43,48.23,61.23,67.95,72.63,76.25,79.47,82.72,86.11,90.62,100.19
Lithuania,LTU,1972,2.77,47.51,60.73,67.45,72.02,75.51,78.75,82.15,85.61,90,98.91
Lithuania,LTU,1973,2.63,47.89,60.8,67.61,72.25,75.93,79.14,82.38,85.85,90.34,99.98
Lithuania,LTU,1974,2.21,47.41,60.25,67.55,72.22,75.98,79.22,82.55,86.18,90.74,100.87
Lithuania,LTU,1975,2.44,46.74,59.94,67.23,71.96,75.8,79.01,82.22,85.77,89.94,100.07
Lithuania,LTU,1976,3.03,46.73,59.94,67.17,72,75.89,79.14,82.13,85.73,90.04,99.41
Lithuania,LTU,1977,2.62,46.53,59.36,66.75,71.66,75.58,78.86,82,85.51,89.95,100.42
Lithuania,LTU,1978,2.73,46.62,59.11,66.6,71.69,75.5,78.9,82.04,85.28,89.65,99.65
Lithuania,LTU,1979,2.8,46.01,58.85,66.35,71.4,75.26,78.7,81.76,85.17,89.66,99.86
Lithuania,LTU,1980,5.17,45.92,58.6,65.95,71.22,75.14,78.46,81.62,84.98,89.53,99.35
Lithuania,LTU,1981,3.71,45.41,58.31,65.92,71.26,75.29,78.85,82.09,85.47,89.98,99.7
Lithuania,LTU,1982,3.61,45.38,58.34,66.14,71.7,75.79,79.31,82.53,85.93,90.25,100.3
Lithuania,LTU,1983,5.19,46.38,58.55,65.98,71.41,75.55,78.93,82.12,85.49,89.79,99.83
Lithuania,LTU,1984,5.59,45.86,57.85,65.41,70.76,74.96,78.47,81.64,85,89.08,98.64
Lithuania,LTU,1985,5.17,47.02,58.74,65.92,71,75.11,78.41,81.52,84.81,88.95,98.22
Lithuania,LTU,1986,8.4,49.87,61.13,67.62,72.45,76.27,79.54,82.6,85.81,89.9,99.36
Lithuania,LTU,1987,10.39,50.26,60.73,67.44,72.22,76.09,79.41,82.43,85.57,89.65,98.99
Lithuania,LTU,1988,8.87,49.33,60.52,67.23,72.17,76,79.34,82.39,85.44,89.5,98.49
Lithuania,LTU,1989,11.08,47.9,59.46,66.57,71.49,75.59,79.13,82.31,85.67,89.85,98.95
Lithuania,LTU,1990,11.45,47.83,59.07,66.03,71.02,75.18,78.7,81.97,85.29,89.4,98.62
Lithuania,LTU,1991,8.15,46.12,57.69,64.86,70.43,74.88,78.57,81.95,85.27,89.42,98.65
Lithuania,LTU,1992,6.38,46.2,57.49,64.73,70.32,74.65,78.44,81.85,85.23,89.47,98.62
Lithuania,LTU,1993,9.01,44.58,55.15,62.54,68.42,73.2,77.15,80.78,84.2,88.22,97.06
Lithuania,LTU,1994,8.83,43.45,54.08,61.63,67.64,72.65,76.89,80.58,84.11,88.34,97.15
Lithuania,LTU,1995,11.35,44.16,54.43,62.07,68.07,73.01,77.18,80.88,84.49,88.65,97.26
Lithuania,LTU,1996,15.79,45.63,56.25,63.73,69.52,74.22,78.05,81.64,85.07,89.07,97.4
Lithuania,LTU,1997,16.19,46.96,57.74,65.22,70.65,75.21,78.86,82.18,85.42,89.34,97.39
Lithuania,LTU,1998,16.47,47.37,58.16,65.55,70.87,75.27,78.85,82.48,85.67,89.58,97.69
Lithuania,LTU,1999,16.47,47.99,58.86,65.93,71.31,75.67,79.32,82.65,85.83,89.73,97.88
Lithuania,LTU,2000,17.2,48.46,59.16,66.38,71.7,76.03,79.69,82.97,86.28,90.3,98.37
Lithuania,LTU,2001,17.64,47.72,58.21,65.57,71.23,75.71,79.36,82.68,86.1,90,98.11
Lithuania,LTU,2002,18.04,48.2,58.68,65.75,71.18,75.61,79.38,82.68,86.14,89.95,97.67
Lithuania,LTU,2003,18.92,48.3,58.62,65.82,71.41,75.84,79.57,82.91,86.31,90.2,97.75
Lithuania,LTU,2004,18.63,48.34,58.45,65.55,71.27,75.72,79.61,82.99,86.46,90.36,98.1
Lithuania,LTU,2005,18.53,47.11,57.26,64.27,70.18,74.97,79.01,82.54,85.94,89.99,97.35
Lithuania,LTU,2006,18.41,46.8,56.85,63.61,69.6,74.56,78.71,82.31,85.79,90.07,97.36
Lithuania,LTU,2007,18.63,45.99,56.21,63.03,69.07,74.22,78.5,82.27,85.83,90.09,97.55
Lithuania,LTU,2008,19.79,47.59,57.47,64.34,70.34,75.33,79.41,82.96,86.37,90.5,97.57
Lithuania,LTU,2009,19.97,49.54,59.7,66.16,71.79,76.44,80.21,83.54,86.86,90.9,97.83
Lithuania,LTU,2010,21.73,50.1,59.91,66.55,72.14,76.66,80.48,83.77,87,90.81,97.53
Lithuania,LTU,2011,21.92,50.2,60.4,67.04,72.56,77.16,80.82,84.12,87.36,91.23,98.11
Lithuania,LTU,2012,22.39,50.91,60.84,67.46,73.02,77.51,81.16,84.39,87.56,91.28,98.18
Lithuania,LTU,2013,22.18,50.73,61.05,67.7,73.14,77.73,81.26,84.39,87.57,91.24,98.02
Lithuania,LTU,2014,22.05,51.69,61.99,68.61,73.86,78.29,81.8,84.9,88.06,91.58,98.61
Lithuania,LTU,2015,22.81,52.07,62.18,68.44,73.67,78.06,81.61,84.68,87.73,91.31,98.25
Lithuania,LTU,2016,25.06,52.59,62.49,68.89,73.99,78.26,81.82,85,87.98,91.65,98.65
Lithuania,LTU,2017,26.01,54.05,64.07,70.27,75.11,79.1,82.39,85.31,88.22,91.77,98.56
Lithuania,LTU,2018,25.33,54.43,64.36,70.49,75.34,79.26,82.57,85.56,88.49,92.01,98.88
Lithuania,LTU,2019,25.8,55.21,64.77,70.8,75.68,79.77,83.12,86.07,89.01,92.5,99.54
Lithuania,LTU,2020,26.81,53.84,63.37,69.37,74,78.04,81.58,84.7,87.74,91.34,98.57
Lithuania,LTU,2021,26.28,52.91,62.53,68.43,73.15,77.06,80.58,83.72,86.75,90.38,97.51
Lithuania,LTU,2022,28.05,54.99,64.42,70.25,74.86,78.74,82.18,85.16,88,91.39,98.03
Lithuania,LTU,2023,29.14,56.1,65.73,71.87,76.74,80.51,83.86,86.8,89.67,93.01,99.92
Lithuania,LTU,2024,28.39,56.27,65.64,71.72,76.49,80.56,83.95,86.9,89.74,93.14,100.14
Luxembourg,LUX,1960,0.49,50.18,60.61,66.63,70.58,73.71,76.78,79.57,82.51,85.81,93.14
Luxembourg,LUX,1961,0.66,50.39,60.69,66.28,70.29,73.93,77.05,80.09,82.81,86.8,94.34
Luxembourg,LUX,1962,0.48,50.82,60.24,65.87,69.93,73.35,76.2,78.94,81.85,85.57,92.53
Luxembourg,LUX,1963,0.56,50.42,60.06,65.59,70.02,73.34,76.3,79.31,82.27,86.05,94.18
Luxembourg,LUX,1964,0.54,49.85,59.88,65.39,69.96,73.51,76.59,79.81,82.99,86.97,95.26
Luxembourg,LUX,1965,0.87,50.64,60.4,65.87,69.95,73.5,76.8,79.56,82.49,85.78,94.97
Luxembourg,LUX,1966,0.62,50.33,59.85,65.73,69.89,73.32,76.31,79.5,82.55,86.55,95.05
Luxembourg,LUX,1967,2.68,50.95,60.55,65.78,69.87,73.32,76.38,79.4,82.53,86.45,94
Luxembourg,LUX,1968,5.51,52.19,60.93,66.23,70.31,73.62,76.56,79.44,82.46,86.25,95.05
Luxembourg,LUX,1969,6.07,50.95,60.4,65.81,70.08,73.61,76.47,79.32,82.46,86.49,94.24
Luxembourg,LUX,1970,2.04,50.31,60.07,66.03,70.13,73.66,77.01,79.72,82.98,86.82,94.7
Luxembourg,LUX,1971,1.71,51.01,60.58,65.88,69.78,73.16,76.29,79.26,82.25,86.26,94.07
Luxembourg,LUX,1972,11.75,51.7,60.84,66.21,70.23,73.72,77.01,80.16,83.32,87.23,94.84
Luxembourg,LUX,1973,3.51,51.72,61.04,66.57,70.28,73.74,77.18,80.21,83.38,87.14,94.86
Luxembourg,LUX,1974,3.26,52.24,60.68,66.38,70.76,73.8,76.81,79.72,82.95,86.82,95.17
Luxembourg,LUX,1975,10.31,50.99,61.09,66.51,70.71,73.93,76.95,79.88,83.02,86.81,95.23
Luxembourg,LUX,1976,9.87,51.81,61.52,66.95,70.84,74.05,76.89,79.72,82.82,86.52,93.33
Luxembourg,LUX,1977,10.4,52.25,62.12,67.76,71.81,74.86,77.95,80.93,83.91,87.63,95.58
Luxembourg,LUX,1978,12.71,52.7,61.91,67.37,71.75,74.98,77.91,80.81,83.77,87.35,95.26
Luxembourg,LUX,1979,12.12,53.87,63.16,68.21,72.37,75.6,78.54,81.52,84.49,88.6,96.84
Luxembourg,LUX,1980,14.72,54.13,63.17,68.53,72.49,75.6,78.76,81.47,84.13,88.04,95.56
Luxembourg,LUX,1981,9.3,53.01,62.96,68.49,72.56,76.22,79.03,81.77,84.67,88.11,95.04
Luxembourg,LUX,1982,11.36,53.66,62.56,67.83,72.35,75.81,78.8,81.55,84.82,88.62,95.73
Luxembourg,LUX,1983,18.81,55.01,64.21,69.52,73.47,76.43,79.21,81.91,84.79,88.5,95.68
Luxembourg,LUX,1984,16.23,53.49,63.1,68.94,73.26,76.58,79.43,82.19,85.34,88.87,97.24
Luxembourg,LUX,1985,15.23,54.91,64.15,69.42,73.39,76.62,79.7,82.47,85.48,89.15,96.48
Luxembourg,LUX,1986,20.9,56.38,65.02,70.33,74.26,77.52,80.22,82.93,85.61,89.26,95.97
Luxembourg,LUX,1987,18,54.78,64.27,70.17,74.24,77.51,80.45,83.1,85.85,89.5,96.32
Luxembourg,LUX,1988,19.26,55.77,65.19,70.56,74.53,77.6,80.55,83.35,86.56,90.31,97.23
Luxembourg,LUX,1989,19.07,56.13,65.08,70.55,74.65,77.98,80.64,83.38,86.29,89.78,96.92
Luxembourg,LUX,1990,19.75,55.74,65.57,71.05,75.01,78.58,81.69,84.25,86.94,90.42,98.06
Luxembourg,LUX,1991,17.36,55.74,65.99,71.76,75.53,79.08,81.95,84.61,87.21,90.79,97.58
Luxembourg,LUX,1992,19.31,56.26,65.45,71.39,75.09,78.13,81.19,83.82,86.78,90.13,97.12
Luxembourg,LUX,1993,19.39,56.58,66.31,71.88,75.86,78.82,81.47,84.15,87.24,90.68,97.37
Luxembourg,LUX,1994,21.24,57.53,67.07,72.32,76.21,79.31,81.99,84.72,87.57,90.94,98.46
Luxembourg,LUX,1995,22.78,57.14,66.01,71.87,75.9,79.52,82.4,84.94,87.96,91.51,98.29
Luxembourg,LUX,1996,20.9,57.86,66.22,72.36,76.26,79.44,82.4,85.07,87.81,91.09,97.34
Luxembourg,LUX,1997,23.19,58.61,67.28,72.45,76.36,79.55,82.34,84.99,87.66,91.06,98.59
Luxembourg,LUX,1998,25.33,58.28,67.41,72.73,76.98,80.06,82.55,85.12,87.83,91.2,99.36
Luxembourg,LUX,1999,25.1,59.45,68.44,73.42,77.3,80.27,83.01,85.72,88.5,91.79,98.83
Luxembourg,LUX,2000,26.26,59.05,68.41,73.57,77.64,80.66,83.18,85.77,88.58,92,98.55
Luxembourg,LUX,2001,21.07,59.39,68.38,73.89,77.83,80.96,83.62,86.15,88.76,92.26,98.98
Luxembourg,LUX,2002,21.67,58.91,68.55,73.78,77.69,80.7,83.73,86.37,89.13,92.6,99.53
Luxembourg,LUX,2003,26.86,60.48,68.55,73.63,77.4,80.61,83.25,85.76,88.16,91.63,98.69
Luxembourg,LUX,2004,25.74,60.85,70.18,75.26,78.97,82.22,84.72,87.11,89.76,92.95,99.35
Luxembourg,LUX,2005,28.86,61.66,70.21,75.19,79,82.2,84.68,87.33,89.74,93.05,99.56
Luxembourg,LUX,2006,31.4,60.62,69.64,75.13,78.95,82.11,84.88,87.35,89.76,92.72,100.41
Luxembourg,LUX,2007,28.28,61.74,69.87,75.21,78.91,81.96,84.62,87.24,89.68,92.85,99.53
Luxembourg,LUX,2008,28.61,62.85,71.52,76.7,80.16,83.03,85.56,87.96,90.32,93.41,100.6
Luxembourg,LUX,2009,32.76,62.89,71.59,76.44,80.46,83.15,85.62,88.01,90.56,94.23,99.74
Luxembourg,LUX,2010,32.5,62.97,71.65,76.65,80.49,83.21,85.9,88.16,90.59,93.81,100.86
Luxembourg,LUX,2011,34.77,63.14,71.65,76.82,80.56,83.47,86.04,88.41,90.8,93.82,100.33
Luxembourg,LUX,2012,33.37,63.68,72.07,77.25,81.11,83.82,86.14,88.4,90.65,93.74,100.64
Luxembourg,LUX,2013,32.97,63.66,72.44,77.82,81.42,84.08,86.59,88.84,91.31,94.32,101.12
Luxembourg,LUX,2014,35.13,64.61,72.91,77.79,81.29,84.32,86.7,89.11,91.47,94.93,101.56
Luxembourg,LUX,2015,37.67,65.52,73.29,77.89,81.38,84.34,86.81,89.03,91.47,94.57,100.93
Luxembourg,LUX,2016,39.67,65.4,73.32,78.52,82.23,84.78,87.14,89.51,91.98,94.84,100.66
Luxembourg,LUX,2017,37.1,65.45,72.42,77.14,81.28,84.34,86.89,89.01,91.66,94.64,102.01
Luxembourg,LUX,2018,37.26,65.48,73.43,78.1,81.84,84.41,86.88,89.25,91.5,94.68,101.5
Luxembourg,LUX,2019,37.67,65.59,73.96,78.71,82.25,84.93,87.17,89.56,91.85,94.91,101.77
Luxembourg,LUX,2020,37.4,65.76,73.55,78.38,81.71,84.54,86.96,89.17,91.43,94.31,100.88
Luxembourg,LUX,2021,39.34,66.05,73.71,78.64,82.14,84.9,87.19,89.5,91.9,95.09,101.4
Luxembourg,LUX,2022,35.97,66.22,74.26,79.33,82.51,85.27,87.6,89.78,92.13,95.37,101.7
Luxembourg,LUX,2023,39.82,67.17,74.92,79.38,82.75,85.49,87.88,90.22,92.42,95.44,101.27
Netherlands,NLD,1850,0.05,0.69,4.43,24.03,38.73,51.4,60.93,67.87,73.72,79.77,90.22
Netherlands,NLD,1851,0.05,0.68,3.44,22.65,38.61,52.14,61.73,68.62,74.41,80.49,91.07
Netherlands,NLD,1852,0.05,0.6,3.46,22.41,37.66,50.7,60.45,67.64,73.48,79.71,90.33
Netherlands,NLD,1853,0.05,0.7,4.81,24.1,37.76,49.17,58.43,65.54,71.52,77.57,88.05
Netherlands,NLD,1854,0.05,0.71,4.31,22.92,37.4,49.28,58.83,66.03,72.1,78.2,88.85
Netherlands,NLD,1855,0.05,0.58,2.25,11.51,30.04,42.79,53.6,62.11,68.68,75.37,85.73
Netherlands,NLD,1856,0.05,0.66,3.35,20.43,36.52,49.2,59.36,66.56,72.58,78.56,89.52
Netherlands,NLD,1857,0.04,0.52,2.34,16.09,32.41,45.25,56.19,64.13,70.5,76.76,87.07
Netherlands,NLD,1858,0.05,0.58,2.95,16.69,31.2,42.88,53.49,62.03,68.63,75.34,86.2
Netherlands,NLD,1859,0.04,0.46,1.59,5.73,22.72,36.66,48.45,58.77,66.75,74.28,85.88
Netherlands,NLD,1860,0.05,0.65,3.07,17.31,33.4,46.24,56.92,64.93,71.46,77.97,88.69
Netherlands,NLD,1861,0.05,0.58,2.73,16.29,33.07,46.85,57.71,65.45,71.83,78.08,88.3
Netherlands,NLD,1862,0.05,0.64,3.17,19.62,36.17,49.57,59.73,66.91,72.89,79.03,89.48
Netherlands,NLD,1863,0.05,0.61,2.95,19.07,36.43,49.89,60.25,67.34,73.2,79.31,89.84
Netherlands,NLD,1864,0.05,0.63,3.23,18.69,35.25,48.39,58.45,65.8,71.94,77.88,88.1
Netherlands,NLD,1865,0.04,0.53,2.65,16.45,33.19,47.35,58.56,66.33,72.72,78.87,89.3
Netherlands,NLD,1866,0.05,0.62,2.66,10.77,27.14,38.99,50.17,60.23,68.31,76,87.92
Netherlands,NLD,1867,0.05,0.62,3.66,22.5,38.89,52.25,61.59,68.2,73.75,79.46,89.49
Netherlands,NLD,1868,0.04,0.52,2.67,19.72,37,51.03,61.02,67.82,73.44,79.13,89
Netherlands,NLD,1869,0.05,0.7,5.62,26.39,41.29,53.57,62.17,68.34,73.59,79.27,89.25
Netherlands,NLD,1870,0.04,0.55,3.02,19.91,35.84,49.25,59.5,66.57,72.35,78.14,88.28
Netherlands,NLD,1871,0.04,0.5,2.01,8.13,24.93,38.97,52.3,62.49,70.04,76.87,87.67
Netherlands,NLD,1872,0.04,0.51,2.28,14.4,31.99,46.92,58.8,66.77,73.05,79.26,89.75
Netherlands,NLD,1873,0.05,0.59,4.03,23.15,39.26,52.76,62.02,68.33,73.76,79.56,89.78
Netherlands,NLD,1874,0.05,0.68,6.95,28.47,43.35,55.39,63.4,69.39,74.45,80,90.11
Netherlands,NLD,1875,0.04,0.53,3.26,22.89,38.37,51.54,60.91,67.39,72.94,78.57,88.42
Netherlands,NLD,1876,0.05,0.6,5.58,26.55,41.69,54.38,62.97,69.15,74.36,79.85,89.75
Netherlands,NLD,1877,0.05,0.67,7.18,29.16,44.5,56.52,64.46,70.09,75.24,80.68,90.51
Netherlands,NLD,1878,0.05,0.62,4.9,27.29,43.14,55.63,63.77,69.73,74.76,80.03,89.88
Netherlands,NLD,1879,0.05,0.68,6.64,29.15,44.58,56.55,64.03,69.72,74.57,79.79,89.56
Netherlands,NLD,1880,0.04,0.56,3.9,26.21,42.79,55.63,63.76,69.62,74.71,80.3,90.25
Netherlands,NLD,1881,0.05,0.72,9.1,31.55,46.53,57.57,64.93,70.45,75.18,80.58,90.38
Netherlands,NLD,1882,0.05,0.75,10.63,32.73,47.71,58.53,65.73,71.11,75.83,81.23,90.74
Netherlands,NLD,1883,0.05,0.7,6.61,30.04,45.12,56.96,64.59,70.21,75.14,80.56,89.87
Netherlands,NLD,1884,0.05,0.62,4,26.15,43.26,56.44,64.46,70.41,75.63,81.13,91.02
Netherlands,NLD,1885,0.05,0.8,7.55,31.11,46.18,57.76,65.06,70.64,75.53,80.87,90.43
Netherlands,NLD,1886,0.05,0.65,4.83,28.35,44.68,57.11,64.85,70.63,75.68,80.99,90.73
Netherlands,NLD,1887,0.06,0.89,12.66,34.87,49.64,59.93,66.51,71.69,76.34,81.5,90.8
Netherlands,NLD,1888,0.05,0.77,10.02,33.8,49.22,59.38,66.11,71.31,75.99,81.17,90.17
Netherlands,NLD,1889,0.05,0.76,10.98,33.98,49.17,59.6,66.36,71.57,76.34,81.5,90.85
Netherlands,NLD,1890,0.05,0.8,14.22,35.06,49.31,59.05,65.62,70.77,75.52,80.66,89.59
Netherlands,NLD,1891,0.05,0.77,12.36,34.63,49.51,59.39,65.7,70.86,75.34,80.33,89.66
Netherlands,NLD,1892,0.05,0.79,12.49,34.76,49.08,58.57,65.05,70.08,74.68,79.8,88.97
Netherlands,NLD,1893,0.06,0.92,17.87,38.08,51.98,61.1,67.15,71.96,76.43,81.51,90.7
Netherlands,NLD,1894,0.06,1.11,20.09,38.91,52.57,61.61,67.53,72.33,76.76,81.77,90.97
Netherlands,NLD,1895,0.06,0.9,19.95,39.87,53.68,62.19,67.91,72.65,77,81.91,90.97
Netherlands,NLD,1896,0.06,1.1,22.27,42.4,55.65,63.59,69.18,73.71,78,82.91,92.16
Netherlands,NLD,1897,0.06,1.4,25.51,44.86,56.75,64.17,69.45,73.85,78.01,82.94,92.07
Netherlands,NLD,1898,0.06,1.14,24.99,44.63,56.86,64.23,69.48,73.92,78.18,83.12,92.09
Netherlands,NLD,1899,0.06,1.38,26.51,45.61,57.25,64.23,69.25,73.49,77.62,82.3,91.17
Netherlands,NLD,1900,0.06,1.25,25.2,44.04,56.02,63.31,68.52,72.76,76.9,81.64,90.55
Netherlands,NLD,1901,0.06,1.09,22.44,43.92,56.72,64.2,69.46,73.77,77.99,82.84,91.71
Netherlands,NLD,1902,0.07,1.62,26.82,47.02,58.22,65.01,70.01,74.14,78.06,82.71,91.41
Netherlands,NLD,1903,0.07,2.02,29.6,48.74,59.41,65.91,70.66,74.87,78.9,83.67,92.59
Netherlands,NLD,1904,0.07,1.48,27.66,47.9,58.94,65.67,70.46,74.68,78.66,83.36,92.33
Netherlands,NLD,1905,0.07,2.25,31.36,50.18,60.09,66.11,70.77,74.79,78.72,83.21,92.04
Netherlands,NLD,1906,0.07,2.73,33.12,51.08,60.79,66.72,71.33,75.31,79.21,83.77,92.46
Netherlands,NLD,1907,0.08,3.66,35.39,52.27,60.9,66.58,71,74.93,78.7,83.1,91.6
Netherlands,NLD,1908,0.08,2.43,33.65,51.9,60.92,66.63,71.06,74.85,78.49,82.88,91.35
Netherlands,NLD,1909,0.09,6.64,38.34,53.63,61.77,67.17,71.45,75.17,78.98,83.43,91.95
Netherlands,NLD,1910,0.09,5.33,38.72,54.44,62.58,67.95,72.05,75.8,79.52,83.92,92.23
Netherlands,NLD,1911,0.07,2.69,35.84,53.28,61.87,67.39,71.67,75.41,79.2,83.69,91.89
Netherlands,NLD,1912,0.1,13.14,42.91,56.51,63.74,68.69,72.8,76.5,80.18,84.6,92.87
Netherlands,NLD,1913,0.1,13.54,43.52,57.01,64.17,69.11,73.07,76.61,80.2,84.61,93
Netherlands,NLD,1914,0.1,13.49,43.39,57.1,64.26,69.15,73.13,76.71,80.3,84.59,92.73
Netherlands,NLD,1915,0.11,13.81,42.88,56.59,63.71,68.65,72.59,76.12,79.63,83.98,92.35
Netherlands,NLD,1916,0.11,9.56,39.4,55.01,62.95,68,72.08,75.64,79.27,83.52,91.78
Netherlands,NLD,1917,0.11,9.59,38.3,54.29,62.23,67.53,71.7,75.3,78.97,83.21,91.14
Netherlands,NLD,1918,0.1,2.1,19.82,32.07,46.64,58.93,66.3,71.81,76.64,81.9,91.26
Netherlands,NLD,1919,0.11,4.18,34.2,52.51,61.42,67.26,71.59,75.3,78.96,83.21,91.58
Netherlands,NLD,1920,0.12,17.36,43.1,56.84,64.01,68.88,72.8,76.37,79.92,84.18,92.39
Netherlands,NLD,1921,0.12,22.16,48.58,59.66,65.75,70.23,73.92,77.29,80.73,84.88,93.09
Netherlands,NLD,1922,0.14,23.8,48.99,59.26,65.21,69.52,73.06,76.29,79.6,83.62,91.75
Netherlands,NLD,1923,0.16,26.8,51.85,61.38,66.96,71.19,74.74,78,81.33,85.51,93.56
Netherlands,NLD,1924,0.18,29.99,52.75,61.99,67.43,71.53,74.97,78.26,81.58,85.72,93.65
Netherlands,NLD,1925,0.19,29.57,53.07,62.09,67.56,71.62,75.07,78.21,81.55,85.62,93.52
Netherlands,NLD,1926,0.18,29.45,53.19,62.25,67.58,71.64,75.07,78.26,81.56,85.61,93.87
Netherlands,NLD,1927,0.19,29.51,52.85,61.96,67.22,71.11,74.46,77.53,80.78,84.66,92.56
Netherlands,NLD,1928,0.22,32.61,54.15,62.43,67.65,71.59,74.97,78.18,81.44,85.46,93.54
Netherlands,NLD,1929,0.19,29.83,52.52,61.41,66.66,70.61,73.88,76.9,80.08,83.96,91.59
Netherlands,NLD,1930,0.22,35.41,55.44,63.39,68.41,72.24,75.6,78.8,82.16,86.22,94.09
Netherlands,NLD,1931,0.24,36.24,55.4,63.11,67.97,71.78,74.94,77.95,81,84.87,92.54
Netherlands,NLD,1932,0.26,39.52,56.75,63.95,68.69,72.39,75.52,78.61,81.69,85.67,93.71
Netherlands,NLD,1933,0.28,41.09,57.37,64.48,69.08,72.72,75.83,78.82,81.98,85.85,93.59
Netherlands,NLD,1934,0.29,42.07,58.06,64.92,69.52,73.14,76.27,79.33,82.58,86.53,94.65
Netherlands,NLD,1935,0.31,42.48,57.89,64.69,69.32,72.86,75.95,78.91,81.94,85.83,93.44
Netherlands,NLD,1936,0.32,43.15,58.2,64.9,69.47,73,76.04,78.97,82.08,85.97,93.87
Netherlands,NLD,1937,0.34,44.7,58.62,65.06,69.5,72.97,75.97,78.88,81.9,85.64,93.14
Netherlands,NLD,1938,0.35,44.88,58.99,65.61,69.91,73.38,76.43,79.4,82.41,86.28,94.11
Netherlands,NLD,1939,0.39,46.7,59.59,65.7,69.88,73.29,76.31,79.18,82.12,85.86,93.64
Netherlands,NLD,1940,0.32,38.61,56.33,63.67,68.48,72.07,75.21,78.13,81.15,84.87,92.43
Netherlands,NLD,1941,0.29,39.77,56.84,64.11,68.69,72.21,75.26,78.1,81.06,84.61,91.75
Netherlands,NLD,1942,0.31,39.05,56.67,64.37,69.21,72.9,75.95,78.83,81.83,85.47,92.47
Netherlands,NLD,1943,0.28,30.53,53.84,63.12,68.5,72.52,75.78,78.79,81.83,85.46,92.81
Netherlands,NLD,1944,0.25,22.63,46.39,58.91,65.84,70.53,74.24,77.47,80.69,84.51,91.71
Netherlands,NLD,1945,0.15,19.41,34.79,50.72,60.09,66.11,70.57,74.39,78.04,82.31,90.26
Netherlands,NLD,1946,0.26,42.3,59.5,66.57,71.15,74.69,77.81,80.74,83.78,87.67,95.8
Netherlands,NLD,1947,0.43,48.7,61.58,67.69,71.78,75.06,77.99,80.79,83.73,87.61,95.53
Netherlands,NLD,1948,0.61,51.81,62.98,68.64,72.62,75.89,78.79,81.62,84.59,88.46,96.62
Netherlands,NLD,1949,0.63,51.65,62.54,68.08,71.87,74.91,77.68,80.38,83.21,86.84,94.42
Netherlands,NLD,1950,0.66,53.52,63.73,69.01,72.79,75.9,78.63,81.37,84.15,87.71,95.41
Netherlands,NLD,1951,0.63,53.56,63.77,69.14,73,76.1,78.75,81.36,84.17,87.73,95
Netherlands,NLD,1952,0.77,54.38,64.21,69.49,73.28,76.34,79.1,81.71,84.61,88.16,95.41
Netherlands,NLD,1953,0.83,53.65,63.71,69.19,73,76.01,78.74,81.42,84.28,87.89,95.15
Netherlands,NLD,1954,0.96,54.97,64.27,69.54,73.33,76.4,79.14,81.76,84.58,88.11,95.75
Netherlands,NLD,1955,1.14,55.27,64.53,69.73,73.43,76.4,79.13,81.76,84.55,88.01,95.21
Netherlands,NLD,1956,1.64,55.7,64.53,69.73,73.37,76.32,78.98,81.58,84.27,87.68,94.99
Netherlands,NLD,1957,2.14,55.67,64.85,69.99,73.69,76.7,79.39,82.06,84.86,88.38,95.56
Netherlands,NLD,1958,2.11,56.06,65,70.16,73.82,76.84,79.53,82.11,84.89,88.37,95.62
Netherlands,NLD,1959,2.15,55.88,64.9,70.16,73.91,76.92,79.65,82.28,85.09,88.54,95.74
Netherlands,NLD,1960,2.88,56.16,65.05,70.21,73.93,76.98,79.7,82.29,85.05,88.53,95.68
Netherlands,NLD,1961,3.35,56.22,65.07,70.21,74.05,77.11,79.86,82.49,85.32,88.92,96.24
Netherlands,NLD,1962,3.42,56.1,64.73,69.89,73.77,76.86,79.58,82.17,84.9,88.45,95.5
Netherlands,NLD,1963,4.44,56.22,64.87,69.89,73.68,76.76,79.54,82.17,84.97,88.44,95.57
Netherlands,NLD,1964,5.02,56.12,64.82,69.96,73.84,77.08,79.91,82.69,85.66,89.31,96.79
Netherlands,NLD,1965,6.21,56.1,64.76,69.87,73.71,76.89,79.68,82.42,85.34,88.93,96.39
Netherlands,NLD,1966,5.68,56.03,64.7,69.88,73.68,76.87,79.72,82.47,85.34,88.9,96.25
Netherlands,NLD,1967,6.93,56.09,64.75,69.94,73.81,76.99,79.93,82.73,85.74,89.45,97.29
Netherlands,NLD,1968,6.81,56,64.75,69.89,73.73,76.88,79.75,82.51,85.34,88.91,96.39
Netherlands,NLD,1969,6.77,55.89,64.52,69.67,73.48,76.73,79.62,82.39,85.37,89.09,96.56
Netherlands,NLD,1970,8.5,55.9,64.45,69.61,73.47,76.71,79.64,82.42,85.41,89.08,96.67
Netherlands,NLD,1971,9.94,56.1,64.8,69.91,73.73,76.88,79.8,82.55,85.45,89.18,96.61
Netherlands,NLD,1972,10.99,56.08,64.7,69.84,73.65,76.78,79.64,82.42,85.35,89,96.43
Netherlands,NLD,1973,12.4,56.28,65.08,70.19,74.06,77.25,80.15,82.92,85.88,89.5,96.97
Netherlands,NLD,1974,13.08,56.9,65.43,70.47,74.33,77.55,80.44,83.28,86.24,89.88,97.28
Netherlands,NLD,1975,14.73,56.99,65.37,70.37,74.19,77.38,80.25,83.05,85.95,89.58,96.99
Netherlands,NLD,1976,15.39,57.18,65.52,70.49,74.3,77.49,80.38,83.21,86.15,89.79,97.11
Netherlands,NLD,1977,16.57,57.44,65.81,70.87,74.72,77.97,80.93,83.85,86.88,90.65,98.12
Netherlands,NLD,1978,15.81,57.47,65.92,70.91,74.7,77.92,80.81,83.68,86.67,90.38,97.51
Netherlands,NLD,1979,17.87,57.93,66.18,71.23,75,78.24,81.18,84.04,87.1,90.84,98.37
Netherlands,NLD,1980,18.92,58.19,66.39,71.41,75.18,78.34,81.27,84.13,87.16,90.92,98.22
Netherlands,NLD,1981,19.52,58.45,66.63,71.57,75.34,78.52,81.42,84.27,87.23,90.96,98.23
Netherlands,NLD,1982,19.66,58.51,66.62,71.65,75.46,78.62,81.55,84.36,87.3,91.01,98.39
Netherlands,NLD,1983,20.4,58.69,66.89,71.87,75.63,78.82,81.71,84.54,87.48,91.24,98.55
Netherlands,NLD,1984,21.11,58.85,66.94,71.89,75.65,78.84,81.73,84.56,87.52,91.26,98.55
Netherlands,NLD,1985,22.35,58.97,67,71.93,75.68,78.85,81.73,84.5,87.45,91.09,98.59
Netherlands,NLD,1986,22.3,58.83,66.97,71.94,75.7,78.87,81.77,84.53,87.47,91.05,98.5
Netherlands,NLD,1987,22.39,59.24,67.31,72.28,76.11,79.28,82.2,85.01,87.96,91.65,99.02
Netherlands,NLD,1988,23.72,59.72,67.6,72.52,76.27,79.42,82.23,84.99,87.95,91.61,98.87
Netherlands,NLD,1989,23.32,59.44,67.49,72.43,76.17,79.3,82.13,84.89,87.77,91.33,98.46
Netherlands,NLD,1990,22.98,59.74,67.8,72.67,76.4,79.5,82.33,85.06,87.92,91.48,98.73
Netherlands,NLD,1991,24.17,59.96,67.86,72.75,76.47,79.59,82.41,85.18,88.04,91.6,98.71
Netherlands,NLD,1992,25,60.11,68.08,72.95,76.65,79.8,82.61,85.35,88.22,91.79,98.89
Netherlands,NLD,1993,24.86,59.93,67.85,72.74,76.42,79.52,82.29,84.97,87.78,91.18,98.13
Netherlands,NLD,1994,26.15,60.32,68.24,73.16,76.82,79.91,82.7,85.38,88.25,91.71,98.61
Netherlands,NLD,1995,25.9,60.48,68.3,73.22,76.85,79.94,82.69,85.37,88.19,91.66,98.63
Netherlands,NLD,1996,26.11,60.51,68.4,73.24,76.87,79.92,82.71,85.37,88.19,91.66,98.68
Netherlands,NLD,1997,27.34,60.88,68.76,73.6,77.26,80.28,83.01,85.68,88.46,91.9,98.81
Netherlands,NLD,1998,27.72,61.08,68.82,73.66,77.34,80.4,83.1,85.72,88.5,91.88,98.8
Netherlands,NLD,1999,27.21,60.94,68.9,73.73,77.36,80.41,83.09,85.71,88.46,91.79,98.46
Netherlands,NLD,2000,27.26,61.05,69.13,73.96,77.6,80.57,83.23,85.79,88.52,91.91,98.86
Netherlands,NLD,2001,28.34,61.3,69.43,74.18,77.74,80.77,83.43,86.01,88.72,92.08,98.79
Netherlands,NLD,2002,28.54,61.46,69.56,74.3,77.86,80.81,83.48,86.03,88.71,92.01,98.82
Netherlands,NLD,2003,29.36,61.57,69.87,74.63,78.17,81.12,83.76,86.27,88.86,92.13,98.74
Netherlands,NLD,2004,31.67,62.11,70.33,75.09,78.69,81.6,84.23,86.75,89.4,92.7,99.44
Netherlands,NLD,2005,31.91,62.67,70.82,75.51,78.96,81.84,84.45,86.96,89.57,92.81,99.46
Netherlands,NLD,2006,33.05,63.01,71.16,75.91,79.35,82.21,84.78,87.21,89.82,93.04,99.6
Netherlands,NLD,2007,33.44,63.44,71.54,76.25,79.72,82.6,85.13,87.58,90.17,93.41,100.1
Netherlands,NLD,2008,34.33,63.47,71.7,76.53,79.94,82.76,85.28,87.73,90.27,93.42,99.85
Netherlands,NLD,2009,34.87,63.77,71.97,76.73,80.2,83.01,85.56,88.01,90.56,93.74,100.27
Netherlands,NLD,2010,35.62,64,72.13,76.87,80.32,83.16,85.74,88.15,90.67,93.8,100.25
Netherlands,NLD,2011,35.89,64.27,72.44,77.22,80.66,83.43,85.96,88.37,90.92,94.06,100.63
Netherlands,NLD,2012,35.34,64.29,72.4,77.29,80.68,83.46,85.92,88.29,90.79,93.88,100.22
Netherlands,NLD,2013,36.46,64.58,72.66,77.5,80.91,83.69,86.15,88.48,90.95,94.04,100.23
Netherlands,NLD,2014,36.26,64.92,73.02,77.9,81.32,84.07,86.53,88.87,91.31,94.35,100.55
Netherlands,NLD,2015,37.13,64.95,72.88,77.73,81.11,83.85,86.25,88.56,91.01,93.99,100.27
Netherlands,NLD,2016,36.44,64.97,73.01,77.83,81.27,83.99,86.38,88.68,91.07,94.09,100.31
Netherlands,NLD,2017,36.6,65.34,73.35,78.14,81.5,84.2,86.54,88.79,91.19,94.09,100.21
Netherlands,NLD,2018,36.94,65.39,73.36,78.11,81.57,84.27,86.58,88.8,91.15,94.08,100.34
Netherlands,NLD,2019,36.73,65.81,73.75,78.43,81.8,84.5,86.84,89.07,91.42,94.38,100.64
Netherlands,NLD,2020,36.78,65.51,73.24,77.76,81.07,83.76,86.12,88.3,90.63,93.59,99.83
Netherlands,NLD,2021,36.42,65.1,72.86,77.56,80.97,83.78,86.17,88.42,90.79,93.76,99.96
Netherlands,NLD,2022,35.95,65.5,73.3,77.95,81.37,84.14,86.51,88.7,90.98,93.85,99.78
Netherlands,NLD,2023,36.19,65.89,73.56,78.23,81.57,84.29,86.7,88.94,91.17,94.03,100.18
New Zealand,NZL,1948,0.54,47.49,59.62,65.6,70.21,73.9,77.02,79.94,83.36,87.48,96.25
New Zealand,NZL,1949,0.48,48.09,59.76,65.86,70.46,73.94,77.15,80.15,83.63,87.67,96.21
New Zealand,NZL,1950,0.55,49.17,60.16,66.03,70.46,73.99,77.16,79.97,83.48,87.29,95.6
New Zealand,NZL,1951,0.55,49.21,59.91,65.76,70.2,73.79,76.88,79.93,83.29,87.11,95.18
New Zealand,NZL,1952,0.51,49.59,60.36,66.21,70.59,74.11,77.13,80.19,83.66,87.5,96.33
New Zealand,NZL,1953,0.68,50.49,60.92,66.73,71.09,74.51,77.67,80.85,84.11,88.43,96.62
New Zealand,NZL,1954,0.72,51.37,61.09,66.76,71.3,74.6,77.63,80.68,84.12,88.04,96.53
New Zealand,NZL,1955,0.69,51.47,61.39,67.04,71.26,74.67,77.68,80.73,84.16,88.3,96.8
New Zealand,NZL,1956,0.88,51.99,61.92,67.42,71.57,74.86,77.83,80.72,84.02,87.84,96.24
New Zealand,NZL,1957,0.76,51.69,61.53,66.93,71,74.34,77.42,80.39,83.71,87.42,95.87
New Zealand,NZL,1958,0.83,52.05,62.02,67.48,71.79,75.06,78.05,81,84.22,88.31,96.15
New Zealand,NZL,1959,0.74,52.47,62.03,67.28,71.6,74.83,77.86,80.77,83.99,87.77,96
New Zealand,NZL,1960,1,52.72,62.09,67.71,71.82,75.25,78.13,81.19,84.3,88.22,96.3
New Zealand,NZL,1961,0.87,52.46,61.75,67.35,71.55,74.85,77.85,80.87,84.15,88.03,96.59
New Zealand,NZL,1962,1.86,52.65,62.25,67.58,71.76,75.03,77.98,80.85,84.08,87.86,95.88
New Zealand,NZL,1963,2.05,52.86,62.21,67.54,71.73,74.87,77.87,80.75,84.07,87.94,96.31
New Zealand,NZL,1964,2.47,52.9,62.11,67.35,71.63,74.93,77.93,80.88,83.99,87.9,95.77
New Zealand,NZL,1965,2.78,52.52,61.59,67.09,71.3,74.83,77.96,80.99,84.28,88.17,96.18
New Zealand,NZL,1966,3.12,52.53,61.59,66.91,71.07,74.48,77.64,80.69,84.03,87.86,95.96
New Zealand,NZL,1967,3.37,52.25,61.52,67,71.53,75.08,78.25,81.37,84.74,88.71,96.93
New Zealand,NZL,1968,2.96,52.63,61.8,67.16,71.21,74.61,77.73,80.85,84.12,87.87,96.11
New Zealand,NZL,1969,4.24,52.8,61.91,67.39,71.48,74.85,77.99,81.02,84.27,88.33,96.16
New Zealand,NZL,1970,4.42,52.15,61.59,67.02,71.16,74.69,77.73,80.93,84.28,88.19,96.3
New Zealand,NZL,1971,4.42,52.77,61.93,67.43,71.66,75.12,78.36,81.5,84.64,88.53,96.8
New Zealand,NZL,1972,5.37,53.34,62.38,67.57,71.69,75.13,78.24,81.3,84.52,88.43,96.45
New Zealand,NZL,1973,5.52,52.72,62.03,67.42,71.69,74.99,78.23,81.35,84.62,88.63,96.77
New Zealand,NZL,1974,7.32,52.8,62.17,67.69,71.88,75.26,78.45,81.6,84.81,88.77,97.01
New Zealand,NZL,1975,5.35,53.14,62.4,67.97,72.19,75.49,78.82,82,85.11,89.09,97.12
New Zealand,NZL,1976,10.41,53.48,62.64,68.07,72.12,75.44,78.59,81.85,85.13,89.1,96.75
New Zealand,NZL,1977,8.47,52.65,62.3,67.84,72.06,75.48,78.6,81.82,85.11,89.22,97.24
New Zealand,NZL,1978,13.02,53.66,62.95,68.49,72.57,75.99,79.21,82.54,85.96,90.04,98.33
New Zealand,NZL,1979,12.92,54.13,63.13,68.47,72.61,75.95,79.05,82.2,85.69,89.92,98.4
New Zealand,NZL,1980,13.58,54.61,63.32,68.48,72.54,75.84,78.93,81.92,85.15,89.31,97.18
New Zealand,NZL,1981,14.08,54.77,63.75,69.04,73.16,76.55,79.8,82.87,86.2,90.19,98.41
New Zealand,NZL,1982,15.42,55.07,63.82,69.1,73.22,76.7,79.91,82.93,86.2,90.29,98.45
New Zealand,NZL,1983,15.05,55.5,64.15,69.42,73.43,76.79,79.84,82.87,86.1,90.29,98.6
New Zealand,NZL,1984,15.5,55.87,64.61,69.99,73.87,77.2,80.25,83.43,86.74,90.81,99.13
New Zealand,NZL,1985,15.34,55.57,64.21,69.58,73.58,76.85,79.88,82.84,85.94,89.89,97.45
New Zealand,NZL,1986,15.02,55.53,64.42,69.83,73.76,77.08,80.15,83.17,86.42,90.47,98.23
New Zealand,NZL,1987,15.91,55.49,64.52,69.88,73.83,77.22,80.32,83.26,86.48,90.32,98.59
New Zealand,NZL,1988,16.32,56.08,64.93,70.32,74.32,77.6,80.6,83.53,86.6,90.39,98.42
New Zealand,NZL,1989,16.54,56.39,65.3,70.69,74.65,77.96,80.94,83.84,87.08,90.88,98.46
New Zealand,NZL,1990,17.35,56.63,65.6,71.06,74.93,78.41,81.38,84.32,87.55,91.45,99.49
New Zealand,NZL,1991,18.53,57.51,66.26,71.53,75.66,79.02,82,84.88,87.96,91.88,99.61
New Zealand,NZL,1992,18.34,57.79,66.5,71.74,75.74,79.13,82,84.81,87.83,91.61,99.64
New Zealand,NZL,1993,18.96,58.12,66.95,72.21,76.01,79.3,82.31,85.06,88.07,91.91,99.9
New Zealand,NZL,1994,19.81,58.85,67.32,72.54,76.47,79.74,82.59,85.4,88.36,92.13,99.87
New Zealand,NZL,1995,19.42,58.43,67.19,72.45,76.32,79.66,82.6,85.38,88.39,92.11,99.49
New Zealand,NZL,1996,18.35,58.87,67.24,72.51,76.43,79.8,82.69,85.36,88.33,92.01,99.22
New Zealand,NZL,1997,19.18,59.08,67.83,73.01,77.08,80.38,83.19,85.93,88.89,92.37,100.12
New Zealand,NZL,1998,20.16,59.85,68.48,73.78,77.74,81,83.87,86.69,89.63,93.27,100.92
New Zealand,NZL,1999,20.9,60.08,68.58,73.72,77.54,80.74,83.56,86.25,89.07,92.49,99.58
New Zealand,NZL,2000,21.53,60.77,69.39,74.54,78.37,81.43,84.28,87,89.83,93.46,100.5
New Zealand,NZL,2001,21.55,61.31,69.55,74.53,78.47,81.54,84.24,86.81,89.52,92.88,99.86
New Zealand,NZL,2002,22.27,61.26,69.91,74.92,78.62,81.72,84.47,87.03,89.68,93,100.09
New Zealand,NZL,2003,21.59,61.62,70.15,75.26,79.01,82.01,84.71,87.29,89.94,93.24,100.2
New Zealand,NZL,2004,22.89,62.02,70.59,75.6,79.31,82.28,84.81,87.3,89.91,93.2,100.08
New Zealand,NZL,2005,22.69,62.27,71.36,76.48,80.1,82.92,85.53,88.1,90.67,93.95,100.88
New Zealand,NZL,2006,23.64,62.63,71.42,76.34,79.93,82.92,85.51,87.95,90.52,93.67,100.08
New Zealand,NZL,2007,22.39,62.7,71.46,76.44,80.16,83.05,85.64,88.07,90.66,93.92,100.4
New Zealand,NZL,2008,22.69,62.88,71.63,76.66,80.24,83.12,85.68,88.08,90.64,93.87,100.27
New Zealand,NZL,2009,23.54,63.23,71.93,77.04,80.68,83.51,86.03,88.46,90.95,94.11,100.48
New Zealand,NZL,2010,25.43,63.79,72.61,77.56,81.19,83.95,86.43,88.86,91.35,94.53,100.91
New Zealand,NZL,2011,24.85,63.71,72.41,77.46,80.98,83.81,86.27,88.61,91.02,94.05,100.53
New Zealand,NZL,2012,25.32,64.25,72.85,77.7,81.34,84.11,86.52,88.77,91.2,94.23,100.4
New Zealand,NZL,2013,28.02,64.45,73.22,78.13,81.61,84.45,86.86,89.13,91.66,94.89,101.14
New Zealand,NZL,2014,27.35,64.5,73.19,78.18,81.57,84.3,86.69,89.04,91.44,94.46,100.7
New Zealand,NZL,2015,27.7,64.77,73.36,78.11,81.63,84.38,86.84,89.19,91.56,94.53,100.67
New Zealand,NZL,2016,29.17,64.72,73.75,78.65,82.05,84.81,87.21,89.53,91.89,94.98,101.1
New Zealand,NZL,2017,27.27,64.42,73.39,78.21,81.62,84.42,86.82,89.16,91.62,94.63,100.84
New Zealand,NZL,2018,27.64,64.52,73.59,78.6,81.98,84.75,87.19,89.5,91.85,94.83,101.31
New Zealand,NZL,2019,26.42,64.51,73.64,78.63,82.13,84.89,87.21,89.46,91.89,94.92,100.97
New Zealand,NZL,2020,29.04,65.39,74.37,79.27,82.77,85.49,87.89,90.23,92.68,95.71,101.87
New Zealand,NZL,2021,28.34,65.01,74.12,79.09,82.55,85.23,87.63,89.89,92.31,95.3,101.53
Northern Ireland,,1922,0.14,16.59,34.15,48.68,57.53,63.84,69.51,73.39,77.39,82.31,92.15
Northern Ireland,,1923,0.14,16.15,36.87,50.99,59.34,65.16,70.53,74.23,78.15,83.12,93.13
Northern Ireland,,1924,0.13,12.8,35.96,50.08,58.13,63.94,69.31,73.16,77.13,82.02,91.79
Northern Ireland,,1925,0.12,10.69,35.35,50.67,59.05,64.62,69.89,73.58,77.78,82.47,91.98
Northern Ireland,,1926,0.12,12.73,37.93,51.41,59.29,65.17,70.31,74.18,78.69,83.4,93.04
Northern Ireland,,1927,0.14,19.26,40.62,52.79,60.54,66.07,70.67,74.3,78.95,83.58,93.2
Northern Ireland,,1928,0.14,17.22,40.65,53.69,61.09,66.51,70.82,74.51,79.23,83.86,93.02
Northern Ireland,,1929,0.12,12.29,38.88,51.95,59.89,65.38,69.89,73.22,77.34,82.3,91.54
Northern Ireland,,1930,0.16,22.31,44.99,55.73,62.39,67.5,71.33,74.84,79.54,83.88,93.58
Northern Ireland,,1931,0.15,20.44,43.09,54.68,61.86,67.12,71.1,74.36,78.66,83.29,92.38
Northern Ireland,,1932,0.13,21.44,44.09,55.81,62.63,67.74,71.35,74.55,78.85,83.67,93.03
Northern Ireland,,1933,0.14,18.65,42.22,53.91,61.42,67.16,71.07,74.62,78.78,83.54,93.14
Northern Ireland,,1934,0.15,22.53,44.45,55.63,62.57,67.84,71.69,75.18,79.21,83.86,93.81
Northern Ireland,,1935,0.12,14.72,41.55,54.2,61.71,67.13,71.32,74.83,78.84,83.63,93.38
Northern Ireland,,1936,0.14,23.29,45.23,55.85,62.64,67.64,71.53,74.93,78.74,83.5,93.26
Northern Ireland,,1937,0.14,24.14,45.82,55.78,62.51,67.36,71.16,74.52,78.21,82.69,91.96
Northern Ireland,,1938,0.14,22.95,47,57.2,63.39,68.47,72.22,75.65,79.69,84.42,94.06
Northern Ireland,,1939,0.16,30.29,50.02,58.93,64.77,69.14,72.37,75.68,79.67,83.94,93.56
Northern Ireland,,1940,0.13,22.35,46.05,56.47,63.15,68.02,71.67,75.08,79.08,83.7,93.16
Northern Ireland,,1941,0.14,21.28,44.48,55.76,62.36,67.3,71.16,74.58,78.73,83.25,92.61
Northern Ireland,,1942,0.14,26.81,49.59,59.25,65.5,69.98,73.36,76.87,80.64,84.98,94.5
Northern Ireland,,1943,0.14,29.34,50.58,59.93,65.88,70.19,73.52,77.01,80.81,85.08,94.22
Northern Ireland,,1944,0.17,33.39,52.37,61.05,66.67,70.8,74.06,77.38,81.06,85.39,94.95
Northern Ireland,,1945,0.17,35.73,54.01,62.04,67.51,71.43,74.63,77.79,81.51,86,95.14
Northern Ireland,,1946,0.21,38.02,54.61,62.13,67.2,71.07,74.15,77.42,81.06,85.29,94.4
Northern Ireland,,1947,0.21,38.41,54.63,62.34,67.47,71.37,74.46,77.61,80.95,85,94.6
Northern Ireland,,1948,0.28,42.45,56.79,64.01,68.87,72.56,75.68,78.87,82.39,86.74,95.98
Northern Ireland,,1949,0.28,45.1,57.97,64.23,69.05,72.51,75.54,78.64,82.05,86.12,95.14
Northern Ireland,,1950,0.32,46.72,58.44,64.35,68.99,72.45,75.64,78.71,81.92,85.85,94.19
Northern Ireland,,1951,0.31,46.26,57.79,63.65,68.23,71.59,74.52,77.43,80.54,84.57,92.73
Northern Ireland,,1952,0.33,49.26,59.88,65.68,69.89,73.26,76.58,79.67,82.76,86.72,95.19
Northern Ireland,,1953,0.36,49.58,60.12,65.9,69.93,73.24,76.48,79.73,83.03,87.08,95.46
Northern Ireland,,1954,0.45,51.08,60.61,66.23,70.2,73.31,76.39,79.6,82.7,86.5,94.9
Northern Ireland,,1955,0.46,51.24,60.59,66.11,70.13,73.42,76.23,79.39,82.61,86.3,94.35
Northern Ireland,,1956,0.58,52.54,61.32,66.62,70.64,73.87,76.66,79.72,82.88,86.67,95.57
Northern Ireland,,1957,0.57,51.98,61.18,66.28,70.28,73.56,76.61,79.75,82.96,86.65,94.79
Northern Ireland,,1958,0.6,52.88,61.61,66.88,70.67,73.95,76.81,79.65,82.84,86.69,95.6
Northern Ireland,,1959,0.6,52.59,61.41,66.67,70.42,73.77,76.77,79.75,82.98,86.75,94.94
Northern Ireland,,1960,0.61,52.41,61.34,66.75,70.79,74.09,76.94,79.8,83.18,86.9,95.68
Northern Ireland,,1961,0.62,52.71,61.46,66.67,70.49,73.69,76.56,79.48,82.72,86.34,94.13
Northern Ireland,,1962,0.66,53.45,61.91,67.14,71,74.29,77.32,80.22,83.4,87.05,95.58
Northern Ireland,,1963,0.65,52.59,61.23,66.27,70.47,73.82,76.93,79.9,83.13,87.03,95.07
Northern Ireland,,1964,0.71,53.25,61.99,67.16,71.12,74.29,77.42,80.37,83.65,87.49,95.48
Northern Ireland,,1965,0.82,53.27,61.83,67.04,70.99,74.23,77.27,80.32,83.61,87.57,96.04
Northern Ireland,,1966,0.75,52.97,61.76,66.74,70.62,73.95,76.89,79.82,83.17,86.91,94.95
Northern Ireland,,1967,1.05,53.94,62.77,67.9,71.87,75.07,78.14,81.29,84.44,88.67,96.85
Northern Ireland,,1968,2.23,53.91,62.27,67.23,71.17,74.35,77.31,80.34,83.74,87.71,95.76
Northern Ireland,,1969,1.95,53.11,61.82,66.91,70.71,73.99,77.1,80.08,83.57,87.75,95.86
Northern Ireland,,1970,2.7,53.25,61.68,66.63,70.5,73.8,76.91,80.02,83.46,87.68,95.84
Northern Ireland,,1971,2.09,53.64,62.22,67.36,71.24,74.65,77.71,80.67,83.88,87.71,95.75
Northern Ireland,,1972,3.17,52.09,61.24,66.48,70.62,73.95,77.04,80.05,83.3,87.43,95.43
Northern Ireland,,1973,2.55,50.85,60.62,66.14,70.3,73.75,76.84,79.82,83.1,87.2,94.98
Northern Ireland,,1974,2.8,51.74,60.91,66.39,70.48,74,77.1,80.27,83.51,87.22,95.23
Northern Ireland,,1975,4.52,52.24,61.61,66.92,71.04,74.49,77.72,80.76,84.01,87.97,96.3
Northern Ireland,,1976,3.07,52.58,61.39,66.71,70.77,74.23,77.42,80.49,83.74,87.78,95.81
Northern Ireland,,1977,8.08,52.61,61.52,66.85,70.92,74.32,77.49,80.74,83.93,87.88,95.84
Northern Ireland,,1978,7.03,53.61,61.96,67.4,71.47,75,78.16,81.23,84.47,88.47,96.87
Northern Ireland,,1979,12.85,53.35,61.96,67.08,71.28,74.6,77.67,80.78,84.05,88.23,96.38
Northern Ireland,,1980,12.95,53.97,61.84,67.2,71.25,74.66,77.8,80.86,84.06,88.21,96.62
Northern Ireland,,1981,14.45,54.79,62.6,67.83,71.89,75.28,78.29,81.25,84.58,88.67,97.05
Northern Ireland,,1982,16.56,54.86,62.88,68.06,72.3,75.71,78.74,81.64,84.89,89.05,97.46
Northern Ireland,,1983,16.1,55.84,63.36,68.35,72.17,75.68,78.76,81.81,84.99,89.02,97.35
Northern Ireland,,1984,19.44,55.84,63.74,68.74,72.71,76.17,79.21,82.18,85.29,89.46,97.61
Northern Ireland,,1985,18.27,55.96,63.85,68.72,72.6,75.88,79.1,82.19,85.34,89.4,97.69
Northern Ireland,,1986,19.34,56.51,63.86,68.96,72.81,76.07,79.24,82.31,85.61,89.32,97.26
Northern Ireland,,1987,19.59,57,64.78,69.72,73.38,76.67,79.89,82.89,86.19,90.02,98.73
Northern Ireland,,1988,19.42,56.63,64.25,69.37,73.36,76.74,79.96,82.82,85.88,89.92,97.74
Northern Ireland,,1989,20.24,57.39,65.13,69.84,73.73,77.03,79.94,82.76,85.9,89.76,97.98
Northern Ireland,,1990,21.12,57.58,65.32,70.12,73.95,77.26,80.3,83.26,86.41,90.37,98.07
Northern Ireland,,1991,20.67,57.84,65.73,70.54,74.49,77.68,80.74,83.76,86.82,90.61,98.82
Northern Ireland,,1992,22.25,58.88,66.2,70.93,74.65,77.89,80.92,83.8,87.03,90.93,98.8
Northern Ireland,,1993,21.1,58.37,65.97,70.79,74.41,77.77,80.67,83.63,86.8,90.62,98.49
Northern Ireland,,1994,21.16,58.64,66.13,71.24,75,78.3,81.31,84.11,87.24,91.11,98.87
Northern Ireland,,1995,20.78,58.62,66.63,71.51,75.14,78.33,81.24,84.09,87.35,91.2,98.44
Northern Ireland,,1996,24.51,59.82,67.26,71.96,75.52,78.69,81.57,84.32,87.41,91.2,98.83
Northern Ireland,,1997,23.57,59.8,67.61,72.29,75.89,78.94,81.93,84.72,87.64,91.44,99.13
Northern Ireland,,1998,23.99,59.82,67.78,72.6,76.15,79.37,82.21,84.91,87.88,91.49,99.03
Northern Ireland,,1999,22.08,59.49,67.95,72.7,76.2,79.26,81.97,84.62,87.47,91.02,98.11
Northern Ireland,,2000,22.89,60.1,68.19,73.15,76.76,79.76,82.53,85.19,88.11,91.75,98.76
Northern Ireland,,2001,24.41,60.93,68.98,73.63,77.36,80.36,83,85.61,88.54,92.01,99.02
Northern Ireland,,2002,24.76,60.16,68.59,73.7,77.5,80.44,83.18,85.86,88.64,92.19,99.43
Northern Ireland,,2003,26.32,61.26,69.4,74.07,77.71,80.73,83.43,86.17,88.88,92.27,99.19
Northern Ireland,,2004,26.73,60.76,69.28,74.24,77.89,80.9,83.62,86.37,89.29,92.72,99.62
Northern Ireland,,2005,22.6,60.89,69.72,74.71,78.26,81.21,84,86.57,89.56,92.95,100.32
Northern Ireland,,2006,23.57,60.66,69.59,74.73,78.35,81.35,84.16,86.73,89.61,92.93,99.83
Northern Ireland,,2007,24.58,60.73,69.84,75,78.68,81.5,84.22,86.86,89.57,92.97,100.03
Northern Ireland,,2008,22.58,61.03,69.91,75.08,78.8,81.8,84.37,86.94,89.52,92.9,99.64
Northern Ireland,,2009,24.44,61.24,70.38,75.43,79.17,82.21,84.83,87.49,90.21,93.56,100.6
Northern Ireland,,2010,23.73,61.12,70.25,75.5,79.39,82.48,85.15,87.73,90.48,93.76,100.67
Northern Ireland,,2011,27.32,62.3,71.31,76.24,79.86,82.96,85.53,88.04,90.73,94.05,100.56
Northern Ireland,,2012,27.93,62.41,71.56,76.43,80.03,82.87,85.39,87.89,90.48,93.74,99.96
Northern Ireland,,2013,29.09,62.65,71.28,76.52,79.99,82.95,85.52,88.01,90.59,93.74,100.48
Northern Ireland,,2014,28.02,62.91,71.59,76.74,80.36,83.32,85.97,88.49,91.05,94.19,101.11
Northern Ireland,,2015,28.12,62.58,71.32,76.48,80.22,83.18,85.8,88.23,90.76,93.8,100.01
Northern Ireland,,2016,28.21,62.95,71.59,76.72,80.43,83.43,86.01,88.47,90.95,94.04,100.59
Northern Ireland,,2017,28.54,62.91,71.79,76.63,80.28,83.28,85.88,88.28,90.85,93.88,99.97
Northern Ireland,,2018,29.38,62.85,71.97,77.06,80.59,83.62,86.23,88.6,91.01,94.12,100.13
Northern Ireland,,2019,28.99,63.16,72.32,77.31,81.02,83.92,86.42,88.81,91.37,94.47,100.71
Northern Ireland,,2020,28.2,62.33,71.32,76.44,80.09,83.01,85.52,87.93,90.53,93.65,100.04
Northern Ireland,,2021,28.4,61.9,71.07,76.44,80.1,83.05,85.69,88.27,90.83,93.98,100.3
Northern Ireland,,2022,30.3,63.23,71.84,77.01,80.7,83.62,86.17,88.7,91.19,94.18,100.2
Norway,NOR,1846,0.09,1.6,15.89,35.72,50.03,59.88,66.89,72.7,77.37,83.21,93.51
Norway,NOR,1847,0.09,1.31,7.63,28.76,44.53,55.91,63.67,69.94,75.18,80.62,91.85
Norway,NOR,1848,0.09,1.4,9.01,31.15,45.62,56.21,63.45,69.24,74.66,79.73,90.78
Norway,NOR,1849,0.11,2.09,19.45,36.19,49.22,58.59,65.43,71.34,76.09,81.27,92.07
Norway,NOR,1850,0.11,2.62,21.73,38.03,51.04,60.37,66.9,72.6,76.97,82.53,93.43
Norway,NOR,1851,0.11,2.86,22.05,38.47,52.09,61.23,67.41,72.74,77.32,82.83,93.13
Norway,NOR,1852,0.1,2.17,20.32,36.63,50.13,59.78,66.53,72.03,76.92,82.4,92.76
Norway,NOR,1853,0.11,2.79,21.15,35.66,47,57.1,64.63,70.36,75.85,81.8,93.31
Norway,NOR,1854,0.12,3.58,25.45,41.34,54.21,62.65,68.66,73.81,78.12,84.23,94
Norway,NOR,1855,0.12,3.05,23.66,40.44,53.15,61.74,67.79,72.72,76.98,82.35,92.48
Norway,NOR,1856,0.11,2.4,21.62,39.31,52.93,61.99,68.27,73.2,77.61,83.4,93.19
Norway,NOR,1857,0.11,2.64,22.65,38.97,52.25,61.53,67.8,73.01,77.51,83.12,92.71
Norway,NOR,1858,0.12,3.48,24.38,41.39,53.99,62.88,69.1,74.27,78.8,84.44,93.98
Norway,NOR,1859,0.11,2.5,20.41,37.06,50.78,61.47,68.15,73.87,78.66,84.53,93.94
Norway,NOR,1860,0.11,2.54,20.33,37.61,51.27,61.72,68.17,73.73,78.4,83.86,93.1
Norway,NOR,1861,0.09,1.28,6.53,26.22,44.8,58.03,66.37,72.54,77.66,83.21,93.01
Norway,NOR,1862,0.09,1.1,4.75,22.13,41.92,56.82,65.86,72.18,77.58,83.22,93.6
Norway,NOR,1863,0.1,1.45,7.74,28.86,46.77,58.79,66.76,72.59,77.72,83.12,93.57
Norway,NOR,1864,0.11,1.9,16.63,34.8,50.48,60.84,67.55,72.82,77.72,83.02,93.17
Norway,NOR,1865,0.11,2.12,19.72,38.39,53.07,62.68,69.33,74.29,79.13,84.24,94.28
Norway,NOR,1866,0.11,2.56,21.37,37.39,51.76,61.26,68,73.1,78.07,83.57,93.78
Norway,NOR,1867,0.1,1.93,18.57,34.92,49.38,59.06,66.29,71.56,76.48,81.92,92.19
Norway,NOR,1868,0.09,1.65,15.01,32.42,47.89,58.61,66.14,71.85,77.07,82.74,93.13
Norway,NOR,1869,0.11,2.21,20.27,36.72,51.24,60.43,67.23,72.74,77.63,82.93,93.6
Norway,NOR,1870,0.11,3,24.09,40.52,53.69,61.96,68.15,73.43,78.03,83.22,94.02
Norway,NOR,1871,0.11,2.56,20.46,37.23,51.32,60.8,67.73,73.17,77.89,83.2,93.29
Norway,NOR,1872,0.11,2.42,20.33,37.42,52.32,62.02,68.64,73.76,78.51,83.98,94.1
Norway,NOR,1873,0.1,2.11,19.83,36.4,51.29,61.54,68.37,73.68,78.65,84.02,94.06
Norway,NOR,1874,0.1,1.7,16.31,32.62,48,59.41,66.94,72.72,77.95,83.33,93.41
Norway,NOR,1875,0.09,1.78,18.03,34.08,48.33,59.01,66.3,71.76,76.87,82.49,92.25
Norway,NOR,1876,0.1,1.78,12.55,30.01,45.4,57.86,66,72.1,77.39,83.25,93.5
Norway,NOR,1877,0.1,1.99,18.88,36.06,51.31,62.13,69,74.24,79.05,84.32,94.46
Norway,NOR,1878,0.11,2.58,22.23,39.99,55.28,64.67,70.65,75.52,79.95,85.11,94.66
Norway,NOR,1879,0.12,3.95,25.62,42.59,56.14,65.03,71.06,75.93,80.21,85.31,94.63
Norway,NOR,1880,0.12,3.73,24.46,40.69,54.09,63.44,69.64,74.97,79.49,84.6,94.07
Norway,NOR,1881,0.12,2.59,21.11,37.79,52.27,62.32,68.94,74.07,78.72,83.75,93.22
Norway,NOR,1882,0.1,1.63,10.21,29.76,47.21,59.72,67.5,73.47,78.66,83.86,93.26
Norway,NOR,1883,0.11,2.33,16.97,34.48,50.3,61.81,68.92,74.27,79.18,84.35,93.86
Norway,NOR,1884,0.11,2.58,19.36,36.96,53.01,63.37,69.95,75.31,79.83,85,94.61
Norway,NOR,1885,0.12,3.01,21.04,37.2,52.8,63.12,69.67,74.87,79.63,84.66,93.6
Norway,NOR,1886,0.12,3.08,21.43,38.45,54.33,64.18,70.39,75.47,80.01,84.87,93.96
Norway,NOR,1887,0.13,3,21.19,38.08,53.8,63.81,70.49,75.65,80.14,85.18,94.01
Norway,NOR,1888,0.12,2.65,19.47,36.13,52.22,62.59,69.36,74.63,79.28,84.2,93.01
Norway,NOR,1889,0.1,2.01,15.96,32.74,49.64,61.64,69.17,74.64,79.56,84.72,93.2
Norway,NOR,1890,0.11,2.26,15.98,31.37,47.41,59.78,67.81,73.89,78.92,84.3,93.5
Norway,NOR,1891,0.12,2.9,19.82,34.98,50.17,61.11,68.45,74.03,78.9,84.1,93.1
Norway,NOR,1892,0.11,2.57,19.96,35.47,50.65,61.53,68.45,73.62,78.47,83.58,92.14
Norway,NOR,1893,0.12,3.9,22.16,37.16,52.36,62.86,69.88,75.11,79.87,85.12,93.76
Norway,NOR,1894,0.11,2.42,19.98,36.33,52.14,63.04,70.07,75.34,79.91,84.9,93.41
Norway,NOR,1895,0.12,4.03,24.41,40.98,55.62,64.91,71.23,76.13,80.68,85.46,94
Norway,NOR,1896,0.12,4.98,26.42,43.26,57.49,66.16,72.39,76.83,81.12,85.94,94.28
Norway,NOR,1897,0.12,6.02,26.45,43.07,57.23,65.82,71.86,76.51,80.74,85.53,94.29
Norway,NOR,1898,0.13,6.22,26.38,43.18,57.38,65.99,71.87,76.54,80.83,85.76,94.04
Norway,NOR,1899,0.11,3.7,23.77,39.14,53.75,63.83,70.21,75.28,79.74,84.54,93.19
Norway,NOR,1900,0.13,6.91,26.56,42.93,56.34,65.22,71.15,75.81,80,84.72,93.03
Norway,NOR,1901,0.13,8.13,28.06,44.89,58.02,66.52,72.36,76.84,81.12,85.65,93.93
Norway,NOR,1902,0.15,13.29,31.02,47.75,60.05,67.49,73.05,77.59,81.71,86.34,94.47
Norway,NOR,1903,0.15,9.68,27.91,44.77,58.19,66.29,72.03,76.52,80.91,85.48,94.29
Norway,NOR,1904,0.16,13.41,30.44,47.04,59.47,67.17,72.58,76.91,81.17,85.78,94.24
Norway,NOR,1905,0.14,10.72,28.46,45.28,58.19,66.49,72.19,76.8,80.98,85.61,93.64
Norway,NOR,1906,0.17,14.34,30.74,47.67,60.41,67.95,73.37,77.76,81.81,86.55,94.61
Norway,NOR,1907,0.18,15.56,30.93,47.44,59.44,67.08,72.48,76.76,80.82,85.41,93.72
Norway,NOR,1908,0.15,13.01,30.65,48.34,60.26,67.57,72.84,77.11,81.21,85.79,93.85
Norway,NOR,1909,0.17,14.92,33.37,50.28,61.61,68.56,73.4,77.67,81.6,86.3,94.85
Norway,NOR,1910,0.18,17.25,35,51.27,61.76,68.66,73.58,77.61,81.44,85.96,94.06
Norway,NOR,1911,0.19,15.93,33.37,50.97,61.69,68.74,73.74,77.98,82.05,86.6,94.78
Norway,NOR,1912,0.18,16.64,33.97,50.61,61.43,68.26,73.21,77.52,81.57,86.12,94.31
Norway,NOR,1913,0.19,17.76,35.05,51.38,61.95,68.59,73.57,77.74,81.76,86.07,94.02
Norway,NOR,1914,0.18,16.82,34.07,50.79,61.75,68.47,73.4,77.51,81.47,85.99,94.11
Norway,NOR,1915,0.18,18.69,35.51,51.59,61.99,68.58,73.34,77.31,81.25,85.52,93.58
Norway,NOR,1916,0.18,16.17,32.46,49.48,61.12,68.08,73.1,77.05,80.98,85.46,93.63
Norway,NOR,1917,0.18,17.11,33.73,50.63,61.35,68.31,73.28,77.35,81.17,85.56,93.64
Norway,NOR,1918,0.18,12.64,23.02,30.78,43.35,57.94,67.26,73.64,79.01,84.42,94.05
Norway,NOR,1919,0.2,15.13,30.57,47.44,59.72,67.47,72.83,77.09,81.12,85.77,94.09
Norway,NOR,1920,0.19,18.05,34.99,52.74,63.03,69.47,74.2,78.09,82,86.36,94.51
Norway,NOR,1921,0.24,21.72,42.27,57.12,65.33,71,75.48,79.2,82.92,87.2,95.14
Norway,NOR,1922,0.23,21.52,41.41,56.31,64.73,70.24,74.51,78.26,82.04,86.43,94.62
Norway,NOR,1923,0.25,22.84,43.74,57.73,65.63,70.95,75.08,78.76,82.24,86.54,94.43
Norway,NOR,1924,0.26,23.29,43.87,57.72,65.67,71.14,75.33,79.07,82.77,87.09,94.86
Norway,NOR,1925,0.26,23.41,45.19,58.69,66.29,71.36,75.58,79.3,82.93,87.17,95.33
Norway,NOR,1926,0.26,25.86,47.22,59.58,66.84,71.82,75.88,79.49,83.06,87.36,95.46
Norway,NOR,1927,0.26,25.31,46.88,59.41,66.53,71.57,75.6,79.16,82.66,86.7,94.46
Norway,NOR,1928,0.26,26.65,48.25,60.2,67.04,71.88,75.83,79.38,82.89,87.2,95.12
Norway,NOR,1929,0.23,25.18,46.53,59.1,66.36,71.53,75.5,79.02,82.5,86.56,94.16
Norway,NOR,1930,0.29,27.27,49.14,61.06,67.76,72.44,76.37,79.86,83.38,87.59,95.61
Norway,NOR,1931,0.29,28.49,50.35,61.23,67.83,72.36,75.97,79.42,82.87,86.95,94.42
Norway,NOR,1932,0.27,29.61,51.5,62.12,68.41,72.85,76.41,79.65,83.15,87.1,95.01
Norway,NOR,1933,0.28,31.11,53.31,63.22,69.13,73.52,76.94,80.24,83.58,87.61,95.18
Norway,NOR,1934,0.34,33.43,54.09,63.57,69.29,73.56,77.18,80.42,83.97,87.91,95.92
Norway,NOR,1935,0.3,33.96,54.24,63.59,69.03,73.29,76.74,79.98,83.31,87.28,94.98
Norway,NOR,1936,0.3,33.63,54.25,63.62,69.25,73.4,76.96,80.02,83.33,87.23,94.96
Norway,NOR,1937,0.3,34.32,54.76,63.72,69.42,73.46,76.93,80.04,83.35,87.31,95.07
Norway,NOR,1938,0.35,37.34,56.25,64.73,70.03,74.05,77.49,80.55,83.81,87.68,95.42
Norway,NOR,1939,0.36,39.39,57.24,65.17,70.3,74.11,77.38,80.35,83.57,87.34,94.64
Norway,NOR,1940,0.35,32.69,53.6,63.27,69.01,73.27,76.78,79.99,83.21,87.27,94.86
Norway,NOR,1941,0.32,31.3,53.61,63.61,69.46,73.77,77.15,80.34,83.51,87.37,94.85
Norway,NOR,1942,0.34,29.54,51.93,62.99,69.35,73.78,77.43,80.74,84.13,88.16,96.06
Norway,NOR,1943,0.36,29.14,52.49,63.66,69.85,74.47,78.1,81.29,84.61,88.39,96.48
Norway,NOR,1944,0.35,28.31,51.86,63.2,69.67,74.19,77.83,81.17,84.47,88.39,95.82
Norway,NOR,1945,0.38,36.03,57.25,66.25,71.76,75.79,79.09,82.15,85.16,88.95,96.4
Norway,NOR,1946,0.37,42.71,60.33,67.74,72.52,76.21,79.35,82.29,85.33,89.11,96.26
Norway,NOR,1947,0.44,45.86,61.35,68.1,72.58,76.1,79.19,82,84.92,88.57,95.84
Norway,NOR,1948,0.55,48.67,62.4,69.14,73.29,76.64,79.58,82.49,85.51,89.21,96.46
Norway,NOR,1949,0.58,51.21,63.21,69.25,73.28,76.51,79.41,82.14,85.12,88.69,96.19
Norway,NOR,1950,0.58,52.13,63.53,69.28,73.43,76.61,79.28,81.99,84.84,88.4,95.91
Norway,NOR,1951,0.69,52.71,64.25,70.17,74.13,77.36,80.25,82.95,85.79,89.39,96.96
Norway,NOR,1952,0.75,53.68,64.43,70.19,74.03,77.19,80.06,82.72,85.69,89.27,96.5
Norway,NOR,1953,0.94,54.58,64.9,70.4,74.25,77.44,80.23,82.97,85.8,89.3,96.28
Norway,NOR,1954,1.1,55.05,65.01,70.38,74.23,77.3,80.08,82.77,85.59,89.21,96.56
Norway,NOR,1955,1.08,55.15,65.06,70.54,74.5,77.63,80.4,83.18,85.93,89.42,96.44
Norway,NOR,1956,1.17,55.83,65.36,70.66,74.39,77.46,80.21,82.89,85.78,89.39,96.42
Norway,NOR,1957,1.38,55.55,65.18,70.51,74.37,77.46,80.2,82.91,85.7,89.23,96.43
Norway,NOR,1958,1.69,55.63,65.14,70.49,74.23,77.34,80.11,82.76,85.61,89.16,96.12
Norway,NOR,1959,2.67,55.79,65.09,70.36,74.24,77.43,80.21,82.88,85.8,89.28,96.25
Norway,NOR,1960,2.19,56.31,65.34,70.47,74.27,77.37,80.07,82.79,85.59,89.12,96.28
Norway,NOR,1961,3,56.01,65.09,70.38,74.19,77.38,80.13,82.74,85.56,89.03,96.18
Norway,NOR,1962,2.98,55.93,65.04,70.19,73.97,77.14,79.96,82.65,85.48,88.98,95.95
Norway,NOR,1963,3.11,55.96,64.93,69.98,73.61,76.58,79.3,81.93,84.74,88.25,95.41
Norway,NOR,1964,3.53,56.22,65.17,70.27,74.08,77.15,79.92,82.6,85.37,89.01,96.45
Norway,NOR,1965,4.35,56.05,65.11,70.4,74.15,77.32,80.1,82.79,85.59,89.28,96.74
Norway,NOR,1966,6.14,56.54,65.37,70.44,74.16,77.34,80.13,82.81,85.63,89.23,96.3
Norway,NOR,1967,6.83,56.41,65.37,70.4,74.22,77.34,80.18,82.92,85.85,89.51,96.73
Norway,NOR,1968,7.28,56.35,65.24,70.27,74.03,77.15,79.96,82.65,85.58,89.24,96.8
Norway,NOR,1969,7.4,55.94,64.81,69.9,73.71,76.81,79.74,82.57,85.48,89.19,96.76
Norway,NOR,1970,9.66,56.27,65.23,70.33,74.07,77.21,80.08,82.79,85.7,89.32,96.77
Norway,NOR,1971,8.81,56.4,65.46,70.61,74.27,77.42,80.17,82.89,85.85,89.35,96.81
Norway,NOR,1972,10.97,56.67,65.5,70.56,74.32,77.46,80.32,83.03,85.85,89.44,96.99
Norway,NOR,1973,12.03,56.69,65.6,70.76,74.48,77.53,80.29,83.02,85.86,89.51,96.81
Norway,NOR,1974,13.75,56.75,65.68,70.97,74.67,77.81,80.66,83.38,86.22,89.87,97.12
Norway,NOR,1975,13.78,56.89,65.77,70.99,74.77,77.87,80.66,83.37,86.26,89.89,97.31
Norway,NOR,1976,15.19,57.25,65.9,71.04,74.89,78.07,80.88,83.59,86.49,89.99,97.21
Norway,NOR,1977,17.29,57.21,66.22,71.38,75.13,78.23,81.08,83.85,86.75,90.42,97.81
Norway,NOR,1978,17.51,57.52,66.17,71.34,75.15,78.23,81.06,83.82,86.73,90.37,97.9
Norway,NOR,1979,18.02,57.48,66.09,71.24,75.15,78.23,81.02,83.74,86.77,90.37,97.63
Norway,NOR,1980,18.94,57.85,66.24,71.45,75.27,78.47,81.27,84.03,87.02,90.64,98.18
Norway,NOR,1981,19.57,58.07,66.48,71.61,75.48,78.65,81.46,84.15,87.02,90.59,97.88
Norway,NOR,1982,18.62,58.05,66.59,71.75,75.59,78.8,81.65,84.43,87.4,91.12,98.62
Norway,NOR,1983,19.15,58.02,66.66,71.73,75.61,78.82,81.72,84.51,87.42,91.04,98.51
Norway,NOR,1984,19.8,58.53,66.93,72.02,75.84,78.99,81.86,84.59,87.49,91.12,98.65
Norway,NOR,1985,18.71,58.06,66.75,71.83,75.55,78.67,81.52,84.35,87.28,90.83,98.35
Norway,NOR,1986,19.01,58.19,66.78,72.04,75.81,79.01,81.93,84.7,87.64,91.28,98.94
Norway,NOR,1987,20,58.15,66.75,71.81,75.65,78.88,81.77,84.53,87.48,91.15,98.57
Norway,NOR,1988,20.36,58.34,66.94,72.15,75.86,79.05,81.9,84.7,87.54,91.12,98.29
Norway,NOR,1989,21.1,58.84,67.24,72.4,76.21,79.3,82.16,84.86,87.73,91.2,98.41
Norway,NOR,1990,20.75,59.13,67.48,72.47,76.13,79.23,82.03,84.74,87.62,91.17,98.41
Norway,NOR,1991,22.47,59.45,67.84,72.81,76.56,79.64,82.4,85.1,88,91.5,98.84
Norway,NOR,1992,22.57,59.58,68.06,73.05,76.75,79.84,82.59,85.28,88.1,91.55,98.96
Norway,NOR,1993,24.27,60.19,68.16,72.99,76.68,79.71,82.45,85.08,87.81,91.25,98.17
Norway,NOR,1994,24.76,60.36,68.55,73.5,77.21,80.34,83.06,85.72,88.48,91.97,98.87
Norway,NOR,1995,24.7,60.61,68.63,73.54,77.2,80.26,83.01,85.63,88.31,91.69,98.72
Norway,NOR,1996,26.56,60.85,69.18,74,77.61,80.7,83.38,86.02,88.76,92.14,98.96
Norway,NOR,1997,25.3,61.05,69.32,74.13,77.75,80.75,83.4,85.99,88.68,92.02,98.85
Norway,NOR,1998,25.37,60.95,69.46,74.41,77.98,80.93,83.6,86.21,88.89,92.26,99.29
Norway,NOR,1999,24.26,61.32,69.49,74.41,78.03,80.97,83.61,86.1,88.79,92.09,98.54
Norway,NOR,2000,24.45,61.22,69.97,74.84,78.46,81.36,83.96,86.46,89.07,92.38,99.12
Norway,NOR,2001,24.75,61.79,70.15,75.1,78.62,81.5,84.06,86.54,89.26,92.45,99.11
Norway,NOR,2002,25.08,61.76,70.19,75.09,78.65,81.6,84.17,86.63,89.19,92.4,99.01
Norway,NOR,2003,25.98,62.39,70.77,75.69,79.28,82.18,84.78,87.16,89.69,92.9,99.46
Norway,NOR,2004,25.94,62.79,71.21,76.18,79.75,82.52,85.1,87.6,90.14,93.33,100.09
Norway,NOR,2005,27.32,63.01,71.46,76.35,79.85,82.74,85.3,87.76,90.27,93.49,99.97
Norway,NOR,2006,28.27,63.22,71.86,76.71,80.24,83.03,85.47,87.9,90.4,93.53,100.08
Norway,NOR,2007,29.1,63.74,71.92,76.74,80.15,82.93,85.42,87.83,90.37,93.52,99.9
Norway,NOR,2008,28.75,63.81,72.04,76.94,80.32,83.15,85.64,88,90.61,93.71,100.13
Norway,NOR,2009,29.05,63.91,72.31,77.2,80.65,83.4,85.84,88.23,90.79,93.89,100.28
Norway,NOR,2010,29.38,64.16,72.37,77.2,80.72,83.52,86.02,88.42,90.91,94,100.25
Norway,NOR,2011,29.63,64.36,72.76,77.55,80.99,83.77,86.19,88.56,91.02,94.11,100.57
Norway,NOR,2012,33.09,64.93,72.89,77.78,81.14,83.78,86.26,88.61,91.01,94.04,100.18
Norway,NOR,2013,33.76,65.03,73.15,77.9,81.26,84.06,86.45,88.83,91.3,94.41,100.65
Norway,NOR,2014,34.34,65.68,73.69,78.37,81.71,84.44,86.88,89.21,91.57,94.6,100.81
Norway,NOR,2015,34.98,66.23,74.04,78.63,81.89,84.59,86.97,89.25,91.59,94.58,100.82
Norway,NOR,2016,34.62,66.08,74.03,78.76,82.11,84.8,87.16,89.42,91.82,94.76,100.82
Norway,NOR,2017,35.39,66.72,74.41,78.99,82.24,84.94,87.28,89.51,91.85,94.78,100.92
Norway,NOR,2018,35.9,66.84,74.67,79.13,82.41,85.06,87.45,89.63,91.98,94.92,100.98
Norway,NOR,2019,34.42,67.02,74.79,79.35,82.67,85.25,87.6,89.88,92.18,95.15,101.15
Norway,NOR,2020,35.38,67.38,75.03,79.63,82.88,85.45,87.84,90.02,92.38,95.29,101.47
Norway,NOR,2021,37.01,67.47,75.1,79.57,82.83,85.44,87.67,89.86,92.23,95.16,101.1
Norway,NOR,2022,36.07,66.97,74.63,79.05,82.39,84.97,87.27,89.39,91.7,94.48,100.32
Norway,NOR,2023,33.41,67.25,75.05,79.54,82.79,85.43,87.73,89.92,92.23,95.08,100.98
Norway,NOR,2024,34.92,67.56,75.2,79.65,82.89,85.53,87.84,90.06,92.34,95.18,101.16
Poland,POL,1958,0.16,45.27,59.14,65.52,69.97,73.53,76.69,79.68,82.81,86.83,95.25
Poland,POL,1959,0.16,45.1,59.03,65.27,69.63,73.12,76.25,79.21,82.32,86.19,94.2
Poland,POL,1960,0.22,48.3,60.41,66.45,70.77,74.25,77.39,80.34,83.44,87.44,95.87
Poland,POL,1961,0.23,48.39,60.48,66.48,70.75,74.26,77.35,80.29,83.42,87.35,95.27
Poland,POL,1962,0.22,48.28,60.36,66.33,70.51,73.98,77.03,79.9,82.92,86.65,94.71
Poland,POL,1963,0.26,49.05,60.83,66.73,70.99,74.5,77.58,80.54,83.69,87.59,95.78
Poland,POL,1964,0.27,50.23,61.34,66.94,71.04,74.38,77.41,80.31,83.46,87.28,95.5
Poland,POL,1965,0.32,50.77,61.68,67.3,71.33,74.72,77.81,80.72,83.79,87.61,95.78
Poland,POL,1966,0.35,51.06,61.84,67.5,71.54,74.92,78.03,80.95,84.05,87.97,96.36
Poland,POL,1967,0.37,51.02,61.61,67.28,71.28,74.6,77.57,80.53,83.53,87.33,95.2
Poland,POL,1968,0.44,51.28,61.84,67.49,71.51,74.92,77.95,80.97,84.11,88.04,96.08
Poland,POL,1969,0.42,50.95,61.44,67.07,71.08,74.42,77.44,80.4,83.49,87.35,95.41
Poland,POL,1970,0.36,50.87,61.65,67.31,71.31,74.57,77.59,80.47,83.59,87.39,95.22
Poland,POL,1971,0.4,50.43,61.33,66.9,70.86,74.1,77.02,79.92,83.07,87.03,95.08
Poland,POL,1972,0.46,51.39,62.12,67.85,71.94,75.27,78.23,81.19,84.28,88.1,96.03
Poland,POL,1973,0.53,51.33,61.96,67.7,71.76,75.07,78.03,80.95,84.07,87.89,95.77
Poland,POL,1974,0.62,51.94,62.31,67.97,72.04,75.36,78.3,81.21,84.37,88.17,96.19
Poland,POL,1975,0.56,50.97,61.65,67.53,71.69,75.05,77.98,80.83,83.93,87.74,95.55
Poland,POL,1976,0.61,50.59,61.11,67.28,71.48,74.95,77.95,80.88,84,87.81,95.8
Poland,POL,1977,0.61,50.19,60.95,67.13,71.39,74.86,77.97,80.9,84.05,87.99,95.9
Poland,POL,1978,0.67,49.98,60.74,67.02,71.23,74.71,77.81,80.69,83.79,87.76,95.54
Poland,POL,1979,0.77,50.38,60.88,67.19,71.49,74.98,78.07,81.02,84.16,87.94,97.08
Poland,POL,1980,0.84,49.62,60.06,66.4,70.83,74.35,77.49,80.41,83.5,87.37,95.35
Poland,POL,1981,1.08,50.97,61.02,67.19,71.62,75.13,78.34,81.29,84.48,88.4,96.6
Poland,POL,1982,0.97,51.15,61.13,67.25,71.69,75.21,78.35,81.36,84.51,88.45,96.72
Poland,POL,1983,2.21,50.89,60.85,67.01,71.49,75.04,78.15,81.13,84.26,88.12,96.21
Poland,POL,1984,2.85,50.66,60.45,66.57,71.16,74.77,77.87,80.89,83.97,87.77,95.7
Poland,POL,1985,3.91,50.56,60.19,66.17,70.71,74.38,77.53,80.49,83.58,87.36,95.14
Poland,POL,1986,5.58,50.85,60.32,66.24,70.82,74.52,77.73,80.74,83.86,87.69,95.54
Poland,POL,1987,5.23,50.88,60.33,66.29,70.79,74.54,77.75,80.78,83.95,87.8,95.65
Poland,POL,1988,6.19,51.18,60.55,66.5,71.05,74.77,78.06,81.11,84.32,88.26,96.26
Poland,POL,1989,6.05,50.51,60.13,66.18,70.76,74.59,77.91,81.04,84.24,88.17,96.18
Poland,POL,1990,6.96,50.23,59.93,66,70.55,74.49,77.79,80.96,84.19,88.19,96.17
Poland,POL,1991,9.71,49.72,59.42,65.5,70.21,74.08,77.48,80.67,83.89,87.87,95.71
Poland,POL,1992,12.1,50.26,59.94,66.02,70.68,74.53,77.92,81.08,84.34,88.29,96.03
Poland,POL,1993,15.09,51.38,60.78,66.68,71.14,74.87,78.18,81.26,84.42,88.25,95.86
Poland,POL,1994,15.59,51.36,60.97,66.95,71.47,75.12,78.5,81.56,84.73,88.57,96.15
Poland,POL,1995,17.49,51.38,60.95,66.96,71.54,75.22,78.55,81.68,84.89,88.72,96.3
Poland,POL,1996,17.91,52.15,61.5,67.34,71.85,75.53,78.71,81.76,84.9,88.71,96.26
Poland,POL,1997,19.19,52.12,61.58,67.51,72.02,75.76,78.97,82.06,85.21,89.07,96.74
Poland,POL,1998,19.87,52.52,61.93,67.82,72.31,76.05,79.2,82.36,85.55,89.41,97.02
Poland,POL,1999,20.05,52.52,61.91,67.81,72.33,76.06,79.25,82.37,85.54,89.37,97
Poland,POL,2000,21.47,53.45,62.74,68.59,73,76.7,79.87,82.93,86.09,89.92,97.51
Poland,POL,2001,22.09,54,63.22,69.1,73.51,77.18,80.35,83.33,86.46,90.24,97.74
Poland,POL,2002,22.01,54.33,63.57,69.51,73.93,77.58,80.73,83.72,86.84,90.55,98.12
Poland,POL,2003,23.03,54.68,63.75,69.66,74.06,77.72,80.83,83.74,86.84,90.51,97.92
Poland,POL,2004,23.5,54.52,63.73,69.76,74.27,77.99,81.16,84.1,87.2,90.92,98.35
Poland,POL,2005,23.52,54.56,63.74,69.85,74.44,78.15,81.33,84.28,87.34,90.99,98.36
Poland,POL,2006,23.73,54.57,63.7,69.91,74.59,78.31,81.55,84.51,87.56,91.32,98.77
Poland,POL,2007,23.73,54.63,63.69,69.94,74.62,78.4,81.64,84.6,87.58,91.35,98.63
Poland,POL,2008,24.01,54.88,63.99,70.24,74.93,78.68,81.89,84.81,87.79,91.46,98.74
Poland,POL,2009,24.27,55.4,64.28,70.44,75.13,78.85,82,84.9,87.85,91.51,98.66
Poland,POL,2010,25.83,55.98,64.9,70.98,75.6,79.31,82.44,85.36,88.33,91.86,98.93
Poland,POL,2011,25.66,56.2,65.15,71.26,75.94,79.69,82.82,85.72,88.65,92.2,99.39
Poland,POL,2012,26.19,56.43,65.21,71.29,75.96,79.69,82.84,85.77,88.7,92.18,99.31
Poland,POL,2013,26.39,56.99,65.59,71.55,76.19,79.91,83.03,85.93,88.84,92.33,99.36
Poland,POL,2014,27.13,57.56,66.23,72.16,76.8,80.48,83.61,86.48,89.41,92.89,99.92
Poland,POL,2015,27.56,57.6,66.11,71.94,76.57,80.29,83.42,86.27,89.12,92.57,99.5
Poland,POL,2016,28.36,57.85,66.4,72.24,76.9,80.66,83.83,86.71,89.59,93.07,100.22
Poland,POL,2017,28.22,57.95,66.48,72.25,76.86,80.58,83.71,86.56,89.42,92.84,99.66
Poland,POL,2018,27.94,57.93,66.34,72.05,76.62,80.4,83.59,86.48,89.37,92.83,99.64
Poland,POL,2019,28.39,58.18,66.55,72.29,76.86,80.66,83.9,86.81,89.72,93.19,100.14
Poland,POL,2020,28.17,57.31,65.53,70.93,75.26,78.94,82.18,85.17,88.22,91.78,98.78
Poland,POL,2021,27.42,56.45,64.69,69.89,74.17,77.8,81.17,84.29,87.38,91.03,98.1
Poland,POL,2022,27.46,57.85,66.33,71.89,76.29,79.99,83.17,86.1,89.02,92.46,99.17
Poland,POL,2023,28.27,59.08,67.52,73.13,77.5,81.13,84.27,87.17,90.08,93.56,100.58
Portugal,PRT,1940,0.08,1.39,26.74,47.27,59.11,65.82,70.68,74.58,78.31,83.18,93.22
Portugal,PRT,1941,0.07,0.86,14.99,40.43,55.24,63.51,69.03,73.19,77.17,81.84,91.81
Portugal,PRT,1942,0.08,1.17,20.12,43.5,57.19,64.65,69.85,74.02,77.88,82.83,92.98
Portugal,PRT,1943,0.08,1.28,23.25,45.73,58.87,65.91,70.87,75.04,78.98,83.92,94.58
Portugal,PRT,1944,0.08,1.56,27.42,48.37,59.82,66.39,71.42,75.33,79.18,84.19,94.32
Portugal,PRT,1945,0.09,2.03,31.35,50.26,60.84,67.28,72.26,76.1,79.81,84.71,94.8
Portugal,PRT,1946,0.09,2.15,32.8,51.22,61.14,67.2,71.71,75.57,79.04,83.79,93.25
Portugal,PRT,1947,0.1,4.26,37.56,54.64,63.58,68.86,73.09,76.8,80.02,84.71,94.84
Portugal,PRT,1948,0.1,3.62,38.6,55.03,64.01,69.45,73.76,77.45,81.08,85.8,95.89
Portugal,PRT,1949,0.09,2.31,36.76,54.14,63.13,68.77,72.8,76.5,80.12,84.67,94.28
Portugal,PRT,1950,0.11,10.21,43.97,58.26,65.7,70.63,74.4,77.88,81.64,85.92,95.6
Portugal,PRT,1951,0.11,12.69,45.34,58.63,65.65,70.44,74.03,77.33,80.81,85.12,94.45
Portugal,PRT,1952,0.11,8.89,48.18,60.47,67.16,71.81,75.16,78.4,82.05,86.19,95.32
Portugal,PRT,1953,0.11,17.49,52.27,62.43,68.21,72.58,75.7,78.86,82.25,86.26,94.97
Portugal,PRT,1954,0.13,26.95,53.9,63.1,68.52,72.58,75.7,78.78,82.27,86.27,94.78
Portugal,PRT,1955,0.11,23.53,52.76,62.5,68.11,72.42,75.74,78.55,82.02,86.03,94.66
Portugal,PRT,1956,0.12,27.54,53.09,62.1,67.53,71.6,74.81,77.65,80.67,84.64,92.48
Portugal,PRT,1957,0.12,23.58,53.01,62.62,68.13,72.21,75.51,78.47,81.83,85.89,94.24
Portugal,PRT,1958,0.13,32.62,56.45,64.73,69.87,73.8,77.02,79.85,83.25,87.27,95.57
Portugal,PRT,1959,0.12,29.61,55.87,64.5,69.67,73.43,76.57,79.56,82.8,86.66,94.36
Portugal,PRT,1960,0.13,37.22,57.39,65.21,70.03,73.59,76.74,79.61,82.76,86.53,94.43
Portugal,PRT,1961,0.11,28.71,55.87,64.33,69.62,73.48,76.63,79.53,82.81,86.8,94.99
Portugal,PRT,1962,0.14,36.57,57.38,65.07,70,73.71,76.85,79.83,83.07,86.93,95.15
Portugal,PRT,1963,0.15,40.01,58.12,65.48,70.17,73.67,76.63,79.54,82.66,86.44,94.37
Portugal,PRT,1964,0.15,39.95,57.88,65.4,70.18,73.82,76.81,79.75,82.95,86.89,95.05
Portugal,PRT,1965,0.17,43.32,58.95,66,70.53,73.97,76.95,79.83,83.04,86.86,95
Portugal,PRT,1966,0.17,43.28,58.33,65.31,69.87,73.43,76.44,79.21,82.43,86.35,94.48
Portugal,PRT,1967,0.19,44.43,58.96,65.92,70.33,73.89,76.89,79.73,82.97,86.91,94.81
Portugal,PRT,1968,0.19,45.45,59.74,66.46,70.75,74.15,77.09,79.93,83.12,86.99,95.17
Portugal,PRT,1969,0.2,45.72,59.34,65.74,70.04,73.32,76.19,78.97,82.18,86.1,94.09
Portugal,PRT,1970,0.19,46.16,60.39,66.88,71.11,74.31,77.18,79.96,83.19,87.12,95.17
Portugal,PRT,1971,0.21,45.76,59.59,66.19,70.52,73.77,76.63,79.34,82.61,86.51,94.41
Portugal,PRT,1972,0.32,49.49,61.49,67.57,71.74,74.82,77.69,80.48,83.69,87.54,95.55
Portugal,PRT,1973,0.28,48.76,61.19,67.4,71.5,74.69,77.45,80.1,83.28,87.11,95.12
Portugal,PRT,1974,0.35,49.53,61.47,67.43,71.54,74.76,77.36,80.14,83.23,86.99,94.75
Portugal,PRT,1975,0.32,48.2,60.55,66.94,71.28,74.77,77.56,80.35,83.58,87.39,95.46
Portugal,PRT,1976,0.41,48.72,60.73,66.97,71.23,74.48,77.36,80,83.17,87.07,94.74
Portugal,PRT,1977,0.52,50.51,61.95,67.95,72.05,75.29,78.18,80.97,84.03,87.87,95.7
Portugal,PRT,1978,0.61,51.31,62.65,68.48,72.51,75.69,78.5,81.24,84.24,87.93,95.58
Portugal,PRT,1979,0.73,52.04,63.3,69.18,73.1,76.25,79.1,81.89,84.86,88.63,96.24
Portugal,PRT,1980,0.83,51.94,63.1,69.03,73.12,76.36,79.11,81.94,84.95,88.65,96.21
Portugal,PRT,1981,1.99,51.81,63.02,69.05,73.19,76.45,79.27,82.07,85.02,88.73,96.57
Portugal,PRT,1982,2.56,52.8,63.81,69.78,73.86,77,79.77,82.65,85.69,89.45,97.21
Portugal,PRT,1983,2.97,52.94,63.8,69.67,73.75,76.89,79.71,82.52,85.42,89.06,96.73
Portugal,PRT,1984,4.26,53.23,63.86,69.79,73.85,77.01,79.82,82.62,85.53,89.22,96.73
Portugal,PRT,1985,4.4,53.73,64.3,70.14,74.13,77.26,80.01,82.85,85.76,89.38,96.95
Portugal,PRT,1986,5.26,54.17,64.51,70.33,74.36,77.59,80.4,83.23,86.18,89.84,97.57
Portugal,PRT,1987,7.33,54.36,64.93,70.77,74.8,77.96,80.72,83.49,86.47,90.12,97.85
Portugal,PRT,1988,8,54.42,64.98,70.77,74.77,77.93,80.73,83.5,86.42,90.01,97.53
Portugal,PRT,1989,10.07,55.13,65.62,71.4,75.29,78.4,81.2,83.94,86.83,90.5,98.05
Portugal,PRT,1990,13.07,54.82,65.21,70.94,74.83,77.98,80.76,83.49,86.32,89.88,97.14
Portugal,PRT,1991,11.68,54.48,64.99,70.82,74.86,77.99,80.8,83.58,86.44,90.03,97.52
Portugal,PRT,1992,15.09,54.74,65.56,71.32,75.34,78.46,81.31,84.11,87.03,90.66,98.34
Portugal,PRT,1993,15.8,55.06,65.4,71.06,75.18,78.26,81.14,83.85,86.69,90.24,97.63
Portugal,PRT,1994,16.8,56.05,66.48,72.04,76.06,79.11,81.99,84.7,87.54,91.15,98.82
Portugal,PRT,1995,17.61,55.75,66.3,71.96,75.88,79,81.82,84.59,87.44,90.94,98.56
Portugal,PRT,1996,17.75,55.39,66.18,71.83,75.8,78.98,81.79,84.47,87.3,90.81,98.13
Portugal,PRT,1997,18.58,55.86,66.63,72.27,76.2,79.37,82.21,84.87,87.71,91.19,98.66
Portugal,PRT,1998,18.62,56.26,66.97,72.5,76.34,79.5,82.32,84.97,87.78,91.3,98.61
Portugal,PRT,1999,20.01,56.72,67.25,72.78,76.53,79.6,82.39,85.01,87.75,91.21,98.42
Portugal,PRT,2000,20.64,57.35,67.82,73.22,76.99,80.02,82.81,85.46,88.22,91.65,98.95
Portugal,PRT,2001,21.4,57.54,68.03,73.5,77.22,80.33,83.14,85.74,88.5,91.95,99.07
Portugal,PRT,2002,22.47,57.97,68.27,73.79,77.51,80.52,83.27,85.87,88.56,91.95,99.12
Portugal,PRT,2003,23.71,58.42,68.58,73.96,77.6,80.6,83.28,85.87,88.53,91.89,98.73
Portugal,PRT,2004,24.59,59.23,69.33,74.69,78.38,81.39,84.1,86.67,89.38,92.85,100.11
Portugal,PRT,2005,25.29,59.16,69.29,74.69,78.26,81.26,83.9,86.44,89.09,92.43,99.33
Portugal,PRT,2006,26.7,59.88,69.96,75.33,78.98,81.98,84.67,87.19,89.9,93.26,100.24
Portugal,PRT,2007,27.6,60.32,70.31,75.58,79.25,82.2,84.83,87.34,89.93,93.25,100.53
Portugal,PRT,2008,28.64,60.73,70.66,75.95,79.51,82.46,85.04,87.52,90.13,93.42,100.38
Portugal,PRT,2009,29.02,60.93,70.82,76.18,79.82,82.73,85.29,87.8,90.42,93.66,100.49
Portugal,PRT,2010,30.48,61.32,71.11,76.42,80.07,82.94,85.48,87.91,90.5,93.7,100.44
Portugal,PRT,2011,31.25,61.71,71.47,76.81,80.46,83.4,85.97,88.44,91.05,94.31,101.29
Portugal,PRT,2012,32.57,62.11,71.75,76.96,80.49,83.34,85.84,88.22,90.75,93.98,100.75
Portugal,PRT,2013,33.57,62.35,71.96,77.15,80.76,83.61,86.12,88.54,91.1,94.37,101.08
Portugal,PRT,2014,33.94,62.87,72.39,77.61,81.18,84.02,86.53,88.91,91.45,94.73,101.37
Portugal,PRT,2015,34.61,63.12,72.49,77.71,81.23,83.96,86.45,88.82,91.33,94.5,101.11
Portugal,PRT,2016,35.69,63.13,72.45,77.67,81.24,84.02,86.51,88.91,91.41,94.63,101.4
Portugal,PRT,2017,34.65,63.25,72.79,78.02,81.62,84.38,86.8,89.21,91.66,94.88,101.77
Portugal,PRT,2018,34.01,63.33,72.8,78.01,81.54,84.34,86.78,89.14,91.63,94.78,101.42
Portugal,PRT,2019,34.21,63.64,73.02,78.37,81.93,84.71,87.1,89.5,92.01,95.11,101.84
Portugal,PRT,2020,34.18,63.14,72.47,77.71,81.31,84.11,86.54,88.82,91.26,94.38,101.04
Portugal,PRT,2021,34.39,63.09,72.28,77.69,81.36,84.17,86.63,88.88,91.34,94.47,101.11
Portugal,PRT,2022,33.53,63.48,72.83,78.2,81.79,84.55,86.94,89.19,91.54,94.53,100.91
Portugal,PRT,2023,33.74,64.03,73.39,78.78,82.41,85.19,87.6,89.82,92.1,95.17,101.76
Russia,RUS,1959,0.3,42.2,57.62,64.87,70.01,73.92,77.46,80.51,84.1,88.5,99.17
Russia,RUS,1960,0.35,43.16,58.26,65.49,70.59,74.65,78.13,81.52,84.92,89.41,100.21
Russia,RUS,1961,0.42,44.18,58.62,65.6,70.6,74.56,78.01,81.3,84.68,89.02,99.55
Russia,RUS,1962,0.45,44.6,58.66,65.4,70.32,74.23,77.48,80.7,84.04,87.96,97.78
Russia,RUS,1963,0.48,45.05,58.92,65.78,70.67,74.58,77.83,81.14,84.47,88.57,98.89
Russia,RUS,1964,0.57,45.95,59.56,66.44,71.31,75.09,78.4,81.79,85.09,89.37,99.42
Russia,RUS,1965,0.65,45.65,59.23,66.01,70.75,74.5,77.85,80.99,84.39,88.43,98.37
Russia,RUS,1966,0.69,45.29,59.02,65.91,70.7,74.6,78,81.15,84.51,88.64,98.4
Russia,RUS,1967,0.73,45.06,58.76,65.79,70.49,74.36,77.7,80.88,84.23,88.38,97.78
Russia,RUS,1968,0.72,44.57,58.32,65.53,70.38,74.29,77.65,80.87,84.3,88.51,98.07
Russia,RUS,1969,0.75,43.85,57.6,64.89,69.87,73.72,77.15,80.36,83.74,88.02,97.58
Russia,RUS,1970,0.9,43.69,57.45,64.84,69.88,73.72,77.12,80.3,83.75,87.96,97.51
Russia,RUS,1971,1.53,43.77,57.44,64.87,70.02,73.8,77.21,80.44,83.88,88.19,97.93
Russia,RUS,1972,1.28,43.86,57.46,64.91,69.99,73.81,77.15,80.35,83.75,87.94,97.48
Russia,RUS,1973,1.29,44.23,57.5,64.93,69.93,73.81,77.11,80.24,83.64,87.76,97.15
Russia,RUS,1974,1.02,43.7,57.1,64.72,69.89,73.93,77.31,80.51,83.98,88.3,98.04
Russia,RUS,1975,0.86,43.12,56.35,64.03,69.32,73.45,76.83,80,83.39,87.61,97.09
Russia,RUS,1976,0.76,42.83,55.85,63.65,69.09,73.26,76.78,79.96,83.31,87.6,96.87
Russia,RUS,1977,0.79,42.25,55.3,63.25,68.87,73.09,76.78,79.98,83.36,87.67,97.04
Russia,RUS,1978,0.8,42.37,55.11,63.05,68.66,72.98,76.77,80.01,83.39,87.73,97.44
Russia,RUS,1979,0.9,42.08,54.58,62.62,68.27,72.62,76.34,79.73,83.08,87.25,96.47
Russia,RUS,1980,0.89,41.9,54.35,62.34,68.04,72.49,76.22,79.72,83.06,87.2,96.33
Russia,RUS,1981,0.95,42.02,54.55,62.53,68.23,72.71,76.43,79.96,83.29,87.41,96.83
Russia,RUS,1982,1.25,43.09,55.23,63,68.61,73.02,76.76,80.25,83.64,87.84,97.35
Russia,RUS,1983,1.32,43.38,55.18,62.78,68.33,72.72,76.44,79.94,83.35,87.53,96.88
Russia,RUS,1984,1.27,42.91,54.71,62.23,67.86,72.29,76.04,79.52,82.92,86.99,95.93
Russia,RUS,1985,1.38,44.81,56.21,63.31,68.62,72.81,76.41,79.75,83.08,87.12,95.94
Russia,RUS,1986,1.96,47.87,58.71,65.37,70.26,74.17,77.56,80.72,84,88.01,97.01
Russia,RUS,1987,2.37,48.2,58.87,65.38,70.21,74.09,77.5,80.64,83.89,87.87,96.82
Russia,RUS,1988,2.58,47.63,58.61,65.13,70.02,74.02,77.45,80.62,83.86,87.86,96.33
Russia,RUS,1989,3.79,46.58,57.86,64.56,69.73,73.87,77.43,80.74,84.1,88.21,97.03
Russia,RUS,1990,4.41,45.95,57.31,63.97,69.21,73.42,77.07,80.43,83.79,87.88,96.4
Russia,RUS,1991,4.21,45.21,56.8,63.63,68.92,73.17,76.95,80.4,83.81,87.93,96.43
Russia,RUS,1992,4.27,42.94,54.64,61.94,67.46,72.15,76.14,79.77,83.38,87.62,96.12
Russia,RUS,1993,2.78,39.73,50.76,58.18,63.95,68.94,73.48,77.58,81.52,86.03,94.52
Russia,RUS,1994,2.82,38.7,49.2,56.28,62.07,67.09,71.91,76.26,80.58,85.33,94
Russia,RUS,1995,3.1,38.81,49.82,57.15,63.07,68.09,72.82,77.07,81.28,85.93,94.5
Russia,RUS,1996,4.1,40.34,51.62,59.09,64.77,69.58,74.02,78.03,82.01,86.5,94.92
Russia,RUS,1997,4.03,41.82,53.38,60.65,66.07,70.6,74.77,78.56,82.39,86.76,94.97
Russia,RUS,1998,4.64,41.95,53.77,61.12,66.55,71.01,75.1,78.89,82.69,87.01,95.14
Russia,RUS,1999,4.1,40.4,52.13,59.56,65.17,69.84,74,77.99,81.93,86.37,94.46
Russia,RUS,2000,4.91,39.42,50.99,58.4,64.19,69.05,73.34,77.48,81.52,86.13,94.41
Russia,RUS,2001,5.55,39.66,50.84,58.05,63.76,68.7,73.07,77.24,81.42,86.14,94.56
Russia,RUS,2002,8.01,39.73,50.45,57.46,63.15,68.13,72.59,76.77,81.02,85.81,94.33
Russia,RUS,2003,9.68,39.52,50.16,57.12,62.91,67.98,72.5,76.67,80.97,85.76,94.34
Russia,RUS,2004,11.47,39.39,50.26,57.44,63.36,68.54,73.08,77.24,81.5,86.29,94.9
Russia,RUS,2005,12.63,39.14,50.12,57.44,63.4,68.68,73.22,77.37,81.56,86.34,94.91
Russia,RUS,2006,14.34,40.21,51.81,59.3,65.29,70.31,74.58,78.48,82.45,87.01,95.4
Russia,RUS,2007,15.16,41.13,53.03,60.48,66.46,71.34,75.47,79.26,83.09,87.59,95.82
Russia,RUS,2008,16.49,41.87,53.61,60.91,66.75,71.62,75.75,79.49,83.3,87.74,95.89
Russia,RUS,2009,17.05,43.06,54.8,61.95,67.68,72.42,76.43,80.1,83.85,88.23,96.33
Russia,RUS,2010,17.37,43.2,55.05,62.17,67.9,72.58,76.58,80.21,83.89,88.24,96.19
Russia,RUS,2011,17.84,44.07,55.98,63.15,68.9,73.55,77.47,81.07,84.72,89.05,97.15
Russia,RUS,2012,17.52,44.63,56.72,63.81,69.57,74.09,77.93,81.47,85.04,89.26,97.2
Russia,RUS,2013,18.36,45.05,57.26,64.43,70.16,74.64,78.46,81.97,85.46,89.59,97.52
Russia,RUS,2014,18.57,44.99,57.25,64.51,70.17,74.83,78.67,82.19,85.69,89.8,97.6
Scotland,,1855,0.09,1.21,7.06,25.51,39.83,51.93,61.24,68.08,73.83,80.03,90.91
Scotland,,1856,0.09,1.26,6.56,26.27,41.7,54.36,63.4,70.33,75.92,82.4,94.25
Scotland,,1857,0.09,1.15,6.55,25.28,40.4,53.16,62.54,69.23,74.72,80.99,92.27
Scotland,,1858,0.08,1.12,5.71,24.33,39.48,52.75,62.47,69.13,74.77,81.03,91.6
Scotland,,1859,0.09,1.27,6.47,25.34,40.63,53.75,63.2,69.74,75.26,81.41,92.91
Scotland,,1860,0.08,1,4.88,22.56,36.98,50.4,60.78,67.84,73.67,79.77,90.78
Scotland,,1861,0.09,1.19,7.63,26.13,41.15,53.96,63.1,69.68,75.19,81.08,92.57
Scotland,,1862,0.08,1.1,5.49,23.77,38.66,51.76,61.4,68.4,74.11,80.02,91
Scotland,,1863,0.08,0.99,3.37,17.68,33.62,48.33,59.92,67.93,73.89,80.23,91.87
Scotland,,1864,0.08,1.05,4.25,20.04,34.43,47.2,58.21,66.13,72.79,79.42,90.99
Scotland,,1865,0.08,1.12,6.45,24.27,37.92,49.56,59.75,67.42,73.65,80.24,91.85
Scotland,,1866,0.08,1.19,7.27,25.19,38.63,50.25,60.11,67.56,73.66,79.88,91.14
Scotland,,1867,0.09,1.28,9.16,27.14,41.37,52.73,61.76,68.52,74.13,80.29,91.27
Scotland,,1868,0.09,1.22,6.93,25.72,40.42,52.7,62.03,68.82,74.85,80.91,92.37
Scotland,,1869,0.08,1.07,4.83,22.39,37.14,49.58,59.45,66.68,73.39,79.47,91.02
Scotland,,1870,0.08,1.17,6.45,23.87,37.83,50.31,60.01,67.26,73.66,79.73,90.82
Scotland,,1871,0.08,1.03,5.75,23.06,37.05,49.58,59.66,67.4,73.9,80.36,91.82
Scotland,,1872,0.08,1.14,6.82,24.03,37.75,50,59.53,67.08,73.19,79.65,90.89
Scotland,,1873,0.08,1.15,7.25,25.07,39.5,50.9,59.88,66.99,72.74,79.24,89.92
Scotland,,1874,0.08,1.16,5.04,21.53,36.04,48.48,58.37,66.05,72.36,79.33,90.71
Scotland,,1875,0.08,1.08,5.47,22.93,37.31,49.42,59.09,66.12,72.36,78.91,89.7
Scotland,,1876,0.08,1.25,9.78,27.75,41.81,53.23,61.82,68.69,74.42,80.57,91.43
Scotland,,1877,0.09,1.43,14.06,30.27,43.46,53.9,61.97,68.27,74.02,80.01,90.64
Scotland,,1878,0.08,1.16,8.48,27.58,42.43,53.46,61.83,68.2,74.07,80.06,90.74
Scotland,,1879,0.09,1.58,15.03,31.71,45.2,55.13,62.73,68.46,74.22,79.79,90.31
Scotland,,1880,0.08,1.14,8.62,28.3,42.92,54.07,62.5,68.74,74.58,80.69,91.47
Scotland,,1881,0.09,1.56,16.21,32.33,45.5,55.4,62.86,68.95,74.7,80.85,91.6
Scotland,,1882,0.08,1.29,12.88,30.95,44.85,55.54,63.1,69.66,75.38,81.51,92.27
Scotland,,1883,0.09,1.35,13.15,30.29,43.81,54.02,61.67,68.33,74.06,80.22,91.01
Scotland,,1884,0.08,1.33,13.74,31.25,44.82,55.23,62.58,69.23,74.7,81.04,92.03
Scotland,,1885,0.09,1.45,16.18,32.59,46.13,56.04,63.22,69.5,74.94,81.03,91.61
Scotland,,1886,0.09,1.59,18,34.77,47.53,56.79,63.58,69.65,74.95,81.01,91.16
Scotland,,1887,0.08,1.35,14.99,33.38,47.04,56.78,63.77,69.83,75.29,81.32,91.7
Scotland,,1888,0.09,1.76,19.81,36.92,49.51,58.25,64.7,70.34,75.57,81.28,91.55
Scotland,,1889,0.08,1.36,17.25,34.89,48.18,57.44,64.38,70.2,75.57,81.41,92
Scotland,,1890,0.08,1.09,12.9,31.63,45.16,54.92,62.53,68.62,74.24,80.31,91.01
Scotland,,1891,0.08,1.19,15.64,32.85,45.38,54.53,61.21,66.93,72.39,78.36,88.53
Scotland,,1892,0.09,1.45,18.58,36.06,48.31,57.06,63.57,69.26,74.35,80.25,90.65
Scotland,,1893,0.07,1.08,12.57,32.94,46.79,56.32,63.11,69.25,74.41,80.46,91.06
Scotland,,1894,0.09,1.81,21.62,38.5,50.58,59.22,65.2,70.79,76.06,81.85,92.46
Scotland,,1895,0.08,1.2,16.84,34.9,47.5,56.13,62.64,68.39,73.55,79.69,89.78
Scotland,,1896,0.09,1.76,22.67,39.93,51.63,59.82,65.78,71.42,76.6,82.29,92.81
Scotland,,1897,0.07,1.22,18.99,37.18,49.54,57.96,64.11,69.88,74.89,80.87,90.91
Scotland,,1898,0.08,1.21,19.34,37.61,49.91,58.15,64.32,70.22,75.36,81.13,91.72
Scotland,,1899,0.08,1.43,21.88,38.58,50.09,57.84,64.08,69.4,74.66,80.57,90.74
Scotland,,1900,0.08,1.4,21.61,38.18,49.74,57.37,63.56,68.81,74,79.71,89.62
Scotland,,1901,0.08,1.27,20.48,38.23,50.07,58.1,64.11,69.54,74.7,80.75,91.26
Scotland,,1902,0.09,2.02,24.93,40.94,51.44,58.66,64.33,69.55,74.77,80.54,90.35
Scotland,,1903,0.09,2.17,26.16,42.09,52.57,59.81,65.46,70.63,75.64,81.31,91.37
Scotland,,1904,0.08,1.66,24.18,41.53,52.48,59.8,65.43,70.63,75.44,81.11,91.21
Scotland,,1905,0.09,2.01,26.47,43.41,53.76,60.78,66.33,71.43,76.23,81.95,91.92
Scotland,,1906,0.09,2.33,27.08,43.83,53.85,60.72,66.07,71.22,75.97,81.66,91.36
Scotland,,1907,0.09,2.13,25.95,42.91,53.29,60.19,65.54,70.88,75.58,81.19,90.93
Scotland,,1908,0.08,1.59,25.22,43.39,53.77,60.55,65.95,71.3,76.09,81.61,91.32
Scotland,,1909,0.1,2.7,29.02,45.41,55.17,61.5,66.85,71.72,76.08,81.66,91.51
Scotland,,1910,0.09,2.37,29.61,46.5,56.04,62.44,67.96,72.48,76.79,82.19,92.3
Scotland,,1911,0.09,2.58,30.54,46.96,56.45,62.9,68.52,72.76,76.99,82.4,92.22
Scotland,,1912,0.1,2.77,31.1,47.1,56.56,62.77,68.25,72.49,76.72,81.98,91.57
Scotland,,1913,0.09,2.81,31.27,47.24,56.39,62.73,68.26,72.38,76.62,81.77,91.84
Scotland,,1914,0.09,2.63,30.59,46.97,56.44,62.94,68.38,72.6,76.83,81.82,91.93
Scotland,,1915,0.08,1.51,24.26,43.19,54.13,60.95,66.63,71.32,75.45,80.39,90.04
Scotland,,1916,0.11,3.86,32.57,48.84,57.77,63.82,68.75,72.98,76.92,81.69,91.31
Scotland,,1917,0.1,2.72,32.07,48.81,57.92,64.14,69.11,73.33,77.25,82.21,91.92
Scotland,,1918,0.1,2.34,22.25,36.8,50.84,59.94,66.28,71.58,76.29,81.99,92.32
Scotland,,1919,0.09,2.64,27.76,45.01,55.77,62.62,67.86,72.35,76.47,81.43,91.11
Scotland,,1920,0.09,6.82,36.2,51.23,59.63,65.3,70.18,74.25,78.27,83.27,92.55
Scotland,,1921,0.12,12.38,39.72,53.58,61.09,66.46,70.91,74.82,78.55,83.22,92.26
Scotland,,1922,0.11,2.82,34.39,50.65,59.26,65.07,69.74,73.69,77.59,82.33,91.5
Scotland,,1923,0.14,15.71,42.44,55.19,62.13,67.21,71.41,74.97,78.9,83.56,92.79
Scotland,,1924,0.11,4.36,37.31,52.53,60.55,65.97,70.42,74.1,77.72,82.33,91.34
Scotland,,1925,0.12,12.04,41.17,54.75,61.81,66.99,71.26,74.83,78.54,83.22,91.97
Scotland,,1926,0.13,16.26,42.76,55.37,62.34,67.5,71.68,75.14,78.77,83.49,92.09
Scotland,,1927,0.12,15.55,42.34,54.9,62.03,67.1,71.29,74.83,78.41,83.06,91.71
Scotland,,1928,0.12,14.38,42.01,55.13,62.31,67.49,71.54,74.99,78.59,83.26,92.19
Scotland,,1929,0.12,14.39,41.03,53.6,60.89,66.21,70.35,73.99,77.45,81.93,90.57
Scotland,,1930,0.13,17.72,43.87,55.95,62.8,67.82,71.78,75.41,78.96,83.6,92.4
Scotland,,1931,0.13,19.14,45.05,56.63,63.34,68.18,71.99,75.63,79.14,83.49,92.05
Scotland,,1932,0.12,17.6,44.05,56.13,63.04,68.02,71.78,75.47,79.03,83.35,92.21
Scotland,,1933,0.14,22.44,46.26,57.03,63.58,68.32,71.98,75.7,79.15,83.56,92.28
Scotland,,1934,0.14,20.72,46.25,57.38,63.85,68.55,72.43,76.18,79.44,84.11,92.83
Scotland,,1935,0.14,25.05,48.01,57.99,64.25,68.69,72.36,75.89,79.1,83.42,91.99
Scotland,,1936,0.13,23.41,47.75,57.63,64.04,68.53,72.27,75.7,79.05,83.46,92.19
Scotland,,1937,0.14,24.74,47.64,57.68,63.76,68.19,71.93,75.3,78.78,83.09,91.48
Scotland,,1938,0.16,27.77,50.16,59.35,65.18,69.45,73.1,76.44,79.87,84.31,93.07
Scotland,,1939,0.17,31.55,51,59.64,65.34,69.59,73.05,76.3,79.64,83.87,92.46
Scotland,,1940,0.14,23.48,46.65,56.87,63.21,67.89,71.63,75.14,78.59,82.91,91.37
Scotland,,1941,0.13,21.45,43.2,55.47,62.71,67.78,71.87,75.59,79.2,83.61,91.75
Scotland,,1942,0.16,24.54,47.53,58.35,64.9,69.54,73.48,77.07,80.57,84.87,93.34
Scotland,,1943,0.17,24.36,46.77,57.94,64.62,69.39,73.37,76.92,80.43,84.61,92.61
Scotland,,1944,0.17,25.46,48.91,59.26,65.54,70.16,74.02,77.5,80.99,85.05,93.49
Scotland,,1945,0.22,30.97,51.99,60.85,66.41,70.7,74.44,77.82,81.31,85.38,93.54
Scotland,,1946,0.19,34.02,53.16,61.25,66.68,70.78,74.4,77.69,81.12,85.11,93.22
Scotland,,1947,0.19,36.62,54.14,61.73,66.97,71,74.43,77.58,80.89,84.91,92.83
Scotland,,1948,0.3,41.2,55.87,62.9,67.88,71.83,75.26,78.4,81.7,85.8,94.24
Scotland,,1949,0.32,43.1,56.37,63.01,67.71,71.47,74.83,77.91,81.13,85.15,93.49
Scotland,,1950,0.35,45.63,57.19,63.3,67.89,71.58,74.84,77.85,80.98,84.91,92.92
Scotland,,1951,0.37,46.87,57.59,63.56,67.88,71.44,74.62,77.59,80.64,84.5,92.33
Scotland,,1952,0.39,48.49,58.61,64.4,68.66,72.18,75.32,78.31,81.46,85.42,93.34
Scotland,,1953,0.47,49.18,59.16,64.95,69.21,72.74,75.88,78.9,82.08,86.04,94.45
Scotland,,1954,0.48,49.8,59.19,64.65,68.95,72.53,75.65,78.61,81.74,85.61,93.59
Scotland,,1955,0.5,50.21,59.49,64.97,69.09,72.56,75.64,78.6,81.79,85.65,93.7
Scotland,,1956,0.54,50.94,59.93,65.23,69.24,72.65,75.71,78.65,81.79,85.63,93.49
Scotland,,1957,0.55,50.68,59.67,65.12,69.24,72.75,75.89,78.95,82.18,86.08,93.86
Scotland,,1958,0.59,51.12,60.02,65.31,69.33,72.74,75.83,78.88,82.02,85.86,93.91
Scotland,,1959,0.57,51.33,60.03,65.28,69.29,72.7,75.79,78.8,81.94,85.84,93.76
Scotland,,1960,0.66,51.63,60.29,65.55,69.57,72.97,76.12,79.15,82.29,86.2,94.2
Scotland,,1961,0.7,51.55,60.18,65.27,69.32,72.75,75.89,78.85,82,85.9,93.74
Scotland,,1962,0.64,51.45,60.2,65.43,69.54,72.96,76.05,79.02,82.24,86.25,94.25
Scotland,,1963,0.73,51.27,59.97,65.07,69.1,72.6,75.7,78.74,81.97,85.88,94.03
Scotland,,1964,0.89,52.06,60.52,65.68,69.76,73.25,76.49,79.64,82.99,87.05,95.18
Scotland,,1965,1.97,51.75,60.5,65.63,69.67,73.13,76.27,79.33,82.77,86.77,94.86
Scotland,,1966,1.97,51.79,60.58,65.76,69.81,73.22,76.33,79.41,82.65,86.6,94.66
Scotland,,1967,2.83,52.59,61.15,66.44,70.46,73.94,77.13,80.3,83.59,87.62,95.96
Scotland,,1968,2.67,52.29,60.88,66.06,70.06,73.47,76.57,79.66,83.02,86.98,95.08
Scotland,,1969,2.85,52.34,60.7,65.95,69.93,73.36,76.44,79.66,83.02,87.09,95.02
Scotland,,1970,3.93,52.21,60.77,65.96,70.03,73.5,76.63,79.78,83.18,87.26,95.3
Scotland,,1971,4.31,52.6,61.23,66.46,70.48,73.94,77.11,80.28,83.72,87.76,96.26
Scotland,,1972,5.27,52.31,60.93,66.2,70.16,73.57,76.77,79.78,83.11,87.19,95.34
Scotland,,1973,4.83,52.4,60.86,66.21,70.28,73.71,76.93,80.07,83.39,87.44,95.59
Scotland,,1974,4.93,52.48,61.01,66.23,70.34,73.78,77.06,80.19,83.55,87.56,95.39
Scotland,,1975,7.09,52.91,61.33,66.59,70.66,74.18,77.38,80.58,83.91,88.01,95.92
Scotland,,1976,12.03,52.98,61.23,66.49,70.53,73.97,77.15,80.31,83.62,87.63,95.64
Scotland,,1977,11.06,53.3,61.59,66.9,71.09,74.55,77.7,80.91,84.24,88.4,96.55
Scotland,,1978,14.52,53.01,61.33,66.49,70.57,74.08,77.33,80.5,83.87,88.01,96.35
Scotland,,1979,14.48,53.19,61.4,66.56,70.59,74.16,77.36,80.51,83.91,88.01,96.24
Scotland,,1980,15.88,53.84,61.97,67.13,71.3,74.73,77.9,81.05,84.43,88.62,96.82
Scotland,,1981,17.7,54.1,62.12,67.42,71.33,74.73,77.98,81.06,84.45,88.6,96.78
Scotland,,1982,17.23,54.42,62.25,67.4,71.4,74.8,77.91,80.98,84.32,88.42,96.44
Scotland,,1983,18.45,54.83,62.5,67.61,71.6,75.06,78.26,81.39,84.67,88.81,97.07
Scotland,,1984,17.48,55.07,62.83,67.91,71.89,75.3,78.49,81.63,85.03,89.31,97.38
Scotland,,1985,18.76,55.46,63.02,68.02,71.8,75.18,78.31,81.46,84.81,89.02,97.11
Scotland,,1986,20.15,55.47,63.14,68.12,72.01,75.43,78.62,81.71,85.03,89.13,97.07
Scotland,,1987,20.15,55.86,63.47,68.37,72.27,75.68,78.79,82.04,85.39,89.53,97.94
Scotland,,1988,20.41,55.67,63.46,68.33,72.4,75.82,79.05,82.21,85.54,89.74,97.99
Scotland,,1989,20.16,56.11,63.68,68.52,72.38,75.65,78.76,81.88,85.11,89.14,96.99
Scotland,,1990,20.93,56.45,64.16,68.93,72.89,76.26,79.37,82.44,85.78,89.97,98.17
Scotland,,1991,20.24,56.56,64.41,69.24,73.1,76.48,79.62,82.71,86,90.07,98.25
Scotland,,1992,22.1,56.78,64.63,69.41,73.25,76.6,79.7,82.77,86.09,90.26,98.32
Scotland,,1993,22.14,56.67,64.57,69.3,73.08,76.37,79.37,82.39,85.66,89.62,97.33
Scotland,,1994,22.9,56.88,65,69.82,73.66,77.1,80.23,83.35,86.65,90.73,98.48
Scotland,,1995,22.13,57.14,65.09,69.94,73.76,77.14,80.19,83.25,86.48,90.57,98.25
Scotland,,1996,21.58,56.84,65.02,70.02,73.85,77.24,80.37,83.35,86.54,90.56,98.29
Scotland,,1997,23.45,57.11,65.47,70.48,74.27,77.54,80.67,83.63,86.83,90.88,98.5
Scotland,,1998,22.07,57.28,65.58,70.58,74.39,77.71,80.88,83.92,87.11,91,98.6
Scotland,,1999,22.76,57.21,65.77,70.83,74.58,77.84,80.84,83.8,86.9,90.66,98.21
Scotland,,2000,23.77,57.69,66.13,71.21,75.05,78.32,81.31,84.25,87.42,91.34,98.97
Scotland,,2001,23.27,57.57,66.17,71.55,75.36,78.67,81.62,84.56,87.64,91.49,98.85
Scotland,,2002,22.94,57.6,66.2,71.52,75.38,78.72,81.72,84.62,87.69,91.37,98.76
Scotland,,2003,23.59,58.25,66.48,71.8,75.66,78.89,81.83,84.71,87.67,91.27,98.48
Scotland,,2004,24.38,58.41,67.03,72.34,76.2,79.46,82.34,85.18,88.19,91.88,99.16
Scotland,,2005,24.83,58.7,67.34,72.69,76.51,79.67,82.61,85.42,88.38,92.06,99.15
Scotland,,2006,24.78,58.56,67.4,72.87,76.84,80.05,82.88,85.72,88.66,92.4,99.51
Scotland,,2007,24.26,58.65,67.62,72.92,76.87,80.14,82.98,85.77,88.66,92.24,99.33
Scotland,,2008,25.38,58.85,67.92,73.27,77.22,80.37,83.21,85.95,88.83,92.44,99.34
Scotland,,2009,26.64,59.47,68.45,73.75,77.8,80.95,83.81,86.49,89.3,92.94,99.9
Scotland,,2010,27.37,59.8,68.74,74.05,77.95,81.12,83.92,86.69,89.6,93.01,99.89
Scotland,,2011,27.92,60.09,69.16,74.35,78.28,81.45,84.25,86.91,89.72,93.23,100.18
Scotland,,2012,28.96,60.54,69.49,74.58,78.38,81.48,84.26,86.91,89.63,92.99,99.77
Scotland,,2013,29.95,60.65,69.69,74.77,78.61,81.75,84.46,87.07,89.87,93.2,100.13
Scotland,,2014,30.62,61.02,69.99,75.15,78.89,82.07,84.72,87.29,90.04,93.48,100.29
Scotland,,2015,30.61,60.7,69.72,74.73,78.56,81.74,84.46,87.09,89.72,92.89,99.58
Scotland,,2016,28.8,59.96,69.42,74.86,78.78,81.95,84.71,87.32,90.05,93.41,100.05
Scotland,,2017,30.46,60.45,69.81,75.14,78.83,81.97,84.7,87.26,89.96,93.19,99.87
Scotland,,2018,28.57,59.91,69.55,75.01,78.79,81.89,84.69,87.37,90.06,93.36,100.15
Scotland,,2019,28.72,59.88,69.61,75.19,79.1,82.2,84.96,87.59,90.29,93.64,100.16
Scotland,,2020,28.3,58.92,68.84,74.44,78.28,81.34,84.13,86.78,89.51,92.79,99.4
Scotland,,2021,28.62,58.54,68.48,74.25,78.27,81.47,84.26,86.96,89.79,93.16,99.94
Scotland,,2022,30.76,59.69,69.26,74.81,78.75,81.88,84.64,87.25,89.97,93.2,99.93
Slovakia,SVK,1950,0.09,28.28,53.35,62.12,67.67,71.86,75.39,78.7,81.99,86.01,94.31
Slovakia,SVK,1951,0.1,29.82,53.82,62.58,67.97,72.2,75.49,78.65,81.91,85.63,93.74
Slovakia,SVK,1952,0.15,40.36,56.84,64.31,69.12,72.8,75.86,78.89,81.97,85.86,93.63
Slovakia,SVK,1953,0.19,44.17,58.37,65,69.41,73.09,76.08,79.11,82.19,85.82,93.32
Slovakia,SVK,1954,0.24,46.67,59.34,65.5,69.65,73.07,76.07,78.92,81.89,85.59,93.12
Slovakia,SVK,1955,0.28,48.03,59.95,66.12,70.4,73.86,76.88,79.8,82.78,86.4,93.9
Slovakia,SVK,1956,0.32,49.22,60.52,66.44,70.56,73.87,76.94,79.79,82.81,86.63,94.24
Slovakia,SVK,1957,0.27,48.5,60.09,65.87,69.96,73.42,76.45,79.26,82.25,85.73,92.97
Slovakia,SVK,1958,0.38,50.81,61.46,67.26,71.27,74.65,77.6,80.41,83.3,86.84,94.13
Slovakia,SVK,1959,0.45,50.37,61.15,66.6,70.67,73.86,76.78,79.69,82.66,86.17,93.4
Slovakia,SVK,1960,0.54,52.1,62.36,67.89,71.84,74.98,77.86,80.57,83.48,87,94.73
Slovakia,SVK,1961,0.6,52.73,62.7,68.16,72.12,75.26,78.08,80.9,83.76,87.43,95.08
Slovakia,SVK,1962,0.82,52.95,62.44,67.69,71.48,74.64,77.34,79.95,82.8,86.24,93.21
Slovakia,SVK,1963,0.61,52.39,62.59,68.03,72.02,75.28,78.12,80.8,83.73,87.3,94.52
Slovakia,SVK,1964,0.68,52.63,62.83,68.35,72.23,75.51,78.41,81.1,84.04,87.63,95.02
Slovakia,SVK,1965,0.58,52.03,62.49,67.81,71.68,74.88,77.73,80.46,83.35,86.85,94.13
Slovakia,SVK,1966,0.64,52.05,62.49,67.77,71.7,74.91,77.81,80.59,83.41,86.85,94.23
Slovakia,SVK,1967,0.81,52.28,62.66,68.03,71.94,75.28,78.32,81.07,83.91,87.55,94.83
Slovakia,SVK,1968,0.91,51.59,61.88,67.39,71.43,74.76,77.65,80.48,83.5,87.08,94.26
Slovakia,SVK,1969,0.67,50.73,61.3,66.84,70.77,74.1,77.03,79.96,83.13,86.81,94.35
Slovakia,SVK,1970,0.75,50.5,61.1,66.69,70.78,74,76.96,79.72,82.73,86.5,94.04
Slovakia,SVK,1971,0.89,50.61,61.18,66.76,70.78,74,76.9,79.78,82.82,86.65,94.23
Slovakia,SVK,1972,0.74,50.66,61.44,67.25,71.35,74.73,77.72,80.6,83.6,87.35,95.11
Slovakia,SVK,1973,0.71,50.7,61.01,66.92,71.03,74.41,77.38,80.26,83.17,86.92,94.55
Slovakia,SVK,1974,1.12,50.96,61.14,66.87,70.94,74.28,77.25,80.15,83.23,86.94,94.38
Slovakia,SVK,1975,1.15,51.08,61.23,67.02,71.23,74.58,77.46,80.33,83.27,87.02,94.57
Slovakia,SVK,1976,0.91,51.35,61.28,67.19,71.32,74.64,77.67,80.56,83.53,87.18,94.96
Slovakia,SVK,1977,3.05,51.06,60.97,66.8,71.07,74.41,77.43,80.33,83.31,86.91,94.5
Slovakia,SVK,1978,2.6,50.98,60.79,66.76,70.96,74.36,77.44,80.35,83.38,87.29,94.97
Slovakia,SVK,1979,3.54,51.4,61.1,67.03,71.23,74.62,77.64,80.55,83.55,87.34,94.81
Slovakia,SVK,1980,3.87,51.43,60.67,66.6,70.75,74.15,77.18,80.08,83.08,86.81,94.25
Slovakia,SVK,1981,5.93,51.18,60.59,66.56,70.91,74.39,77.53,80.42,83.45,87.21,95
Slovakia,SVK,1982,6.86,51.67,60.82,66.58,70.85,74.35,77.5,80.34,83.37,87.07,94.9
Slovakia,SVK,1983,8.64,51.26,60.37,66.09,70.48,74.05,77.2,80.08,83.09,86.8,94.48
Slovakia,SVK,1984,9.17,51.32,60.41,66.2,70.64,74.23,77.3,80.33,83.42,87.25,94.57
Slovakia,SVK,1985,10.3,51.35,60.46,66.14,70.63,74.18,77.35,80.32,83.38,87.17,94.77
Slovakia,SVK,1986,14.6,51.86,60.67,66.26,70.71,74.26,77.27,80.24,83.29,87.02,94.41
Slovakia,SVK,1987,14.35,51.56,60.45,66.15,70.51,74.23,77.49,80.52,83.68,87.52,95.35
Slovakia,SVK,1988,16.12,51.62,60.63,66.21,70.49,74.2,77.52,80.54,83.72,87.57,95.31
Slovakia,SVK,1989,15.51,51.41,60.25,65.83,70.3,74.08,77.43,80.46,83.59,87.38,94.95
Slovakia,SVK,1990,16.94,50.86,59.86,65.63,70.02,73.93,77.3,80.47,83.59,87.47,94.97
Slovakia,SVK,1991,15.16,51.1,60.17,65.78,70.32,74.06,77.38,80.48,83.69,87.53,95.14
Slovakia,SVK,1992,17.35,51.75,60.56,66.25,70.59,74.38,77.8,80.85,84.04,87.92,95.69
Slovakia,SVK,1993,18.56,52.45,61.24,66.83,71.1,74.64,78.02,81.03,84.23,88.06,95.58
Slovakia,SVK,1994,18.74,53.17,61.87,67.28,71.59,75.11,78.49,81.45,84.59,88.42,95.88
Slovakia,SVK,1995,18.75,53.21,61.9,67.29,71.5,74.99,78.27,81.32,84.45,88.23,95.73
Slovakia,SVK,1996,19.57,53.83,62.32,67.7,71.9,75.42,78.68,81.72,84.84,88.67,95.95
Slovakia,SVK,1997,19.44,53.36,62.18,67.72,71.9,75.34,78.59,81.7,84.84,88.66,95.98
Slovakia,SVK,1998,19.17,53.18,62.06,67.6,71.79,75.34,78.43,81.61,84.73,88.54,96.27
Slovakia,SVK,1999,20.78,53.66,62.32,67.86,72.16,75.68,78.8,81.89,85.04,88.85,96.39
Slovakia,SVK,2000,21.08,54.06,62.78,68.22,72.38,75.84,78.96,81.95,85.01,88.79,96.22
Slovakia,SVK,2001,22.57,54.42,62.95,68.39,72.58,76.17,79.33,82.25,85.44,89.09,96.41
Slovakia,SVK,2002,22.02,54.5,63.16,68.72,73,76.52,79.61,82.46,85.68,89.37,96.73
Slovakia,SVK,2003,21.7,54.58,63.28,68.87,73.1,76.64,79.68,82.63,85.66,89.41,96.82
Slovakia,SVK,2004,22.29,55.16,63.81,69.32,73.47,76.89,79.9,82.84,85.94,89.66,96.95
Slovakia,SVK,2005,23.71,55,63.66,69.3,73.52,76.98,79.99,82.78,85.66,89.46,96.63
Slovakia,SVK,2006,23.94,55.18,64.03,69.57,73.72,77.11,80.12,83,85.97,89.7,96.79
Slovakia,SVK,2007,23.74,55.14,63.85,69.53,73.88,77.33,80.33,83.15,86.08,89.77,96.9
Slovakia,SVK,2008,23.55,55.47,64.23,69.93,74.1,77.61,80.74,83.61,86.46,90.19,97.01
Slovakia,SVK,2009,24.55,55.98,64.47,70.31,74.56,78.04,81.14,83.9,86.78,90.22,97.16
Slovakia,SVK,2010,25.6,56.59,65.08,70.72,74.92,78.26,81.17,83.95,86.82,90.19,97.27
Slovakia,SVK,2011,25.93,56.88,65.49,71.26,75.43,78.79,81.75,84.52,87.35,90.79,97.75
Slovakia,SVK,2012,25.46,57.36,65.74,71.46,75.66,79.03,81.93,84.66,87.43,90.87,97.61
Slovakia,SVK,2013,26.59,57.86,66.11,71.76,75.91,79.32,82.12,84.88,87.8,91.18,97.96
Slovakia,SVK,2014,27.26,58.03,66.48,72.08,76.32,79.65,82.5,85.31,88.2,91.6,99.12
Slovakia,SVK,2015,26.03,57.8,66.17,71.84,76.16,79.48,82.31,84.99,87.91,91.42,98.04
Slovakia,SVK,2016,28.48,58.6,66.81,72.32,76.58,80.01,82.87,85.57,88.49,91.97,98.65
Slovakia,SVK,2017,27.97,58.6,66.84,72.38,76.63,79.96,82.81,85.48,88.32,91.81,98.62
Slovakia,SVK,2018,27.37,58.39,66.76,72.45,76.7,80.06,82.92,85.57,88.37,92.08,99.36
Slovakia,SVK,2019,27.58,58.87,67.15,72.7,76.94,80.42,83.35,86.05,88.86,92.67,100.04
Slovenia,SVN,1983,14.05,51.01,60.27,66.57,70.97,74.43,77.41,80.31,83.28,87.04,94.44
Slovenia,SVN,1984,14.86,51.31,60.83,67.17,71.55,74.98,78,80.73,83.62,87.42,94.9
Slovenia,SVN,1985,16.13,52.1,61.33,67.53,71.79,75.31,78.26,81.08,83.94,87.63,95.06
Slovenia,SVN,1986,16.17,52.83,62.12,68.24,72.41,75.69,78.68,81.45,84.38,87.98,95.41
Slovenia,SVN,1987,17.56,52.37,61.23,67.52,72.18,75.83,78.83,81.63,84.51,88.06,95.78
Slovenia,SVN,1988,17.49,53.17,62.23,68.19,72.72,76.23,79.3,82.13,85,88.76,96.82
Slovenia,SVN,1989,18.54,53.39,62.48,68.69,73.09,76.6,79.68,82.53,85.53,89.22,96.36
Slovenia,SVN,1990,19.65,54.64,63.4,69.39,73.47,76.9,79.78,82.66,85.58,89.32,96.52
Slovenia,SVN,1991,19.77,53.85,62.76,68.95,73.12,76.7,79.68,82.56,85.48,89.1,96.59
Slovenia,SVN,1992,19.69,54.02,63.01,68.95,73.42,76.88,79.92,82.8,85.71,89.2,96.55
Slovenia,SVN,1993,20.67,53.7,62.67,68.67,73.11,76.79,79.79,82.54,85.48,89.15,96.13
Slovenia,SVN,1994,19.41,53.81,63.28,69.19,73.66,77.18,80.18,83.05,85.95,89.68,96.74
Slovenia,SVN,1995,21.19,55.01,64.09,69.69,74.03,77.63,80.63,83.48,86.45,89.94,96.75
Slovenia,SVN,1996,21.93,55.19,64.5,70.12,74.53,78.06,81.09,83.87,86.7,90.36,97.05
Slovenia,SVN,1997,22.64,55.5,64.46,70.24,74.77,78.1,81.07,83.86,86.77,90.23,96.78
Slovenia,SVN,1998,21.74,55.59,64.82,70.32,74.6,78.16,81.29,84,86.93,90.43,97.2
Slovenia,SVN,1999,23.24,55.87,65,70.48,74.85,78.5,81.63,84.28,87.17,90.7,97.69
Slovenia,SVN,2000,23.69,56.51,65.67,71.16,75.33,78.86,81.88,84.76,87.62,91.1,98.24
Slovenia,SVN,2001,24.19,56.63,65.8,71.28,75.62,79.23,82.16,85.12,87.9,91.43,98.81
Slovenia,SVN,2002,24.29,57.16,66.2,71.75,75.96,79.48,82.39,85.1,87.91,91.47,98.53
Slovenia,SVN,2003,24.8,56.96,66.26,71.65,75.82,79.3,82.23,85.01,87.86,91.2,98.27
Slovenia,SVN,2004,24.84,57.54,66.95,72.56,76.63,80.04,82.85,85.73,88.68,92.07,99.47
Slovenia,SVN,2005,25.39,58.52,67.72,73.19,77.04,80.35,83.19,85.79,88.52,91.62,98.77
Slovenia,SVN,2006,26.58,58.61,68.09,73.64,77.67,80.96,83.78,86.41,89.24,92.49,99.63
Slovenia,SVN,2007,25.74,59.02,68.29,73.77,77.78,81.03,83.9,86.54,89.37,92.6,99.2
Slovenia,SVN,2008,28.51,59.7,69.15,74.58,78.47,81.58,84.32,86.92,89.58,92.97,99.42
Slovenia,SVN,2009,29.91,60.46,69.25,74.74,78.62,81.73,84.39,86.89,89.58,93,99.37
Slovenia,SVN,2010,31.77,60.73,69.94,75.31,79.12,82.13,84.8,87.27,89.92,93.27,99.78
Slovenia,SVN,2011,32.95,61.39,70.24,75.75,79.44,82.45,85.24,87.63,90.16,93.27,99.56
Slovenia,SVN,2012,33.71,61.33,70.33,75.79,79.55,82.53,85.12,87.59,90.18,93.32,99.54
Slovenia,SVN,2013,32.1,61.81,70.55,76.02,79.86,82.73,85.38,87.91,90.46,93.49,100.02
Slovenia,SVN,2014,35.19,62.96,71.49,76.8,80.53,83.41,85.92,88.26,90.78,93.87,100
Slovenia,SVN,2015,33.13,62.43,71.06,76.41,80.27,83.23,85.74,88.14,90.73,93.76,100.14
Slovenia,SVN,2016,31.92,62.95,71.66,76.96,80.77,83.62,86.08,88.41,90.98,94.11,99.99
Slovenia,SVN,2017,34.81,63.16,71.48,76.8,80.51,83.44,85.94,88.37,90.89,93.96,99.7
Slovenia,SVN,2018,35.72,63.51,71.71,77.01,80.79,83.71,86.2,88.54,91.08,94.23,100.16
Slovenia,SVN,2019,34.92,63.84,71.84,76.99,80.87,84,86.51,88.85,91.32,94.36,101.1
South Korea,KOR,2003,25.22,59.01,68.16,73.36,77.07,80.05,82.74,85.35,88.13,91.69,99.54
South Korea,KOR,2004,27.02,59.71,68.68,73.84,77.49,80.51,83.11,85.72,88.45,92.01,99.56
South Korea,KOR,2005,27.42,60.43,69.34,74.41,78,80.91,83.52,86.11,88.8,92.28,99.84
South Korea,KOR,2006,28.93,61.29,70.04,75.03,78.56,81.42,83.96,86.48,89.17,92.63,100.1
South Korea,KOR,2007,27.95,61.69,70.52,75.44,78.96,81.83,84.37,86.87,89.55,92.95,100.28
South Korea,KOR,2008,28.86,62.1,71.06,75.95,79.5,82.34,84.88,87.34,90.02,93.46,100.73
South Korea,KOR,2009,28.85,62.32,71.45,76.39,79.93,82.82,85.39,87.9,90.6,94.04,101.36
South Korea,KOR,2010,29.47,62.69,71.77,76.63,80.09,82.94,85.48,87.96,90.66,94.05,101.26
South Korea,KOR,2011,30.24,63.31,72.32,77.12,80.6,83.39,85.86,88.28,90.95,94.26,101.6
South Korea,KOR,2012,31.57,63.92,72.74,77.37,80.72,83.47,85.94,88.35,90.86,94.18,101.08
South Korea,KOR,2013,32.46,64.34,73.22,77.88,81.19,83.96,86.42,88.82,91.39,94.76,101.88
South Korea,KOR,2014,33.18,64.95,73.79,78.39,81.65,84.36,86.82,89.22,91.8,95.17,102.05
South Korea,KOR,2015,33.71,65.45,74.16,78.65,81.91,84.59,86.98,89.32,91.86,95.11,102.05
South Korea,KOR,2016,34.22,65.89,74.56,79.04,82.22,84.86,87.25,89.58,92.11,95.39,102.49
South Korea,KOR,2017,34.84,66.55,75.1,79.51,82.63,85.17,87.53,89.81,92.28,95.43,102.17
South Korea,KOR,2018,34.52,66.57,75.26,79.62,82.72,85.25,87.58,89.83,92.28,95.4,102.22
South Korea,KOR,2019,34.5,67.02,75.71,80.14,83.28,85.83,88.14,90.41,92.9,96.08,103.08
South Korea,KOR,2020,34.62,67.3,75.99,80.37,83.46,85.99,88.25,90.51,92.98,96.32,103.36
South Korea,KOR,2021,34.37,67.37,76.06,80.47,83.54,86.07,88.35,90.63,93.1,96.33,103.35
South Korea,KOR,2022,33.64,66.89,75.32,79.78,82.79,85.22,87.42,89.54,91.83,94.8,101.27
South Korea,KOR,2023,33.79,67.59,76.1,80.56,83.54,85.99,88.21,90.35,92.72,95.77,102.76
Spain,ESP,1908,0.06,0.79,3.09,23.01,40.61,54.3,62.34,68.61,73.03,79.11,90.6
Spain,ESP,1909,0.06,0.8,3.42,24.09,40.83,53.95,61.8,67.56,72.2,77.73,89.88
Spain,ESP,1910,0.06,0.71,2.96,23.48,41.5,54.7,62.66,68.19,73,77.97,89.96
Spain,ESP,1911,0.06,0.62,1.95,17.89,37.88,53.24,62.31,68.05,73.02,77.93,89.75
Spain,ESP,1912,0.07,0.97,4.56,27.58,45.22,57.04,64.07,69.53,73.97,78.61,90.4
Spain,ESP,1913,0.07,0.9,3.78,25.85,44.23,56.07,63.89,69.32,74.02,78.51,90.23
Spain,ESP,1914,0.07,0.91,4.57,26.77,44.88,56.5,63.8,69.34,73.95,78.24,90.01
Spain,ESP,1915,0.07,0.86,4.44,27.28,45.24,57.02,63.96,69.58,74.04,78.61,90.11
Spain,ESP,1916,0.07,0.99,5.8,29.33,46.82,57.94,64.37,69.75,74.14,79.01,90.25
Spain,ESP,1917,0.07,0.87,4.71,27.19,44.54,56.24,63.36,69.02,73.22,78.32,89.63
Spain,ESP,1918,0.06,0.64,1.95,7.18,21.15,29.53,39.55,53.07,64.39,72.59,85.93
Spain,ESP,1919,0.06,0.86,4.4,24.47,39.93,52.79,61.41,67.45,72.3,77.56,89.57
Spain,ESP,1920,0.05,0.67,2.65,19.73,36.74,51.84,61.53,67.66,72.84,77.91,89.92
Spain,ESP,1921,0.06,0.73,3.05,23.98,43.3,56.09,63.9,69.55,74.03,78.79,90.33
Spain,ESP,1922,0.07,0.95,5.33,29.44,46.92,58.14,64.75,69.93,74.49,79.24,90.6
Spain,ESP,1923,0.07,1.01,8.09,32.71,48.87,59.12,65.11,70.08,74.68,79.32,90.54
Spain,ESP,1924,0.07,1.11,14.27,35.62,50.54,60.04,65.96,70.69,75.34,79.98,91.92
Spain,ESP,1925,0.08,1.18,16.83,37.64,52.06,60.56,66.45,70.98,75.59,79.91,90.9
Spain,ESP,1926,0.08,1.26,18.13,38.71,52.68,61.23,67.07,71.75,76.06,80.38,92.35
Spain,ESP,1927,0.08,1.46,21.16,40.34,53.86,61.8,67.23,71.56,75.47,80.12,91.21
Spain,ESP,1928,0.08,1.3,19.67,40.5,54.44,62.33,67.81,72.18,76.17,81.7,93.3
Spain,ESP,1929,0.08,1.47,22.78,42.69,55.35,62.77,67.95,72.21,76.18,81.75,93.53
Spain,ESP,1930,0.07,1.22,21.86,42.97,55.98,63.53,68.74,72.92,76.99,82.4,94.12
Spain,ESP,1931,0.08,1.27,22.44,42.85,55.44,62.96,68.17,72.49,76.18,80.81,92.07
Spain,ESP,1932,0.09,1.75,26.56,46.73,57.96,64.5,69.51,73.42,77.11,82.27,93.66
Spain,ESP,1933,0.09,2.18,28.36,47.19,58.01,64.56,69.58,73.74,77.13,82.36,93.29
Spain,ESP,1934,0.09,2.39,29.87,48.49,59.06,65.13,69.89,74.06,77.37,82.59,93.84
Spain,ESP,1935,0.09,2.73,31.26,49.15,59.19,65.37,70.04,74.22,77.77,83.01,94.26
Spain,ESP,1936,0.09,2.91,27.5,43.8,55.47,63.13,68.59,73.22,77.37,82.38,93.8
Spain,ESP,1937,0.08,1.58,21.54,36.53,50.27,59.93,66.27,71.33,75.76,80.54,91
Spain,ESP,1938,0.08,2.1,22.29,38.03,50.89,59.86,65.56,70.21,74.74,79.58,89.58
Spain,ESP,1939,0.08,1.9,22.6,37.81,50.18,59.37,65.32,70.21,74.89,80.03,90.18
Spain,ESP,1940,0.07,1.85,24.91,41.81,54.38,62.42,68.05,72.63,76.91,82.16,92.21
Spain,ESP,1941,0.07,1.48,25.5,41.9,52.56,59.75,65.22,70.08,74.52,79.44,89.13
Spain,ESP,1942,0.09,3.43,31.14,48.08,58.22,64.67,69.76,73.83,77.6,82.57,92.54
Spain,ESP,1943,0.09,5.46,34.74,52.08,61.34,67.34,72.11,75.69,79.65,84.64,95
Spain,ESP,1944,0.11,13.58,38.16,53.94,62.4,67.85,72.46,76.05,79.8,84.62,94.62
Spain,ESP,1945,0.12,16.34,40.83,55.83,63.94,69.31,73.59,77.13,80.69,85.55,95.87
Spain,ESP,1946,0.12,18.93,42.52,55.69,63.08,68.14,72.54,76.24,79.68,84.47,94.44
Spain,ESP,1947,0.14,20.85,44.82,57.66,64.67,69.55,73.62,77.18,80.38,85.05,94.99
Spain,ESP,1948,0.15,23.53,48.08,59.67,66.27,71.03,74.93,78.36,82.11,86.63,96.57
Spain,ESP,1949,0.15,25.01,48.99,59.75,66.1,70.53,74.39,77.72,81.49,85.77,95.37
Spain,ESP,1950,0.15,26.17,50.97,61.18,67.21,71.5,75.01,78.2,81.97,86.15,95.75
Spain,ESP,1951,0.15,27.96,52.01,61.13,66.68,70.73,74.01,77.14,80.37,84.78,94.06
Spain,ESP,1952,0.18,36.56,56.19,64.04,69.33,72.98,76.21,79.44,82.91,87.11,96.55
Spain,ESP,1953,0.2,41.59,58.01,64.9,69.71,73.28,76.28,79.29,82.65,86.66,96.02
Spain,ESP,1954,0.21,44.29,59.22,65.84,70.5,74.06,77.06,80.02,83.45,87.43,96.58
Spain,ESP,1955,0.2,44.26,59.39,65.9,70.47,74.02,77.01,79.9,83.21,87.09,96.06
Spain,ESP,1956,0.23,46.01,59.46,65.69,70.02,73.5,76.39,79.16,82.33,86.07,94.73
Spain,ESP,1957,0.21,45.3,59.16,65.49,69.85,73.37,76.37,79.29,82.52,86.39,95.03
Spain,ESP,1958,0.25,48.87,61.43,67.48,71.77,75.09,77.97,80.85,84.02,87.84,96.85
Spain,ESP,1959,0.25,49.21,61.36,67.35,71.59,74.91,77.81,80.61,83.83,87.67,96.43
Spain,ESP,1960,0.28,50.42,61.93,67.71,71.86,75.06,77.95,80.7,83.87,87.65,96.12
Spain,ESP,1961,0.26,50.79,62.26,68.12,72.28,75.55,78.48,81.41,84.45,88.3,96.87
Spain,ESP,1962,0.31,51.18,62.2,67.84,71.92,75.08,77.97,80.85,83.88,87.64,95.96
Spain,ESP,1963,0.32,51.59,62.29,67.88,71.99,75.12,78.01,80.86,83.9,87.66,96.23
Spain,ESP,1964,0.33,52.35,62.9,68.5,72.57,75.76,78.65,81.51,84.43,88.3,96.71
Spain,ESP,1965,0.37,52.91,63.36,68.77,72.76,75.93,78.77,81.67,84.62,88.42,96.92
Spain,ESP,1966,0.4,53.21,63.44,68.91,72.92,76.09,78.91,81.8,84.74,88.51,96.77
Spain,ESP,1967,0.42,53.39,63.51,68.99,72.96,76.1,78.95,81.82,84.78,88.55,96.86
Spain,ESP,1968,0.48,53.89,63.9,69.23,73.13,76.25,79.04,81.86,84.79,88.5,96.77
Spain,ESP,1969,0.53,53.28,63.26,68.6,72.38,75.48,78.33,81.22,84.28,88.09,96.21
Spain,ESP,1970,0.6,54.06,64.16,69.55,73.43,76.54,79.36,82.18,85.08,88.81,96.63
Spain,ESP,1971,0.75,53.9,63.67,69.12,72.78,75.84,78.61,81.42,84.36,88.07,95.9
Spain,ESP,1972,2.09,54.97,64.71,70.12,73.86,76.99,79.78,82.54,85.4,89.04,96.92
Spain,ESP,1973,2.51,54.85,64.49,69.86,73.57,76.66,79.4,82.12,84.93,88.57,96.24
Spain,ESP,1974,3.69,55.26,64.79,70.12,73.84,76.87,79.64,82.34,85.19,88.84,96.63
Spain,ESP,1975,5.09,55.68,65.03,70.31,74.09,77.14,79.87,82.58,85.45,89.08,96.93
Spain,ESP,1976,7.34,56.01,65.29,70.52,74.29,77.34,80.07,82.78,85.65,89.26,97.08
Spain,ESP,1977,8.25,56.51,65.71,70.95,74.77,77.82,80.52,83.17,86.02,89.65,97.47
Spain,ESP,1978,9.2,56.58,65.89,71.13,74.92,77.99,80.72,83.39,86.24,89.86,97.76
Spain,ESP,1979,11,56.91,66.23,71.54,75.35,78.42,81.17,83.82,86.69,90.35,98.33
Spain,ESP,1980,14.28,57.51,66.75,72.01,75.75,78.81,81.54,84.16,86.96,90.55,98.34
Spain,ESP,1981,15.56,57.83,66.89,72.17,75.92,78.99,81.69,84.3,87.05,90.57,98.55
Spain,ESP,1982,17.6,58.37,67.44,72.7,76.41,79.45,82.15,84.8,87.62,91.25,99.18
Spain,ESP,1983,17.37,58.31,67.33,72.57,76.28,79.26,81.96,84.55,87.29,90.81,98.34
Spain,ESP,1984,18.46,58.47,67.52,72.83,76.56,79.6,82.34,84.96,87.76,91.26,99.07
Spain,ESP,1985,19.04,58.42,67.47,72.75,76.47,79.49,82.19,84.8,87.54,90.93,98.56
Spain,ESP,1986,18.98,58.64,67.75,73.06,76.8,79.83,82.55,85.18,87.95,91.41,98.93
Spain,ESP,1987,19.27,58.62,67.88,73.23,77.08,80.13,82.86,85.52,88.33,91.82,99.41
Spain,ESP,1988,19.67,58.4,67.8,73.25,77.11,80.18,82.91,85.52,88.31,91.74,99.16
Spain,ESP,1989,19.48,58.26,67.87,73.35,77.24,80.31,83.02,85.65,88.39,91.86,99.2
Spain,ESP,1990,19.38,58.29,67.97,73.37,77.26,80.34,83.07,85.68,88.44,91.82,98.93
Spain,ESP,1991,20.16,58.23,68.01,73.5,77.4,80.48,83.17,85.79,88.55,91.98,99.05
Spain,ESP,1992,21.01,58.6,68.42,73.9,77.8,80.91,83.64,86.25,89.03,92.47,99.61
Spain,ESP,1993,22.01,58.97,68.59,73.98,77.84,80.97,83.71,86.29,89.01,92.43,99.58
Spain,ESP,1994,23.37,59.23,68.95,74.36,78.22,81.31,84.03,86.63,89.34,92.76,99.75
Spain,ESP,1995,23.89,59.31,69.03,74.44,78.27,81.35,84.11,86.67,89.39,92.76,99.74
Spain,ESP,1996,23.99,59.5,69.28,74.64,78.41,81.49,84.21,86.79,89.48,92.84,99.77
Spain,ESP,1997,25.1,60.53,69.84,75.06,78.76,81.8,84.5,87.04,89.71,93.05,100.07
Spain,ESP,1998,25.34,60.99,70.1,75.19,78.79,81.78,84.43,86.97,89.62,92.9,99.76
Spain,ESP,1999,25.98,60.96,70.08,75.2,78.82,81.77,84.39,86.9,89.51,92.78,99.59
Spain,ESP,2000,26.06,61.36,70.49,75.65,79.29,82.25,84.89,87.41,90.06,93.33,100.47
Spain,ESP,2001,27.46,61.6,70.77,75.91,79.58,82.53,85.17,87.67,90.32,93.6,100.58
Spain,ESP,2002,27.43,61.78,70.99,76.1,79.7,82.64,85.22,87.68,90.33,93.55,100.41
Spain,ESP,2003,27.2,61.78,71.04,76.14,79.74,82.62,85.13,87.54,90.11,93.29,99.92
Spain,ESP,2004,28.74,62.39,71.58,76.68,80.26,83.13,85.65,88.08,90.66,93.89,100.71
Spain,ESP,2005,29.69,62.58,71.7,76.74,80.23,83.04,85.55,87.93,90.48,93.67,100.25
Spain,ESP,2006,31.12,63.04,72.2,77.31,80.84,83.7,86.2,88.59,91.14,94.36,101.02
Spain,ESP,2007,31.69,63.24,72.29,77.34,80.87,83.67,86.13,88.5,91.03,94.23,101.04
Spain,ESP,2008,32.9,63.56,72.69,77.72,81.21,83.97,86.41,88.76,91.26,94.39,101.09
Spain,ESP,2009,34.38,64.08,73.02,78.03,81.48,84.25,86.71,89.03,91.49,94.64,101.35
Spain,ESP,2010,36.15,64.49,73.41,78.42,81.85,84.61,87.06,89.37,91.82,94.93,101.6
Spain,ESP,2011,36.46,64.68,73.61,78.6,82.02,84.76,87.17,89.5,91.98,95.06,101.58
Spain,ESP,2012,37.22,64.96,73.79,78.69,82.08,84.76,87.11,89.37,91.76,94.8,101.21
Spain,ESP,2013,38.75,65.26,74.13,79.08,82.5,85.22,87.6,89.89,92.3,95.4,102.04
Spain,ESP,2014,38.98,65.5,74.3,79.22,82.65,85.36,87.75,90.02,92.43,95.51,102.21
Spain,ESP,2015,39.24,65.53,74.21,79.08,82.44,85.11,87.45,89.67,92.04,95.02,101.34
Spain,ESP,2016,39.29,65.75,74.44,79.38,82.84,85.53,87.89,90.15,92.52,95.53,102.03
Spain,ESP,2017,38.88,65.9,74.53,79.47,82.87,85.54,87.87,90.07,92.41,95.39,101.65
Spain,ESP,2018,38.95,65.93,74.61,79.56,82.95,85.64,87.98,90.2,92.56,95.53,101.82
Spain,ESP,2019,39.61,66.27,74.9,79.94,83.33,86.02,88.35,90.59,92.95,95.99,102.43
Spain,ESP,2020,38.78,65.36,73.67,78.54,81.95,84.66,87.04,89.29,91.64,94.62,100.9
Spain,ESP,2021,38.43,65.69,74.13,79.18,82.7,85.5,87.91,90.21,92.63,95.7,102.28
Spain,ESP,2022,37.79,65.98,74.43,79.41,82.92,85.63,88,90.2,92.51,95.46,101.65
Spain,ESP,2023,38.61,66.73,75.14,80.1,83.59,86.28,88.67,90.88,93.24,96.23,102.68
Sweden,SWE,1751,0.05,0.76,4.42,21.47,36.62,49.13,58.69,65.97,72.4,78.68,90.52
Sweden,SWE,1752,0.04,0.57,2.4,6.98,26.55,43.99,57.11,66.35,73.48,80.66,93.9
Sweden,SWE,1753,0.05,0.75,4.18,20.67,38.63,51.58,61.65,69.15,74.8,81.42,93.83
Sweden,SWE,1754,0.05,0.63,3.33,17.09,34.97,48.19,58.88,66.87,73.15,79.45,92.14
Sweden,SWE,1755,0.04,0.55,2.72,15.54,34.25,47.34,58.24,66.33,72.74,79.26,91.42
Sweden,SWE,1756,0.04,0.58,2.91,14.48,32.95,45.99,57.2,65.33,72.2,78.43,90.55
Sweden,SWE,1757,0.05,0.58,2.31,6.73,25.82,41.17,53.13,62.09,69.73,76.65,89.67
Sweden,SWE,1758,0.05,0.6,2.81,10.92,27.66,40.23,50.17,58.33,65.9,73.52,86.04
Sweden,SWE,1759,0.05,0.77,5.4,23.38,37.04,47.84,56.81,64.5,71.38,77.54,90.04
Sweden,SWE,1760,0.05,0.85,7.15,26.95,39.96,49.69,58.62,65.74,72.56,79.1,91.58
Sweden,SWE,1761,0.05,0.65,3.99,19.08,35.84,48.83,59.17,66.57,73.19,79.74,92.17
Sweden,SWE,1762,0.04,0.49,2.12,6.45,25.42,40.88,52.04,61.66,69.11,76.22,88.61
Sweden,SWE,1763,0.04,0.47,1.82,4.99,20.13,35.41,47.72,58.35,66.86,74.78,87.51
Sweden,SWE,1764,0.05,0.64,4.07,19.36,34.39,46.05,55.71,63.53,70.61,77.27,89.73
Sweden,SWE,1765,0.04,0.63,4.13,19.55,34.45,45.78,55,63.1,69.96,76.52,88.18
Sweden,SWE,1766,0.04,0.63,4.42,22.81,38.21,49.9,59.04,66.57,72.6,78.96,90.68
Sweden,SWE,1767,0.05,0.68,5.62,25.58,38.68,49.45,58.35,65.59,71.61,77.86,88.72
Sweden,SWE,1768,0.04,0.56,2.62,7.49,28.76,44.22,56.3,65.32,71.67,78.34,90.27
Sweden,SWE,1769,0.04,0.56,2.35,6.92,26.44,42.9,55.64,65.1,71.65,78.8,90.69
Sweden,SWE,1770,0.05,0.63,3.25,15.69,33.13,46.62,57.7,65.41,71.7,78.24,89.5
Sweden,SWE,1771,0.05,0.62,3.18,16.58,31.92,44.16,54.22,62.86,69.25,75.96,88.02
Sweden,SWE,1772,0.04,0.54,2.11,6.04,17.21,29.76,40.54,50.26,59.76,68.98,82.55
Sweden,SWE,1773,0.04,0.41,1.02,2.21,4.26,7.21,15.94,30.3,44.55,58.61,76.95
Sweden,SWE,1774,0.05,0.8,5.44,25.27,40.63,52.24,61.64,67.89,73.54,79.88,91.42
Sweden,SWE,1775,0.05,0.71,3.73,19.22,35.75,48.72,59.02,66.06,72.26,78.71,88.44
Sweden,SWE,1776,0.06,1.09,9.73,28.87,42,52.77,60.69,66.84,73.04,79.38,90.35
Sweden,SWE,1777,0.05,0.76,3.87,20.6,35.36,48.11,58.64,65.93,71.66,77.99,90.36
Sweden,SWE,1778,0.05,0.58,2.37,6.88,28.39,44.42,57.24,65.77,71.84,78.37,89.15
Sweden,SWE,1779,0.05,0.53,1.73,4.29,14.47,36.04,53.5,64.97,71.44,78.34,91.14
Sweden,SWE,1780,0.06,1.01,6.51,28.39,43.92,56.2,64.44,69.07,73.8,79.79,91.18
Sweden,SWE,1781,0.05,0.77,3.85,16.46,34.28,48.51,59.22,65.76,70.9,77.44,89.33
Sweden,SWE,1782,0.05,0.77,3.68,17.92,33.03,45.41,55.76,63.81,68.99,75.33,86.61
Sweden,SWE,1783,0.05,0.63,2.33,6.45,22.39,39.04,52.88,62.99,69.35,76.29,88.48
Sweden,SWE,1784,0.05,0.58,1.88,4.43,14.1,32.16,47.95,60.59,68.5,75.87,88.29
Sweden,SWE,1785,0.05,0.64,2.39,6.69,21.77,37.67,52.25,62.83,69.2,76.17,87.95
Sweden,SWE,1786,0.05,0.7,5.39,24.01,38.65,49.54,58.16,64.4,70.28,76.38,87.93
Sweden,SWE,1787,0.05,0.89,7.95,28.86,42.1,51.82,59.99,65.89,71.58,77.42,88.44
Sweden,SWE,1788,0.05,0.62,3.2,17.99,35.4,48.16,57.98,65.01,71.24,77.26,87.74
Sweden,SWE,1789,0.04,0.58,2.63,10.97,24.76,34.84,44.62,55.29,65.38,73.99,86.53
Sweden,SWE,1790,0.05,0.65,3.06,12.51,27.09,39.19,49.92,59.8,67.76,75.1,87.41
Sweden,SWE,1791,0.05,0.77,5.14,24.13,38.82,49.43,58.09,64.58,70.46,76.42,87.68
Sweden,SWE,1792,0.05,0.69,5.04,25.65,41.75,53.52,61.99,68.05,73.17,78.83,89.56
Sweden,SWE,1793,0.05,0.73,4.46,24.59,41.3,52.8,61.44,67.48,72.84,78.69,89.48
Sweden,SWE,1794,0.05,0.87,5.4,25.53,41.49,52.91,61.6,67.74,73.12,78.81,89.43
Sweden,SWE,1795,0.05,0.7,3.41,17.97,35,46.98,56.66,63.64,69.59,75.39,85.82
Sweden,SWE,1796,0.05,0.68,3.54,20.43,39.69,51.93,61.22,67.61,72.81,78.39,89.62
Sweden,SWE,1797,0.05,0.73,5.2,27.77,42.93,53.8,61.96,68,73.35,78.54,89.92
Sweden,SWE,1798,0.05,0.89,7.75,29.12,43.65,54.45,62.52,68.38,73.49,78.61,89.44
Sweden,SWE,1799,0.05,0.79,5.37,26.37,40.88,51.57,59.97,66.16,71.47,76.77,87.18
Sweden,SWE,1800,0.04,0.52,1.85,5.4,24.61,40.79,51.85,60.49,67.37,73.93,84.73
Sweden,SWE,1801,0.05,0.62,2.92,17.27,35.77,48.57,57.69,64.9,71.22,76.93,87.54
Sweden,SWE,1802,0.05,0.79,5.83,27.15,42.79,53.34,60.88,66.87,72.31,77.73,88.78
Sweden,SWE,1803,0.05,0.85,6.65,27.08,42.16,52.85,60.46,66.75,72.32,77.85,89
Sweden,SWE,1804,0.05,0.89,8.27,27.2,41.28,51.81,59.42,65.64,71.25,76.81,87.89
Sweden,SWE,1805,0.06,0.96,8.94,28.79,43.07,53.44,60.91,66.92,72.25,77.88,88.88
Sweden,SWE,1806,0.04,0.59,2.85,17.98,34.53,47.68,57.07,64.29,70.77,76.87,87.92
Sweden,SWE,1807,0.05,0.84,6.53,25.29,39.2,50.12,58.2,64.42,70.31,76.35,87.22
Sweden,SWE,1808,0.05,0.58,2.54,8.07,21.39,33.48,45.35,55.4,63.57,71.67,83.97
Sweden,SWE,1809,0.05,0.58,2.09,5.51,14.94,27.21,38.3,48.54,57.83,67.31,81.59
Sweden,SWE,1810,0.05,0.6,2.33,7.71,23.98,37.84,49.2,57.99,65.27,73,84.81
Sweden,SWE,1811,0.05,0.64,2.9,14.35,30.47,42.59,52.75,60.89,67.89,75.09,86.96
Sweden,SWE,1812,0.05,0.68,3.18,20.41,33.97,44.1,52.59,60.04,66.32,73.1,84.62
Sweden,SWE,1813,0.06,0.76,3.22,17.71,33.3,45.58,54.86,62.39,68.63,75.29,86.93
Sweden,SWE,1814,0.05,0.73,3.33,20.91,37.19,49.75,58.79,65.41,71.18,77.31,88.28
Sweden,SWE,1815,0.06,0.86,5.87,26.29,40.67,51.99,60.43,66.8,72.29,78.28,89.08
Sweden,SWE,1816,0.05,0.85,8.45,30.79,44.84,55.36,62.71,68.46,73.71,79.23,89.44
Sweden,SWE,1817,0.06,0.9,6.33,26.88,41.55,52.24,60.26,66.32,71.76,77.49,88.34
Sweden,SWE,1818,0.06,0.96,6.19,26.12,40.55,51.32,59.22,65.69,71.33,77.33,88.61
Sweden,SWE,1819,0.05,0.8,4.18,19.93,35,46.43,55.63,62.86,69.03,75.37,86.59
Sweden,SWE,1820,0.06,1.02,7.03,27.1,40.47,50.79,58.87,65.23,71.04,77.08,87.49
Sweden,SWE,1821,0.05,0.76,3.25,18.29,36.37,48.85,58.29,65.3,71.49,77.81,88.53
Sweden,SWE,1822,0.06,1.17,13.23,32.4,44.9,54.77,61.91,67.7,73.08,78.77,89.2
Sweden,SWE,1823,0.07,1.73,21.69,37.88,48.52,56.94,63.32,68.81,73.82,79.33,89.44
Sweden,SWE,1824,0.07,1.62,18.28,35.79,48.31,57.35,63.8,69.5,74.5,80.26,90.54
Sweden,SWE,1825,0.06,1.58,20.1,36.52,48.8,58.08,64.48,70.3,75.12,80.62,90.4
Sweden,SWE,1826,0.06,1.25,17.56,34.4,46.15,55.28,62.3,67.89,73.04,78.55,88.56
Sweden,SWE,1827,0.07,1.6,18.07,33.36,44.25,52.87,60.26,66.13,71.72,77.39,87.49
Sweden,SWE,1828,0.06,0.87,4.77,23.25,36.59,46.68,55.14,62.69,69.12,75.88,87.12
Sweden,SWE,1829,0.05,0.72,4.12,22.62,35.78,45.64,54.05,61.44,67.69,74.48,85.25
Sweden,SWE,1830,0.06,1.05,12.59,31.59,42.97,52.11,59.69,65.83,71.28,76.97,87.45
Sweden,SWE,1831,0.05,0.85,7.97,28.55,40.61,50.15,57.75,63.97,69.48,75.44,85.72
Sweden,SWE,1832,0.06,1.05,8.4,29.01,42.03,51.76,59.36,65.57,71.28,77.34,87.92
Sweden,SWE,1833,0.06,1.17,13.8,32.33,44.28,53.67,61.29,67.62,73.08,79.11,89.3
Sweden,SWE,1834,0.06,1.11,10.48,27.4,37.42,46.23,54.36,62.07,69.26,76.25,87.54
Sweden,SWE,1835,0.07,2.31,24.7,40.04,51.07,59.22,65.54,70.66,75.4,80.67,90.21
Sweden,SWE,1836,0.07,1.59,19.3,36.95,48.98,57.64,64.26,69.56,74.17,79.34,88.93
Sweden,SWE,1837,0.05,0.83,7.11,29.03,41.5,51.38,58.81,65.19,70.73,76.27,86.37
Sweden,SWE,1838,0.06,1.1,9.23,28.97,40.96,50.42,57.9,64.35,70.32,76.16,86.44
Sweden,SWE,1839,0.06,1.13,8.49,27.21,39.39,49.14,57.21,64.34,70.65,76.95,87.59
Sweden,SWE,1840,0.07,1.68,18.22,35.04,46.11,55.09,62.44,68.03,73.1,78.67,88.67
Sweden,SWE,1841,0.06,1.72,20.68,37.18,48.64,57.37,64.27,69.45,74.21,79.51,89.23
Sweden,SWE,1842,0.06,1.24,13.05,32.28,44.75,54.73,62.16,67.96,73.28,78.91,88.99
Sweden,SWE,1843,0.06,1.49,13.75,32.91,45.02,54.42,61.66,67.35,72.54,78.06,88.02
Sweden,SWE,1844,0.07,1.73,12.56,33.94,46.51,55.88,63,68.51,73.65,79.09,88.9
Sweden,SWE,1845,0.07,1.95,21.43,38.53,49.92,58.34,64.9,70.04,74.93,80.16,89.92
Sweden,SWE,1846,0.06,1.16,9.45,30.46,43.83,53.69,61.53,67.35,72.54,78.12,87.92
Sweden,SWE,1847,0.06,0.95,6.17,27.54,41.88,51.82,59.21,65.47,70.61,76.41,86.68
Sweden,SWE,1848,0.07,1.93,20.1,37.52,48.32,56.63,63.42,68.43,73.32,78.87,88.43
Sweden,SWE,1849,0.07,1.64,14.43,35.2,47.9,56.89,63.79,68.98,73.91,79.51,89.1
Sweden,SWE,1850,0.07,1.95,17.64,35.26,47.23,56.4,63.67,69.12,74.09,79.66,89.26
Sweden,SWE,1851,0.07,1.55,13.92,33.86,46.11,55.5,62.66,68.37,73.27,78.72,88.91
Sweden,SWE,1852,0.06,1.21,8.39,29.49,42.8,52.54,60.18,66.37,71.52,77.23,87.47
Sweden,SWE,1853,0.06,1.1,6.8,27.35,39.73,49.54,57.72,64.6,70.55,76.86,88.26
Sweden,SWE,1854,0.08,1.67,11.46,33.14,46.15,56.1,63.41,69.11,74.08,79.7,89.81
Sweden,SWE,1855,0.07,1.61,11.38,31.76,44.72,54.47,61.65,67.27,72.46,78.07,88.3
Sweden,SWE,1856,0.07,1.25,6.52,27.04,43.25,54.14,61.6,67.66,72.92,78.33,88.27
Sweden,SWE,1857,0.06,0.83,3.24,7.91,23.7,40.21,52.29,61.82,69.13,76.06,87.27
Sweden,SWE,1858,0.07,1.26,6.33,25.4,41.67,53.59,61.84,68.11,73.69,79.51,89.82
Sweden,SWE,1859,0.07,1.54,10.41,31.28,45.72,56.67,64.02,70.01,75.19,81.09,90.56
Sweden,SWE,1860,0.08,2.28,22.23,40.8,53.1,61.01,67.09,71.94,76.49,81.66,90.73
Sweden,SWE,1861,0.08,1.6,17.2,38.6,51.27,60.04,66.31,71.47,76.05,81.22,90.81
Sweden,SWE,1862,0.07,1.05,4.49,24.28,43.19,55.13,63.03,69.1,74.42,80,89.77
Sweden,SWE,1863,0.08,1.44,7.64,32.37,48.79,58.89,65.67,71.08,76.01,81.27,91.2
Sweden,SWE,1864,0.07,1.45,8.59,32.85,48.18,58.14,64.65,70.05,74.9,79.98,89.25
Sweden,SWE,1865,0.08,1.56,8.49,32.45,48.4,58.74,65.77,71.28,76.15,81.33,90.73
Sweden,SWE,1866,0.08,1.66,10.68,31.33,45.66,56.52,64.24,70.07,75.22,80.74,90.1
Sweden,SWE,1867,0.07,1.78,19.13,37.88,50.61,59.03,65.08,69.89,74.53,79.5,88.61
Sweden,SWE,1868,0.06,1.11,9.35,31.63,46.4,56.34,63.34,68.88,73.93,79.28,88.93
Sweden,SWE,1869,0.07,0.98,4.32,22.26,40.45,52.61,61.21,67.58,72.89,78.69,88.8
Sweden,SWE,1870,0.08,1.76,13.52,34.69,47.81,57.29,63.81,69.17,74.03,79.45,89.03
Sweden,SWE,1871,0.09,2.74,23.89,41.11,53.38,61.38,67.08,71.66,76.1,81.09,90.15
Sweden,SWE,1872,0.08,2.63,25.11,42.7,55.01,63.15,68.91,73.64,77.92,82.88,91.8
Sweden,SWE,1873,0.08,2.15,22.3,39.53,52.76,61.51,67.81,72.8,77.33,82.39,91.9
Sweden,SWE,1874,0.07,1.41,11.99,30.84,44.77,56.21,64.12,69.95,75,80.56,90.18
Sweden,SWE,1875,0.07,1.34,12.18,32.43,46.73,57.28,64.55,70.14,75.1,80.45,89.66
Sweden,SWE,1876,0.07,1.38,7.79,29.89,46.45,58.04,65.67,71.31,76.24,81.56,90.94
Sweden,SWE,1877,0.08,1.56,7.85,31.2,48.52,59.82,66.84,72.33,77.01,82.28,91.3
Sweden,SWE,1878,0.08,1.55,8.78,32.49,50.12,61.35,68.27,73.57,77.97,83,92
Sweden,SWE,1879,0.09,2.18,16.25,38.12,53.35,62.79,68.95,73.78,78.17,82.99,91.96
Sweden,SWE,1880,0.09,2,14.74,35.79,51.23,61.1,67.57,72.48,77.09,82.01,91.21
Sweden,SWE,1881,0.09,2.17,17.02,37.43,52.1,61.61,67.91,72.9,77.32,82.14,91.27
Sweden,SWE,1882,0.08,1.86,14.66,36.75,52.69,62.47,68.93,73.95,78.48,83.52,92.52
Sweden,SWE,1883,0.09,2.13,15.91,37.34,53.01,62.59,68.92,73.89,78.29,83.3,91.99
Sweden,SWE,1884,0.09,2.33,18.18,38.45,53.22,62.52,68.76,73.62,77.97,82.7,91.52
Sweden,SWE,1885,0.09,2.1,17.8,38.02,52.77,62.17,68.44,73.37,77.76,82.75,91.37
Sweden,SWE,1886,0.09,2.56,21.63,41.34,55.57,64.19,70.04,74.67,78.88,83.67,92.37
Sweden,SWE,1887,0.1,2.85,22.57,41.98,56.2,64.8,70.58,75.25,79.51,84.06,92.66
Sweden,SWE,1888,0.11,3.6,25.96,44.59,57.25,65.16,70.62,75.01,79.15,83.73,92.26
Sweden,SWE,1889,0.1,3.91,26.66,44.89,57.6,65.25,70.71,75.15,79.26,83.89,92.31
Sweden,SWE,1890,0.1,2.76,21.76,40.82,54.72,63.42,69.43,74.15,78.47,83.3,91.86
Sweden,SWE,1891,0.09,2.7,22.71,42,56.32,64.77,70.36,74.78,78.91,83.6,91.92
Sweden,SWE,1892,0.1,3.15,24.03,42.15,55.2,63.39,69,73.48,77.54,82.06,90.53
Sweden,SWE,1893,0.1,3.39,23.05,41.83,55.62,64.2,70.01,74.69,78.81,83.5,91.92
Sweden,SWE,1894,0.1,3.66,24.55,43.1,56.67,64.92,70.6,75.18,79.28,83.96,92.1
Sweden,SWE,1895,0.11,5.28,28.93,47.41,59.53,66.9,72.03,76.35,80.21,84.66,92.78
Sweden,SWE,1896,0.1,4.36,27.75,46.45,58.93,66.56,71.84,76.2,80.12,84.57,92.72
Sweden,SWE,1897,0.11,5.25,29.33,47.61,59.54,66.97,72.15,76.36,80.2,84.63,92.84
Sweden,SWE,1898,0.11,6.25,30.31,48.04,59.72,67.09,72.26,76.49,80.49,84.92,93.01
Sweden,SWE,1899,0.09,3.12,23.72,41.92,55.58,64.21,69.93,74.41,78.58,83.13,91.31
Sweden,SWE,1900,0.1,4.32,25.93,43.99,56.95,65.15,70.74,75.06,79.07,83.49,91.48
Sweden,SWE,1901,0.1,4.31,26.2,45.13,58.04,66.23,71.7,76.03,80.09,84.59,92.91
Sweden,SWE,1902,0.12,6.75,30.1,48.28,59.66,66.87,72.1,76.3,80.17,84.56,92.77
Sweden,SWE,1903,0.12,6.82,30.74,48.86,60.47,67.63,72.73,76.79,80.65,84.99,93.32
Sweden,SWE,1904,0.13,9.46,31.8,49.35,60.42,67.3,72.25,76.38,80.22,84.47,92.37
Sweden,SWE,1905,0.12,7.98,29.98,47.37,59.09,66.56,71.78,76.06,80.09,84.58,92.97
Sweden,SWE,1906,0.13,12.93,34.21,51.16,61.52,68.25,73.13,77.24,81.08,85.51,93.61
Sweden,SWE,1907,0.14,15.06,35.34,51.59,61.84,68.33,73.02,76.97,80.63,84.89,92.79
Sweden,SWE,1908,0.12,13.48,35.21,51.61,61.76,68.1,72.94,76.85,80.44,84.68,92.59
Sweden,SWE,1909,0.15,18.02,38.55,54.09,63.39,69.33,73.78,77.61,81.35,85.65,93.66
Sweden,SWE,1910,0.15,16.48,37.12,53.34,62.75,68.93,73.55,77.35,81.06,85.38,93.23
Sweden,SWE,1911,0.15,16.65,37.3,53.31,62.79,69,73.65,77.54,81.29,85.57,93.51
Sweden,SWE,1912,0.15,16.63,37.23,53.35,62.59,68.69,73.14,76.98,80.75,85.01,93.14
Sweden,SWE,1913,0.16,18.78,39.24,54.53,63.51,69.22,73.58,77.52,81.18,85.41,93.36
Sweden,SWE,1914,0.15,18.09,37.98,53.81,63.14,69.14,73.58,77.44,81.04,85.24,93.25
Sweden,SWE,1915,0.15,17.18,36.12,52.4,62.11,68.26,72.73,76.51,80.16,84.37,92.11
Sweden,SWE,1916,0.16,17.02,36.79,53.77,63.13,69.19,73.7,77.47,81.21,85.54,93.65
Sweden,SWE,1917,0.17,18.29,38.71,54.77,63.8,69.5,73.82,77.53,81.19,85.4,93.24
Sweden,SWE,1918,0.17,10.65,22.91,30.78,43.12,57.59,66.78,73.07,78.23,83.58,92.71
Sweden,SWE,1919,0.16,14.62,32.36,49.84,61.01,67.86,72.67,76.67,80.52,84.85,93.07
Sweden,SWE,1920,0.16,18.35,38.47,54.76,63.96,69.81,74.18,77.87,81.52,85.67,93.65
Sweden,SWE,1921,0.18,22.23,44.65,58.41,66.02,71.19,75.13,78.61,82.1,86.14,93.95
Sweden,SWE,1922,0.19,24.03,46.16,58.36,65.69,70.6,74.49,77.92,81.3,85.24,93.02
Sweden,SWE,1923,0.2,26.33,49.4,60.98,67.4,72.16,75.8,79.18,82.57,86.62,94.31
Sweden,SWE,1924,0.19,23.82,47.64,59.92,66.71,71.53,75.4,78.75,82.13,86.15,93.96
Sweden,SWE,1925,0.21,25.5,48.52,60.14,66.84,71.62,75.46,78.94,82.37,86.42,94.1
Sweden,SWE,1926,0.21,26.76,49.4,60.54,67.05,71.66,75.45,78.8,82.16,86.15,94.25
Sweden,SWE,1927,0.2,25.22,47.45,59.3,66.13,70.91,74.74,78.02,81.34,85.2,92.75
Sweden,SWE,1928,0.19,25.75,48.87,60.32,66.87,71.47,75.2,78.61,81.95,86,93.86
Sweden,SWE,1929,0.2,26.83,48.82,60.05,66.66,71.35,75.12,78.39,81.79,85.74,93.69
Sweden,SWE,1930,0.21,28.89,50.61,61.11,67.31,71.83,75.58,78.92,82.26,86.33,94.21
Sweden,SWE,1931,0.21,28.8,50.52,60.89,67.07,71.43,74.97,78.14,81.32,85.14,92.57
Sweden,SWE,1932,0.23,30.7,52.2,62.06,67.91,72.21,75.79,78.94,82.19,86.18,94.04
Sweden,SWE,1933,0.25,33.53,53.98,62.94,68.53,72.66,76.11,79.27,82.59,86.45,94.1
Sweden,SWE,1934,0.26,34,54.17,63.05,68.57,72.7,76.13,79.33,82.63,86.51,94.15
Sweden,SWE,1935,0.26,34.62,54.33,63.16,68.53,72.52,75.87,78.96,82.14,85.93,93.34
Sweden,SWE,1936,0.28,33.9,53.81,62.67,68.09,72.18,75.57,78.64,81.83,85.72,93.32
Sweden,SWE,1937,0.27,34.72,54.1,62.66,68.1,72.19,75.55,78.65,81.84,85.72,93.25
Sweden,SWE,1938,0.29,37.38,55.38,63.62,68.78,72.7,76,79.12,82.21,86.18,94.04
Sweden,SWE,1939,0.32,40.96,56.87,64.46,69.37,73.13,76.28,79.22,82.22,85.92,93.11
Sweden,SWE,1940,0.34,42.29,57.68,64.71,69.55,73.17,76.32,79.19,82.2,85.91,93.28
Sweden,SWE,1941,0.34,42.28,57.92,65.17,69.95,73.55,76.66,79.51,82.42,86.06,93.25
Sweden,SWE,1942,0.45,44.94,59.59,66.61,71.25,74.81,77.88,80.89,84.04,87.74,95.34
Sweden,SWE,1943,0.49,43.71,59.27,66.26,71.06,74.78,77.87,80.86,83.93,87.64,95.3
Sweden,SWE,1944,0.44,41.86,58.32,65.69,70.36,74.03,77.15,80.09,83.14,86.86,94.42
Sweden,SWE,1945,0.49,43.88,59.18,66.21,70.86,74.37,77.4,80.27,83.26,86.87,94.39
Sweden,SWE,1946,0.68,48.25,60.8,66.98,71.28,74.77,77.72,80.43,83.32,86.9,94.27
Sweden,SWE,1947,0.79,49.12,60.94,67,71.18,74.43,77.29,80.03,82.87,86.47,93.48
Sweden,SWE,1948,1.24,51.31,62.13,67.87,71.94,75.22,78.14,80.97,83.83,87.48,95.01
Sweden,SWE,1949,1.09,51.88,62.32,68,72.02,75.15,78,80.73,83.66,87.31,94.46
Sweden,SWE,1950,2.18,52.78,62.81,68.32,72.2,75.34,78.05,80.7,83.49,87.05,94.21
Sweden,SWE,1951,1.88,53.15,63.15,68.6,72.47,75.61,78.36,81,83.74,87.17,94.16
Sweden,SWE,1952,2.45,53.96,63.55,68.91,72.72,75.88,78.63,81.31,84.14,87.55,94.95
Sweden,SWE,1953,2.99,54.17,63.63,68.92,72.66,75.8,78.56,81.19,83.98,87.56,94.82
Sweden,SWE,1954,3.85,54.87,64.2,69.29,72.98,76.09,78.82,81.43,84.2,87.76,94.97
Sweden,SWE,1955,4,55,64.23,69.49,73.18,76.3,79.04,81.65,84.5,88.16,95.36
Sweden,SWE,1956,4.32,55.23,64.45,69.58,73.28,76.28,79.06,81.68,84.45,87.98,95.47
Sweden,SWE,1957,4.35,55.3,64.26,69.42,73.14,76.17,78.88,81.47,84.32,87.73,94.87
Sweden,SWE,1958,5.59,56.11,64.99,69.94,73.63,76.63,79.33,81.9,84.7,88.11,95.32
Sweden,SWE,1959,5.73,56.3,65.35,70.35,73.89,76.89,79.56,82.14,84.95,88.38,95.54
Sweden,SWE,1960,5.65,56.16,64.92,69.94,73.51,76.49,79.12,81.75,84.52,88.01,95.11
Sweden,SWE,1961,6.7,56.6,65.37,70.3,73.9,76.91,79.55,82.14,84.88,88.4,95.76
Sweden,SWE,1962,7.14,56.62,65.29,70.23,73.8,76.73,79.35,81.9,84.66,88.12,95.31
Sweden,SWE,1963,8.36,56.66,65.36,70.35,74.02,76.96,79.63,82.21,84.94,88.44,95.43
Sweden,SWE,1964,9.92,56.53,65.37,70.35,74.03,77.04,79.75,82.37,85.19,88.75,96.09
Sweden,SWE,1965,11.39,56.59,65.52,70.52,74.13,77.11,79.82,82.43,85.18,88.64,95.92
Sweden,SWE,1966,13.23,56.95,65.77,70.67,74.3,77.29,79.95,82.57,85.39,88.87,96.2
Sweden,SWE,1967,15.56,56.77,65.71,70.67,74.33,77.29,79.96,82.63,85.43,88.96,96.23
Sweden,SWE,1968,14.43,56.7,65.67,70.71,74.27,77.22,79.88,82.46,85.29,88.73,96.27
Sweden,SWE,1969,15.46,56.69,65.55,70.57,74.14,77.17,79.89,82.58,85.43,88.95,96.36
Sweden,SWE,1970,15.35,56.86,65.88,70.97,74.72,77.78,80.55,83.22,86.14,89.7,97.2
Sweden,SWE,1971,16.41,56.72,65.8,70.92,74.62,77.68,80.43,83.11,85.98,89.65,97.16
Sweden,SWE,1972,16.82,56.77,65.94,71,74.66,77.68,80.49,83.22,86.08,89.79,96.92
Sweden,SWE,1973,18.1,57.09,66.05,71.06,74.74,77.77,80.55,83.26,86.06,89.66,97.14
Sweden,SWE,1974,18.16,57.06,66.03,71.12,74.83,77.84,80.64,83.35,86.22,89.87,97.36
Sweden,SWE,1975,18.22,56.86,65.99,71.09,74.85,77.85,80.62,83.32,86.22,89.84,97.25
Sweden,SWE,1976,19.25,57.03,65.97,71.09,74.8,77.84,80.61,83.27,86.09,89.68,96.94
Sweden,SWE,1977,20.38,57.12,66.19,71.38,75.16,78.27,81.02,83.73,86.63,90.24,97.62
Sweden,SWE,1978,20.04,57.41,66.35,71.46,75.22,78.26,81.02,83.76,86.64,90.23,97.86
Sweden,SWE,1979,20.26,57.28,66.38,71.5,75.24,78.33,81.08,83.82,86.71,90.33,97.78
Sweden,SWE,1980,22.12,57.68,66.47,71.63,75.41,78.5,81.26,83.96,86.82,90.4,97.7
Sweden,SWE,1981,22.69,58.32,66.91,71.87,75.59,78.7,81.47,84.11,86.87,90.48,97.76
Sweden,SWE,1982,23.94,58.53,67.12,72.13,75.88,78.99,81.76,84.42,87.33,90.92,98.33
Sweden,SWE,1983,23.32,58.97,67.43,72.5,76.18,79.25,82,84.65,87.48,91,98.3
Sweden,SWE,1984,23.99,59.14,67.65,72.69,76.36,79.4,82.17,84.87,87.76,91.27,98.68
Sweden,SWE,1985,23.42,59.16,67.54,72.63,76.32,79.32,82.06,84.72,87.51,90.99,98.31
Sweden,SWE,1986,23.34,59.33,67.82,72.84,76.54,79.59,82.3,84.96,87.74,91.22,98.56
Sweden,SWE,1987,23.66,59.38,67.99,73.01,76.72,79.75,82.5,85.15,87.94,91.46,98.61
Sweden,SWE,1988,23.62,59.46,67.93,72.96,76.65,79.69,82.38,85.02,87.77,91.21,98.13
Sweden,SWE,1989,24.38,60.02,68.61,73.65,77.27,80.33,83.08,85.63,88.42,91.78,98.86
Sweden,SWE,1990,24.39,60.15,68.67,73.63,77.24,80.19,82.86,85.5,88.26,91.66,98.63
Sweden,SWE,1991,25.66,60.22,68.65,73.71,77.36,80.37,83.04,85.66,88.48,91.81,98.76
Sweden,SWE,1992,27.27,60.85,68.99,73.91,77.59,80.59,83.27,85.87,88.62,91.99,98.86
Sweden,SWE,1993,26.99,61.05,69.24,74.16,77.71,80.64,83.27,85.81,88.49,91.81,98.47
Sweden,SWE,1994,29.02,61.37,69.7,74.65,78.26,81.2,83.87,86.43,89.15,92.53,99.39
Sweden,SWE,1995,29.76,61.71,69.82,74.74,78.29,81.23,83.83,86.35,89.07,92.4,99.35
Sweden,SWE,1996,30.71,62.13,70.12,74.94,78.52,81.42,84.04,86.52,89.17,92.45,99.2
Sweden,SWE,1997,30.35,62.33,70.41,75.16,78.73,81.61,84.23,86.76,89.4,92.67,99.18
Sweden,SWE,1998,29.91,62.57,70.56,75.39,78.9,81.8,84.36,86.83,89.48,92.75,99.59
Sweden,SWE,1999,30.94,62.78,70.78,75.52,79.04,81.86,84.42,86.86,89.42,92.65,99.29
Sweden,SWE,2000,30.25,62.87,71.01,75.79,79.3,82.13,84.66,87.07,89.67,92.89,99.47
Sweden,SWE,2001,30.72,63.04,71.12,75.96,79.45,82.3,84.83,87.23,89.76,92.88,99.46
Sweden,SWE,2002,30.62,63.37,71.31,76.08,79.52,82.34,84.85,87.21,89.7,92.84,99.31
Sweden,SWE,2003,31.09,63.6,71.46,76.29,79.78,82.57,85.09,87.47,89.99,93.16,99.67
Sweden,SWE,2004,31.17,63.84,71.81,76.64,80.16,82.99,85.47,87.83,90.33,93.52,99.99
Sweden,SWE,2005,31.55,63.91,71.93,76.71,80.19,82.99,85.49,87.84,90.34,93.46,100.01
Sweden,SWE,2006,32.1,64.22,72.24,77.02,80.47,83.27,85.68,88.04,90.53,93.61,99.98
Sweden,SWE,2007,32.04,64.43,72.45,77.25,80.6,83.37,85.81,88.12,90.58,93.61,99.93
Sweden,SWE,2008,31.78,64.58,72.65,77.43,80.85,83.56,85.96,88.26,90.66,93.69,100.03
Sweden,SWE,2009,32.44,64.82,72.94,77.64,81.04,83.81,86.21,88.48,90.94,93.95,100.26
Sweden,SWE,2010,32.72,65.13,73.15,77.78,81.13,83.87,86.3,88.57,90.99,93.99,100.4
Sweden,SWE,2011,33.21,65.49,73.39,78.07,81.43,84.1,86.46,88.74,91.15,94.14,100.45
Sweden,SWE,2012,33.8,65.68,73.56,78.11,81.42,84.09,86.45,88.66,91.04,94.01,100.21
Sweden,SWE,2013,32.95,65.73,73.68,78.31,81.62,84.31,86.71,88.97,91.3,94.3,100.36
Sweden,SWE,2014,33.3,66,73.93,78.56,81.94,84.59,86.93,89.21,91.59,94.57,100.75
Sweden,SWE,2015,32.64,66.08,73.98,78.61,81.9,84.57,86.91,89.16,91.53,94.45,100.51
Sweden,SWE,2016,33.75,66.26,74.09,78.75,82.03,84.71,87.03,89.33,91.63,94.57,100.83
Sweden,SWE,2017,33.05,66.51,74.37,78.93,82.21,84.81,87.13,89.29,91.61,94.54,100.54
Sweden,SWE,2018,33.02,66.62,74.36,78.98,82.26,84.89,87.21,89.41,91.74,94.68,100.72
Sweden,SWE,2019,34.38,67.22,74.93,79.5,82.74,85.37,87.65,89.88,92.21,95.15,101.29
Sweden,SWE,2020,34.25,66.91,74.5,78.96,82.12,84.7,87,89.15,91.44,94.3,100.39
Sweden,SWE,2021,34.87,67.12,74.76,79.35,82.67,85.29,87.63,89.86,92.23,95.18,101.42
Sweden,SWE,2022,35.01,67.51,75.01,79.5,82.67,85.29,87.63,89.84,92.12,94.99,101
Sweden,SWE,2023,34.66,67.62,75.21,79.68,82.95,85.57,87.87,90.06,92.35,95.18,101.13
Sweden,SWE,2024,37.04,68.45,75.88,80.31,83.51,86.11,88.35,90.46,92.72,95.61,101.73
Switzerland,CHE,1876,0.05,0.72,15.19,31.55,43.98,53.67,60.61,66.15,71.21,76.67,86.95
Switzerland,CHE,1877,0.05,0.72,8.03,28.7,42.59,53.58,61.28,67.01,72.01,77.72,88.07
Switzerland,CHE,1878,0.05,0.76,10.01,30.25,44.02,54.38,61.71,67.09,72.08,77.53,87.32
Switzerland,CHE,1879,0.05,0.92,17.72,33.73,46.22,55.57,62.14,67.3,71.94,77.23,87
Switzerland,CHE,1880,0.05,0.96,16.46,33.66,46.31,55.79,62.63,67.88,72.65,78.03,87.48
Switzerland,CHE,1881,0.05,0.87,12.8,32.08,45.15,55.2,61.97,67.77,72.56,78,87.88
Switzerland,CHE,1882,0.06,1.21,17.35,34.02,46.35,55.8,62.18,67.56,72.47,77.77,87.45
Switzerland,CHE,1883,0.06,1.74,22.05,37.92,49.66,58.03,63.73,68.81,73.42,78.49,88.22
Switzerland,CHE,1884,0.06,1.73,21.69,36.95,49.31,57.96,63.97,69.03,73.58,78.7,88.7
Switzerland,CHE,1885,0.06,1.31,20.07,35.74,47.69,56.61,62.98,68.29,72.97,78.12,87.77
Switzerland,CHE,1886,0.06,1.47,22.14,37.06,48.87,57.5,63.5,68.62,73.26,78.25,88.13
Switzerland,CHE,1887,0.06,1.75,23.85,39.36,50.41,58.33,64.12,68.91,73.52,78.38,87.83
Switzerland,CHE,1888,0.07,2.25,24.38,39.27,50.53,58.35,64.16,68.79,73.54,78.58,87.95
Switzerland,CHE,1889,0.06,1.53,21.51,37.6,49.46,57.87,63.98,68.85,73.63,78.62,88.06
Switzerland,CHE,1890,0.07,2.07,22.81,37.87,48.92,57.06,63.03,67.95,72.69,77.72,87.28
Switzerland,CHE,1891,0.06,1.45,20.84,36.95,49.46,58,64.06,68.93,73.49,78.48,87.8
Switzerland,CHE,1892,0.07,2.67,26.14,41.91,52.49,59.89,65.24,69.83,74.22,79.17,88.66
Switzerland,CHE,1893,0.07,2.23,24.19,39.93,51.06,58.7,64.23,68.98,73.35,78.33,87.46
Switzerland,CHE,1894,0.07,2.01,23.2,39.13,50.61,58.42,64.15,68.88,73.3,78.37,87.57
Switzerland,CHE,1895,0.06,2.43,26.91,42.18,52.44,59.73,65.03,69.62,73.98,79.11,88.38
Switzerland,CHE,1896,0.08,4.05,29.23,44.23,53.93,60.87,66.04,70.54,74.88,79.96,89.29
Switzerland,CHE,1897,0.07,4.21,29.84,44.93,54.78,61.51,66.52,70.93,75.13,80.23,89.61
Switzerland,CHE,1898,0.07,2.7,28.6,44.29,54.34,61.27,66.43,70.78,75.16,79.88,89.28
Switzerland,CHE,1899,0.07,4.22,30.65,45.36,54.96,61.5,66.67,71.1,75.31,80.04,89.51
Switzerland,CHE,1900,0.07,2.36,27.34,42.98,53.35,59.98,65.29,69.69,73.97,78.86,88.1
Switzerland,CHE,1901,0.07,3.57,29.56,44.84,54.75,61.12,66.31,70.75,75.01,79.89,89.25
Switzerland,CHE,1902,0.08,6.57,32.21,47,56.21,62.24,67.16,71.47,75.72,80.51,89.64
Switzerland,CHE,1903,0.08,6.46,32.06,46.61,55.7,61.87,66.67,70.96,75.15,79.9,89.31
Switzerland,CHE,1904,0.07,3.77,29.2,44.95,54.95,61.62,66.66,71.04,75.41,80.32,89.72
Switzerland,CHE,1905,0.08,5.46,30.84,45.77,55.06,61.37,66.25,70.61,74.79,79.53,88.64
Switzerland,CHE,1906,0.08,7.05,32.64,47.31,56.42,62.48,67.16,71.47,75.58,80.39,89.63
Switzerland,CHE,1907,0.09,9.32,33.47,47.75,56.64,62.57,67.18,71.32,75.56,80.27,89.24
Switzerland,CHE,1908,0.1,14.57,35.74,48.87,57.06,62.98,67.53,71.64,75.73,80.5,89.18
Switzerland,CHE,1909,0.09,10.82,34.52,48.56,56.95,62.86,67.36,71.41,75.43,80.25,89.16
Switzerland,CHE,1910,0.1,13.54,36.45,49.99,58.27,63.76,68.17,72.11,76.09,80.92,89.93
Switzerland,CHE,1911,0.09,11.27,35.05,49.05,57.6,63.25,67.78,71.71,75.71,80.57,89.25
Switzerland,CHE,1912,0.11,18.28,38.88,51.44,59.15,64.64,68.92,72.73,76.7,81.41,90.22
Switzerland,CHE,1913,0.11,17.39,38.5,51.42,59.19,64.42,68.74,72.48,76.42,80.95,89.81
Switzerland,CHE,1914,0.12,19.29,40.49,52.69,59.91,65.09,69.24,72.97,76.73,81.38,90.17
Switzerland,CHE,1915,0.13,20.09,42.01,53.5,60.68,65.64,69.71,73.36,77.14,81.72,90.54
Switzerland,CHE,1916,0.14,21.12,42.71,53.94,60.8,65.91,69.92,73.57,77.22,81.61,90.35
Switzerland,CHE,1917,0.14,20,41.46,53.01,59.96,65.09,69.15,72.8,76.49,81.03,89.86
Switzerland,CHE,1918,0.12,11.27,23.92,31.16,41.24,53.38,61.67,67.91,73.05,78.68,88.72
Switzerland,CHE,1919,0.13,18.35,38.26,51.9,59.54,64.9,69.04,72.74,76.52,80.92,89.45
Switzerland,CHE,1920,0.12,16.18,37.35,51,59.02,64.56,68.96,72.75,76.69,81.17,89.93
Switzerland,CHE,1921,0.15,23.09,44.71,55.62,62.09,67.04,70.85,74.4,78.07,82.37,91.03
Switzerland,CHE,1922,0.17,26.07,46.53,56.52,62.49,66.99,70.74,74.1,77.53,81.71,90.03
Switzerland,CHE,1923,0.19,27.66,48.11,57.48,63.43,68.05,71.8,75.25,78.83,83.27,91.95
Switzerland,CHE,1924,0.19,28.28,47.82,57.04,62.82,67.25,71.15,74.46,78.04,82.3,90.84
Switzerland,CHE,1925,0.2,27.75,48.2,57.56,63.41,67.76,71.64,74.95,78.53,82.78,91.37
Switzerland,CHE,1926,0.2,28.47,48.81,58.1,63.92,68.4,72.18,75.58,79.08,83.35,92.08
Switzerland,CHE,1927,0.21,27.99,48.34,57.7,63.5,67.83,71.59,74.99,78.36,82.66,90.69
Switzerland,CHE,1928,0.22,27.29,48.72,57.99,63.92,68.2,71.94,75.42,78.76,83.11,91.63
Switzerland,CHE,1929,0.22,28.18,48.25,57.35,63.33,67.7,71.42,74.94,78.36,82.57,90.68
Switzerland,CHE,1930,0.23,30.34,49.96,58.72,64.47,68.73,72.4,76,79.45,83.77,92.12
Switzerland,CHE,1931,0.24,30.55,50.05,58.52,64.26,68.47,72.06,75.45,78.88,83.03,91
Switzerland,CHE,1932,0.23,30.75,50.17,58.64,64.42,68.57,72.13,75.5,78.94,83.05,90.96
Switzerland,CHE,1933,0.25,33.17,51.43,59.65,65.31,69.47,73,76.31,79.85,83.94,92.2
Switzerland,CHE,1934,0.27,33.72,52.26,60.23,65.73,69.71,73.27,76.62,80.13,84.24,92.66
Switzerland,CHE,1935,0.25,32.63,51.24,59.8,65.23,69.22,72.73,76.01,79.35,83.4,91.44
Switzerland,CHE,1936,0.26,34.86,52.92,60.74,66.16,70.12,73.54,76.71,80.11,84.34,92.3
Switzerland,CHE,1937,0.26,34.84,53.35,61.46,66.68,70.56,73.9,77.04,80.39,84.41,92.65
Switzerland,CHE,1938,0.29,36.82,54.11,61.79,66.69,70.49,73.85,76.82,80.09,84.16,91.95
Switzerland,CHE,1939,0.29,37.89,54.38,61.77,66.67,70.62,73.83,76.92,80.09,83.98,91.7
Switzerland,CHE,1940,0.26,36.36,54.2,61.78,66.67,70.59,73.81,76.84,79.91,83.85,91.49
Switzerland,CHE,1941,0.28,39.56,55.65,62.8,67.68,71.61,74.72,77.83,81.1,85.09,93.03
Switzerland,CHE,1942,0.32,40.3,56.43,63.44,68.31,72.11,75.29,78.33,81.42,85.28,93.14
Switzerland,CHE,1943,0.32,41.1,56.7,63.76,68.52,72.28,75.42,78.49,81.67,85.56,93.3
Switzerland,CHE,1944,0.29,39.52,55.87,63.02,67.8,71.49,74.66,77.58,80.73,84.48,91.91
Switzerland,CHE,1945,0.31,40.49,56.28,63.44,68.12,71.86,75.04,78.06,81.17,84.99,92.84
Switzerland,CHE,1946,0.33,42.22,57.23,64.04,68.64,72.22,75.38,78.35,81.49,85.36,93.39
Switzerland,CHE,1947,0.34,43.43,57.58,64.32,68.85,72.34,75.42,78.37,81.46,85.13,92.88
Switzerland,CHE,1948,0.38,46.42,58.63,64.98,69.27,72.69,75.83,78.8,81.93,85.89,93.88
Switzerland,CHE,1949,0.42,48.14,59.58,65.67,69.84,73.22,76.16,79.01,82.02,85.84,93.49
Switzerland,CHE,1950,0.47,49.42,60.23,66.25,70.46,73.87,76.88,79.77,82.77,86.63,94.32
Switzerland,CHE,1951,0.52,49.08,60.28,66.11,70.27,73.56,76.52,79.38,82.41,86.07,93.64
Switzerland,CHE,1952,0.53,50.77,61.09,66.91,71.03,74.3,77.26,80.12,83.07,86.83,94.81
Switzerland,CHE,1953,0.55,50.92,61.25,66.89,70.96,74.27,77.15,79.87,82.76,86.46,94.13
Switzerland,CHE,1954,0.66,51.51,61.46,67.11,71.15,74.55,77.41,80.25,83.21,86.82,94.43
Switzerland,CHE,1955,0.66,51.6,61.6,67.26,71.33,74.62,77.43,80.16,83.11,86.73,94.14
Switzerland,CHE,1956,0.7,52.03,61.96,67.48,71.42,74.62,77.42,80.05,82.91,86.59,94.06
Switzerland,CHE,1957,0.9,52.26,62.03,67.5,71.43,74.7,77.54,80.4,83.4,87.02,94.79
Switzerland,CHE,1958,1.81,52.9,62.6,68.17,72.18,75.44,78.3,81.07,84,87.65,95.1
Switzerland,CHE,1959,1.45,53.38,62.83,68.39,72.37,75.62,78.45,81.19,84.08,87.62,95.13
Switzerland,CHE,1960,1.82,53.64,63.01,68.3,72.27,75.51,78.23,80.95,83.83,87.4,94.67
Switzerland,CHE,1961,2.21,53.62,62.95,68.51,72.5,75.78,78.66,81.52,84.47,88.14,95.67
Switzerland,CHE,1962,1.48,53.43,62.82,68.22,72.17,75.39,78.21,80.97,83.82,87.34,94.57
Switzerland,CHE,1963,2.36,53.53,62.85,68.18,72.14,75.31,78.07,80.77,83.62,87.1,94.57
Switzerland,CHE,1964,2.83,54.34,63.45,68.76,72.69,76.01,78.88,81.63,84.57,88.2,95.73
Switzerland,CHE,1965,4.21,55.01,63.77,68.88,72.75,75.88,78.68,81.39,84.31,87.95,95.24
Switzerland,CHE,1966,4.15,54.71,63.9,69.03,72.9,76.09,78.87,81.59,84.46,87.97,95.27
Switzerland,CHE,1967,4.89,55.2,64.15,69.29,73.11,76.35,79.25,81.93,84.83,88.51,95.83
Switzerland,CHE,1968,5.19,55.09,64.09,69.32,73.15,76.26,79.09,81.77,84.55,88.15,95.25
Switzerland,CHE,1969,5.63,54.93,64.03,69.15,72.95,76.17,79.02,81.82,84.73,88.39,95.58
Switzerland,CHE,1970,6.89,55.14,64.41,69.65,73.45,76.67,79.5,82.17,85.07,88.67,95.93
Switzerland,CHE,1971,6.84,55.2,64.47,69.75,73.62,76.82,79.6,82.32,85.13,88.67,95.93
Switzerland,CHE,1972,8.48,55.61,64.94,70.2,74.02,77.16,79.99,82.76,85.62,89.26,96.46
Switzerland,CHE,1973,11.11,56.46,65.28,70.48,74.27,77.4,80.15,82.88,85.71,89.24,96.5
Switzerland,CHE,1974,10.91,56.66,65.69,70.77,74.59,77.78,80.56,83.23,86.03,89.61,96.82
Switzerland,CHE,1975,14.94,56.63,65.82,71,74.86,78.02,80.81,83.54,86.39,89.99,97.4
Switzerland,CHE,1976,16.1,57.09,65.99,71.14,74.99,78.13,80.93,83.59,86.39,89.83,96.9
Switzerland,CHE,1977,16.59,57.12,66.24,71.42,75.33,78.51,81.32,84.05,86.91,90.48,98.09
Switzerland,CHE,1978,16.33,57.07,66.1,71.44,75.26,78.49,81.25,83.92,86.76,90.37,97.75
Switzerland,CHE,1979,17.89,57.38,66.4,71.69,75.55,78.73,81.57,84.28,87.07,90.62,98.19
Switzerland,CHE,1980,17.97,57.54,66.37,71.71,75.6,78.75,81.61,84.24,87.05,90.57,97.66
Switzerland,CHE,1981,18.22,57.84,66.58,71.92,75.8,78.89,81.64,84.29,87.1,90.62,97.98
Switzerland,CHE,1982,19.08,57.87,66.92,72.31,76.18,79.29,82.02,84.63,87.46,90.97,98.13
Switzerland,CHE,1983,18.48,58.2,66.98,72.32,76.11,79.3,82.03,84.64,87.41,90.85,97.91
Switzerland,CHE,1984,19.4,58.59,67.42,72.82,76.68,79.82,82.62,85.25,88.02,91.49,98.73
Switzerland,CHE,1985,19.3,58.87,67.57,72.93,76.74,79.91,82.67,85.3,88.1,91.58,98.59
Switzerland,CHE,1986,19.49,59.11,67.83,73.1,76.95,80.12,82.86,85.5,88.26,91.57,98.55
Switzerland,CHE,1987,20.47,59.22,68.04,73.33,77.23,80.38,83.14,85.83,88.65,92.02,99.08
Switzerland,CHE,1988,19.98,59.28,68.22,73.46,77.35,80.52,83.22,85.9,88.68,92,99.08
Switzerland,CHE,1989,20.29,59.32,68.51,73.82,77.67,80.79,83.46,86.07,88.8,92.19,98.93
Switzerland,CHE,1990,20.47,59.46,68.41,73.66,77.45,80.56,83.34,85.83,88.48,91.81,98.71
Switzerland,CHE,1991,20.38,59.19,68.54,73.87,77.76,80.91,83.6,86.19,88.93,92.27,99.27
Switzerland,CHE,1992,21.42,59.62,68.86,74.1,77.98,81.16,83.83,86.44,89.12,92.54,99.35
Switzerland,CHE,1993,21.69,60.22,69.18,74.4,78.23,81.34,84.08,86.65,89.31,92.55,99.35
Switzerland,CHE,1994,22.03,60.18,69.43,74.74,78.56,81.65,84.32,86.9,89.57,92.8,99.67
Switzerland,CHE,1995,22.57,60.35,69.52,74.76,78.57,81.66,84.34,86.91,89.5,92.69,99.43
Switzerland,CHE,1996,23.95,61.35,70.27,75.33,79.03,81.99,84.62,87.1,89.72,92.79,99.56
Switzerland,CHE,1997,23.82,61.51,70.39,75.47,79.23,82.19,84.81,87.22,89.78,92.91,99.37
Switzerland,CHE,1998,24.55,61.81,70.85,75.85,79.39,82.33,84.89,87.38,89.93,93.09,99.79
Switzerland,CHE,1999,25.08,62.4,71.08,76.09,79.69,82.57,85.13,87.56,90.08,93.14,99.63
Switzerland,CHE,2000,25.45,62.27,71.1,76.29,79.88,82.7,85.24,87.65,90.21,93.3,99.91
Switzerland,CHE,2001,26.2,62.83,71.6,76.7,80.33,83.15,85.64,88.05,90.54,93.6,100.23
Switzerland,CHE,2002,27.2,63.01,71.83,76.94,80.5,83.3,85.76,88.12,90.61,93.67,100.04
Switzerland,CHE,2003,28.19,63.35,72.15,77.08,80.6,83.37,85.72,88.03,90.49,93.5,99.84
Switzerland,CHE,2004,27.62,63.88,72.58,77.6,81.15,83.92,86.32,88.65,91.03,94.15,100.34
Switzerland,CHE,2005,29.31,64.18,72.92,77.91,81.34,84.01,86.38,88.66,91.07,94.09,100.36
Switzerland,CHE,2006,29.89,64.57,73.29,78.13,81.61,84.34,86.7,88.93,91.34,94.39,100.89
Switzerland,CHE,2007,30.79,64.66,73.29,78.34,81.76,84.47,86.82,89.05,91.43,94.4,100.71
Switzerland,CHE,2008,32.21,65.11,73.72,78.66,82.07,84.71,87.01,89.27,91.58,94.52,100.59
Switzerland,CHE,2009,32.35,65.3,73.84,78.68,82.07,84.74,87.07,89.29,91.54,94.5,100.75
Switzerland,CHE,2010,35.76,65.63,74.12,78.95,82.25,84.91,87.25,89.46,91.75,94.68,100.69
Switzerland,CHE,2011,34.66,66.05,74.46,79.23,82.57,85.2,87.49,89.72,92.04,94.98,101.15
Switzerland,CHE,2012,36.52,66.11,74.54,79.35,82.64,85.23,87.51,89.68,91.94,94.8,100.64
Switzerland,CHE,2013,36.35,66.31,74.67,79.53,82.77,85.32,87.56,89.74,92,94.76,100.99
Switzerland,CHE,2014,37.24,66.81,75.07,79.87,83.09,85.68,87.91,90.07,92.33,95.22,101.22
Switzerland,CHE,2015,36.49,66.78,74.88,79.6,82.86,85.46,87.7,89.83,92.06,94.83,100.82
Switzerland,CHE,2016,38.13,67.28,75.47,80.19,83.39,85.93,88.18,90.3,92.59,95.43,101.48
Switzerland,CHE,2017,37.62,67.49,75.52,80.21,83.42,85.93,88.14,90.25,92.52,95.32,101.25
Switzerland,CHE,2018,37.5,67.5,75.65,80.35,83.58,86.1,88.33,90.45,92.67,95.52,101.54
Switzerland,CHE,2019,39,68.01,75.78,80.48,83.67,86.23,88.44,90.58,92.82,95.65,101.61
Switzerland,CHE,2020,37.11,67.73,75.36,79.91,83.08,85.53,87.64,89.73,91.91,94.71,100.62
Switzerland,CHE,2021,37.22,67.68,75.57,80.24,83.56,86.16,88.4,90.5,92.79,95.6,101.55
Switzerland,CHE,2022,37.4,67.9,75.77,80.32,83.53,86.05,88.25,90.3,92.51,95.28,101.1
Switzerland,CHE,2023,37.96,68.65,76.4,80.85,84.01,86.54,88.71,90.78,92.93,95.67,101.74
Taiwan,TWN,1970,1.19,48.11,59.33,64.81,68.88,72.38,75.39,78.57,82.01,86.5,95.55
Taiwan,TWN,1971,1.08,48.85,59.59,65.22,69.29,72.7,75.74,78.98,82.32,86.74,95.67
Taiwan,TWN,1972,1.94,49.23,59.99,65.75,69.69,73.12,76.25,79.37,82.61,86.89,95.24
Taiwan,TWN,1973,2.04,49.42,60.12,66,69.99,73.38,76.46,79.43,82.71,86.92,94.98
Taiwan,TWN,1974,1.93,50.04,60.63,66.51,70.55,73.93,76.96,79.77,82.88,86.87,95.05
Taiwan,TWN,1975,2.2,50.52,60.81,66.57,70.79,74.2,77.35,80.37,83.43,87.39,96.37
Taiwan,TWN,1976,2.94,51.04,61.28,66.89,70.96,74.35,77.45,80.39,83.54,87.64,96.87
Taiwan,TWN,1977,4.21,51.1,61.24,66.97,71.05,74.41,77.47,80.46,83.69,87.79,96.86
Taiwan,TWN,1978,4.46,51.37,61.5,67.17,71.38,74.89,78.01,80.97,84.12,88.28,98.09
Taiwan,TWN,1979,5.37,51.28,61.64,67.37,71.53,74.89,78.05,80.99,84.24,88.34,97.23
Taiwan,TWN,1980,5.64,51.55,61.69,67.43,71.67,75.17,78.25,81.28,84.43,88.46,97.51
Taiwan,TWN,1981,6.86,51.79,61.93,67.5,71.69,75.12,78.26,81.24,84.29,88.3,96.85
Taiwan,TWN,1982,8.74,52.23,62.35,67.99,72.1,75.49,78.62,81.54,84.76,88.78,97.27
Taiwan,TWN,1983,10.84,52.6,62.47,68.01,72.08,75.45,78.42,81.35,84.35,88.24,96.83
Taiwan,TWN,1984,12.74,53.05,62.98,68.54,72.6,75.99,78.99,81.92,85.13,89.15,97.48
Taiwan,TWN,1985,13.09,53.54,63.45,68.91,72.86,76.17,79.15,81.95,85.03,88.88,97.37
Taiwan,TWN,1986,14.64,53.76,63.64,69.03,72.96,76.23,79.18,81.97,85.03,88.93,97.16
Taiwan,TWN,1987,15.26,53.81,63.81,69.26,73.2,76.5,79.5,82.21,85.29,89.16,97.37
Taiwan,TWN,1988,15.16,53.45,63.66,69.25,73.21,76.45,79.4,82.06,85.03,88.83,96.79
Taiwan,TWN,1989,15.38,53.41,63.89,69.36,73.4,76.64,79.65,82.43,85.48,89.32,97.42
Taiwan,TWN,1990,15.98,53.94,64.04,69.63,73.6,76.83,79.79,82.62,85.69,89.49,97.81
Taiwan,TWN,1991,16.79,54.26,64.4,70.07,74.06,77.29,80.23,83,86.01,90.02,98.11
Taiwan,TWN,1992,16.87,54.59,64.48,70.11,74.05,77.35,80.23,83.02,85.95,89.71,97.7
Taiwan,TWN,1993,16.8,54.47,64.58,70.29,74.4,77.68,80.57,83.42,86.44,90.31,98.29
Taiwan,TWN,1994,17.3,54.58,64.7,70.4,74.58,77.9,80.82,83.6,86.63,90.49,98.55
Taiwan,TWN,1995,17.17,54.61,64.68,70.38,74.47,77.79,80.67,83.46,86.4,90.24,98.15
Taiwan,TWN,1996,17.33,54.69,64.72,70.58,74.68,78,80.88,83.6,86.63,90.4,98.3
Taiwan,TWN,1997,17.89,55.15,65.29,71,75.14,78.52,81.41,84.16,87.13,90.85,99.04
Taiwan,TWN,1998,18.21,55.55,65.5,71.19,75.37,78.75,81.64,84.36,87.3,90.98,99.08
Taiwan,TWN,1999,17.61,55.58,65.62,71.35,75.45,78.91,81.79,84.54,87.44,91.13,99.12
Taiwan,TWN,2000,19.68,56.24,66.2,71.85,75.97,79.35,82.23,84.98,87.92,91.58,99.49
Taiwan,TWN,2001,21.01,56.62,66.43,72.03,76.16,79.54,82.41,85.21,88.16,91.87,99.62
Taiwan,TWN,2002,22.26,57.27,66.92,72.47,76.56,79.86,82.69,85.47,88.47,92.22,100.06
Taiwan,TWN,2003,22.76,57.31,67.02,72.62,76.69,80.04,82.94,85.7,88.6,92.36,100.4
Taiwan,TWN,2004,22.56,57.26,67.2,72.81,76.86,80.21,83.07,85.88,88.84,92.53,100.56
Taiwan,TWN,2005,22.53,57,67.16,72.86,76.94,80.25,83.16,85.92,88.9,92.55,100.27
Taiwan,TWN,2006,23.81,57.43,67.77,73.47,77.59,80.89,83.85,86.73,89.71,93.46,101.39
Taiwan,TWN,2007,24.98,58.09,68.12,73.68,77.75,81.02,83.95,86.74,89.71,93.38,101.24
Taiwan,TWN,2008,25.37,58.4,68.44,73.95,77.98,81.24,84.12,86.88,89.84,93.45,100.99
Taiwan,TWN,2009,25.77,58.76,68.8,74.41,78.41,81.66,84.53,87.3,90.21,93.95,101.87
Taiwan,TWN,2010,27.42,59.25,69.33,74.91,78.81,81.95,84.75,87.46,90.36,94.03,101.71
Taiwan,TWN,2011,26.68,59.05,69.21,74.81,78.68,81.85,84.67,87.38,90.25,93.82,101.44
Taiwan,TWN,2012,27.42,59.46,69.5,75.1,79,82.15,84.9,87.6,90.5,94,101.54
Taiwan,TWN,2013,29.04,59.95,69.92,75.46,79.39,82.51,85.23,87.92,90.78,94.41,102.09
Taiwan,TWN,2014,29.28,59.82,69.81,75.43,79.3,82.43,85.19,87.82,90.62,94.15,101.44
Taiwan,TWN,2015,29.22,60.23,70.21,75.79,79.66,82.77,85.48,88.15,90.97,94.52,101.7
Taiwan,TWN,2016,29.04,59.91,70.1,75.71,79.6,82.64,85.29,87.91,90.72,94.23,101.36
Taiwan,TWN,2017,30.07,60.58,70.6,76.13,79.98,83.03,85.73,88.32,91.02,94.45,101.66
Taiwan,TWN,2018,30.17,60.75,70.86,76.43,80.28,83.33,86.02,88.55,91.35,94.85,101.89
Taiwan,TWN,2019,30.19,60.85,71,76.62,80.58,83.61,86.25,88.79,91.46,94.9,102.13
Taiwan,TWN,2020,30.44,61.41,71.58,77.16,81,84.04,86.68,89.2,91.93,95.39,102.65
Taiwan,TWN,2021,29.32,61.1,71.23,76.76,80.66,83.71,86.38,88.89,91.58,94.99,102.19
Taiwan,TWN,2022,29.03,60.51,70.5,76.03,79.9,82.9,85.48,87.97,90.53,93.78,100.6
Taiwan,TWN,2023,28.29,60.58,70.62,76.27,80.19,83.25,85.89,88.39,90.99,94.29,101.26
Ukraine,UKR,1959,0.35,46.67,60.04,66.89,71.68,75.15,78.38,81.53,84.82,89.04,98.84
Ukraine,UKR,1960,0.48,48.28,61.39,68.07,72.78,76.27,79.61,82.67,85.87,90.09,99.97
Ukraine,UKR,1961,0.67,49.17,61.49,67.91,72.69,76.11,79.47,82.54,85.75,89.99,99.84
Ukraine,UKR,1962,0.66,49.43,61.51,67.54,72.16,75.53,78.59,81.74,84.7,88.63,98.07
Ukraine,UKR,1963,0.76,49.75,61.98,68.04,72.72,76.11,79.25,82.4,85.42,89.38,98.9
Ukraine,UKR,1964,1.01,50.71,62.58,68.69,73.21,76.7,79.8,82.94,86.03,90.03,99.46
Ukraine,UKR,1965,1.3,50.38,62.07,67.97,72.5,75.92,78.97,82.15,85.24,89.24,98.67
Ukraine,UKR,1966,1.48,50.23,62.13,68.18,72.63,76.13,79.31,82.42,85.71,89.69,99.17
Ukraine,UKR,1967,1.73,49.64,61.67,67.78,72.21,75.81,79.01,82.05,85.21,89.2,98.29
Ukraine,UKR,1968,1.41,49.6,61.58,67.86,72.23,75.88,79.17,82.22,85.46,89.59,98.49
Ukraine,UKR,1969,1.27,49.06,61.1,67.41,71.71,75.29,78.45,81.51,84.79,88.85,97.87
Ukraine,UKR,1970,1.59,48.79,60.82,67.2,71.55,75.03,78.24,81.45,84.64,88.72,97.74
Ukraine,UKR,1971,2.77,48.93,60.89,67.25,71.57,75.1,78.3,81.51,84.74,88.91,98.08
Ukraine,UKR,1972,1.86,48.77,60.86,67.24,71.58,75,78.13,81.27,84.49,88.56,97.84
Ukraine,UKR,1973,2.26,49.09,60.98,67.33,71.77,75.13,78.21,81.33,84.6,88.66,97.83
Ukraine,UKR,1974,1.76,48.45,60.58,67.18,71.72,75.22,78.37,81.49,84.87,88.96,98.37
Ukraine,UKR,1975,1.36,47.54,59.82,66.58,71.18,74.73,77.89,80.91,84.23,88.34,97.6
Ukraine,UKR,1976,1.1,47.86,59.85,66.6,71.2,74.91,77.96,80.91,84.18,88.22,97.12
Ukraine,UKR,1977,1.19,47.07,59.21,66.05,70.75,74.52,77.66,80.76,84.07,88.29,97.44
Ukraine,UKR,1978,1.16,46.8,58.83,65.8,70.65,74.46,77.69,80.74,84.06,88.23,97.41
Ukraine,UKR,1979,1.65,46.37,58.39,65.4,70.33,74.15,77.5,80.53,83.76,87.9,96.99
Ukraine,UKR,1980,2.01,46.61,58.26,65.18,70.15,73.98,77.34,80.41,83.64,87.68,96.55
Ukraine,UKR,1981,2.25,46.17,57.98,65.11,70.22,74.12,77.46,80.62,83.84,87.91,97.02
Ukraine,UKR,1982,2.67,46.77,58.15,65.12,70.19,74.15,77.59,80.86,84.07,88.19,97.57
Ukraine,UKR,1983,2.8,47.13,58.29,65.2,70.14,74.13,77.52,80.66,83.88,87.94,97.17
Ukraine,UKR,1984,3.17,46.86,57.84,64.86,69.83,73.82,77.21,80.38,83.61,87.56,96.36
Ukraine,UKR,1985,3.61,48.09,58.76,65.43,70.16,74.03,77.31,80.36,83.53,87.35,95.78
Ukraine,UKR,1986,4.39,50.17,60.59,66.91,71.46,75.15,78.4,81.41,84.6,88.49,97.32
Ukraine,UKR,1987,4.89,50.05,60.23,66.6,71.19,74.92,78.14,81.16,84.34,88.26,96.87
Ukraine,UKR,1988,4.54,49.9,60.22,66.56,71.2,74.88,78.1,81.09,84.21,88.09,96.35
Ukraine,UKR,1989,6.9,48.91,59.57,66.08,70.9,74.81,78.18,81.27,84.48,88.51,96.97
Ukraine,UKR,1990,7.85,48.33,58.9,65.42,70.37,74.32,77.74,80.89,84.13,88.07,96.47
Ukraine,UKR,1991,6.3,47.1,57.77,64.38,69.49,73.51,77.07,80.34,83.64,87.59,95.65
Ukraine,UKR,1992,6.2,45.87,56.72,63.51,68.68,72.95,76.65,79.98,83.33,87.34,95.45
Ukraine,UKR,1993,5.61,45.48,56.09,62.79,67.91,72.21,75.87,79.29,82.66,86.64,94.61
Ukraine,UKR,1994,5.78,44.26,55.1,61.91,67.11,71.49,75.28,78.83,82.26,86.38,94.43
Ukraine,UKR,1995,4.94,42.81,53.44,60.39,65.9,70.53,74.62,78.3,81.88,86.1,94.24
Ukraine,UKR,1996,5.26,43.26,53.83,60.73,66.18,70.76,74.81,78.49,82.13,86.32,94.45
Ukraine,UKR,1997,6.11,44.27,54.77,61.54,66.83,71.26,75.24,78.83,82.45,86.63,94.62
Ukraine,UKR,1998,7.83,45.22,55.92,62.69,67.87,72.14,75.96,79.45,83,87.06,95
Ukraine,UKR,1999,8.18,44.46,55.23,62.13,67.34,71.68,75.54,79.2,82.75,86.86,94.78
Ukraine,UKR,2000,9.48,43.82,54.55,61.56,66.85,71.32,75.24,78.88,82.47,86.63,94.5
Ukraine,UKR,2001,9.75,43.78,54.58,61.66,67,71.51,75.42,79.09,82.63,86.9,94.78
Ukraine,UKR,2002,11.7,43.62,54.3,61.28,66.7,71.23,75.18,78.92,82.55,86.86,94.89
Ukraine,UKR,2003,13.12,43.74,54.28,61.31,66.71,71.2,75.13,78.8,82.43,86.69,94.61
Ukraine,UKR,2004,14.84,43.28,53.75,60.8,66.39,71.02,75.09,78.87,82.62,86.97,95.04
Ukraine,UKR,2005,14.17,42.7,53.25,60.34,65.89,70.55,74.73,78.52,82.33,86.69,94.85
Ukraine,UKR,2006,15.32,43.41,54.25,61.34,66.83,71.33,75.35,79.02,82.72,87.04,95.17
Ukraine,UKR,2007,14.35,42.4,53.41,60.68,66.48,71.2,75.3,79.03,82.8,87.18,95.32
Ukraine,UKR,2008,16.72,42.84,53.8,61.07,66.84,71.56,75.61,79.33,83.03,87.37,95.47
Ukraine,UKR,2009,18.25,45.62,56.69,63.59,68.89,73.13,76.85,80.3,83.8,87.95,95.82
Ukraine,UKR,2010,18.52,47.07,58.08,64.68,69.7,73.71,77.25,80.58,83.96,88.01,95.66
Ukraine,UKR,2011,18.92,47.98,58.85,65.39,70.44,74.43,77.95,81.24,84.61,88.67,96.4
Ukraine,UKR,2012,19.48,48.04,58.88,65.34,70.45,74.54,78.04,81.38,84.79,88.87,96.65
Ukraine,UKR,2013,20.5,48.3,59.07,65.55,70.62,74.73,78.18,81.56,84.93,88.98,96.84
United Kingdom,GBR,1922,0.14,14.75,42,54.85,62.14,67.19,71.35,74.88,78.59,83.16,92.04
United Kingdom,GBR,1923,0.15,21.3,46.16,57.39,63.86,68.66,72.62,76.11,79.83,84.31,93.2
United Kingdom,GBR,1924,0.14,18.11,44.53,56.38,63.18,68,71.97,75.4,79.08,83.58,92.41
United Kingdom,GBR,1925,0.14,18.73,45.25,56.83,63.57,68.38,72.31,75.73,79.37,83.82,92.41
United Kingdom,GBR,1926,0.15,22.02,47.13,57.95,64.39,69.05,72.88,76.31,79.95,84.37,93.02
United Kingdom,GBR,1927,0.15,21.33,46.18,57.18,63.69,68.4,72.26,75.65,79.15,83.57,92.2
United Kingdom,GBR,1928,0.16,23.01,47.69,58.23,64.53,69.13,72.95,76.38,79.91,84.37,93.04
United Kingdom,GBR,1929,0.14,17.69,44.38,55.89,62.7,67.49,71.41,74.81,78.29,82.66,91.15
United Kingdom,GBR,1930,0.17,25.37,48.96,58.99,65.06,69.61,73.34,76.76,80.34,84.78,93.65
United Kingdom,GBR,1931,0.16,24.19,48.32,58.46,64.63,69.1,72.81,76.19,79.63,83.93,92.39
United Kingdom,GBR,1932,0.16,25.57,49.33,59.16,65.12,69.5,73.11,76.45,79.88,84.15,92.58
United Kingdom,GBR,1933,0.17,26.46,48.96,58.72,64.85,69.36,73.04,76.38,79.82,84.03,92.42
United Kingdom,GBR,1934,0.18,26.88,50.19,59.69,65.49,69.93,73.56,76.91,80.42,84.81,93.56
United Kingdom,GBR,1935,0.18,30.32,51.54,60.4,65.93,70.23,73.76,77.04,80.48,84.73,93.29
United Kingdom,GBR,1936,0.18,30.44,51.73,60.33,65.86,70.08,73.58,76.78,80.21,84.47,92.9
United Kingdom,GBR,1937,0.18,31.47,51.76,60.29,65.68,69.88,73.43,76.65,80.05,84.25,92.56
United Kingdom,GBR,1938,0.21,34.02,53.43,61.64,66.89,70.96,74.4,77.62,81.02,85.26,93.83
United Kingdom,GBR,1939,0.22,37.12,54.24,61.89,66.94,70.85,74.22,77.35,80.58,84.65,92.94
United Kingdom,GBR,1940,0.19,28.83,50.09,58.9,64.54,68.93,72.59,75.96,79.33,83.54,91.83
United Kingdom,GBR,1941,0.18,26.88,49.97,59.57,65.46,69.95,73.68,77.07,80.53,84.74,92.99
United Kingdom,GBR,1942,0.21,33.83,54.04,62.32,67.57,71.76,75.22,78.46,81.89,86.04,94.5
United Kingdom,GBR,1943,0.22,34.61,54.02,62.25,67.52,71.68,75.04,78.3,81.66,85.65,93.75
United Kingdom,GBR,1944,0.24,36.23,54.9,62.83,68.02,72.09,75.49,78.81,82.23,86.27,94.65
United Kingdom,GBR,1945,0.27,40.17,56.48,63.65,68.58,72.47,75.76,79.02,82.38,86.41,94.7
United Kingdom,GBR,1946,0.26,43.37,57.5,64.2,68.99,72.73,75.97,79.08,82.38,86.3,94.37
United Kingdom,GBR,1947,0.27,44.43,57.79,64.3,69,72.65,75.83,78.78,82.02,85.87,93.89
United Kingdom,GBR,1948,0.43,47.59,59.34,65.49,70,73.63,76.85,79.84,83.19,87.23,95.75
United Kingdom,GBR,1949,0.43,48.31,59.39,65.25,69.59,73.08,76.12,79.1,82.3,86.17,94.23
United Kingdom,GBR,1950,0.52,49.59,59.94,65.59,69.84,73.29,76.26,79.21,82.37,86.17,94.13
United Kingdom,GBR,1951,0.5,50.04,59.82,65.27,69.34,72.73,75.67,78.51,81.61,85.4,93.24
United Kingdom,GBR,1952,0.56,51.43,60.9,66.35,70.42,73.81,76.82,79.7,82.85,86.67,94.71
United Kingdom,GBR,1953,0.6,51.93,61.21,66.58,70.58,73.93,76.92,79.81,82.93,86.75,94.89
United Kingdom,GBR,1954,0.73,52.48,61.47,66.77,70.75,74.09,77.09,79.98,83.09,86.9,94.86
United Kingdom,GBR,1955,0.76,52.7,61.57,66.8,70.76,74.03,76.97,79.82,82.9,86.61,94.53
United Kingdom,GBR,1956,0.84,53.16,61.82,66.98,70.91,74.14,77.07,79.91,83,86.7,94.55
United Kingdom,GBR,1957,0.9,53,61.68,66.88,70.86,74.17,77.22,80.19,83.38,87.27,95.28
United Kingdom,GBR,1958,1.41,53.42,61.97,67.13,71.04,74.3,77.26,80.15,83.24,87.03,94.93
United Kingdom,GBR,1959,1.82,53.58,62.03,67.19,71.14,74.39,77.37,80.26,83.4,87.21,95.16
United Kingdom,GBR,1960,1.98,53.68,62.19,67.37,71.31,74.63,77.59,80.49,83.64,87.45,95.5
United Kingdom,GBR,1961,1.96,53.54,61.98,67.1,71.01,74.28,77.24,80.15,83.28,87.1,94.95
United Kingdom,GBR,1962,2.13,53.66,62.03,67.15,71.07,74.34,77.34,80.26,83.4,87.16,95.08
United Kingdom,GBR,1963,2.28,53.55,61.97,67.01,70.9,74.18,77.21,80.11,83.2,87.01,94.85
United Kingdom,GBR,1964,3.09,53.86,62.4,67.51,71.53,74.87,78.01,81.06,84.22,88.17,96.36
United Kingdom,GBR,1965,3.91,53.84,62.36,67.44,71.43,74.75,77.84,80.91,84.1,88.02,96.1
United Kingdom,GBR,1966,3.81,53.83,62.38,67.41,71.38,74.69,77.74,80.75,83.91,87.82,95.82
United Kingdom,GBR,1967,5.02,54.4,62.86,67.87,71.88,75.21,78.33,81.37,84.57,88.55,96.64
United Kingdom,GBR,1968,4.72,54.29,62.67,67.64,71.55,74.81,77.83,80.82,83.98,87.85,95.74
United Kingdom,GBR,1969,5.14,54.08,62.43,67.43,71.28,74.59,77.7,80.8,84.09,88.14,96.29
United Kingdom,GBR,1970,5.79,54.29,62.64,67.69,71.57,74.9,77.99,81.05,84.31,88.32,96.33
United Kingdom,GBR,1971,6.34,54.42,62.9,68.04,71.94,75.31,78.39,81.43,84.64,88.62,96.66
United Kingdom,GBR,1972,7.17,54.32,62.72,67.81,71.65,74.95,78.02,81.04,84.24,88.22,96.21
United Kingdom,GBR,1973,7.74,54.41,62.88,68,71.89,75.18,78.25,81.26,84.41,88.36,96.28
United Kingdom,GBR,1974,9.15,54.55,63.01,68.14,72.02,75.3,78.4,81.43,84.6,88.54,96.44
United Kingdom,GBR,1975,11.32,54.89,63.26,68.35,72.25,75.53,78.61,81.61,84.76,88.71,96.63
United Kingdom,GBR,1976,13.84,55.04,63.22,68.3,72.17,75.44,78.47,81.44,84.57,88.43,96.16
United Kingdom,GBR,1977,15.02,55.35,63.58,68.68,72.57,75.87,78.92,81.94,85.11,89.08,96.98
United Kingdom,GBR,1978,14.56,55.23,63.47,68.56,72.48,75.79,78.84,81.85,85.06,89.03,97.01
United Kingdom,GBR,1979,16.08,55.46,63.56,68.64,72.58,75.86,78.88,81.87,85.04,89.01,96.93
United Kingdom,GBR,1980,16.94,55.96,63.93,69,72.91,76.22,79.24,82.25,85.43,89.39,97.4
United Kingdom,GBR,1981,17.81,56.29,64.24,69.29,73.14,76.45,79.49,82.43,85.6,89.54,97.47
United Kingdom,GBR,1982,18.33,56.62,64.42,69.4,73.25,76.53,79.54,82.45,85.62,89.56,97.46
United Kingdom,GBR,1983,18.91,56.9,64.6,69.57,73.42,76.71,79.75,82.68,85.84,89.75,97.64
United Kingdom,GBR,1984,19.56,57.23,64.86,69.86,73.73,77.03,80.08,83.06,86.25,90.21,98.18
United Kingdom,GBR,1985,19.69,57.39,64.87,69.83,73.62,76.85,79.88,82.8,85.9,89.81,97.62
United Kingdom,GBR,1986,20.24,57.64,65.17,70.08,73.87,77.13,80.13,83.07,86.2,90.1,97.95
United Kingdom,GBR,1987,20.41,57.81,65.41,70.35,74.16,77.45,80.49,83.47,86.64,90.61,98.6
United Kingdom,GBR,1988,20.45,58,65.57,70.5,74.3,77.59,80.62,83.57,86.71,90.65,98.47
United Kingdom,GBR,1989,20.9,58.3,65.86,70.7,74.48,77.71,80.68,83.59,86.69,90.53,98.24
United Kingdom,GBR,1990,21.37,58.47,66.09,70.9,74.76,78.02,81.01,83.95,87.08,91.03,98.77
United Kingdom,GBR,1991,21.85,58.75,66.38,71.11,74.93,78.17,81.13,84.04,87.13,90.98,98.68
United Kingdom,GBR,1992,23.64,59.12,66.71,71.45,75.22,78.44,81.42,84.34,87.44,91.34,99.12
United Kingdom,GBR,1993,23.72,59.13,66.73,71.43,75.16,78.35,81.26,84.13,87.17,90.92,98.4
United Kingdom,GBR,1994,24.44,59.54,67.22,71.95,75.69,78.91,81.84,84.71,87.79,91.61,99.21
United Kingdom,GBR,1995,24.27,59.48,67.27,71.98,75.6,78.85,81.73,84.57,87.6,91.35,98.76
United Kingdom,GBR,1996,24.41,59.67,67.59,72.27,75.91,79.16,82.02,84.84,87.85,91.57,99.02
United Kingdom,GBR,1997,24.45,59.93,67.87,72.58,76.23,79.43,82.28,85.08,88.06,91.73,99.14
United Kingdom,GBR,1998,25.08,60.04,68.04,72.76,76.4,79.57,82.43,85.2,88.16,91.81,99.15
United Kingdom,GBR,1999,25.16,60.15,68.26,72.98,76.6,79.65,82.51,85.24,88.18,91.77,98.95
United Kingdom,GBR,2000,26.06,60.48,68.67,73.49,77.1,80.16,83,85.72,88.65,92.27,99.51
United Kingdom,GBR,2001,26.26,60.72,69.02,73.84,77.44,80.53,83.29,85.97,88.87,92.45,99.6
United Kingdom,GBR,2002,26.64,60.87,69.18,74.04,77.6,80.64,83.37,86.08,88.91,92.41,99.52
United Kingdom,GBR,2003,27.09,61.01,69.32,74.23,77.8,80.8,83.46,86.12,88.9,92.36,99.34
United Kingdom,GBR,2004,28.03,61.54,69.83,74.75,78.33,81.35,84.05,86.7,89.49,92.95,100
United Kingdom,GBR,2005,28.64,61.76,70.1,75.03,78.6,81.57,84.27,86.88,89.63,93.03,99.95
United Kingdom,GBR,2006,27.82,61.74,70.28,75.3,78.94,81.91,84.6,87.18,89.99,93.38,100.4
United Kingdom,GBR,2007,28.34,61.97,70.48,75.54,79.17,82.11,84.76,87.31,90.08,93.45,100.27
United Kingdom,GBR,2008,28.65,62.08,70.65,75.71,79.35,82.28,84.92,87.48,90.16,93.45,100.12
United Kingdom,GBR,2009,29.55,62.47,71.12,76.19,79.84,82.78,85.41,87.96,90.67,93.98,100.8
United Kingdom,GBR,2010,30.62,62.73,71.36,76.41,80.05,83,85.6,88.13,90.76,94.07,100.75
United Kingdom,GBR,2011,31.63,63.2,71.75,76.8,80.44,83.37,85.98,88.49,91.11,94.44,101.09
United Kingdom,GBR,2012,32.41,63.53,72.02,76.94,80.54,83.41,85.94,88.4,90.98,94.21,100.7
United Kingdom,GBR,2013,32.6,63.49,72.1,77.02,80.62,83.48,86.01,88.46,91.03,94.19,100.73
United Kingdom,GBR,2014,32.43,63.65,72.26,77.22,80.83,83.73,86.29,88.73,91.31,94.51,101.14
United Kingdom,GBR,2015,32.53,63.55,72.17,77.07,80.67,83.52,86.03,88.43,90.93,94.06,100.42
United Kingdom,GBR,2016,32.22,63.44,72.13,77.15,80.79,83.7,86.24,88.67,91.2,94.38,100.85
United Kingdom,GBR,2017,33.17,63.72,72.39,77.3,80.88,83.77,86.28,88.69,91.2,94.32,100.68
United Kingdom,GBR,2018,32.24,63.48,72.26,77.28,80.87,83.78,86.33,88.72,91.23,94.34,100.77
United Kingdom,GBR,2019,32.38,63.74,72.54,77.62,81.17,84.08,86.62,89.03,91.57,94.73,101.21
United Kingdom,GBR,2020,33.16,62.62,71.38,76.5,80.08,82.99,85.56,87.98,90.51,93.62,99.99
United Kingdom,GBR,2021,32.23,62.22,71.19,76.58,80.31,83.31,85.96,88.46,91.04,94.2,100.69
United Kingdom,GBR,2022,32.41,63.12,71.91,77.15,80.81,83.73,86.32,88.76,91.25,94.35,100.76
United States,USA,1933,0.19,29.88,48.18,57.49,63.6,68.5,72.45,76.27,80.24,84.96,94.64
United States,USA,1934,0.17,28.58,47.61,56.95,63.25,68.18,72.23,76.03,79.99,84.74,94.32
United States,USA,1935,0.19,30.01,48.21,57.36,63.64,68.41,72.49,76.28,80.18,84.98,94.49
United States,USA,1936,0.19,29.93,47.78,56.82,63.13,67.86,71.98,75.74,79.52,84.23,93.35
United States,USA,1937,0.19,31.33,48.74,57.51,63.68,68.34,72.48,76.21,79.99,84.72,94.08
United States,USA,1938,0.21,34.23,50.83,59.13,64.96,69.42,73.38,76.95,80.74,85.45,95.17
United States,USA,1939,0.23,36.48,51.92,59.73,65.33,69.71,73.55,77.06,80.77,85.3,94.67
United States,USA,1940,0.23,37.45,52.38,59.99,65.45,69.8,73.52,77.04,80.69,85.14,94.2
United States,USA,1941,0.23,38.23,52.9,60.45,65.9,70.27,74,77.59,81.26,85.68,95.02
United States,USA,1942,0.26,39.66,53.61,60.95,66.33,70.66,74.38,77.98,81.65,86.12,95.6
United States,USA,1943,0.28,39.41,53.49,60.71,66.11,70.44,74.08,77.58,81.16,85.57,94.42
United States,USA,1944,0.3,40.51,54.28,61.38,66.76,71.07,74.67,78.16,81.77,86.29,95.52
United States,USA,1945,0.31,41.48,54.73,61.72,67.08,71.39,75,78.42,82.1,86.69,96
United States,USA,1946,0.3,42.91,55.55,62.43,67.71,71.94,75.48,78.88,82.59,87.07,96.29
United States,USA,1947,0.37,44.55,56.13,62.71,67.81,71.92,75.41,78.76,82.45,86.82,95.9
United States,USA,1948,0.44,45.65,56.74,63.21,68.2,72.25,75.73,79.06,82.73,87.02,96.01
United States,USA,1949,0.4,46.27,57.26,63.62,68.53,72.53,76.01,79.33,82.98,87.27,96.23
United States,USA,1950,0.48,47.03,57.72,63.99,68.81,72.75,76.21,79.55,83.11,87.37,96.15
United States,USA,1951,0.47,47.22,57.74,64.09,68.9,72.86,76.33,79.65,83.22,87.5,96.22
United States,USA,1952,0.48,47.42,57.93,64.27,69.08,73.06,76.53,79.89,83.48,87.78,96.61
United States,USA,1953,0.52,48.1,58.36,64.57,69.29,73.23,76.68,80.03,83.56,87.79,96.54
United States,USA,1954,0.58,49.08,59.21,65.32,69.97,73.84,77.26,80.64,84.18,88.48,97.22
United States,USA,1955,0.61,49.29,59.39,65.45,70.03,73.88,77.23,80.58,84.04,88.22,96.92
United States,USA,1956,0.63,49.44,59.47,65.48,70.05,73.92,77.32,80.62,84.05,88.24,96.91
United States,USA,1957,0.63,49.23,59.26,65.22,69.75,73.64,77.11,80.43,83.9,88.05,96.58
United States,USA,1958,0.64,49.66,59.58,65.53,70.05,73.91,77.35,80.59,84.03,88.19,96.71
United States,USA,1959,0.68,49.79,59.71,65.66,70.24,74.13,77.58,80.82,84.24,88.4,96.97
United States,USA,1960,0.7,49.72,59.66,65.51,70.13,73.99,77.44,80.7,84.15,88.3,96.76
United States,USA,1961,0.78,50.13,60.08,65.89,70.52,74.38,77.8,81.06,84.46,88.59,97.07
United States,USA,1962,0.85,50.01,59.97,65.76,70.37,74.23,77.66,80.92,84.3,88.4,96.78
United States,USA,1963,0.83,49.81,59.75,65.57,70.16,74.06,77.49,80.74,84.13,88.23,96.54
United States,USA,1964,0.89,49.79,59.87,65.75,70.41,74.35,77.81,81.1,84.51,88.66,97.12
United States,USA,1965,1.12,49.83,59.89,65.71,70.4,74.39,77.8,81.1,84.51,88.65,97.11
United States,USA,1966,1.66,49.68,59.77,65.65,70.35,74.3,77.72,81.03,84.48,88.64,97.06
United States,USA,1967,2.28,49.83,59.94,65.94,70.63,74.53,78.02,81.32,84.76,88.95,97.42
United States,USA,1968,2.36,49.41,59.59,65.6,70.27,74.19,77.72,81,84.49,88.68,97.1
United States,USA,1969,2.62,49.42,59.75,65.87,70.56,74.46,77.99,81.31,84.78,89,97.44
United States,USA,1970,3.1,49.68,59.89,66.02,70.7,74.63,78.14,81.54,85.06,89.36,98
United States,USA,1971,4.54,50.03,60.21,66.35,70.99,74.91,78.39,81.77,85.24,89.47,97.92
United States,USA,1972,5.8,50.17,60.3,66.42,71.02,74.85,78.33,81.72,85.22,89.46,97.96
United States,USA,1973,5.84,50.34,60.47,66.64,71.27,75.09,78.58,81.95,85.38,89.58,97.93
United States,USA,1974,7.09,51.04,61.06,67.2,71.78,75.57,79.09,82.44,85.84,90.02,98.41
United States,USA,1975,8.49,51.62,61.58,67.7,72.24,76.05,79.59,82.92,86.38,90.63,99.15
United States,USA,1976,10.05,52.15,61.92,68,72.5,76.28,79.83,83.14,86.54,90.69,98.99
United States,USA,1977,11.29,52.39,62.23,68.31,72.82,76.61,80.18,83.49,86.92,91.12,99.6
United States,USA,1978,12.29,52.66,62.46,68.47,72.99,76.79,80.37,83.63,87.03,91.19,99.55
United States,USA,1979,13.43,53.05,62.87,68.88,73.4,77.23,80.74,84,87.39,91.6,100.04
United States,USA,1980,14.16,53.16,62.88,68.81,73.29,77.1,80.56,83.8,87.16,91.29,99.55
United States,USA,1981,15.31,53.58,63.18,69.09,73.58,77.42,80.86,84.1,87.46,91.62,99.99
United States,USA,1982,15.91,54.18,63.59,69.41,73.86,77.66,81.07,84.28,87.68,91.9,100.25
United States,USA,1983,16.52,54.53,63.73,69.53,73.91,77.68,81.07,84.24,87.61,91.76,99.99
United States,USA,1984,16.78,54.65,63.86,69.65,74.03,77.8,81.18,84.38,87.73,91.85,100.04
United States,USA,1985,16.81,54.64,63.88,69.69,74.06,77.8,81.16,84.35,87.68,91.77,99.9
United States,USA,1986,16.86,54.52,63.98,69.8,74.16,77.92,81.28,84.49,87.82,91.9,100.04
United States,USA,1987,17.04,54.6,64.09,69.94,74.31,78.08,81.42,84.63,87.93,92,100.03
United States,USA,1988,16.96,54.56,64.1,69.97,74.37,78.12,81.45,84.6,87.89,91.89,99.82
United States,USA,1989,17.02,54.69,64.34,70.24,74.67,78.43,81.76,84.92,88.25,92.27,100.18
United States,USA,1990,17.56,54.91,64.58,70.46,74.93,78.68,81.99,85.16,88.49,92.51,100.49
United States,USA,1991,17.76,55.01,64.72,70.61,75.07,78.84,82.15,85.3,88.61,92.62,100.52
United States,USA,1992,18.3,55.22,64.97,70.83,75.28,79.07,82.35,85.49,88.8,92.82,100.71
United States,USA,1993,18.18,55,64.84,70.71,75.16,78.91,82.16,85.27,88.52,92.48,100.22
United States,USA,1994,18.45,55.01,64.99,70.87,75.36,79.12,82.35,85.43,88.66,92.6,100.35
United States,USA,1995,18.81,55.16,65.12,71.02,75.46,79.22,82.42,85.49,88.68,92.58,100.21
United States,USA,1996,19.3,55.96,65.57,71.35,75.76,79.43,82.59,85.6,88.77,92.63,100.26
United States,USA,1997,19.76,56.66,66.04,71.72,76.07,79.68,82.79,85.78,88.9,92.7,100.26
United States,USA,1998,20.16,57.01,66.3,71.95,76.24,79.83,82.89,85.84,88.93,92.71,100.23
United States,USA,1999,20.38,57.08,66.4,72.06,76.32,79.84,82.88,85.78,88.81,92.52,99.88
United States,USA,2000,20.62,57.13,66.57,72.24,76.5,80.01,83.04,85.93,88.94,92.59,99.9
United States,USA,2001,20.81,57.04,66.66,72.41,76.67,80.2,83.21,86.07,89.06,92.71,99.99
United States,USA,2002,20.81,57.02,66.76,72.54,76.82,80.33,83.32,86.17,89.12,92.72,99.89
United States,USA,2003,20.91,57.04,66.86,72.71,77.02,80.52,83.51,86.36,89.29,92.86,99.97
United States,USA,2004,21.06,57.34,67.24,73.14,77.46,80.94,83.92,86.76,89.69,93.28,100.44
United States,USA,2005,21.12,57.22,67.28,73.2,77.54,80.99,83.98,86.78,89.68,93.19,100.27
United States,USA,2006,21.26,57.32,67.51,73.51,77.86,81.3,84.28,87.09,90,93.51,100.61
United States,USA,2007,21.46,57.57,67.79,73.79,78.13,81.56,84.53,87.32,90.22,93.72,100.77
United States,USA,2008,22.02,57.77,67.89,73.86,78.17,81.61,84.56,87.34,90.2,93.67,100.62
United States,USA,2009,22.63,57.9,68.11,74.17,78.51,81.95,84.91,87.7,90.59,94.08,101.16
United States,USA,2010,23.14,58.31,68.42,74.4,78.69,82.09,85.02,87.78,90.61,94.09,101.1
United States,USA,2011,23.18,58.25,68.47,74.47,78.79,82.15,85.08,87.83,90.65,94.08,101.04
United States,USA,2012,23.45,58.34,68.52,74.57,78.91,82.29,85.21,87.95,90.76,94.2,101.11
United States,USA,2013,23.65,58.32,68.5,74.53,78.88,82.29,85.22,87.95,90.77,94.18,101.11
United States,USA,2014,23.72,58.21,68.41,74.53,78.93,82.38,85.33,88.1,90.94,94.35,101.3
United States,USA,2015,23.23,57.96,68.24,74.41,78.83,82.31,85.27,88.02,90.83,94.23,101.06
United States,USA,2016,22.82,57.55,68.01,74.33,78.84,82.4,85.41,88.19,91.01,94.43,101.32
United States,USA,2017,22.94,57.5,67.97,74.33,78.83,82.39,85.4,88.16,90.99,94.37,101.16
United States,USA,2018,23.33,57.73,68.08,74.45,78.93,82.51,85.54,88.3,91.1,94.5,101.26
United States,USA,2019,23.39,57.83,68.18,74.59,79.07,82.62,85.65,88.44,91.27,94.66,101.48
United States,USA,2020,22.49,55.31,65.83,72.43,77.08,80.73,83.87,86.77,89.75,93.23,99.98
United States,USA,2021,21.93,53.44,64.38,71.31,76.35,80.23,83.58,86.65,89.83,93.52,100.64
United States,USA,2022,22.13,55.41,66.22,72.96,77.71,81.35,84.49,87.38,90.4,93.96,100.85
United States,USA,2023,22.5,56.76,67.52,74.15,78.8,82.34,85.39,88.21,91.17,94.7,101.67
West Germany,OWID_GFR,1956,0.33,50.36,60.89,66.66,70.68,73.89,76.71,79.39,82.3,85.92,93.46
West Germany,OWID_GFR,1957,0.36,50.3,60.66,66.38,70.45,73.69,76.56,79.34,82.35,86.08,93.64
West Germany,OWID_GFR,1958,0.38,51.36,61.49,67.14,71.19,74.43,77.27,80.01,82.98,86.62,94.18
West Germany,OWID_GFR,1959,0.4,51.41,61.55,67.22,71.29,74.55,77.39,80.16,83.11,86.82,94.51
West Germany,OWID_GFR,1960,0.42,51.46,61.42,66.93,70.95,74.2,77.04,79.77,82.71,86.36,93.61
West Germany,OWID_GFR,1961,0.45,51.74,61.67,67.2,71.31,74.64,77.54,80.33,83.3,86.99,94.63
West Germany,OWID_GFR,1962,0.54,52.19,61.81,67.26,71.32,74.62,77.51,80.3,83.23,86.87,94.32
West Germany,OWID_GFR,1963,0.62,52.26,61.8,67.12,71.12,74.41,77.28,80.02,82.97,86.56,93.94
West Germany,OWID_GFR,1964,0.77,52.5,62.1,67.47,71.55,74.92,77.88,80.73,83.77,87.54,95.28
West Germany,OWID_GFR,1965,1.08,52.71,62.13,67.35,71.32,74.64,77.59,80.41,83.39,87.1,94.67
West Germany,OWID_GFR,1966,1.01,52.61,62.2,67.42,71.4,74.72,77.69,80.5,83.47,87.19,94.77
West Germany,OWID_GFR,1967,1.96,52.76,62.41,67.59,71.57,74.88,77.84,80.67,83.66,87.4,95.01
West Germany,OWID_GFR,1968,2.09,52.76,62.29,67.37,71.21,74.44,77.35,80.17,83.09,86.71,94.02
West Germany,OWID_GFR,1969,1.85,52.28,62.06,67.14,70.95,74.21,77.18,80.09,83.15,86.87,94.44
West Germany,OWID_GFR,1970,2.12,52.26,62.28,67.47,71.29,74.54,77.51,80.38,83.39,87.12,94.66
West Germany,OWID_GFR,1971,1.98,52.25,62.46,67.76,71.59,74.84,77.78,80.63,83.59,87.27,94.79
West Germany,OWID_GFR,1972,2.9,52.44,62.61,67.91,71.74,74.96,77.9,80.76,83.74,87.45,94.95
West Germany,OWID_GFR,1973,2.91,52.86,62.87,68.19,71.98,75.18,78.09,80.93,83.89,87.56,95
West Germany,OWID_GFR,1974,3.31,53.31,63.21,68.47,72.26,75.41,78.3,81.13,84.09,87.76,95.19
West Germany,OWID_GFR,1975,4.26,52.96,63.01,68.35,72.14,75.27,78.14,80.93,83.92,87.58,95.11
West Germany,OWID_GFR,1976,6.27,53.39,63.33,68.72,72.52,75.66,78.54,81.35,84.32,87.96,95.42
West Germany,OWID_GFR,1977,9.12,53.85,63.85,69.27,73.06,76.22,79.12,81.95,84.91,88.6,96.08
West Germany,OWID_GFR,1978,10.09,53.86,63.8,69.29,73.09,76.21,79.05,81.84,84.8,88.5,95.89
West Germany,OWID_GFR,1979,12.62,54.39,64.17,69.61,73.44,76.57,79.41,82.18,85.16,88.84,96.42
West Germany,OWID_GFR,1980,14.14,54.65,64.38,69.82,73.66,76.77,79.59,82.36,85.31,89,96.59
West Germany,OWID_GFR,1981,16.02,54.94,64.52,70.02,73.84,76.93,79.72,82.44,85.37,89.02,96.42
West Germany,OWID_GFR,1982,16.95,55.26,64.74,70.23,74.1,77.18,79.98,82.69,85.62,89.29,96.8
West Germany,OWID_GFR,1983,17.68,55.62,65,70.43,74.3,77.39,80.16,82.84,85.73,89.39,96.74
West Germany,OWID_GFR,1984,18.81,56.35,65.47,70.89,74.75,77.85,80.63,83.32,86.22,89.88,97.44
West Germany,OWID_GFR,1985,19.51,56.55,65.56,71.03,74.88,77.99,80.74,83.4,86.26,89.88,97.27
West Germany,OWID_GFR,1986,19.8,56.93,65.87,71.27,75.11,78.23,80.98,83.63,86.46,90.04,97.47
West Germany,OWID_GFR,1987,20.68,57.28,66.16,71.58,75.46,78.61,81.38,84.04,86.89,90.48,98
West Germany,OWID_GFR,1988,20.93,57.49,66.36,71.74,75.67,78.82,81.59,84.25,87.09,90.67,98.23
West Germany,OWID_GFR,1989,21.74,57.65,66.47,71.85,75.8,78.96,81.72,84.36,87.14,90.63,97.98
West Germany,OWID_GFR,1990,21.94,57.78,66.47,71.86,75.8,78.97,81.73,84.36,87.11,90.54,97.65
West Germany,OWID_GFR,1991,22.13,57.78,66.47,71.91,75.97,79.16,81.96,84.58,87.34,90.8,98
West Germany,OWID_GFR,1992,23.05,58.15,66.81,72.22,76.26,79.47,82.27,84.93,87.71,91.16,98.44
West Germany,OWID_GFR,1993,23.14,58.2,66.79,72.26,76.17,79.4,82.22,84.89,87.64,91.05,98.15
West Germany,OWID_GFR,1994,23.79,58.46,67.01,72.47,76.49,79.7,82.5,85.15,87.9,91.32,98.44
West Germany,OWID_GFR,1995,24.01,58.6,67.13,72.56,76.51,79.76,82.57,85.25,88.02,91.42,98.43
West Germany,OWID_GFR,1996,24.8,58.87,67.35,72.73,76.6,79.92,82.68,85.35,88.11,91.49,98.5
West Germany,OWID_GFR,1997,25.25,59.24,67.79,73.08,77,80.26,83.04,85.7,88.48,91.85,98.75
West Germany,OWID_GFR,1998,26.06,59.69,68.19,73.4,77.33,80.52,83.27,85.89,88.64,91.98,98.89
West Germany,OWID_GFR,1999,25.71,59.83,68.47,73.63,77.58,80.74,83.49,86.07,88.8,92.13,98.94
West Germany,OWID_GFR,2000,26.62,60.02,68.68,73.86,77.82,80.92,83.73,86.32,89.04,92.36,99.18
West Germany,OWID_GFR,2001,27.32,60.33,69.07,74.21,78.15,81.21,84.04,86.6,89.31,92.6,99.39
West Germany,OWID_GFR,2002,27.9,60.41,69.26,74.33,78.23,81.33,84.08,86.66,89.29,92.56,99.23
West Germany,OWID_GFR,2003,28.14,60.59,69.4,74.46,78.28,81.37,84,86.62,89.23,92.47,99.07
West Germany,OWID_GFR,2004,29.86,61.11,69.95,75.05,78.84,81.93,84.53,87.14,89.8,93.06,99.81
West Germany,OWID_GFR,2005,30.69,61.3,70.15,75.28,79,82.06,84.66,87.23,89.82,93.01,99.65
West Germany,OWID_GFR,2006,32.03,61.73,70.58,75.64,79.32,82.34,84.96,87.47,90.1,93.28,99.96
West Germany,OWID_GFR,2007,31.57,61.89,70.74,75.86,79.52,82.5,85.14,87.53,90.2,93.39,100.01
West Germany,OWID_GFR,2008,32.41,62.06,70.86,76.01,79.61,82.54,85.15,87.56,90.16,93.27,99.81
West Germany,OWID_GFR,2009,32.35,62.16,70.94,76.17,79.77,82.66,85.22,87.63,90.18,93.36,99.84
West Germany,OWID_GFR,2010,33.01,62.36,71.03,76.31,79.94,82.84,85.41,87.83,90.3,93.49,99.96
West Germany,OWID_GFR,2011,33.14,62.59,71.28,76.58,80.24,83.13,85.69,88.12,90.61,93.78,100.17
West Germany,OWID_GFR,2012,34.43,62.96,71.47,76.78,80.4,83.21,85.72,88.11,90.59,93.71,100.08
West Germany,OWID_GFR,2013,34.68,62.96,71.35,76.73,80.39,83.22,85.69,88.06,90.55,93.53,99.95
West Germany,OWID_GFR,2014,35.36,63.32,71.77,77.14,80.83,83.68,86.16,88.54,91.06,94.07,100.52
West Germany,OWID_GFR,2015,34.71,63.15,71.4,76.75,80.5,83.38,85.83,88.19,90.65,93.66,100
West Germany,OWID_GFR,2016,34.75,63.39,71.62,77,80.79,83.69,86.17,88.51,91,94.07,100.59
West Germany,OWID_GFR,2017,35.66,63.72,71.82,77.07,80.87,83.76,86.21,88.52,90.95,93.97,100.25
West Germany,OWID_GFR,2018,35.65,63.61,71.72,76.94,80.81,83.74,86.23,88.53,90.94,93.93,100.31
West Germany,OWID_GFR,2019,36.03,64.01,72.01,77.18,81.05,84,86.5,88.81,91.23,94.24,100.73
West Germany,OWID_GFR,2020,36.57,63.96,71.91,77.01,80.84,83.85,86.34,88.65,91.03,94.01,100.34