Entity,Code,Year,Urban,Rural
Afghanistan,AFG,2000,21.885258,8.535748
Afghanistan,AFG,2001,21.885258,8.535748
Afghanistan,AFG,2002,22.570154,9.35664
Afghanistan,AFG,2003,23.25505,10.177532
Afghanistan,AFG,2004,23.939945,10.998424
Afghanistan,AFG,2005,24.624842,11.819316
Afghanistan,AFG,2006,25.309738,12.640207
Afghanistan,AFG,2007,25.994635,13.841233
Afghanistan,AFG,2008,26.67953,14.779118
Afghanistan,AFG,2009,27.364426,15.628584
Afghanistan,AFG,2010,28.049322,16.478048
Afghanistan,AFG,2011,28.734217,17.327515
Afghanistan,AFG,2012,29.419113,18.176981
Afghanistan,AFG,2013,30.10401,19.026445
Afghanistan,AFG,2014,30.788904,19.875912
Afghanistan,AFG,2015,31.4738,20.725376
Afghanistan,AFG,2016,32.158695,21.574842
Afghanistan,AFG,2017,32.843594,22.424307
Afghanistan,AFG,2018,33.52849,23.273773
Afghanistan,AFG,2019,34.213383,24.12324
Afghanistan,AFG,2020,34.89828,24.972704
Afghanistan,AFG,2021,35.583176,25.82217
Afghanistan,AFG,2022,36.26807,26.671635
Afghanistan,AFG,2023,36.38141,27.521101
Afghanistan,AFG,2024,36.38141,28.370565
Africa (WHO),WHO_AFR,2000,45.366787,7.320095
Africa (WHO),WHO_AFR,2001,45.254387,7.4911933
Africa (WHO),WHO_AFR,2002,45.44731,7.740955
Africa (WHO),WHO_AFR,2003,45.65344,8.000063
Africa (WHO),WHO_AFR,2004,45.988064,8.270115
Africa (WHO),WHO_AFR,2005,46.306477,8.544955
Africa (WHO),WHO_AFR,2006,46.6576,8.852947
Africa (WHO),WHO_AFR,2007,47.038795,9.20285
Africa (WHO),WHO_AFR,2008,47.4496,9.57052
Africa (WHO),WHO_AFR,2009,47.89219,9.95335
Africa (WHO),WHO_AFR,2010,48.363342,10.348063
Africa (WHO),WHO_AFR,2011,48.619305,10.6088705
Africa (WHO),WHO_AFR,2012,49.169632,11.027579
Africa (WHO),WHO_AFR,2013,49.752785,11.462463
Africa (WHO),WHO_AFR,2014,50.37029,11.917356
Africa (WHO),WHO_AFR,2015,51.030457,12.394054
Africa (WHO),WHO_AFR,2016,51.66889,12.871237
Africa (WHO),WHO_AFR,2017,52.261635,13.363232
Africa (WHO),WHO_AFR,2018,52.981255,13.868947
Africa (WHO),WHO_AFR,2019,53.690372,14.378393
Africa (WHO),WHO_AFR,2020,53.961403,14.896585
Africa (WHO),WHO_AFR,2021,53.952602,15.426923
Africa (WHO),WHO_AFR,2022,53.940914,15.880178
Africa (WHO),WHO_AFR,2023,53.89089,16.362494
Africa (WHO),WHO_AFR,2024,53.907803,16.776896
Algeria,DZA,2000,81.867455,50.99412
Algeria,DZA,2001,81.78657,51.75708
Algeria,DZA,2002,81.70558,52.52242
Algeria,DZA,2003,81.6245,53.290142
Algeria,DZA,2004,81.54332,54.060246
Algeria,DZA,2005,81.46204,54.832726
Algeria,DZA,2006,81.38067,55.607594
Algeria,DZA,2007,81.2992,56.38484
Algeria,DZA,2008,81.217636,57.164467
Algeria,DZA,2009,81.13598,57.946472
Algeria,DZA,2010,81.05422,58.73086
Algeria,DZA,2011,80.97237,59.517635
Algeria,DZA,2012,80.89042,60.306786
Algeria,DZA,2013,80.80837,61.09832
Algeria,DZA,2014,80.72623,61.892235
Algeria,DZA,2015,80.64399,62.68853
Algeria,DZA,2016,79.292465,63.487206
Algeria,DZA,2017,77.86181,64.28826
Algeria,DZA,2018,76.42993,65.091705
Algeria,DZA,2019,74.99684,64.63525
Algeria,DZA,2020,73.56254,61.99907
Algeria,DZA,2021,72.12702,59.35349
Algeria,DZA,2022,72.12702,59.35349
Algeria,DZA,2023,72.12702,59.35349
Algeria,DZA,2024,72.12702,59.35349
Americas (WHO),WHO_AMR,2000,87.37206,45.695107
Americas (WHO),WHO_AMR,2001,87.37979,45.91006
Americas (WHO),WHO_AMR,2002,87.391235,46.13781
Americas (WHO),WHO_AMR,2003,87.40336,46.3683
Americas (WHO),WHO_AMR,2004,87.42209,46.593575
Americas (WHO),WHO_AMR,2005,87.615616,46.804935
Americas (WHO),WHO_AMR,2006,87.634026,47.044647
Americas (WHO),WHO_AMR,2007,87.65701,47.282906
Americas (WHO),WHO_AMR,2008,87.692116,47.59836
Americas (WHO),WHO_AMR,2009,87.72869,48.21451
Americas (WHO),WHO_AMR,2010,87.77317,48.89441
Americas (WHO),WHO_AMR,2011,87.817856,49.576035
Americas (WHO),WHO_AMR,2012,87.8513,50.260838
Americas (WHO),WHO_AMR,2013,88.03222,50.99318
Americas (WHO),WHO_AMR,2014,88.02499,51.731033
Americas (WHO),WHO_AMR,2015,88.2879,52.422913
Americas (WHO),WHO_AMR,2016,88.55162,53.103016
Americas (WHO),WHO_AMR,2017,88.813644,53.731754
Americas (WHO),WHO_AMR,2018,89.02291,54.42794
Americas (WHO),WHO_AMR,2019,89.21276,55.11542
Americas (WHO),WHO_AMR,2020,89.38798,55.794724
Americas (WHO),WHO_AMR,2021,89.5378,56.45806
Americas (WHO),WHO_AMR,2022,89.69094,57.021984
Americas (WHO),WHO_AMR,2023,89.86413,57.52618
Americas (WHO),WHO_AMR,2024,89.99356,58.027122
Australia,AUS,2000,98.28848,
Australia,AUS,2001,98.28848,
Australia,AUS,2002,98.28848,
Australia,AUS,2003,98.420494,
Australia,AUS,2004,98.55253,
Australia,AUS,2005,98.684586,
Australia,AUS,2006,98.816666,
Australia,AUS,2007,98.94878,
Australia,AUS,2008,99.0809,
Australia,AUS,2009,99.21306,
Australia,AUS,2010,99.345245,
Australia,AUS,2011,99.47745,
Australia,AUS,2012,99.60967,
Australia,AUS,2013,99.671906,
Australia,AUS,2014,99.67763,
Australia,AUS,2015,99.68335,
Australia,AUS,2016,99.6791,
Australia,AUS,2017,99.67485,
Australia,AUS,2018,99.6706,
Australia,AUS,2019,99.66634,
Australia,AUS,2020,99.662094,
Australia,AUS,2021,99.657845,
Australia,AUS,2022,99.653595,
Australia,AUS,2023,99.649345,
Australia,AUS,2024,99.645096,
Australia and New Zealand (UN SDG),UNSDG_ANZ,2000,98.58071,
Australia and New Zealand (UN SDG),UNSDG_ANZ,2001,98.58053,
Australia and New Zealand (UN SDG),UNSDG_ANZ,2002,98.58116,
Australia and New Zealand (UN SDG),UNSDG_ANZ,2003,98.6919,
Australia and New Zealand (UN SDG),UNSDG_ANZ,2004,98.801865,
Australia and New Zealand (UN SDG),UNSDG_ANZ,2005,98.91107,
Australia and New Zealand (UN SDG),UNSDG_ANZ,2006,99.01975,
Australia and New Zealand (UN SDG),UNSDG_ANZ,2007,99.12772,
Australia and New Zealand (UN SDG),UNSDG_ANZ,2008,99.23572,
Australia and New Zealand (UN SDG),UNSDG_ANZ,2009,99.344376,
Australia and New Zealand (UN SDG),UNSDG_ANZ,2010,99.453735,
Australia and New Zealand (UN SDG),UNSDG_ANZ,2011,99.56337,
Australia and New Zealand (UN SDG),UNSDG_ANZ,2012,99.6733,
Australia and New Zealand (UN SDG),UNSDG_ANZ,2013,99.68079,
Australia and New Zealand (UN SDG),UNSDG_ANZ,2014,99.68489,
Australia and New Zealand (UN SDG),UNSDG_ANZ,2015,99.689026,
Australia and New Zealand (UN SDG),UNSDG_ANZ,2016,99.6848,
Australia and New Zealand (UN SDG),UNSDG_ANZ,2017,99.680565,
Australia and New Zealand (UN SDG),UNSDG_ANZ,2018,99.67632,
Australia and New Zealand (UN SDG),UNSDG_ANZ,2019,99.67209,
Australia and New Zealand (UN SDG),UNSDG_ANZ,2020,99.66786,
Australia and New Zealand (UN SDG),UNSDG_ANZ,2021,99.663605,
Australia and New Zealand (UN SDG),UNSDG_ANZ,2022,99.65933,
Australia and New Zealand (UN SDG),UNSDG_ANZ,2023,99.655075,
Australia and New Zealand (UN SDG),UNSDG_ANZ,2024,99.65081,
Azerbaijan,AZE,2000,74.07977,22.112453
Azerbaijan,AZE,2001,74.19283,22.523123
Azerbaijan,AZE,2002,74.3059,22.93379
Azerbaijan,AZE,2003,74.41896,23.34446
Azerbaijan,AZE,2004,74.53202,23.755129
Azerbaijan,AZE,2005,74.64509,24.165798
Azerbaijan,AZE,2006,74.75815,24.576466
Azerbaijan,AZE,2007,74.87121,24.987135
Azerbaijan,AZE,2008,74.98427,25.397804
Azerbaijan,AZE,2009,75.097336,25.808474
Azerbaijan,AZE,2010,75.210396,26.219143
Azerbaijan,AZE,2011,75.323456,26.62981
Azerbaijan,AZE,2012,75.43652,27.04048
Azerbaijan,AZE,2013,75.54958,27.451149
Azerbaijan,AZE,2014,75.66264,27.861818
Azerbaijan,AZE,2015,75.7757,28.272488
Azerbaijan,AZE,2016,75.88877,28.683155
Azerbaijan,AZE,2017,76.00183,29.093824
Azerbaijan,AZE,2018,76.11489,29.504494
Azerbaijan,AZE,2019,76.22796,29.915163
Azerbaijan,AZE,2020,76.34102,30.32583
Azerbaijan,AZE,2021,76.45408,30.7365
Azerbaijan,AZE,2022,76.52826,31.14717
Azerbaijan,AZE,2023,76.52826,31.557838
Azerbaijan,AZE,2024,76.52826,31.968508
Bangladesh,BGD,2000,42.14081,59.37396
Bangladesh,BGD,2001,42.16319,59.49012
Bangladesh,BGD,2002,42.185574,59.60628
Bangladesh,BGD,2003,42.20796,59.72244
Bangladesh,BGD,2004,42.23034,59.8386
Bangladesh,BGD,2005,42.252724,59.95476
Bangladesh,BGD,2006,42.27511,60.07092
Bangladesh,BGD,2007,42.29749,60.18708
Bangladesh,BGD,2008,42.319874,60.30324
Bangladesh,BGD,2009,42.34226,60.4194
Bangladesh,BGD,2010,42.36464,60.53556
Bangladesh,BGD,2011,42.387024,60.651722
Bangladesh,BGD,2012,43.565025,60.815647
Bangladesh,BGD,2013,44.744247,60.97975
Bangladesh,BGD,2014,45.924686,61.144043
Bangladesh,BGD,2015,47.106346,61.308517
Bangladesh,BGD,2016,48.289227,61.47317
Bangladesh,BGD,2017,49.473328,61.63801
Bangladesh,BGD,2018,50.65865,61.803032
Bangladesh,BGD,2019,51.84519,61.968235
Bangladesh,BGD,2020,53.032948,62.13362
Bangladesh,BGD,2021,54.221928,62.299187
Bangladesh,BGD,2022,54.250412,62.39401
Bangladesh,BGD,2023,54.278893,62.44982
Bangladesh,BGD,2024,54.307377,62.505524
Benin,BEN,2000,27.942263,5.6719937
Benin,BEN,2001,27.963072,5.713184
Benin,BEN,2002,27.983881,5.754374
Benin,BEN,2003,28.00469,5.795564
Benin,BEN,2004,28.025497,5.8367543
Benin,BEN,2005,28.046307,5.8779445
Benin,BEN,2006,28.067116,5.9191346
Benin,BEN,2007,28.087925,5.960325
Benin,BEN,2008,28.108734,6.001515
Benin,BEN,2009,28.129541,6.042705
Benin,BEN,2010,28.15035,6.083895
Benin,BEN,2011,28.17116,6.1250854
Benin,BEN,2012,28.191969,6.1662755
Benin,BEN,2013,28.212778,6.2074656
Benin,BEN,2014,28.233585,6.248656
Benin,BEN,2015,28.254395,6.289846
Benin,BEN,2016,28.275204,6.331036
Benin,BEN,2017,28.296013,6.372226
Benin,BEN,2018,28.316822,6.4134164
Benin,BEN,2019,28.33763,6.4546065
Benin,BEN,2020,28.358438,6.4957967
Benin,BEN,2021,28.379248,6.536987
Benin,BEN,2022,28.400057,6.578177
Benin,BEN,2023,28.420866,6.619367
Benin,BEN,2024,28.441673,6.6605573
Bhutan,BTN,2000,41.500854,23.989151
Bhutan,BTN,2001,41.524143,24.283903
Bhutan,BTN,2002,41.547432,24.578653
Bhutan,BTN,2003,41.57072,24.873405
Bhutan,BTN,2004,41.59401,25.168156
Bhutan,BTN,2005,41.6173,25.462908
Bhutan,BTN,2006,41.640587,25.757658
Bhutan,BTN,2007,41.66388,26.05241
Bhutan,BTN,2008,41.68717,26.34716
Bhutan,BTN,2009,41.710457,26.641912
Bhutan,BTN,2010,41.733746,26.936663
Bhutan,BTN,2011,41.757034,31.024088
Bhutan,BTN,2012,41.780323,35.193615
Bhutan,BTN,2013,41.80361,39.445248
Bhutan,BTN,2014,43.58492,43.778984
Bhutan,BTN,2015,45.368183,48.19482
Bhutan,BTN,2016,47.153408,52.69276
Bhutan,BTN,2017,48.940586,57.272808
Bhutan,BTN,2018,50.729725,61.792366
Bhutan,BTN,2019,52.52082,66.34457
Bhutan,BTN,2020,54.313873,70.44497
Bhutan,BTN,2021,56.108887,74.54537
Bhutan,BTN,2022,57.905853,75.44517
Bhutan,BTN,2023,59.70478,72.19228
Bhutan,BTN,2024,61.505665,68.9394
Botswana,BWA,2000,84.13215,
Botswana,BWA,2001,84.03966,
Botswana,BWA,2002,83.94717,
Botswana,BWA,2003,83.85468,
Botswana,BWA,2004,83.76219,
Botswana,BWA,2005,83.66971,
Botswana,BWA,2006,83.40221,
Botswana,BWA,2007,82.58167,
Botswana,BWA,2008,81.76276,
Botswana,BWA,2009,80.94545,
Botswana,BWA,2010,80.12975,
Botswana,BWA,2011,79.315674,
Botswana,BWA,2012,78.503204,
Botswana,BWA,2013,77.69235,
Botswana,BWA,2014,76.88312,
Botswana,BWA,2015,76.075485,
Botswana,BWA,2016,75.26948,
Botswana,BWA,2017,74.46508,
Botswana,BWA,2018,73.66229,
Botswana,BWA,2019,72.86112,
Botswana,BWA,2020,72.06156,
Botswana,BWA,2021,71.26362,
Botswana,BWA,2022,70.467285,
Botswana,BWA,2023,69.67257,
Botswana,BWA,2024,68.87946,
Brazil,BRA,2000,82.29502,47.679283
Brazil,BRA,2001,82.35737,49.66074
Brazil,BRA,2002,82.41972,51.67753
Brazil,BRA,2003,82.48207,53.72965
Brazil,BRA,2004,82.544426,55.316986
Brazil,BRA,2005,82.60678,56.01417
Brazil,BRA,2006,82.66913,56.711357
Brazil,BRA,2007,82.73148,57.40854
Brazil,BRA,2008,82.79384,58.105724
Brazil,BRA,2009,82.856186,58.80291
Brazil,BRA,2010,82.91854,59.500095
Brazil,BRA,2011,82.980896,60.19728
Brazil,BRA,2012,83.04324,60.894463
Brazil,BRA,2013,83.68477,61.92537
Brazil,BRA,2014,84.32716,62.96383
Brazil,BRA,2015,84.97043,64.00984
Brazil,BRA,2016,85.61456,64.97777
Brazil,BRA,2017,86.25957,66.12454
Brazil,BRA,2018,86.90543,67.19322
Brazil,BRA,2019,87.55218,68.269455
Brazil,BRA,2020,88.175,69.35325
Brazil,BRA,2021,88.75718,70.444595
Brazil,BRA,2022,89.33935,71.543495
Brazil,BRA,2023,90.08158,72.649956
Brazil,BRA,2024,90.664665,73.63613
Cambodia,KHM,2000,46.533577,10.436618
Cambodia,KHM,2001,46.990322,10.852596
Cambodia,KHM,2002,47.447067,11.268575
Cambodia,KHM,2003,47.903812,11.684553
Cambodia,KHM,2004,48.360558,12.100533
Cambodia,KHM,2005,48.817307,12.516511
Cambodia,KHM,2006,49.27405,12.932489
Cambodia,KHM,2007,49.730797,13.348468
Cambodia,KHM,2008,50.187542,13.764446
Cambodia,KHM,2009,50.644287,14.180426
Cambodia,KHM,2010,51.101032,14.596404
Cambodia,KHM,2011,51.557777,15.0123825
Cambodia,KHM,2012,52.014523,15.428361
Cambodia,KHM,2013,52.471268,15.844339
Cambodia,KHM,2014,52.928013,16.260319
Cambodia,KHM,2015,53.384758,16.676296
Cambodia,KHM,2016,53.841503,17.092276
Cambodia,KHM,2017,54.29825,17.508255
Cambodia,KHM,2018,54.754993,17.924232
Cambodia,KHM,2019,55.21174,18.340212
Cambodia,KHM,2020,55.668484,18.75619
Cambodia,KHM,2021,56.12523,19.172169
Cambodia,KHM,2022,56.581974,19.588148
Cambodia,KHM,2023,56.92613,20.004126
Cambodia,KHM,2024,57.160923,20.420105
Central African Republic,CAF,2000,17.001358,3.4183595
Central African Republic,CAF,2001,16.715727,3.3571692
Central African Republic,CAF,2002,16.43129,3.2964845
Central African Republic,CAF,2003,16.148045,3.2363055
Central African Republic,CAF,2004,15.8659935,3.1766322
Central African Republic,CAF,2005,15.585135,3.1174645
Central African Republic,CAF,2006,15.3054695,3.0588026
Central African Republic,CAF,2007,15.0269985,3.0006464
Central African Republic,CAF,2008,14.74972,2.9429958
Central African Republic,CAF,2009,14.473634,2.8858507
Central African Republic,CAF,2010,14.198742,2.8292115
Central African Republic,CAF,2011,13.925043,2.7730777
Central African Republic,CAF,2012,13.652537,2.71745
Central African Republic,CAF,2013,13.381225,2.6623275
Central African Republic,CAF,2014,13.111105,2.6077108
Central African Republic,CAF,2015,12.842179,2.5535998
Central African Republic,CAF,2016,12.574447,2.4999945
Central African Republic,CAF,2017,12.307907,2.446895
Central African Republic,CAF,2018,12.042561,2.394301
Central African Republic,CAF,2019,11.778407,2.3422127
Central African Republic,CAF,2020,11.515448,2.29063
Central African Republic,CAF,2021,11.25368,2.239553
Central African Republic,CAF,2022,11.25368,2.239553
Central African Republic,CAF,2023,11.25368,2.239553
Central African Republic,CAF,2024,11.25368,2.239553
Central and Southern Asia (UN SDG),UNSDG_CSA,2000,74.90099,36.31014
Central and Southern Asia (UN SDG),UNSDG_CSA,2001,75.33708,37.596363
Central and Southern Asia (UN SDG),UNSDG_CSA,2002,75.75199,38.893726
Central and Southern Asia (UN SDG),UNSDG_CSA,2003,76.17269,40.20698
Central and Southern Asia (UN SDG),UNSDG_CSA,2004,76.62305,41.564503
Central and Southern Asia (UN SDG),UNSDG_CSA,2005,76.939415,42.972576
Central and Southern Asia (UN SDG),UNSDG_CSA,2006,77.246124,44.405437
Central and Southern Asia (UN SDG),UNSDG_CSA,2007,77.55303,45.879868
Central and Southern Asia (UN SDG),UNSDG_CSA,2008,77.8535,47.369644
Central and Southern Asia (UN SDG),UNSDG_CSA,2009,78.14863,48.86139
Central and Southern Asia (UN SDG),UNSDG_CSA,2010,78.44328,50.369736
Central and Southern Asia (UN SDG),UNSDG_CSA,2011,78.73501,51.885674
Central and Southern Asia (UN SDG),UNSDG_CSA,2012,79.024475,53.411633
Central and Southern Asia (UN SDG),UNSDG_CSA,2013,79.31771,54.95563
Central and Southern Asia (UN SDG),UNSDG_CSA,2014,79.61541,56.51725
Central and Southern Asia (UN SDG),UNSDG_CSA,2015,79.91878,58.101967
Central and Southern Asia (UN SDG),UNSDG_CSA,2016,80.225784,59.708775
Central and Southern Asia (UN SDG),UNSDG_CSA,2017,80.535286,61.335342
Central and Southern Asia (UN SDG),UNSDG_CSA,2018,80.84029,62.963383
Central and Southern Asia (UN SDG),UNSDG_CSA,2019,81.143364,64.609245
Central and Southern Asia (UN SDG),UNSDG_CSA,2020,81.43631,66.2615
Central and Southern Asia (UN SDG),UNSDG_CSA,2021,81.731224,67.93546
Central and Southern Asia (UN SDG),UNSDG_CSA,2022,82.03276,69.63004
Central and Southern Asia (UN SDG),UNSDG_CSA,2023,82.518326,71.38712
Central and Southern Asia (UN SDG),UNSDG_CSA,2024,82.99679,73.1339
Chad,TCD,2000,14.938387,2.9205813
Chad,TCD,2001,15.064489,2.9233863
Chad,TCD,2002,15.190591,2.9246404
Chad,TCD,2003,15.316693,2.9243433
Chad,TCD,2004,15.442795,2.9224954
Chad,TCD,2005,15.568897,2.9190965
Chad,TCD,2006,15.695,2.9141467
Chad,TCD,2007,15.821101,2.9076457
Chad,TCD,2008,15.947204,2.8995938
Chad,TCD,2009,16.073305,2.889991
Chad,TCD,2010,16.199408,2.878837
Chad,TCD,2011,16.32551,2.8661325
Chad,TCD,2012,16.451612,2.8518767
Chad,TCD,2013,16.577715,2.83607
Chad,TCD,2014,16.703817,2.8187122
Chad,TCD,2015,16.829918,2.7998035
Chad,TCD,2016,16.95602,2.7793438
Chad,TCD,2017,17.082123,2.7573333
Chad,TCD,2018,17.208225,2.7337716
Chad,TCD,2019,17.334328,2.708659
Chad,TCD,2020,17.46043,2.6819954
Chad,TCD,2021,17.58653,2.653781
Chad,TCD,2022,17.58653,2.653781
Chad,TCD,2023,17.58653,2.653781
Chad,TCD,2024,17.58653,2.653781
Chile,CHL,2000,97.8149,
Chile,CHL,2001,97.9241,
Chile,CHL,2002,98.033356,
Chile,CHL,2003,98.14265,
Chile,CHL,2004,98.251976,
Chile,CHL,2005,98.36135,
Chile,CHL,2006,98.470764,
Chile,CHL,2007,98.58022,
Chile,CHL,2008,98.68973,
Chile,CHL,2009,98.79927,
Chile,CHL,2010,98.8582,
Chile,CHL,2011,98.91207,
Chile,CHL,2012,98.96596,
Chile,CHL,2013,99.00913,
Chile,CHL,2014,99.02904,
Chile,CHL,2015,99.04894,
Chile,CHL,2016,99.06884,
Chile,CHL,2017,99.08874,
Chile,CHL,2018,99.108635,
Chile,CHL,2019,99.1332,
Chile,CHL,2020,99.15777,
Chile,CHL,2021,99.182335,
Chile,CHL,2022,99.2069,
Chile,CHL,2023,99.23147,
Chile,CHL,2024,99.242516,
China,CHN,2000,91.65548,
China,CHN,2001,91.65548,
China,CHN,2002,91.60669,
China,CHN,2003,91.5579,
China,CHN,2004,91.5091,
China,CHN,2005,91.46031,
China,CHN,2006,91.41152,
China,CHN,2007,91.362724,
China,CHN,2008,91.313934,
China,CHN,2009,91.26514,
China,CHN,2010,91.21635,
China,CHN,2011,91.620476,
China,CHN,2012,92.024124,
China,CHN,2013,92.427284,
China,CHN,2014,92.829956,
China,CHN,2015,93.23215,
China,CHN,2016,93.63386,
China,CHN,2017,94.03508,
China,CHN,2018,94.435814,
China,CHN,2019,94.83607,
China,CHN,2020,95.23583,
China,CHN,2021,95.63512,
China,CHN,2022,96.03391,
China,CHN,2023,96.43222,
China,CHN,2024,96.43222,
Colombia,COL,2000,80.1654,32.419067
Colombia,COL,2001,80.22583,32.682365
Colombia,COL,2002,80.28627,32.945663
Colombia,COL,2003,80.34671,33.20896
Colombia,COL,2004,80.40715,33.47226
Colombia,COL,2005,80.46759,33.735558
Colombia,COL,2006,80.52803,33.998856
Colombia,COL,2007,80.60251,34.262157
Colombia,COL,2008,80.677,34.525455
Colombia,COL,2009,80.75152,34.788754
Colombia,COL,2010,80.82606,35.05205
Colombia,COL,2011,80.90062,35.31535
Colombia,COL,2012,80.975204,35.578648
Colombia,COL,2013,81.049805,35.841946
Colombia,COL,2014,81.12443,36.105244
Colombia,COL,2015,81.19907,36.368546
Colombia,COL,2016,81.27374,36.631844
Colombia,COL,2017,81.34843,36.89514
Colombia,COL,2018,81.423134,37.15844
Colombia,COL,2019,81.49786,37.421738
Colombia,COL,2020,81.57262,37.685036
Colombia,COL,2021,81.647385,37.948334
Colombia,COL,2022,81.722176,38.21163
Colombia,COL,2023,81.79699,38.474934
Colombia,COL,2024,81.81168,38.73823
Congo,COG,2000,41.829254,8.110956
Congo,COG,2001,41.829254,8.110956
Congo,COG,2002,41.892868,8.110956
Congo,COG,2003,41.956486,8.110956
Congo,COG,2004,43.865448,8.7263365
Congo,COG,2005,45.779995,9.360353
Congo,COG,2006,47.700134,10.013007
Congo,COG,2007,49.62586,10.684298
Congo,COG,2008,51.55717,11.374226
Congo,COG,2009,53.49407,12.082789
Congo,COG,2010,55.436554,12.80999
Congo,COG,2011,57.38463,13.555827
Congo,COG,2012,58.19118,14.320301
Congo,COG,2013,58.27823,15.103412
Congo,COG,2014,58.365273,15.905159
Congo,COG,2015,58.452316,16.725544
Congo,COG,2016,58.53936,17.564564
Congo,COG,2017,58.626404,18.422222
Congo,COG,2018,58.626404,18.422222
Congo,COG,2019,58.626404,18.422222
Congo,COG,2020,58.626404,18.422222
Congo,COG,2021,58.626404,18.422222
Costa Rica,CRI,2000,79.87271,71.776375
Costa Rica,CRI,2001,79.900925,72.27171
Costa Rica,CRI,2002,79.92914,72.76705
Costa Rica,CRI,2003,79.95735,73.2624
Costa Rica,CRI,2004,79.985565,73.75774
Costa Rica,CRI,2005,80.01378,74.253075
Costa Rica,CRI,2006,80.042,74.74842
Costa Rica,CRI,2007,80.07021,75.24376
Costa Rica,CRI,2008,80.09843,75.7391
Costa Rica,CRI,2009,80.12664,76.23444
Costa Rica,CRI,2010,80.154854,76.72978
Costa Rica,CRI,2011,80.18307,77.22512
Costa Rica,CRI,2012,80.21128,77.72047
Costa Rica,CRI,2013,80.239494,78.215805
Costa Rica,CRI,2014,80.26771,78.71114
Costa Rica,CRI,2015,80.29592,79.20649
Costa Rica,CRI,2016,80.324135,79.70183
Costa Rica,CRI,2017,80.35235,80.19717
Costa Rica,CRI,2018,80.38057,80.69251
Costa Rica,CRI,2019,80.38785,81.05455
Costa Rica,CRI,2020,80.38785,81.05455
Costa Rica,CRI,2021,80.38785,81.05455
Costa Rica,CRI,2022,80.38785,81.05455
Costa Rica,CRI,2023,80.38785,81.05455
Costa Rica,CRI,2024,80.38785,81.05455
Cote d'Ivoire,CIV,2000,41.261593,13.276906
Cote d'Ivoire,CIV,2001,41.26111,13.964252
Cote d'Ivoire,CIV,2002,41.26062,14.6579275
Cote d'Ivoire,CIV,2003,41.260136,15.357932
Cote d'Ivoire,CIV,2004,41.25965,16.064266
Cote d'Ivoire,CIV,2005,41.259163,16.77693
Cote d'Ivoire,CIV,2006,41.25868,17.49592
Cote d'Ivoire,CIV,2007,41.258194,18.221241
Cote d'Ivoire,CIV,2008,41.257706,18.952892
Cote d'Ivoire,CIV,2009,41.25722,19.69087
Cote d'Ivoire,CIV,2010,41.256737,20.435179
Cote d'Ivoire,CIV,2011,41.25625,21.185816
Cote d'Ivoire,CIV,2012,42.611694,21.942781
Cote d'Ivoire,CIV,2013,43.967106,22.706078
Cote d'Ivoire,CIV,2014,45.322487,23.475702
Cote d'Ivoire,CIV,2015,46.677837,24.251656
Cote d'Ivoire,CIV,2016,48.033154,25.033937
Cote d'Ivoire,CIV,2017,49.38844,25.82255
Cote d'Ivoire,CIV,2018,50.74369,25.328854
Cote d'Ivoire,CIV,2019,52.09891,24.087816
Cote d'Ivoire,CIV,2020,53.4541,22.834047
Cote d'Ivoire,CIV,2021,54.80926,21.567547
Cote d'Ivoire,CIV,2022,53.43002,20.288313
Cote d'Ivoire,CIV,2023,51.455627,18.996347
Cote d'Ivoire,CIV,2024,51.45502,19.083626
Croatia,HRV,2000,96.54062,71.992836
Croatia,HRV,2001,96.54062,71.992836
Croatia,HRV,2002,96.54062,72.16347
Croatia,HRV,2003,96.54062,72.3341
Croatia,HRV,2004,96.5347,72.50472
Croatia,HRV,2005,96.528786,72.675354
Croatia,HRV,2006,96.522865,72.845985
Croatia,HRV,2007,96.516945,73.01662
Croatia,HRV,2008,96.51103,73.18725
Croatia,HRV,2009,96.50511,73.35788
Croatia,HRV,2010,96.49919,73.5285
Croatia,HRV,2011,96.49328,73.699135
Croatia,HRV,2012,96.48736,73.86977
Croatia,HRV,2013,96.48144,74.0404
Croatia,HRV,2014,96.48144,74.0404
Croatia,HRV,2015,96.48144,74.0404
Croatia,HRV,2016,96.48144,74.0404
Croatia,HRV,2017,96.48144,74.0404
Croatia,HRV,2018,96.48144,74.0404
Croatia,HRV,2019,96.48144,74.0404
Croatia,HRV,2020,96.48144,74.0404
Croatia,HRV,2021,96.48144,74.0404
Croatia,HRV,2022,96.48144,74.0404
Croatia,HRV,2023,96.48144,74.0404
Croatia,HRV,2024,96.48144,74.0404
Czechia,CZE,2000,96.704384,89.02648
Czechia,CZE,2001,96.704384,89.02648
Czechia,CZE,2002,96.80827,89.75286
Czechia,CZE,2003,96.91222,90.47985
Czechia,CZE,2004,97.016205,91.20744
Czechia,CZE,2005,97.120255,91.93564
Czechia,CZE,2006,97.22435,92.664444
Czechia,CZE,2007,97.32849,93.39385
Czechia,CZE,2008,97.43269,94.12387
Czechia,CZE,2009,97.53694,94.85449
Czechia,CZE,2010,97.64124,95.585724
Czechia,CZE,2011,97.7456,96.31756
Czechia,CZE,2012,97.85,97.05
Czechia,CZE,2013,97.95232,97.78305
Czechia,CZE,2014,98.01919,98.366875
Czechia,CZE,2015,98.01919,98.49065
Czechia,CZE,2016,98.01919,98.5167
Czechia,CZE,2017,98.01919,98.5167
Czechia,CZE,2018,98.01919,98.5167
Czechia,CZE,2019,98.01919,98.5167
Czechia,CZE,2020,98.01919,98.5167
Czechia,CZE,2021,98.01919,98.5167
Czechia,CZE,2022,98.01919,98.5167
Czechia,CZE,2023,98.01919,98.5167
Czechia,CZE,2024,98.01919,98.5167
Democratic Republic of Congo,COD,2000,33.56055,0.65483344
Democratic Republic of Congo,COD,2001,33.142643,0.64967406
Democratic Republic of Congo,COD,2002,32.717934,0.64426744
Democratic Republic of Congo,COD,2003,32.286415,0.63861346
Democratic Republic of Congo,COD,2004,31.84809,0.63271224
Democratic Republic of Congo,COD,2005,31.402958,0.6265637
Democratic Republic of Congo,COD,2006,30.951021,0.6201679
Democratic Republic of Congo,COD,2007,30.492275,0.6135248
Democratic Republic of Congo,COD,2008,30.026724,0.6066344
Democratic Republic of Congo,COD,2009,29.554367,0.59949666
Democratic Republic of Congo,COD,2010,29.075201,0.5921117
Democratic Republic of Congo,COD,2011,28.589231,0.58447945
Democratic Republic of Congo,COD,2012,28.096453,0.57659984
Democratic Republic of Congo,COD,2013,27.596869,0.568473
Democratic Republic of Congo,COD,2014,27.090477,0.5600988
Democratic Republic of Congo,COD,2015,26.57728,0.5514774
Democratic Republic of Congo,COD,2016,26.057276,0.5426087
Democratic Republic of Congo,COD,2017,25.530466,0.5334926
Democratic Republic of Congo,COD,2018,24.996847,0.52412933
Democratic Republic of Congo,COD,2019,24.456423,0.5145187
Democratic Republic of Congo,COD,2020,23.909193,0.5046608
Democratic Republic of Congo,COD,2021,24.030323,0.50901383
Democratic Republic of Congo,COD,2022,24.151451,0.5133669
Democratic Republic of Congo,COD,2023,24.151451,0.5133669
Democratic Republic of Congo,COD,2024,24.151451,0.5133669
Dominican Republic,DOM,2000,47.06591,33.96496
Dominican Republic,DOM,2001,47.06094,34.057148
Dominican Republic,DOM,2002,47.055965,34.149338
Dominican Republic,DOM,2003,47.050995,34.241528
Dominican Republic,DOM,2004,47.046024,34.333717
Dominican Republic,DOM,2005,47.04105,34.425907
Dominican Republic,DOM,2006,47.03608,34.518097
Dominican Republic,DOM,2007,47.031105,34.610287
Dominican Republic,DOM,2008,47.026134,34.702477
Dominican Republic,DOM,2009,47.021164,34.794666
Dominican Republic,DOM,2010,47.01619,34.886856
Dominican Republic,DOM,2011,47.01122,34.979046
Dominican Republic,DOM,2012,47.006245,35.071236
Dominican Republic,DOM,2013,47.001274,35.163425
Dominican Republic,DOM,2014,46.996304,35.255615
Dominican Republic,DOM,2015,46.99133,35.347805
Dominican Republic,DOM,2016,46.98636,35.439995
Dominican Republic,DOM,2017,46.981384,35.532185
Dominican Republic,DOM,2018,46.976414,35.624374
Dominican Republic,DOM,2019,46.971443,35.716564
Dominican Republic,DOM,2020,46.96647,35.808754
Dominican Republic,DOM,2021,46.9615,35.900944
Dominican Republic,DOM,2022,46.956524,35.993134
Dominican Republic,DOM,2023,46.951553,36.085323
Dominican Republic,DOM,2024,46.946583,36.177513
Eastern Mediterranean (WHO),WHO_EMR,2000,73.92655,46.7751
Eastern Mediterranean (WHO),WHO_EMR,2001,73.89081,46.96086
Eastern Mediterranean (WHO),WHO_EMR,2002,73.805565,47.077328
Eastern Mediterranean (WHO),WHO_EMR,2003,73.72975,47.23573
Eastern Mediterranean (WHO),WHO_EMR,2004,73.71786,47.483284
Eastern Mediterranean (WHO),WHO_EMR,2005,73.74785,47.828773
Eastern Mediterranean (WHO),WHO_EMR,2006,73.834915,48.16564
Eastern Mediterranean (WHO),WHO_EMR,2007,73.97734,48.489174
Eastern Mediterranean (WHO),WHO_EMR,2008,73.97657,48.845455
Eastern Mediterranean (WHO),WHO_EMR,2009,73.93291,49.173702
Eastern Mediterranean (WHO),WHO_EMR,2010,73.90823,49.52494
Eastern Mediterranean (WHO),WHO_EMR,2011,73.88886,49.881496
Eastern Mediterranean (WHO),WHO_EMR,2012,73.8791,50.227814
Eastern Mediterranean (WHO),WHO_EMR,2013,73.88498,50.58851
Eastern Mediterranean (WHO),WHO_EMR,2014,73.89224,50.97172
Eastern Mediterranean (WHO),WHO_EMR,2015,73.93032,51.368534
Eastern Mediterranean (WHO),WHO_EMR,2016,73.97873,51.78195
Eastern Mediterranean (WHO),WHO_EMR,2017,73.9054,52.163525
Eastern Mediterranean (WHO),WHO_EMR,2018,73.807014,52.53251
Eastern Mediterranean (WHO),WHO_EMR,2019,73.68347,52.879322
Eastern Mediterranean (WHO),WHO_EMR,2020,73.50161,53.19725
Eastern Mediterranean (WHO),WHO_EMR,2021,73.32121,53.499935
Eastern Mediterranean (WHO),WHO_EMR,2022,73.226974,53.83633
Eastern Mediterranean (WHO),WHO_EMR,2023,73.11876,54.092834
Eastern Mediterranean (WHO),WHO_EMR,2024,72.95311,54.323338
Eastern and South-Eastern Asia (UN SDG),UNSDG_ESEA,2000,80.90496,
Eastern and South-Eastern Asia (UN SDG),UNSDG_ESEA,2001,80.94555,
Eastern and South-Eastern Asia (UN SDG),UNSDG_ESEA,2002,80.95523,
Eastern and South-Eastern Asia (UN SDG),UNSDG_ESEA,2003,80.96904,
Eastern and South-Eastern Asia (UN SDG),UNSDG_ESEA,2004,80.982185,
Eastern and South-Eastern Asia (UN SDG),UNSDG_ESEA,2005,80.9924,
Eastern and South-Eastern Asia (UN SDG),UNSDG_ESEA,2006,80.992424,
Eastern and South-Eastern Asia (UN SDG),UNSDG_ESEA,2007,80.9861,
Eastern and South-Eastern Asia (UN SDG),UNSDG_ESEA,2008,80.98004,
Eastern and South-Eastern Asia (UN SDG),UNSDG_ESEA,2009,80.97372,
Eastern and South-Eastern Asia (UN SDG),UNSDG_ESEA,2010,80.96581,
Eastern and South-Eastern Asia (UN SDG),UNSDG_ESEA,2011,81.291435,
Eastern and South-Eastern Asia (UN SDG),UNSDG_ESEA,2012,81.61448,
Eastern and South-Eastern Asia (UN SDG),UNSDG_ESEA,2013,81.93902,
Eastern and South-Eastern Asia (UN SDG),UNSDG_ESEA,2014,82.2641,
Eastern and South-Eastern Asia (UN SDG),UNSDG_ESEA,2015,82.58821,42.696247
Eastern and South-Eastern Asia (UN SDG),UNSDG_ESEA,2016,82.91897,43.156803
Eastern and South-Eastern Asia (UN SDG),UNSDG_ESEA,2017,83.25201,43.617825
Eastern and South-Eastern Asia (UN SDG),UNSDG_ESEA,2018,83.57672,44.0763
Eastern and South-Eastern Asia (UN SDG),UNSDG_ESEA,2019,83.88967,44.529354
Eastern and South-Eastern Asia (UN SDG),UNSDG_ESEA,2020,84.193375,44.971443
Eastern and South-Eastern Asia (UN SDG),UNSDG_ESEA,2021,84.490715,45.417347
Eastern and South-Eastern Asia (UN SDG),UNSDG_ESEA,2022,84.77202,45.819145
Eastern and South-Eastern Asia (UN SDG),UNSDG_ESEA,2023,85.02194,46.17548
Eastern and South-Eastern Asia (UN SDG),UNSDG_ESEA,2024,85.07671,58.33751
Ecuador,ECU,2000,70.063156,48.64424
Ecuador,ECU,2001,70.31389,49.105453
Ecuador,ECU,2002,70.56462,49.566666
Ecuador,ECU,2003,70.81535,50.027878
Ecuador,ECU,2004,71.066086,50.48909
Ecuador,ECU,2005,71.31682,50.950302
Ecuador,ECU,2006,71.56755,51.411514
Ecuador,ECU,2007,71.81828,51.872726
Ecuador,ECU,2008,72.069016,52.33394
Ecuador,ECU,2009,72.31975,52.79515
Ecuador,ECU,2010,72.57048,53.256363
Ecuador,ECU,2011,72.82122,53.717575
Ecuador,ECU,2012,73.07195,54.178787
Ecuador,ECU,2013,73.322685,54.64
Ecuador,ECU,2014,73.57342,55.10121
Ecuador,ECU,2015,74.522415,54.35187
Ecuador,ECU,2016,75.476166,53.582436
Ecuador,ECU,2017,76.434654,52.792904
Ecuador,ECU,2018,77.39789,51.983273
Ecuador,ECU,2019,78.36586,51.153545
Ecuador,ECU,2020,79.33858,50.30372
Ecuador,ECU,2021,80.21961,49.433796
Ecuador,ECU,2022,80.93125,48.543777
Ecuador,ECU,2023,81.6429,47.633663
Ecuador,ECU,2024,82.354546,46.70345
El Salvador,SLV,2000,90.25748,
El Salvador,SLV,2001,90.25748,
El Salvador,SLV,2002,90.12283,
El Salvador,SLV,2003,89.49932,
El Salvador,SLV,2004,88.87326,
El Salvador,SLV,2005,88.24465,
El Salvador,SLV,2006,87.6135,
El Salvador,SLV,2007,86.979805,
El Salvador,SLV,2008,86.34356,
El Salvador,SLV,2009,85.70477,
El Salvador,SLV,2010,85.06343,
El Salvador,SLV,2011,84.41955,
El Salvador,SLV,2012,83.773125,
El Salvador,SLV,2013,83.124146,
El Salvador,SLV,2014,82.472626,
El Salvador,SLV,2015,81.81856,
El Salvador,SLV,2016,81.16195,
El Salvador,SLV,2017,80.50279,
El Salvador,SLV,2018,79.84109,
El Salvador,SLV,2019,79.176834,
El Salvador,SLV,2020,78.51003,
El Salvador,SLV,2021,77.77012,
El Salvador,SLV,2022,76.983376,
El Salvador,SLV,2023,76.19644,
El Salvador,SLV,2024,75.70653,
Eswatini,SWZ,2000,69.93378,14.929999
Eswatini,SWZ,2001,70.95165,15.362971
Eswatini,SWZ,2002,71.97572,15.795943
Eswatini,SWZ,2003,73.006004,16.228914
Eswatini,SWZ,2004,74.04249,16.661886
Eswatini,SWZ,2005,75.085175,17.094858
Eswatini,SWZ,2006,76.13406,17.52783
Eswatini,SWZ,2007,77.189156,17.960802
Eswatini,SWZ,2008,78.25046,18.393774
Eswatini,SWZ,2009,79.025375,18.826746
Eswatini,SWZ,2010,79.35813,19.259718
Eswatini,SWZ,2011,79.69089,19.692688
Eswatini,SWZ,2012,79.50042,20.12566
Eswatini,SWZ,2013,79.305595,20.558632
Eswatini,SWZ,2014,79.10642,20.991604
Eswatini,SWZ,2015,78.9029,21.424576
Eswatini,SWZ,2016,78.69502,21.857548
Eswatini,SWZ,2017,78.482796,22.29052
Eswatini,SWZ,2018,78.26622,22.723492
Eswatini,SWZ,2019,78.04529,23.156464
Eswatini,SWZ,2020,77.82001,23.589434
Eswatini,SWZ,2021,77.59038,24.022406
Eswatini,SWZ,2022,77.35639,24.455378
Eswatini,SWZ,2023,77.11806,24.88835
Eswatini,SWZ,2024,76.87537,25.321321
Ethiopia,ETH,2000,35.790424,0.094988264
Ethiopia,ETH,2001,35.89894,0.16816632
Ethiopia,ETH,2002,36.007458,0.25857857
Ethiopia,ETH,2003,36.115974,0.36622494
Ethiopia,ETH,2004,36.22449,0.49110553
Ethiopia,ETH,2005,36.333008,0.63322026
Ethiopia,ETH,2006,36.441525,0.79256916
Ethiopia,ETH,2007,36.55004,0.9691523
Ethiopia,ETH,2008,36.658558,1.1629696
Ethiopia,ETH,2009,36.767075,1.3740209
Ethiopia,ETH,2010,36.875587,1.6023066
Ethiopia,ETH,2011,36.984104,1.8478264
Ethiopia,ETH,2012,37.09262,2.1105802
Ethiopia,ETH,2013,37.201138,2.3905685
Ethiopia,ETH,2014,37.309654,2.6877906
Ethiopia,ETH,2015,37.41817,3.002247
Ethiopia,ETH,2016,37.526688,3.333938
Ethiopia,ETH,2017,37.635204,3.6828625
Ethiopia,ETH,2018,37.74372,4.0490217
Ethiopia,ETH,2019,37.852238,4.4324145
Ethiopia,ETH,2020,37.960754,4.833042
Ethiopia,ETH,2021,38.06927,5.2509036
Ethiopia,ETH,2022,38.177788,5.4491925
Ethiopia,ETH,2023,38.286304,5.647482
Ethiopia,ETH,2024,38.394817,5.845771
Europe (WHO),WHO_EUR,2000,93.95669,70.217384
Europe (WHO),WHO_EUR,2001,93.99873,70.40341
Europe (WHO),WHO_EUR,2002,94.057556,70.689644
Europe (WHO),WHO_EUR,2003,94.11769,70.986275
Europe (WHO),WHO_EUR,2004,94.15891,71.9395
Europe (WHO),WHO_EUR,2005,94.57148,74.41214
Europe (WHO),WHO_EUR,2006,94.595955,75.34436
Europe (WHO),WHO_EUR,2007,94.61752,76.30291
Europe (WHO),WHO_EUR,2008,94.6265,77.26641
Europe (WHO),WHO_EUR,2009,94.626816,78.21773
Europe (WHO),WHO_EUR,2010,94.61758,79.1155
Europe (WHO),WHO_EUR,2011,94.60952,80.00642
Europe (WHO),WHO_EUR,2012,94.59314,80.88854
Europe (WHO),WHO_EUR,2013,94.60114,81.74457
Europe (WHO),WHO_EUR,2014,94.62919,82.14511
Europe (WHO),WHO_EUR,2015,94.66133,82.52598
Europe (WHO),WHO_EUR,2016,94.764755,82.91455
Europe (WHO),WHO_EUR,2017,94.87209,83.31357
Europe (WHO),WHO_EUR,2018,94.98419,83.63342
Europe (WHO),WHO_EUR,2019,95.1011,83.947395
Europe (WHO),WHO_EUR,2020,95.193436,84.17245
Europe (WHO),WHO_EUR,2021,95.22767,84.37187
Europe (WHO),WHO_EUR,2022,95.273735,84.52297
Europe (WHO),WHO_EUR,2023,95.31408,84.619194
Europe (WHO),WHO_EUR,2024,95.33012,84.764626
Europe and Northern America (UN SDG),UNSDG_ENA,2000,96.13331,80.23467
Europe and Northern America (UN SDG),UNSDG_ENA,2001,96.17028,80.34542
Europe and Northern America (UN SDG),UNSDG_ENA,2002,96.213745,80.46474
Europe and Northern America (UN SDG),UNSDG_ENA,2003,96.218025,80.588905
Europe and Northern America (UN SDG),UNSDG_ENA,2004,96.25587,81.35197
Europe and Northern America (UN SDG),UNSDG_ENA,2005,96.3036,82.067665
Europe and Northern America (UN SDG),UNSDG_ENA,2006,96.321144,82.00791
Europe and Northern America (UN SDG),UNSDG_ENA,2007,96.35977,81.951645
Europe and Northern America (UN SDG),UNSDG_ENA,2008,96.400986,81.898285
Europe and Northern America (UN SDG),UNSDG_ENA,2009,96.44593,82.04673
Europe and Northern America (UN SDG),UNSDG_ENA,2010,96.51508,82.184494
Europe and Northern America (UN SDG),UNSDG_ENA,2011,96.582886,82.326294
Europe and Northern America (UN SDG),UNSDG_ENA,2012,96.648224,82.46938
Europe and Northern America (UN SDG),UNSDG_ENA,2013,96.710945,82.66329
Europe and Northern America (UN SDG),UNSDG_ENA,2014,96.74969,82.81213
Europe and Northern America (UN SDG),UNSDG_ENA,2015,96.777435,82.96885
Europe and Northern America (UN SDG),UNSDG_ENA,2016,96.802986,83.11235
Europe and Northern America (UN SDG),UNSDG_ENA,2017,96.82662,83.25408
Europe and Northern America (UN SDG),UNSDG_ENA,2018,96.85132,83.3957
Europe and Northern America (UN SDG),UNSDG_ENA,2019,96.87662,83.54556
Europe and Northern America (UN SDG),UNSDG_ENA,2020,96.89705,83.70332
Europe and Northern America (UN SDG),UNSDG_ENA,2021,96.91861,83.86874
Europe and Northern America (UN SDG),UNSDG_ENA,2022,96.952995,84.05771
Europe and Northern America (UN SDG),UNSDG_ENA,2023,96.98448,84.16661
Europe and Northern America (UN SDG),UNSDG_ENA,2024,96.987175,84.22123
Fiji,FJI,2000,52.374935,27.146715
Fiji,FJI,2001,52.374935,27.146715
Fiji,FJI,2002,52.374935,27.146715
Fiji,FJI,2003,52.382225,27.139751
Fiji,FJI,2004,52.389515,27.13279
Fiji,FJI,2005,52.396805,27.125828
Fiji,FJI,2006,52.404095,27.118864
Fiji,FJI,2007,52.411385,27.111902
Fiji,FJI,2008,52.41867,27.104939
Fiji,FJI,2009,52.42596,27.097977
Fiji,FJI,2010,52.43325,27.091015
Fiji,FJI,2011,52.44054,27.084051
Fiji,FJI,2012,52.44783,27.07709
Fiji,FJI,2013,52.45512,27.070127
Fiji,FJI,2014,52.46241,27.063164
Fiji,FJI,2015,52.4697,27.056202
Fiji,FJI,2016,52.47699,27.049238
Fiji,FJI,2017,52.48428,27.042276
Fiji,FJI,2018,52.49157,27.035315
Fiji,FJI,2019,52.49886,27.02835
Fiji,FJI,2020,52.50615,27.021389
Fiji,FJI,2021,52.51344,27.014425
Fiji,FJI,2022,52.520725,27.007463
Fiji,FJI,2023,52.528015,27.000502
Fiji,FJI,2024,52.528015,27.000502
France,FRA,2000,97.02382,98.4
France,FRA,2001,97.02382,98.4
France,FRA,2002,97.02382,98.4
France,FRA,2003,97.02382,98.4
France,FRA,2004,97.185394,98.4
France,FRA,2005,97.34696,98.4
France,FRA,2006,97.50853,98.4
France,FRA,2007,97.670105,98.4
France,FRA,2008,97.83167,98.4
France,FRA,2009,97.99325,98.4
France,FRA,2010,98.154816,98.4
France,FRA,2011,98.31639,98.4
France,FRA,2012,98.47796,98.4
France,FRA,2013,98.63953,98.4
France,FRA,2014,98.8011,98.4
France,FRA,2015,98.96267,98.4
France,FRA,2016,99.124245,98.4
France,FRA,2017,99.28581,98.4
France,FRA,2018,99.44738,98.4
France,FRA,2019,99.608955,98.4
France,FRA,2020,99.77052,98.4
France,FRA,2021,99.9321,98.4
France,FRA,2022,100,98.4
France,FRA,2023,100,98.4
France,FRA,2024,100,98.4
Gambia,GMB,2000,44.75865,3.5900717
Gambia,GMB,2001,45.83197,3.8530483
Gambia,GMB,2002,46.909073,4.119971
Gambia,GMB,2003,47.98996,4.3908396
Gambia,GMB,2004,49.07463,4.6656537
Gambia,GMB,2005,50.163086,4.944414
Gambia,GMB,2006,51.25533,5.2271204
Gambia,GMB,2007,52.351357,5.513773
Gambia,GMB,2008,53.451168,5.804371
Gambia,GMB,2009,54.554764,6.098915
Gambia,GMB,2010,55.662148,6.397405
Gambia,GMB,2011,56.77331,6.699841
Gambia,GMB,2012,57.888264,7.006223
Gambia,GMB,2013,59.007,7.316551
Gambia,GMB,2014,60.129524,7.630825
Gambia,GMB,2015,61.25583,7.9490447
Gambia,GMB,2016,62.38592,8.271211
Gambia,GMB,2017,63.519794,8.5973215
Gambia,GMB,2018,64.657455,8.92738
Gambia,GMB,2019,65.798904,9.261383
Gambia,GMB,2020,66.94414,9.599332
Gambia,GMB,2021,68.05423,9.941228
Gambia,GMB,2022,68.179855,10.287069
Gambia,GMB,2023,68.30547,10.3612385
Gambia,GMB,2024,68.4311,10.435408
Georgia,GEO,2000,78.110214,38.683952
Georgia,GEO,2001,78.143906,38.77826
Georgia,GEO,2002,78.177605,38.87257
Georgia,GEO,2003,78.2113,38.966877
Georgia,GEO,2004,78.244995,39.061188
Georgia,GEO,2005,78.278694,39.155495
Georgia,GEO,2006,78.31239,39.249805
Georgia,GEO,2007,78.34609,39.344112
Georgia,GEO,2008,78.37978,39.438423
Georgia,GEO,2009,78.41348,39.53273
Georgia,GEO,2010,78.44718,39.627037
Georgia,GEO,2011,78.48087,39.721348
Georgia,GEO,2012,78.51457,39.815655
Georgia,GEO,2013,79.99872,39.909966
Georgia,GEO,2014,81.484116,40.004272
Georgia,GEO,2015,82.97075,40.098583
Georgia,GEO,2016,84.45863,40.19289
Georgia,GEO,2017,85.94776,40.2872
Georgia,GEO,2018,87.43813,40.381508
Georgia,GEO,2019,88.92975,40.47582
Georgia,GEO,2020,89.15696,40.570126
Georgia,GEO,2021,89.19509,40.664436
Georgia,GEO,2022,89.23323,40.758743
Georgia,GEO,2023,89.27136,40.853054
Georgia,GEO,2024,89.309494,40.94736
Germany,DEU,2000,99.84328,99.84177
Germany,DEU,2001,99.84328,99.84177
Germany,DEU,2002,99.84328,99.84177
Germany,DEU,2003,99.84328,99.84177
Germany,DEU,2004,99.851776,99.84177
Germany,DEU,2005,99.860275,99.84177
Germany,DEU,2006,99.86877,99.84177
Germany,DEU,2007,99.877266,99.84177
Germany,DEU,2008,99.885765,99.84177
Germany,DEU,2009,99.894264,99.82618
Germany,DEU,2010,99.90276,99.810585
Germany,DEU,2011,99.91126,99.795
Germany,DEU,2012,99.919754,99.77941
Germany,DEU,2013,99.92825,99.763824
Germany,DEU,2014,99.93675,99.74824
Germany,DEU,2015,99.94525,99.73265
Germany,DEU,2016,99.95375,99.71706
Germany,DEU,2017,99.96224,99.70147
Germany,DEU,2018,99.97074,99.68588
Germany,DEU,2019,99.97924,99.670296
Germany,DEU,2020,99.98774,99.65471
Germany,DEU,2021,99.99624,99.639114
Germany,DEU,2022,99.99624,99.639114
Germany,DEU,2023,99.99624,99.639114
Germany,DEU,2024,99.99624,99.639114
Ghana,GHA,2000,32.17425,0.40624768
Ghana,GHA,2001,32.30336,0.4121477
Ghana,GHA,2002,33.431435,0.9692625
Ghana,GHA,2003,34.567467,1.5419362
Ghana,GHA,2004,35.71145,2.1301687
Ghana,GHA,2005,36.863384,2.7339602
Ghana,GHA,2006,38.023273,3.3533103
Ghana,GHA,2007,39.191116,3.9882195
Ghana,GHA,2008,40.366913,4.638687
Ghana,GHA,2009,41.550663,5.304714
Ghana,GHA,2010,42.742367,5.9863
Ghana,GHA,2011,43.942024,6.6834445
Ghana,GHA,2012,45.149635,7.3961477
Ghana,GHA,2013,46.3652,8.12441
Ghana,GHA,2014,47.58872,8.868231
Ghana,GHA,2015,48.82019,9.627611
Ghana,GHA,2016,50.059616,10.40255
Ghana,GHA,2017,51.306995,11.193048
Ghana,GHA,2018,52.56233,11.9991045
Ghana,GHA,2019,53.82561,12.82072
Ghana,GHA,2020,55.09685,13.657894
Ghana,GHA,2021,56.376045,14.510627
Ghana,GHA,2022,57.663193,15.378919
Ghana,GHA,2023,58.93507,16.26277
Ghana,GHA,2024,60.23233,17.16218
Gibraltar,GIB,2000,100,
Gibraltar,GIB,2001,100,
Gibraltar,GIB,2002,100,
Gibraltar,GIB,2003,100,
Gibraltar,GIB,2004,100,
Gibraltar,GIB,2005,100,
Gibraltar,GIB,2006,100,
Gibraltar,GIB,2007,100,
Gibraltar,GIB,2008,100,
Gibraltar,GIB,2009,100,
Gibraltar,GIB,2010,100,
Gibraltar,GIB,2011,100,
Gibraltar,GIB,2012,100,
Gibraltar,GIB,2013,100,
Gibraltar,GIB,2014,100,
Gibraltar,GIB,2015,100,
Gibraltar,GIB,2016,100,
Gibraltar,GIB,2017,100,
Gibraltar,GIB,2018,100,
Gibraltar,GIB,2019,100,
Gibraltar,GIB,2020,100,
Gibraltar,GIB,2021,100,
Gibraltar,GIB,2022,100,
Gibraltar,GIB,2023,100,
Gibraltar,GIB,2024,100,
Guatemala,GTM,2000,61.551525,40.136097
Guatemala,GTM,2001,61.147884,40.35591
Guatemala,GTM,2002,60.743702,40.57572
Guatemala,GTM,2003,60.33899,40.795536
Guatemala,GTM,2004,59.93374,41.015347
Guatemala,GTM,2005,59.52795,41.23516
Guatemala,GTM,2006,59.121628,41.45497
Guatemala,GTM,2007,58.714767,41.674786
Guatemala,GTM,2008,58.307373,41.894596
Guatemala,GTM,2009,57.899445,42.114407
Guatemala,GTM,2010,57.49098,42.33422
Guatemala,GTM,2011,57.081974,42.55403
Guatemala,GTM,2012,56.672436,42.773846
Guatemala,GTM,2013,56.262363,42.993656
Guatemala,GTM,2014,55.851753,43.21347
Guatemala,GTM,2015,55.440605,43.43328
Guatemala,GTM,2016,55.028923,43.653095
Guatemala,GTM,2017,54.616707,43.872906
Guatemala,GTM,2018,54.203953,44.09272
Guatemala,GTM,2019,53.790665,44.31253
Guatemala,GTM,2020,53.37684,44.532345
Guatemala,GTM,2021,52.96248,44.752155
Guatemala,GTM,2022,52.54758,44.97197
Guatemala,GTM,2023,52.13215,45.19178
Guatemala,GTM,2024,51.71618,45.411594
Guinea-Bissau,GNB,2000,41.209423,4.324725
Guinea-Bissau,GNB,2001,41.0396,4.671238
Guinea-Bissau,GNB,2002,40.86235,5.0278516
Guinea-Bissau,GNB,2003,40.677677,5.394567
Guinea-Bissau,GNB,2004,40.48558,5.7713842
Guinea-Bissau,GNB,2005,40.28606,6.158303
Guinea-Bissau,GNB,2006,40.079113,6.555323
Guinea-Bissau,GNB,2007,39.864742,6.962445
Guinea-Bissau,GNB,2008,39.642944,7.3796678
Guinea-Bissau,GNB,2009,39.413727,7.806993
Guinea-Bissau,GNB,2010,39.177082,8.244419
Guinea-Bissau,GNB,2011,38.933014,8.691947
Guinea-Bissau,GNB,2012,38.68152,9.149577
Guinea-Bissau,GNB,2013,38.4226,9.617308
Guinea-Bissau,GNB,2014,38.156258,10.09514
Guinea-Bissau,GNB,2015,37.88249,10.583075
Guinea-Bissau,GNB,2016,37.601295,11.08111
Guinea-Bissau,GNB,2017,37.31268,11.589248
Guinea-Bissau,GNB,2018,37.01664,12.107487
Guinea-Bissau,GNB,2019,36.713173,12.635827
Guinea-Bissau,GNB,2020,36.402283,13.174269
Guinea-Bissau,GNB,2021,36.08397,13.722813
Guinea-Bissau,GNB,2022,36.08397,13.722813
Guinea-Bissau,GNB,2023,36.08397,13.722813
Guinea-Bissau,GNB,2024,36.08397,13.722813
Guyana,GUY,2000,75.01789,57.7951
Guyana,GUY,2001,75.06436,58.069984
Guyana,GUY,2002,75.110825,58.344868
Guyana,GUY,2003,75.157295,58.61975
Guyana,GUY,2004,75.20376,58.894634
Guyana,GUY,2005,75.25023,59.169518
Guyana,GUY,2006,75.29669,59.4444
Guyana,GUY,2007,75.34316,59.719284
Guyana,GUY,2008,75.389626,59.994167
Guyana,GUY,2009,75.4361,60.26905
Guyana,GUY,2010,75.48257,60.543934
Guyana,GUY,2011,75.52903,60.818817
Guyana,GUY,2012,75.5755,61.0937
Guyana,GUY,2013,75.62196,61.368584
Guyana,GUY,2014,75.668434,61.643467
Guyana,GUY,2015,75.7149,61.91835
Guyana,GUY,2016,75.76137,62.193233
Guyana,GUY,2017,75.80783,62.468117
Guyana,GUY,2018,75.8543,62.743
Guyana,GUY,2019,75.900764,63.017883
Guyana,GUY,2020,75.947235,63.292767
Guyana,GUY,2021,75.993706,63.567646
Guyana,GUY,2022,76.04017,63.84253
Guyana,GUY,2023,76.04017,63.84253
Guyana,GUY,2024,76.04017,63.84253
High-income countries,OWID_HIC,2000,96.2112,
High-income countries,OWID_HIC,2001,96.193275,
High-income countries,OWID_HIC,2002,96.16987,
High-income countries,OWID_HIC,2003,96.148315,
High-income countries,OWID_HIC,2004,96.1378,
High-income countries,OWID_HIC,2005,96.18712,
High-income countries,OWID_HIC,2006,96.17374,
High-income countries,OWID_HIC,2007,96.1589,
High-income countries,OWID_HIC,2008,96.14182,
High-income countries,OWID_HIC,2009,96.127045,
High-income countries,OWID_HIC,2010,95.74149,
High-income countries,OWID_HIC,2011,95.78727,
High-income countries,OWID_HIC,2012,95.8591,
High-income countries,OWID_HIC,2013,95.921814,
High-income countries,OWID_HIC,2014,95.982834,
High-income countries,OWID_HIC,2015,96.02393,
High-income countries,OWID_HIC,2016,96.075386,
High-income countries,OWID_HIC,2017,96.140076,
High-income countries,OWID_HIC,2018,96.21276,
High-income countries,OWID_HIC,2019,96.28034,
High-income countries,OWID_HIC,2020,96.339096,
High-income countries,OWID_HIC,2021,96.38282,
High-income countries,OWID_HIC,2022,96.424225,
High-income countries,OWID_HIC,2023,96.46489,
High-income countries,OWID_HIC,2024,96.46494,
Honduras,HND,2000,46.105953,38.15881
Honduras,HND,2001,46.1829,38.463154
Honduras,HND,2002,46.259846,38.767498
Honduras,HND,2003,48.667927,39.07184
Honduras,HND,2004,51.08375,39.376183
Honduras,HND,2005,53.507317,39.680527
Honduras,HND,2006,55.938625,39.98487
Honduras,HND,2007,58.377674,40.28921
Honduras,HND,2008,60.824467,40.593555
Honduras,HND,2009,63.279003,40.8979
Honduras,HND,2010,65.74128,41.20224
Honduras,HND,2011,68.211296,41.506584
Honduras,HND,2012,70.68906,41.81093
Honduras,HND,2013,73.17456,42.115273
Honduras,HND,2014,75.66781,42.419613
Honduras,HND,2015,77.5054,42.723957
Honduras,HND,2016,77.63159,43.0283
Honduras,HND,2017,77.75778,43.33264
Honduras,HND,2018,77.88397,43.636986
Honduras,HND,2019,78.010155,43.94133
Honduras,HND,2020,78.136345,44.245674
Honduras,HND,2021,78.262535,44.550014
Honduras,HND,2022,78.3797,44.85436
Honduras,HND,2023,78.43548,45.158703
Honduras,HND,2024,78.43548,45.463047
Hong Kong,HKG,2000,98.36695,
Hong Kong,HKG,2001,98.45297,
Hong Kong,HKG,2002,98.539024,
Hong Kong,HKG,2003,98.62511,
Hong Kong,HKG,2004,98.71123,
Hong Kong,HKG,2005,98.79737,
Hong Kong,HKG,2006,98.88356,
Hong Kong,HKG,2007,98.96977,
Hong Kong,HKG,2008,99.05602,
Hong Kong,HKG,2009,99.1423,
Hong Kong,HKG,2010,99.228615,
Hong Kong,HKG,2011,99.314964,
Hong Kong,HKG,2012,99.401344,
Hong Kong,HKG,2013,99.487755,
Hong Kong,HKG,2014,99.5742,
Hong Kong,HKG,2015,99.66068,
Hong Kong,HKG,2016,99.74719,
Hong Kong,HKG,2017,99.83374,
Hong Kong,HKG,2018,99.92032,
Hong Kong,HKG,2019,99.987755,
Hong Kong,HKG,2020,100,
Hong Kong,HKG,2021,100,
Hong Kong,HKG,2022,100,
Hong Kong,HKG,2023,100,
Hong Kong,HKG,2024,100,
Hungary,HUN,2000,87.73115,73.94837
Hungary,HUN,2001,87.87525,74.39042
Hungary,HUN,2002,88.01936,74.83247
Hungary,HUN,2003,88.163475,75.27453
Hungary,HUN,2004,88.30759,75.716576
Hungary,HUN,2005,88.45169,76.15863
Hungary,HUN,2006,88.5958,76.600685
Hungary,HUN,2007,88.739914,77.04273
Hungary,HUN,2008,88.88402,77.48479
Hungary,HUN,2009,89.02813,77.926834
Hungary,HUN,2010,89.17224,78.36889
Hungary,HUN,2011,89.31635,78.81094
Hungary,HUN,2012,89.46046,79.25299
Hungary,HUN,2013,90.49657,81.23695
Hungary,HUN,2014,91.535545,83.23802
Hungary,HUN,2015,92.577385,85.256195
Hungary,HUN,2016,93.6221,87.29147
Hungary,HUN,2017,94.669685,89.34386
Hungary,HUN,2018,95.72014,91.413345
Hungary,HUN,2019,96.77346,93.49994
Hungary,HUN,2020,97.82965,95.603645
Hungary,HUN,2021,98.8478,97.706406
Hungary,HUN,2022,99.7509,99.41584
Hungary,HUN,2023,100,100
Hungary,HUN,2024,100,100
India,IND,2000,67.42672,26.24674
India,IND,2001,68.054,27.889828
India,IND,2002,68.683075,29.558083
India,IND,2003,69.31394,31.251507
India,IND,2004,69.94659,32.9701
India,IND,2005,70.58102,34.713863
India,IND,2006,71.21724,36.482796
India,IND,2007,71.85525,38.276897
India,IND,2008,72.49504,40.09617
India,IND,2009,73.13662,41.94061
India,IND,2010,73.77998,43.81022
India,IND,2011,74.42513,45.704994
India,IND,2012,75.072075,47.624943
India,IND,2013,75.720795,49.570057
India,IND,2014,76.37131,51.540344
India,IND,2015,77.023605,53.535797
India,IND,2016,77.67769,55.556423
India,IND,2017,78.333565,57.602215
India,IND,2018,78.99122,59.673176
India,IND,2019,79.650665,61.769306
India,IND,2020,80.31189,63.890606
India,IND,2021,80.97491,66.03708
India,IND,2022,81.63971,68.20872
India,IND,2023,82.3063,70.405525
India,IND,2024,82.97468,72.6275
Indonesia,IDN,2000,31.417496,17.789782
Indonesia,IDN,2001,31.565027,18.088547
Indonesia,IDN,2002,31.712559,18.387314
Indonesia,IDN,2003,31.860092,18.686079
Indonesia,IDN,2004,32.00762,18.984844
Indonesia,IDN,2005,32.155155,19.283611
Indonesia,IDN,2006,32.30269,19.582376
Indonesia,IDN,2007,32.45022,19.881142
Indonesia,IDN,2008,32.59775,20.179909
Indonesia,IDN,2009,32.74528,20.478674
Indonesia,IDN,2010,32.892815,20.77744
Indonesia,IDN,2011,33.040344,21.076204
Indonesia,IDN,2012,33.187878,21.374971
Indonesia,IDN,2013,33.33541,21.673737
Indonesia,IDN,2014,33.48294,21.972502
Indonesia,IDN,2015,33.630474,22.271269
Indonesia,IDN,2016,33.778004,22.570034
Indonesia,IDN,2017,33.925537,22.8688
Indonesia,IDN,2018,34.073067,23.167566
Indonesia,IDN,2019,34.2206,23.466331
Indonesia,IDN,2020,34.368134,23.765097
Indonesia,IDN,2021,34.515663,24.063864
Indonesia,IDN,2022,34.663197,24.362629
Indonesia,IDN,2023,34.663197,24.362629
Indonesia,IDN,2024,34.663197,24.362629
Iran,IRN,2000,95.57696,81.15936
Iran,IRN,2001,95.60428,81.4473
Iran,IRN,2002,95.6316,81.735245
Iran,IRN,2003,95.65892,82.02318
Iran,IRN,2004,95.68624,82.31112
Iran,IRN,2005,95.71356,82.59905
Iran,IRN,2006,95.74088,82.88699
Iran,IRN,2007,95.7682,83.17493
Iran,IRN,2008,95.795525,83.46287
Iran,IRN,2009,95.82285,83.75081
Iran,IRN,2010,95.850174,84.03874
Iran,IRN,2011,95.877495,84.32668
Iran,IRN,2012,95.904816,84.61462
Iran,IRN,2013,95.93214,84.90256
Iran,IRN,2014,95.95946,85.19049
Iran,IRN,2015,95.98678,85.47843
Iran,IRN,2016,96.0141,85.76637
Iran,IRN,2017,96.04142,86.054306
Iran,IRN,2018,96.06875,86.34225
Iran,IRN,2019,96.09607,86.63018
Iran,IRN,2020,96.12339,86.91812
Iran,IRN,2021,96.15071,87.206055
Iran,IRN,2022,96.17803,87.493996
Iran,IRN,2023,96.20535,87.78194
Iran,IRN,2024,96.23267,88.06987
Iraq,IRQ,2000,60.5655,27.793274
Iraq,IRQ,2001,60.775093,28.795933
Iraq,IRQ,2002,60.984688,29.79859
Iraq,IRQ,2003,61.194283,30.801247
Iraq,IRQ,2004,61.403877,31.803905
Iraq,IRQ,2005,61.613476,32.80656
Iraq,IRQ,2006,61.82307,33.80922
Iraq,IRQ,2007,62.032665,34.81188
Iraq,IRQ,2008,62.24226,35.814533
Iraq,IRQ,2009,62.451855,36.817192
Iraq,IRQ,2010,62.66145,37.81985
Iraq,IRQ,2011,62.871048,38.822506
Iraq,IRQ,2012,63.080643,39.825165
Iraq,IRQ,2013,63.290237,40.827824
Iraq,IRQ,2014,63.499832,41.83048
Iraq,IRQ,2015,63.709427,42.833138
Iraq,IRQ,2016,63.91902,43.835793
Iraq,IRQ,2017,64.12862,44.83845
Iraq,IRQ,2018,64.33821,45.84111
Iraq,IRQ,2019,64.547806,46.843765
Iraq,IRQ,2020,64.6,47.643463
Iraq,IRQ,2021,64.6,47.643463
Iraq,IRQ,2022,64.6,47.643463
Iraq,IRQ,2023,64.6,47.643463
Iraq,IRQ,2024,64.6,47.643463
Ireland,IRL,2000,88.25919,56.75575
Ireland,IRL,2001,88.26848,56.778835
Ireland,IRL,2002,88.27776,56.801918
Ireland,IRL,2003,88.287056,56.825005
Ireland,IRL,2004,88.29634,56.848087
Ireland,IRL,2005,88.305626,59.686314
Ireland,IRL,2006,88.31491,62.52682
Ireland,IRL,2007,88.324196,65.36962
Ireland,IRL,2008,88.33349,68.2147
Ireland,IRL,2009,88.34277,71.062065
Ireland,IRL,2010,88.35206,73.91171
Ireland,IRL,2011,88.36134,76.76366
Ireland,IRL,2012,88.37063,79.617874
Ireland,IRL,2013,88.37991,82.47438
Ireland,IRL,2014,88.389206,85.333176
Ireland,IRL,2015,88.39849,88.19425
Ireland,IRL,2016,89.255516,91.05762
Ireland,IRL,2017,90.11272,93.92327
Ireland,IRL,2018,90.9701,96.7912
Ireland,IRL,2019,91.82766,96.90912
Ireland,IRL,2020,92.685394,96.75514
Ireland,IRL,2021,93.543304,96.601006
Ireland,IRL,2022,94.4014,96.44672
Ireland,IRL,2023,95.259674,96.292274
Ireland,IRL,2024,96.118126,96.13767
Israel,ISR,2000,99.7825,99.540665
Israel,ISR,2001,99.7825,99.540665
Israel,ISR,2002,99.76879,99.53432
Israel,ISR,2003,99.75507,99.52798
Israel,ISR,2004,99.74136,99.52164
Israel,ISR,2005,99.727646,99.51529
Israel,ISR,2006,99.713936,99.50895
Israel,ISR,2007,99.70022,99.50261
Israel,ISR,2008,99.68651,99.49626
Israel,ISR,2009,99.67279,99.48992
Israel,ISR,2010,99.65908,99.48358
Israel,ISR,2011,99.64536,99.477234
Israel,ISR,2012,99.63165,99.470894
Israel,ISR,2013,99.617935,99.464554
Israel,ISR,2014,99.604225,99.458206
Israel,ISR,2015,99.59051,99.451866
Israel,ISR,2016,99.5768,99.445526
Israel,ISR,2017,99.56309,99.43918
Israel,ISR,2018,99.54937,99.43284
Israel,ISR,2019,99.53566,99.42649
Israel,ISR,2020,99.52194,99.42015
Israel,ISR,2021,99.50823,99.41381
Israel,ISR,2022,99.494514,99.40746
Israel,ISR,2023,99.480804,99.40112
Israel,ISR,2024,99.46709,99.39478
Kiribati,KIR,2000,15.987482,4.621291
Kiribati,KIR,2001,16.209558,4.7271566
Kiribati,KIR,2002,16.431633,4.8330226
Kiribati,KIR,2003,16.65371,4.938888
Kiribati,KIR,2004,16.875786,5.0447536
Kiribati,KIR,2005,17.097862,5.150619
Kiribati,KIR,2006,17.319937,5.2564845
Kiribati,KIR,2007,17.542013,5.36235
Kiribati,KIR,2008,17.76409,5.4682155
Kiribati,KIR,2009,17.986164,5.574081
Kiribati,KIR,2010,18.20824,5.6799464
Kiribati,KIR,2011,18.430317,5.7858124
Kiribati,KIR,2012,18.652393,5.891678
Kiribati,KIR,2013,18.874468,5.9975433
Kiribati,KIR,2014,19.096544,6.103409
Kiribati,KIR,2015,19.31862,6.2092743
Kiribati,KIR,2016,19.540697,6.31514
Kiribati,KIR,2017,19.762772,6.4210052
Kiribati,KIR,2018,19.984848,6.5268707
Kiribati,KIR,2019,20.206924,6.632736
Kiribati,KIR,2020,20.428999,6.7386017
Kiribati,KIR,2021,20.651075,6.8444676
Kiribati,KIR,2022,20.873152,6.950333
Kiribati,KIR,2023,20.873152,6.950333
Kiribati,KIR,2024,20.873152,6.950333
Kuwait,KWT,2000,100,
Kuwait,KWT,2001,100,
Kuwait,KWT,2002,100,
Kuwait,KWT,2003,100,
Kuwait,KWT,2004,100,
Kuwait,KWT,2005,100,
Kuwait,KWT,2006,100,
Kuwait,KWT,2007,100,
Kuwait,KWT,2008,100,
Kuwait,KWT,2009,100,
Kuwait,KWT,2010,100,
Kuwait,KWT,2011,100,
Kuwait,KWT,2012,100,
Kuwait,KWT,2013,100,
Kuwait,KWT,2014,100,
Kuwait,KWT,2015,100,
Kuwait,KWT,2016,100,
Kuwait,KWT,2017,100,
Kuwait,KWT,2018,100,
Kuwait,KWT,2019,100,
Kuwait,KWT,2020,100,
Kuwait,KWT,2021,100,
Kuwait,KWT,2022,100,
Kuwait,KWT,2023,100,
Kuwait,KWT,2024,100,
Kyrgyzstan,KGZ,2000,82.2254,26.880266
Kyrgyzstan,KGZ,2001,82.2254,26.880266
Kyrgyzstan,KGZ,2002,82.42335,27.199026
Kyrgyzstan,KGZ,2003,82.6213,27.517784
Kyrgyzstan,KGZ,2004,82.819244,27.836544
Kyrgyzstan,KGZ,2005,83.66089,30.104477
Kyrgyzstan,KGZ,2006,84.50559,32.416546
Kyrgyzstan,KGZ,2007,85.35337,34.77275
Kyrgyzstan,KGZ,2008,86.20422,37.173088
Kyrgyzstan,KGZ,2009,87.05814,39.61756
Kyrgyzstan,KGZ,2010,87.91513,42.10617
Kyrgyzstan,KGZ,2011,88.775185,44.638912
Kyrgyzstan,KGZ,2012,89.63831,47.21579
Kyrgyzstan,KGZ,2013,90.50451,49.836803
Kyrgyzstan,KGZ,2014,91.37377,52.501953
Kyrgyzstan,KGZ,2015,92.24611,55.21124
Kyrgyzstan,KGZ,2016,93.12151,57.964657
Kyrgyzstan,KGZ,2017,92.85606,60.76221
Kyrgyzstan,KGZ,2018,91.27559,63.603897
Kyrgyzstan,KGZ,2019,89.68682,66.48972
Kyrgyzstan,KGZ,2020,87.91514,69.41968
Kyrgyzstan,KGZ,2021,86.42864,72.393776
Kyrgyzstan,KGZ,2022,84.621635,72.27119
Kyrgyzstan,KGZ,2023,82.81463,70.896324
Kyrgyzstan,KGZ,2024,81.00762,69.4827
Laos,LAO,2000,16.864292,1.8410103
Laos,LAO,2001,17.056337,3.6502259
Laos,LAO,2002,17.248383,5.025941
Laos,LAO,2003,17.44043,5.272458
Laos,LAO,2004,17.632475,5.518975
Laos,LAO,2005,17.82452,5.765492
Laos,LAO,2006,18.016567,6.012009
Laos,LAO,2007,18.208612,6.258526
Laos,LAO,2008,18.400658,6.505043
Laos,LAO,2009,18.592705,6.7515597
Laos,LAO,2010,18.78475,6.998077
Laos,LAO,2011,18.976795,7.244594
Laos,LAO,2012,19.168842,7.491111
Laos,LAO,2013,19.360888,7.737628
Laos,LAO,2014,19.552933,7.9841447
Laos,LAO,2015,19.74498,8.230662
Laos,LAO,2016,23.030718,9.807956
Laos,LAO,2017,26.376059,11.462648
Laos,LAO,2018,29.781,13.194739
Laos,LAO,2019,33.24554,15.004229
Laos,LAO,2020,36.769684,16.891115
Laos,LAO,2021,40.353428,18.8554
Laos,LAO,2022,43.99677,20.897083
Laos,LAO,2023,47.55901,23.016165
Laos,LAO,2024,50.851566,25.212646
Latin America and the Caribbean (UN SDG),UNSDG_LAC,2000,79.62457,40.834026
Latin America and the Caribbean (UN SDG),UNSDG_LAC,2001,79.685555,41.239487
Latin America and the Caribbean (UN SDG),UNSDG_LAC,2002,79.74807,41.667286
Latin America and the Caribbean (UN SDG),UNSDG_LAC,2003,79.80758,42.09787
Latin America and the Caribbean (UN SDG),UNSDG_LAC,2004,79.872475,42.516777
Latin America and the Caribbean (UN SDG),UNSDG_LAC,2005,80.22053,43.615307
Latin America and the Caribbean (UN SDG),UNSDG_LAC,2006,80.28174,44.05429
Latin America and the Caribbean (UN SDG),UNSDG_LAC,2007,80.34572,44.493076
Latin America and the Caribbean (UN SDG),UNSDG_LAC,2008,80.426994,45.049034
Latin America and the Caribbean (UN SDG),UNSDG_LAC,2009,80.50967,45.605564
Latin America and the Caribbean (UN SDG),UNSDG_LAC,2010,80.592674,46.168697
Latin America and the Caribbean (UN SDG),UNSDG_LAC,2011,80.6749,46.73126
Latin America and the Caribbean (UN SDG),UNSDG_LAC,2012,80.739296,47.294636
Latin America and the Caribbean (UN SDG),UNSDG_LAC,2013,81.06036,47.93499
Latin America and the Caribbean (UN SDG),UNSDG_LAC,2014,81.37979,48.581413
Latin America and the Caribbean (UN SDG),UNSDG_LAC,2015,81.714806,49.161777
Latin America and the Caribbean (UN SDG),UNSDG_LAC,2016,82.04692,49.72002
Latin America and the Caribbean (UN SDG),UNSDG_LAC,2017,82.38332,50.201477
Latin America and the Caribbean (UN SDG),UNSDG_LAC,2018,82.71519,50.79088
Latin America and the Caribbean (UN SDG),UNSDG_LAC,2019,83.03978,51.37365
Latin America and the Caribbean (UN SDG),UNSDG_LAC,2020,83.35419,51.95873
Latin America and the Caribbean (UN SDG),UNSDG_LAC,2021,83.635864,52.52986
Latin America and the Caribbean (UN SDG),UNSDG_LAC,2022,83.91189,52.93447
Latin America and the Caribbean (UN SDG),UNSDG_LAC,2023,84.21438,53.33163
Latin America and the Caribbean (UN SDG),UNSDG_LAC,2024,84.453,53.695465
Lesotho,LSO,2000,43.810097,0.15391904
Lesotho,LSO,2001,45.124374,0.66924703
Lesotho,LSO,2002,46.443874,1.1910353
Lesotho,LSO,2003,47.768604,1.7192836
Lesotho,LSO,2004,49.098557,2.253992
Lesotho,LSO,2005,50.43374,2.7951608
Lesotho,LSO,2006,51.77414,3.3427896
Lesotho,LSO,2007,53.11977,3.8968787
Lesotho,LSO,2008,54.470627,4.457428
Lesotho,LSO,2009,55.826706,5.0244374
Lesotho,LSO,2010,57.18801,5.597907
Lesotho,LSO,2011,58.554543,6.177837
Lesotho,LSO,2012,59.9263,6.764227
Lesotho,LSO,2013,60.949944,7.3570766
Lesotho,LSO,2014,61.70294,7.956387
Lesotho,LSO,2015,62.458546,8.562158
Lesotho,LSO,2016,63.21676,9.174388
Lesotho,LSO,2017,63.977577,9.793079
Lesotho,LSO,2018,64.741,10.41823
Lesotho,LSO,2019,65.507034,11.049841
Lesotho,LSO,2020,66.27567,11.687913
Lesotho,LSO,2021,67.04692,12.332444
Lesotho,LSO,2022,67.82077,12.983436
Lesotho,LSO,2023,68.59724,13.640887
Lesotho,LSO,2024,69.376305,14.3048
Lithuania,LTU,2000,92.5692,
Lithuania,LTU,2001,92.98536,
Lithuania,LTU,2002,93.40241,
Lithuania,LTU,2003,93.82035,
Lithuania,LTU,2004,94.239174,
Lithuania,LTU,2005,94.65889,
Lithuania,LTU,2006,95.07949,
Lithuania,LTU,2007,95.50098,
Lithuania,LTU,2008,95.923355,
Lithuania,LTU,2009,96.34662,
Lithuania,LTU,2010,96.770775,
Lithuania,LTU,2011,97.195816,
Lithuania,LTU,2012,97.62174,
Lithuania,LTU,2013,98.04855,
Lithuania,LTU,2014,98.47626,
Lithuania,LTU,2015,98.64436,
Lithuania,LTU,2016,98.81247,
Lithuania,LTU,2017,98.98057,
Lithuania,LTU,2018,99.148674,
Lithuania,LTU,2019,99.31677,
Lithuania,LTU,2020,99.3243,
Lithuania,LTU,2021,99.3243,
Lithuania,LTU,2022,99.3243,
Lithuania,LTU,2023,99.3243,
Lithuania,LTU,2024,99.3243,
Low-income countries,OWID_LIC,2000,48.09549,8.436579
Low-income countries,OWID_LIC,2001,48.079597,8.462078
Low-income countries,OWID_LIC,2002,48.21923,8.54257
Low-income countries,OWID_LIC,2003,48.405453,8.663852
Low-income countries,OWID_LIC,2004,48.605072,8.795624
Low-income countries,OWID_LIC,2005,48.85837,9.01582
Low-income countries,OWID_LIC,2006,49.183712,9.290155
Low-income countries,OWID_LIC,2007,49.590652,9.623806
Low-income countries,OWID_LIC,2008,49.898895,9.944299
Low-income countries,OWID_LIC,2009,50.171467,10.247545
Low-income countries,OWID_LIC,2010,50.47541,10.574584
Low-income countries,OWID_LIC,2011,50.153458,10.731898
Low-income countries,OWID_LIC,2012,50.365246,11.08834
Low-income countries,OWID_LIC,2013,50.48759,11.385638
Low-income countries,OWID_LIC,2014,50.638527,11.691797
Low-income countries,OWID_LIC,2015,50.974094,12.012854
Low-income countries,OWID_LIC,2016,51.38293,12.395466
Low-income countries,OWID_LIC,2017,51.716026,12.829616
Low-income countries,OWID_LIC,2018,52.2311,13.295904
Low-income countries,OWID_LIC,2019,52.787785,13.798984
Low-income countries,OWID_LIC,2020,53.34462,14.322034
Low-income countries,OWID_LIC,2021,54.01416,14.8421135
Low-income countries,OWID_LIC,2022,54.574535,15.333483
Low-income countries,OWID_LIC,2023,55.043533,15.817088
Low-income countries,OWID_LIC,2024,56.549015,16.759014
Lower-middle-income countries,OWID_LMC,2000,67.48758,33.25075
Lower-middle-income countries,OWID_LMC,2001,67.75449,34.371567
Lower-middle-income countries,OWID_LMC,2002,68.165,35.557156
Lower-middle-income countries,OWID_LMC,2003,68.5686,36.762833
Lower-middle-income countries,OWID_LMC,2004,69.016754,37.987297
Lower-middle-income countries,OWID_LMC,2005,69.364784,39.24491
Lower-middle-income countries,OWID_LMC,2006,69.74755,40.542145
Lower-middle-income countries,OWID_LMC,2007,70.139,41.87609
Lower-middle-income countries,OWID_LMC,2008,70.526276,43.22703
Lower-middle-income countries,OWID_LMC,2009,70.9175,44.588203
Lower-middle-income countries,OWID_LMC,2010,71.31546,45.95861
Lower-middle-income countries,OWID_LMC,2011,71.71981,47.343784
Lower-middle-income countries,OWID_LMC,2012,72.128075,48.742744
Lower-middle-income countries,OWID_LMC,2013,72.56096,50.157604
Lower-middle-income countries,OWID_LMC,2014,73.01402,51.58886
Lower-middle-income countries,OWID_LMC,2015,73.46297,53.034195
Lower-middle-income countries,OWID_LMC,2016,73.91199,54.493805
Lower-middle-income countries,OWID_LMC,2017,74.24457,55.97125
Lower-middle-income countries,OWID_LMC,2018,74.26748,57.33835
Lower-middle-income countries,OWID_LMC,2019,74.28969,58.68734
Lower-middle-income countries,OWID_LMC,2020,74.30793,60.03322
Lower-middle-income countries,OWID_LMC,2021,74.32429,61.37741
Lower-middle-income countries,OWID_LMC,2022,74.28597,62.746716
Lower-middle-income countries,OWID_LMC,2023,74.26229,64.10734
Lower-middle-income countries,OWID_LMC,2024,74.278046,65.487076
Luxembourg,LUX,2000,99.8,100
Luxembourg,LUX,2001,99.8,100
Luxembourg,LUX,2002,99.8,100
Luxembourg,LUX,2003,99.8,100
Luxembourg,LUX,2004,99.8,100
Luxembourg,LUX,2005,99.8,100
Luxembourg,LUX,2006,99.8,100
Luxembourg,LUX,2007,99.8,100
Luxembourg,LUX,2008,99.8,100
Luxembourg,LUX,2009,99.8,100
Luxembourg,LUX,2010,99.8,100
Luxembourg,LUX,2011,99.8,100
Luxembourg,LUX,2012,99.8,99.7
Luxembourg,LUX,2013,99.8,99.4
Luxembourg,LUX,2014,99.8,99.1
Luxembourg,LUX,2015,99.8,98.8
Luxembourg,LUX,2016,99.8,98.5
Luxembourg,LUX,2017,99.8,98.2
Luxembourg,LUX,2018,99.8,97.9
Luxembourg,LUX,2019,99.8,97.9
Luxembourg,LUX,2020,99.8,97.9
Luxembourg,LUX,2021,99.8,97.9
Luxembourg,LUX,2022,99.8,97.9
Luxembourg,LUX,2023,99.8,97.9
Luxembourg,LUX,2024,99.8,97.9
Macao,MAC,2000,99.974915,
Macao,MAC,2001,99.974915,
Macao,MAC,2002,99.974915,
Macao,MAC,2003,99.974915,
Macao,MAC,2004,99.97654,
Macao,MAC,2005,99.978165,
Macao,MAC,2006,99.97978,
Macao,MAC,2007,99.98141,
Macao,MAC,2008,99.98303,
Macao,MAC,2009,99.98466,
Macao,MAC,2010,99.98628,
Macao,MAC,2011,99.9879,
Macao,MAC,2012,99.989525,
Macao,MAC,2013,99.99115,
Macao,MAC,2014,99.992775,
Macao,MAC,2015,99.9944,
Macao,MAC,2016,99.99602,
Macao,MAC,2017,99.99764,
Macao,MAC,2018,99.99927,
Macao,MAC,2019,100,
Macao,MAC,2020,100,
Macao,MAC,2021,100,
Macao,MAC,2022,100,
Macao,MAC,2023,100,
Macao,MAC,2024,100,
Madagascar,MDG,2000,20.105844,2.5819452
Madagascar,MDG,2001,20.814398,2.9231098
Madagascar,MDG,2002,21.53062,3.279106
Madagascar,MDG,2003,22.254519,3.6499333
Madagascar,MDG,2004,22.986088,4.035592
Madagascar,MDG,2005,23.725328,4.436083
Madagascar,MDG,2006,24.47224,4.8514047
Madagascar,MDG,2007,25.226826,5.281558
Madagascar,MDG,2008,25.989084,5.7265425
Madagascar,MDG,2009,26.759014,6.186359
Madagascar,MDG,2010,27.536615,6.6610065
Madagascar,MDG,2011,28.32189,7.1504855
Madagascar,MDG,2012,29.114836,7.654796
Madagascar,MDG,2013,29.915455,8.173938
Madagascar,MDG,2014,30.723745,8.699519
Madagascar,MDG,2015,31.539707,8.876768
Madagascar,MDG,2016,32.363342,9.054018
Madagascar,MDG,2017,33.19465,9.231267
Madagascar,MDG,2018,34.03363,9.408517
Madagascar,MDG,2019,34.88028,9.585766
Madagascar,MDG,2020,35.734604,9.763015
Madagascar,MDG,2021,36.5966,9.940265
Madagascar,MDG,2022,37.466267,10.117514
Madagascar,MDG,2023,38.34361,10.294764
Madagascar,MDG,2024,38.567337,10.4720125
Malawi,MWI,2000,36.62018,1.868166
Malawi,MWI,2001,37.3177,2.1455073
Malawi,MWI,2002,38.016647,2.4320183
Malawi,MWI,2003,38.71703,2.727699
Malawi,MWI,2004,39.41884,3.0325496
Malawi,MWI,2005,40.12208,3.34657
Malawi,MWI,2006,40.82676,3.6697602
Malawi,MWI,2007,41.532864,4.00212
Malawi,MWI,2008,42.240402,4.3436494
Malawi,MWI,2009,42.949368,4.694349
Malawi,MWI,2010,43.659767,5.0542183
Malawi,MWI,2011,44.3716,5.423257
Malawi,MWI,2012,45.08486,5.8014655
Malawi,MWI,2013,45.799557,6.188844
Malawi,MWI,2014,46.51568,6.5853925
Malawi,MWI,2015,47.233234,6.9911103
Malawi,MWI,2016,47.952225,7.4059978
Malawi,MWI,2017,48.67264,7.830055
Malawi,MWI,2018,49.394493,8.263283
Malawi,MWI,2019,50.11777,8.70568
Malawi,MWI,2020,50.842484,9.157247
Malawi,MWI,2021,51.568626,9.617983
Malawi,MWI,2022,52.296204,10.087889
Malawi,MWI,2023,52.35184,10.224966
Malawi,MWI,2024,52.40748,10.362043
Monaco,MCO,2000,100,
Monaco,MCO,2001,100,
Monaco,MCO,2002,100,
Monaco,MCO,2003,100,
Monaco,MCO,2004,100,
Monaco,MCO,2005,100,
Monaco,MCO,2006,100,
Monaco,MCO,2007,100,
Monaco,MCO,2008,100,
Monaco,MCO,2009,100,
Monaco,MCO,2010,100,
Monaco,MCO,2011,100,
Monaco,MCO,2012,100,
Monaco,MCO,2013,100,
Monaco,MCO,2014,100,
Monaco,MCO,2015,100,
Monaco,MCO,2016,100,
Monaco,MCO,2017,100,
Monaco,MCO,2018,100,
Monaco,MCO,2019,100,
Monaco,MCO,2020,100,
Monaco,MCO,2021,100,
Monaco,MCO,2022,100,
Monaco,MCO,2023,100,
Monaco,MCO,2024,100,
Mongolia,MNG,2000,30.388733,0.82762104
Mongolia,MNG,2001,31.380768,1.1717536
Mongolia,MNG,2002,32.377182,1.5417236
Mongolia,MNG,2003,33.37797,1.9375312
Mongolia,MNG,2004,34.38314,2.3591762
Mongolia,MNG,2005,35.39269,2.8066587
Mongolia,MNG,2006,36.406612,3.2799788
Mongolia,MNG,2007,37.424915,3.7791362
Mongolia,MNG,2008,38.447598,4.304131
Mongolia,MNG,2009,39.47466,4.854964
Mongolia,MNG,2010,40.506096,5.4316335
Mongolia,MNG,2011,41.541912,6.034141
Mongolia,MNG,2012,42.582108,6.662486
Mongolia,MNG,2013,43.62668,7.3166685
Mongolia,MNG,2014,44.67563,7.9966884
Mongolia,MNG,2015,45.72896,8.702546
Mongolia,MNG,2016,46.786667,9.43424
Mongolia,MNG,2017,47.84875,10.191773
Mongolia,MNG,2018,48.915215,10.9751425
Mongolia,MNG,2019,49.986053,11.78435
Mongolia,MNG,2020,51.061275,12.619395
Mongolia,MNG,2021,52.140873,13.480277
Mongolia,MNG,2022,53.22485,14.366997
Mongolia,MNG,2023,54.3132,15.279554
Mongolia,MNG,2024,55.405933,16.217949
Montenegro,MNE,2006,86.85729,
Montenegro,MNE,2007,86.905136,
Montenegro,MNE,2008,86.95297,
Montenegro,MNE,2009,87.00081,
Montenegro,MNE,2010,87.048645,
Montenegro,MNE,2011,87.09648,
Montenegro,MNE,2012,87.14432,
Montenegro,MNE,2013,87.192154,
Montenegro,MNE,2014,87.23999,
Montenegro,MNE,2015,87.28783,
Montenegro,MNE,2016,87.31913,
Montenegro,MNE,2017,87.31913,
Montenegro,MNE,2018,87.31913,
Montenegro,MNE,2019,87.31913,
Montenegro,MNE,2020,87.31913,
Montenegro,MNE,2021,87.31913,
Montenegro,MNE,2022,87.31913,
Montenegro,MNE,2023,87.31913,
Montenegro,MNE,2024,87.31913,
Morocco,MAR,2000,68.838905,8.516112
Morocco,MAR,2001,68.98718,9.1655
Morocco,MAR,2002,69.13547,9.814887
Morocco,MAR,2003,69.28375,10.464274
Morocco,MAR,2004,69.43203,11.113662
Morocco,MAR,2005,69.580315,11.763049
Morocco,MAR,2006,70.79794,13.395126
Morocco,MAR,2007,72.02012,15.130027
Morocco,MAR,2008,73.24685,16.967752
Morocco,MAR,2009,74.47812,18.9083
Morocco,MAR,2010,75.71394,20.951672
Morocco,MAR,2011,76.954315,23.097868
Morocco,MAR,2012,78.199234,25.346886
Morocco,MAR,2013,79.4487,27.69873
Morocco,MAR,2014,80.70271,30.153397
Morocco,MAR,2015,81.96127,32.710888
Morocco,MAR,2016,83.22439,35.3712
Morocco,MAR,2017,84.49204,38.13434
Morocco,MAR,2018,85.76425,41.0003
Morocco,MAR,2019,87.04101,43.969086
Morocco,MAR,2020,88.32231,47.040695
Morocco,MAR,2021,89.60816,50.215126
Morocco,MAR,2022,90.879005,53.492382
Morocco,MAR,2023,91.0659,56.872463
Morocco,MAR,2024,91.25281,58.44726
Mozambique,MOZ,2000,30.749426,0
Mozambique,MOZ,2001,30.749426,0
Mozambique,MOZ,2002,31.803055,0
Mozambique,MOZ,2003,32.874046,0
Mozambique,MOZ,2004,33.962402,0.12357633
Mozambique,MOZ,2005,35.068123,0.39638904
Mozambique,MOZ,2006,36.191208,0.7165874
Mozambique,MOZ,2007,37.331654,1.0841715
Mozambique,MOZ,2008,38.489464,1.4991413
Mozambique,MOZ,2009,39.664635,1.9614968
Mozambique,MOZ,2010,40.31313,2.471238
Mozambique,MOZ,2011,40.82919,3.028365
Mozambique,MOZ,2012,41.345253,3.6328773
Mozambique,MOZ,2013,41.861313,4.2847757
Mozambique,MOZ,2014,42.377373,4.98406
Mozambique,MOZ,2015,42.893436,5.730729
Mozambique,MOZ,2016,43.409496,6.5247846
Mozambique,MOZ,2017,43.925556,7.3662257
Mozambique,MOZ,2018,44.44162,8.255053
Mozambique,MOZ,2019,44.95768,9.191265
Mozambique,MOZ,2020,45.47374,10.174863
Mozambique,MOZ,2021,45.989803,11.205847
Mozambique,MOZ,2022,46.505863,12.284216
Mozambique,MOZ,2023,47.021923,13.409971
Mozambique,MOZ,2024,47.537987,14.583113
Myanmar,MMR,2000,50.78404,18.37569
Myanmar,MMR,2001,52.47013,19.736727
Myanmar,MMR,2002,54.174774,21.134706
Myanmar,MMR,2003,55.89797,22.56963
Myanmar,MMR,2004,57.639713,24.041494
Myanmar,MMR,2005,59.400013,25.550303
Myanmar,MMR,2006,61.17886,27.096052
Myanmar,MMR,2007,62.97626,28.678745
Myanmar,MMR,2008,64.79221,30.29838
Myanmar,MMR,2009,66.62671,31.954958
Myanmar,MMR,2010,68.47977,33.648476
Myanmar,MMR,2011,69.66521,35.37894
Myanmar,MMR,2012,70.119644,37.146347
Myanmar,MMR,2013,70.57407,38.950695
Myanmar,MMR,2014,71.0285,40.791985
Myanmar,MMR,2015,71.48294,42.670216
Myanmar,MMR,2016,71.93737,44.585392
Myanmar,MMR,2017,72.39181,46.53751
Myanmar,MMR,2018,72.84624,48.52657
Myanmar,MMR,2019,73.30067,50.552574
Myanmar,MMR,2020,73.755104,52.059216
Myanmar,MMR,2021,74.20953,52.75898
Myanmar,MMR,2022,74.20953,52.75898
Myanmar,MMR,2023,74.20953,52.75898
Myanmar,MMR,2024,74.20953,52.75898
Nauru,NRU,2000,18.648062,
Nauru,NRU,2001,18.648691,
Nauru,NRU,2002,18.64932,
Nauru,NRU,2003,18.64995,
Nauru,NRU,2004,18.65058,
Nauru,NRU,2005,18.651209,
Nauru,NRU,2006,18.651836,
Nauru,NRU,2007,18.652466,
Nauru,NRU,2008,18.653095,
Nauru,NRU,2009,18.653725,
Nauru,NRU,2010,18.654354,
Nauru,NRU,2011,18.654984,
Nauru,NRU,2012,18.655613,
Nauru,NRU,2013,18.656242,
Nauru,NRU,2014,18.65687,
Nauru,NRU,2015,18.6575,
Nauru,NRU,2016,18.658129,
Nauru,NRU,2017,18.658758,
Nauru,NRU,2018,18.659388,
Nauru,NRU,2019,18.660017,
Nauru,NRU,2020,18.660646,
Nauru,NRU,2021,18.661274,
Nauru,NRU,2022,18.661903,
Nauru,NRU,2023,18.662533,
Nauru,NRU,2024,18.663162,
Nepal,NPL,2000,37.586525,25.137785
Nepal,NPL,2001,37.63298,25.38317
Nepal,NPL,2002,37.679436,25.628553
Nepal,NPL,2003,37.72589,25.873938
Nepal,NPL,2004,37.772346,26.119322
Nepal,NPL,2005,37.8188,26.364706
Nepal,NPL,2006,37.865257,26.61009
Nepal,NPL,2007,37.911713,26.855476
Nepal,NPL,2008,37.958168,27.10086
Nepal,NPL,2009,38.004623,27.346245
Nepal,NPL,2010,38.05108,27.591629
Nepal,NPL,2011,38.097534,27.837013
Nepal,NPL,2012,38.143986,28.082397
Nepal,NPL,2013,36.536427,26.644403
Nepal,NPL,2014,34.92484,25.177246
Nepal,NPL,2015,33.30923,23.680923
Nepal,NPL,2016,31.689596,22.155437
Nepal,NPL,2017,30.065939,20.600788
Nepal,NPL,2018,28.438257,19.016973
Nepal,NPL,2019,26.806553,17.403996
Nepal,NPL,2020,25.170824,15.761853
Nepal,NPL,2021,23.53107,14.090548
Nepal,NPL,2022,23.559418,14.204695
Nepal,NPL,2023,23.587765,14.318841
Nepal,NPL,2024,23.616114,14.432988
Nigeria,NGA,2000,19.589373,8.88111
Nigeria,NGA,2001,19.748552,9.221688
Nigeria,NGA,2002,20.902205,9.698235
Nigeria,NGA,2003,22.071762,10.184465
Nigeria,NGA,2004,23.257221,10.680383
Nigeria,NGA,2005,24.458584,11.185986
Nigeria,NGA,2006,25.67585,11.701273
Nigeria,NGA,2007,26.90902,12.226247
Nigeria,NGA,2008,28.158092,12.760905
Nigeria,NGA,2009,29.42307,13.30525
Nigeria,NGA,2010,30.70395,13.85928
Nigeria,NGA,2011,32.000732,14.422996
Nigeria,NGA,2012,33.104134,14.996396
Nigeria,NGA,2013,33.34923,15.579482
Nigeria,NGA,2014,33.594334,16.172255
Nigeria,NGA,2015,33.83943,16.774712
Nigeria,NGA,2016,34.08453,17.386854
Nigeria,NGA,2017,34.329628,18.008682
Nigeria,NGA,2018,34.57473,18.640196
Nigeria,NGA,2019,34.819828,19.281395
Nigeria,NGA,2020,35.064926,19.932281
Nigeria,NGA,2021,35.310024,20.592852
Nigeria,NGA,2022,35.555126,21.263107
Nigeria,NGA,2023,35.800224,21.943048
Nigeria,NGA,2024,36.045322,22.390167
North Korea,PRK,2000,78.7,54.8
North Korea,PRK,2001,78.7,54.8
North Korea,PRK,2002,78.7,54.8
North Korea,PRK,2003,78.7,54.8
North Korea,PRK,2004,78.676025,54.740116
North Korea,PRK,2005,78.56187,54.346264
North Korea,PRK,2006,78.4477,53.95241
North Korea,PRK,2007,78.33354,53.558556
North Korea,PRK,2008,78.21938,53.164703
North Korea,PRK,2009,78.10522,52.77085
North Korea,PRK,2010,77.99106,52.377
North Korea,PRK,2011,77.8769,51.983143
North Korea,PRK,2012,77.76273,51.58929
North Korea,PRK,2013,77.648575,51.19544
North Korea,PRK,2014,77.53441,50.801582
North Korea,PRK,2015,77.42025,50.40773
North Korea,PRK,2016,77.30609,50.013878
North Korea,PRK,2017,77.191925,49.62002
North Korea,PRK,2018,77.07777,49.22617
North Korea,PRK,2019,76.96361,48.832317
North Korea,PRK,2020,76.96361,48.832317
North Korea,PRK,2021,76.96361,48.832317
North Korea,PRK,2022,76.96361,48.832317
North Korea,PRK,2023,76.96361,48.832317
North Macedonia,MKD,2000,84.721725,74.23673
North Macedonia,MKD,2001,84.721725,74.23673
North Macedonia,MKD,2002,84.721725,74.23673
North Macedonia,MKD,2003,84.721725,74.23673
North Macedonia,MKD,2004,84.721725,74.23673
North Macedonia,MKD,2005,84.72196,74.2873
North Macedonia,MKD,2006,84.7222,74.33786
North Macedonia,MKD,2007,84.722435,74.38842
North Macedonia,MKD,2008,84.72267,74.43899
North Macedonia,MKD,2009,84.72291,74.48955
North Macedonia,MKD,2010,84.72314,74.54011
North Macedonia,MKD,2011,84.72337,74.590675
North Macedonia,MKD,2012,84.72361,74.641235
North Macedonia,MKD,2013,84.72385,74.691795
North Macedonia,MKD,2014,84.72408,74.742355
North Macedonia,MKD,2015,84.72432,74.79292
North Macedonia,MKD,2016,84.724556,74.84348
North Macedonia,MKD,2017,84.724785,74.89404
North Macedonia,MKD,2018,84.72502,74.66754
North Macedonia,MKD,2019,84.72526,74.71792
North Macedonia,MKD,2020,84.725494,74.768295
North Macedonia,MKD,2021,84.72573,74.818665
North Macedonia,MKD,2022,84.72597,74.86904
North Macedonia,MKD,2023,84.7262,74.91942
North Macedonia,MKD,2024,84.7262,74.91942
Northern Africa and Western Asia (UN SDG),UNSDG_NAWA,2000,75.25387,
Northern Africa and Western Asia (UN SDG),UNSDG_NAWA,2001,75.23696,
Northern Africa and Western Asia (UN SDG),UNSDG_NAWA,2002,75.32906,
Northern Africa and Western Asia (UN SDG),UNSDG_NAWA,2003,75.426796,
Northern Africa and Western Asia (UN SDG),UNSDG_NAWA,2004,75.53255,
Northern Africa and Western Asia (UN SDG),UNSDG_NAWA,2005,75.83395,
Northern Africa and Western Asia (UN SDG),UNSDG_NAWA,2006,76.27671,
Northern Africa and Western Asia (UN SDG),UNSDG_NAWA,2007,76.79504,
Northern Africa and Western Asia (UN SDG),UNSDG_NAWA,2008,77.24626,
Northern Africa and Western Asia (UN SDG),UNSDG_NAWA,2009,77.63061,
Northern Africa and Western Asia (UN SDG),UNSDG_NAWA,2010,78.0455,
Northern Africa and Western Asia (UN SDG),UNSDG_NAWA,2011,78.306694,
Northern Africa and Western Asia (UN SDG),UNSDG_NAWA,2012,78.52226,
Northern Africa and Western Asia (UN SDG),UNSDG_NAWA,2013,78.64827,
Northern Africa and Western Asia (UN SDG),UNSDG_NAWA,2014,78.74712,
Northern Africa and Western Asia (UN SDG),UNSDG_NAWA,2015,78.966286,
Northern Africa and Western Asia (UN SDG),UNSDG_NAWA,2016,79.25142,
Northern Africa and Western Asia (UN SDG),UNSDG_NAWA,2017,79.54496,
Northern Africa and Western Asia (UN SDG),UNSDG_NAWA,2018,79.841866,
Northern Africa and Western Asia (UN SDG),UNSDG_NAWA,2019,80.147514,
Northern Africa and Western Asia (UN SDG),UNSDG_NAWA,2020,80.31986,
Northern Africa and Western Asia (UN SDG),UNSDG_NAWA,2021,80.19541,
Northern Africa and Western Asia (UN SDG),UNSDG_NAWA,2022,80.12877,
Northern Africa and Western Asia (UN SDG),UNSDG_NAWA,2023,80.05988,
Northern Africa and Western Asia (UN SDG),UNSDG_NAWA,2024,79.94521,
Pakistan,PAK,2000,44.969902,41.402695
Pakistan,PAK,2001,44.991024,41.55197
Pakistan,PAK,2002,45.01215,41.701252
Pakistan,PAK,2003,45.033276,41.850533
Pakistan,PAK,2004,45.054398,41.999813
Pakistan,PAK,2005,45.075523,42.14909
Pakistan,PAK,2006,45.09665,42.29837
Pakistan,PAK,2007,45.11777,42.44765
Pakistan,PAK,2008,45.138897,42.59693
Pakistan,PAK,2009,45.16002,42.746212
Pakistan,PAK,2010,45.181145,42.89549
Pakistan,PAK,2011,45.20227,43.04477
Pakistan,PAK,2012,45.223392,43.19405
Pakistan,PAK,2013,45.24452,43.34333
Pakistan,PAK,2014,45.265644,43.492607
Pakistan,PAK,2015,45.286766,43.641888
Pakistan,PAK,2016,45.30789,43.79117
Pakistan,PAK,2017,45.329018,43.94045
Pakistan,PAK,2018,45.35014,44.089725
Pakistan,PAK,2019,45.371265,44.239006
Pakistan,PAK,2020,45.39239,44.388287
Pakistan,PAK,2021,45.413513,44.537567
Pakistan,PAK,2022,45.43464,44.686844
Pakistan,PAK,2023,45.43464,44.686844
Pakistan,PAK,2024,45.43464,44.686844
Palau,PLW,2000,70.04557,54.460033
Palau,PLW,2001,71.30308,54.589832
Palau,PLW,2002,72.56056,54.719685
Palau,PLW,2003,73.81801,54.849586
Palau,PLW,2004,75.07543,54.979546
Palau,PLW,2005,76.33283,55.109554
Palau,PLW,2006,77.590195,55.239613
Palau,PLW,2007,78.847534,55.369724
Palau,PLW,2008,80.10484,55.49989
Palau,PLW,2009,81.36213,55.630108
Palau,PLW,2010,82.619385,55.760376
Palau,PLW,2011,83.87661,55.890697
Palau,PLW,2012,85.13381,56.02107
Palau,PLW,2013,86.390976,56.151493
Palau,PLW,2014,87.64812,56.28197
Palau,PLW,2015,88.905235,56.4125
Palau,PLW,2016,90.162315,56.54308
Palau,PLW,2017,91.41937,56.673714
Palau,PLW,2018,92.67641,56.804398
Palau,PLW,2019,93.9334,56.935135
Palau,PLW,2020,95.19038,57.065926
Palau,PLW,2021,96.44733,57.19677
Palau,PLW,2022,97.70424,57.327663
Palau,PLW,2023,97.70424,57.327663
Palau,PLW,2024,97.70424,57.327663
Palestine,PSE,2000,77.03885,68.17654
Palestine,PSE,2001,77.36111,68.71117
Palestine,PSE,2002,77.68337,69.24579
Palestine,PSE,2003,78.00563,69.78041
Palestine,PSE,2004,78.32789,70.31504
Palestine,PSE,2005,78.650154,70.84966
Palestine,PSE,2006,78.97241,71.384285
Palestine,PSE,2007,79.29468,71.918915
Palestine,PSE,2008,79.616936,72.45354
Palestine,PSE,2009,79.93919,72.98816
Palestine,PSE,2010,80.26146,73.52279
Palestine,PSE,2011,80.58372,74.05741
Palestine,PSE,2012,80.905975,74.59203
Palestine,PSE,2013,81.22824,75.12666
Palestine,PSE,2014,81.5505,75.661285
Palestine,PSE,2015,81.85523,75.77763
Palestine,PSE,2016,81.85523,76.37127
Palestine,PSE,2017,81.85523,76.37127
Palestine,PSE,2018,81.85523,76.37127
Palestine,PSE,2019,81.85523,76.37127
Palestine,PSE,2020,81.85523,76.37127
Palestine,PSE,2021,81.85523,76.37127
Palestine,PSE,2022,81.85523,76.37127
Palestine,PSE,2023,81.85523,76.37127
Palestine,PSE,2024,81.85523,76.37127
Paraguay,PRY,2000,67.39593,28.1193
Paraguay,PRY,2001,67.61038,29.243092
Paraguay,PRY,2002,67.82484,30.36688
Paraguay,PRY,2003,68.0393,31.49067
Paraguay,PRY,2004,68.25375,32.61446
Paraguay,PRY,2005,68.46821,33.73825
Paraguay,PRY,2006,68.68266,34.862038
Paraguay,PRY,2007,68.89712,35.98583
Paraguay,PRY,2008,69.11157,37.10962
Paraguay,PRY,2009,69.326035,38.233406
Paraguay,PRY,2010,69.54049,39.357197
Paraguay,PRY,2011,69.754944,40.480988
Paraguay,PRY,2012,69.9694,41.604774
Paraguay,PRY,2013,70.18385,42.728565
Paraguay,PRY,2014,70.398315,43.852356
Paraguay,PRY,2015,70.61277,44.976143
Paraguay,PRY,2016,70.827225,46.099934
Paraguay,PRY,2017,71.04168,47.223724
Paraguay,PRY,2018,71.256134,48.347515
Paraguay,PRY,2019,71.47059,49.471302
Paraguay,PRY,2020,71.68505,50.595093
Paraguay,PRY,2021,71.899506,50.728687
Paraguay,PRY,2022,72.11396,50.728687
Paraguay,PRY,2023,72.206474,50.728687
Paraguay,PRY,2024,72.206474,50.728687
Peru,PER,2000,56.42183,14.056286
Peru,PER,2001,56.57181,14.4536085
Peru,PER,2002,56.721798,14.850931
Peru,PER,2003,56.87178,15.248255
Peru,PER,2004,57.021763,15.645577
Peru,PER,2005,57.171745,16.0429
Peru,PER,2006,57.321728,16.440224
Peru,PER,2007,57.471714,16.837545
Peru,PER,2008,57.621696,17.234869
Peru,PER,2009,57.77168,17.632193
Peru,PER,2010,57.92166,18.029514
Peru,PER,2011,58.071644,18.426838
Peru,PER,2012,58.221626,18.82416
Peru,PER,2013,58.371613,19.221483
Peru,PER,2014,58.521595,19.618807
Peru,PER,2015,58.671577,20.016129
Peru,PER,2016,58.82156,20.413452
Peru,PER,2017,58.971542,20.810774
Peru,PER,2018,59.12153,21.208097
Peru,PER,2019,59.27151,21.605421
Peru,PER,2020,59.421494,22.002743
Peru,PER,2021,59.571476,22.400066
Peru,PER,2022,58.542564,22.79739
Peru,PER,2023,57.39395,23.194712
Peru,PER,2024,56.23885,23.592035
Philippines,PHL,2000,60.015335,26.0653
Philippines,PHL,2001,60.107067,26.244337
Philippines,PHL,2002,60.1988,28.272123
Philippines,PHL,2003,60.29053,30.32496
Philippines,PHL,2004,60.382263,31.306303
Philippines,PHL,2005,60.474,31.515589
Philippines,PHL,2006,60.56573,31.724874
Philippines,PHL,2007,60.657463,31.93416
Philippines,PHL,2008,60.749195,32.143444
Philippines,PHL,2009,60.840927,32.35273
Philippines,PHL,2010,60.93266,32.562016
Philippines,PHL,2011,61.02439,32.7713
Philippines,PHL,2012,61.116123,32.980587
Philippines,PHL,2013,61.207855,33.189873
Philippines,PHL,2014,61.299587,33.39916
Philippines,PHL,2015,61.39132,33.608444
Philippines,PHL,2016,61.483055,33.81773
Philippines,PHL,2017,61.574787,34.02702
Philippines,PHL,2018,61.66652,34.236305
Philippines,PHL,2019,61.75825,34.44559
Philippines,PHL,2020,61.849983,34.654877
Philippines,PHL,2021,61.941715,34.864162
Philippines,PHL,2022,62.033447,35.07345
Philippines,PHL,2023,62.12518,35.282734
Philippines,PHL,2024,62.21691,35.49202
Portugal,PRT,2000,96.66435,90.15496
Portugal,PRT,2001,96.70569,90.0875
Portugal,PRT,2002,96.747025,90.02004
Portugal,PRT,2003,96.78837,89.95258
Portugal,PRT,2004,96.829704,89.88512
Portugal,PRT,2005,96.87105,89.81766
Portugal,PRT,2006,96.912384,89.7502
Portugal,PRT,2007,96.95373,89.68273
Portugal,PRT,2008,96.99506,89.61527
Portugal,PRT,2009,97.0364,89.54781
Portugal,PRT,2010,97.07774,89.670784
Portugal,PRT,2011,97.11908,89.793465
Portugal,PRT,2012,97.16042,89.91586
Portugal,PRT,2013,97.14776,90.03797
Portugal,PRT,2014,97.13505,90.1598
Portugal,PRT,2015,97.12229,90.281334
Portugal,PRT,2016,97.10949,90.40258
Portugal,PRT,2017,97.096634,90.523544
Portugal,PRT,2018,97.08374,90.64422
Portugal,PRT,2019,97.0708,90.7646
Portugal,PRT,2020,97.057816,90.884705
Portugal,PRT,2021,97.044785,91.00452
Portugal,PRT,2022,97.03171,91.12404
Portugal,PRT,2023,97.01858,91.24328
Portugal,PRT,2024,96.96435,91.43185
Romania,ROU,2000,94.95351,66.65007
Romania,ROU,2001,94.95351,66.65007
Romania,ROU,2002,94.95351,66.65007
Romania,ROU,2003,94.95351,66.65007
Romania,ROU,2004,94.95351,66.65007
Romania,ROU,2005,94.95351,66.65007
Romania,ROU,2006,94.95351,66.65007
Romania,ROU,2007,94.95351,66.65007
Romania,ROU,2008,94.95351,66.65007
Romania,ROU,2009,94.95351,66.65007
Romania,ROU,2010,94.95351,66.65007
Romania,ROU,2011,94.95351,66.65007
Romania,ROU,2012,94.95351,66.65007
Romania,ROU,2013,94.95351,66.65007
Romania,ROU,2014,94.95351,66.65007
Romania,ROU,2015,94.95351,66.65007
Romania,ROU,2016,94.95351,66.65007
Romania,ROU,2017,94.95351,66.65007
Romania,ROU,2018,94.95351,66.65007
Romania,ROU,2019,94.95351,66.65007
Romania,ROU,2020,94.95351,66.65007
Romania,ROU,2021,94.95351,66.65007
Romania,ROU,2022,94.95351,66.65007
Romania,ROU,2023,94.95351,66.65007
Romania,ROU,2024,94.95351,66.65007
Rwanda,RWA,2000,24.953514,
Rwanda,RWA,2001,26.052214,
Rwanda,RWA,2002,27.162443,
Rwanda,RWA,2003,28.284203,
Rwanda,RWA,2004,29.417494,
Rwanda,RWA,2005,30.562315,
Rwanda,RWA,2006,31.718666,
Rwanda,RWA,2007,32.886547,
Rwanda,RWA,2008,34.06596,
Rwanda,RWA,2009,35.256905,
Rwanda,RWA,2010,36.459377,
Rwanda,RWA,2011,37.67338,
Rwanda,RWA,2012,38.898914,
Rwanda,RWA,2013,40.13598,
Rwanda,RWA,2014,41.384575,
Rwanda,RWA,2015,42.644703,
Rwanda,RWA,2016,43.91636,
Rwanda,RWA,2017,45.199543,
Rwanda,RWA,2018,46.49426,
Rwanda,RWA,2019,47.800507,
Rwanda,RWA,2020,49.118286,
Rwanda,RWA,2021,50.447594,
Rwanda,RWA,2022,51.788433,
Rwanda,RWA,2023,53.1408,
Rwanda,RWA,2024,53.426468,
Saint Barthelemy,BLM,2000,99.19419,
Saint Barthelemy,BLM,2001,99.19419,
Saint Barthelemy,BLM,2002,99.19419,
Saint Barthelemy,BLM,2003,99.19419,
Saint Barthelemy,BLM,2004,99.19419,
Saint Barthelemy,BLM,2005,99.25071,
Saint Barthelemy,BLM,2006,99.307236,
Saint Barthelemy,BLM,2007,99.36378,
Saint Barthelemy,BLM,2008,99.42034,
Saint Barthelemy,BLM,2009,99.47691,
Saint Barthelemy,BLM,2010,99.53349,
Saint Barthelemy,BLM,2011,99.590096,
Saint Barthelemy,BLM,2012,99.64671,
Saint Barthelemy,BLM,2013,99.70334,
Saint Barthelemy,BLM,2014,99.75998,
Saint Barthelemy,BLM,2015,99.816635,
Saint Barthelemy,BLM,2016,99.87331,
Saint Barthelemy,BLM,2017,99.92999,
Saint Barthelemy,BLM,2018,99.986694,
Saint Barthelemy,BLM,2019,100,
Saint Barthelemy,BLM,2020,100,
Saint Barthelemy,BLM,2021,100,
Saint Barthelemy,BLM,2022,100,
Saint Barthelemy,BLM,2023,100,
Saint Barthelemy,BLM,2024,100,
Saint Martin (French part),MAF,2000,96.7,
Saint Martin (French part),MAF,2001,96.7,
Saint Martin (French part),MAF,2002,96.7,
Saint Martin (French part),MAF,2003,96.7,
Saint Martin (French part),MAF,2004,96.7,
Saint Martin (French part),MAF,2005,96.7,
Saint Martin (French part),MAF,2006,96.7,
Saint Martin (French part),MAF,2007,96.7,
Saint Martin (French part),MAF,2008,96.7,
Saint Martin (French part),MAF,2009,96.7,
Saint Martin (French part),MAF,2010,96.69789,
Saint Martin (French part),MAF,2011,96.69232,
Saint Martin (French part),MAF,2012,96.68675,
Saint Martin (French part),MAF,2013,96.68118,
Saint Martin (French part),MAF,2014,96.67561,
Saint Martin (French part),MAF,2015,96.670044,
Saint Martin (French part),MAF,2016,96.664474,
Saint Martin (French part),MAF,2017,96.6589,
Saint Martin (French part),MAF,2018,96.65333,
Saint Martin (French part),MAF,2019,96.64776,
Saint Martin (French part),MAF,2020,96.64219,
Saint Martin (French part),MAF,2021,96.63662,
Saint Martin (French part),MAF,2022,96.63105,
Saint Martin (French part),MAF,2023,96.62548,
Saint Martin (French part),MAF,2024,96.62548,
Samoa,WSM,2000,82.47316,53.874634
Samoa,WSM,2001,82.47316,53.874634
Samoa,WSM,2002,82.47316,53.874634
Samoa,WSM,2003,82.47316,53.874634
Samoa,WSM,2004,82.47316,53.874634
Samoa,WSM,2005,82.813515,53.99531
Samoa,WSM,2006,83.15387,54.115993
Samoa,WSM,2007,83.49422,54.23667
Samoa,WSM,2008,83.83457,54.357353
Samoa,WSM,2009,84.17493,54.47803
Samoa,WSM,2010,84.515274,54.598713
Samoa,WSM,2011,84.85563,54.71939
Samoa,WSM,2012,85.195984,54.840073
Samoa,WSM,2013,85.53633,54.96075
Samoa,WSM,2014,86.38842,55.081432
Samoa,WSM,2015,87.24456,55.20211
Samoa,WSM,2016,88.10476,55.322792
Samoa,WSM,2017,88.96902,55.44347
Samoa,WSM,2018,89.837326,55.56415
Samoa,WSM,2019,90.709694,55.68483
Samoa,WSM,2020,91.43147,55.80551
Samoa,WSM,2021,91.78542,55.92619
Samoa,WSM,2022,91.95822,56.04687
Samoa,WSM,2023,91.95822,56.16755
Samoa,WSM,2024,91.95822,56.28823
San Marino,SMR,2000,100,100
San Marino,SMR,2001,100,100
San Marino,SMR,2002,100,100
San Marino,SMR,2003,100,100
San Marino,SMR,2004,100,100
San Marino,SMR,2005,100,100
San Marino,SMR,2006,100,100
San Marino,SMR,2007,100,100
San Marino,SMR,2008,100,100
San Marino,SMR,2009,100,100
San Marino,SMR,2010,100,100
San Marino,SMR,2011,100,100
San Marino,SMR,2012,100,100
San Marino,SMR,2013,100,100
San Marino,SMR,2014,100,100
San Marino,SMR,2015,100,100
San Marino,SMR,2016,100,100
San Marino,SMR,2017,100,100
San Marino,SMR,2018,100,100
San Marino,SMR,2019,100,100
San Marino,SMR,2020,100,100
San Marino,SMR,2021,100,100
San Marino,SMR,2022,100,100
San Marino,SMR,2023,100,100
San Marino,SMR,2024,100,100
Sao Tome and Principe,STP,2000,32.381485,18.567108
Sao Tome and Principe,STP,2001,32.732273,18.813425
Sao Tome and Principe,STP,2002,33.08495,19.060415
Sao Tome and Principe,STP,2003,33.439507,19.30808
Sao Tome and Principe,STP,2004,33.795948,19.55642
Sao Tome and Principe,STP,2005,34.15427,19.805435
Sao Tome and Principe,STP,2006,34.514477,20.055126
Sao Tome and Principe,STP,2007,34.876564,20.305492
Sao Tome and Principe,STP,2008,35.24054,20.556534
Sao Tome and Principe,STP,2009,35.60639,20.808249
Sao Tome and Principe,STP,2010,35.974133,21.06064
Sao Tome and Principe,STP,2011,36.343754,21.313707
Sao Tome and Principe,STP,2012,36.715256,21.567448
Sao Tome and Principe,STP,2013,37.088642,21.821865
Sao Tome and Principe,STP,2014,37.463913,22.076956
Sao Tome and Principe,STP,2015,37.84107,22.332724
Sao Tome and Principe,STP,2016,38.220104,22.589165
Sao Tome and Principe,STP,2017,38.60102,22.846283
Sao Tome and Principe,STP,2018,38.98382,23.104074
Sao Tome and Principe,STP,2019,39.368507,23.362541
Sao Tome and Principe,STP,2020,39.755077,23.621685
Sao Tome and Principe,STP,2021,40.143528,23.881502
Sao Tome and Principe,STP,2022,40.29921,24.1057
Sao Tome and Principe,STP,2023,40.29921,24.329899
Sao Tome and Principe,STP,2024,40.29921,24.554096
Senegal,SEN,2000,38.954384,7.250054
Senegal,SEN,2001,39.044853,7.498634
Senegal,SEN,2002,39.135323,7.7472134
Senegal,SEN,2003,39.225792,7.995793
Senegal,SEN,2004,39.31626,8.244372
Senegal,SEN,2005,39.406734,8.492952
Senegal,SEN,2006,39.497204,8.741531
Senegal,SEN,2007,39.587673,8.990111
Senegal,SEN,2008,39.678143,9.238691
Senegal,SEN,2009,39.768612,9.48727
Senegal,SEN,2010,39.85908,9.73585
Senegal,SEN,2011,39.94955,9.98443
Senegal,SEN,2012,40.04002,10.233009
Senegal,SEN,2013,40.130493,10.481589
Senegal,SEN,2014,40.220963,10.730168
Senegal,SEN,2015,40.31143,10.978748
Senegal,SEN,2016,40.4019,11.227328
Senegal,SEN,2017,40.49237,11.475907
Senegal,SEN,2018,40.58284,11.724487
Senegal,SEN,2019,40.67331,11.973067
Senegal,SEN,2020,40.76378,12.221646
Senegal,SEN,2021,40.854248,12.470226
Senegal,SEN,2022,40.94472,12.718805
Senegal,SEN,2023,41.03519,12.967385
Senegal,SEN,2024,41.12566,13.215965
Serbia,SRB,2000,81.43164,66.58464
Serbia,SRB,2001,81.43883,66.56175
Serbia,SRB,2002,81.44601,66.53887
Serbia,SRB,2003,81.453186,66.51598
Serbia,SRB,2004,81.46037,66.493095
Serbia,SRB,2005,81.46755,66.470215
Serbia,SRB,2006,81.47474,66.44733
Serbia,SRB,2007,81.48192,66.42444
Serbia,SRB,2008,81.4891,66.40155
Serbia,SRB,2009,81.496284,66.37867
Serbia,SRB,2010,81.50346,66.35578
Serbia,SRB,2011,81.51064,66.33289
Serbia,SRB,2012,81.51783,66.31001
Serbia,SRB,2013,81.52501,66.287125
Serbia,SRB,2014,81.532196,66.26424
Serbia,SRB,2015,81.539375,66.241356
Serbia,SRB,2016,81.546555,66.21847
Serbia,SRB,2017,81.55374,66.19558
Serbia,SRB,2018,81.56092,66.17269
Serbia,SRB,2019,81.56811,66.14981
Serbia,SRB,2020,81.57529,66.12692
Serbia,SRB,2021,81.582466,66.104034
Serbia,SRB,2022,81.58965,66.081154
Serbia,SRB,2023,81.59683,66.058266
Serbia,SRB,2024,81.60402,66.03538
Sierra Leone,SLE,2000,10.6959505,2.108662
Sierra Leone,SLE,2001,10.7709875,2.2141893
Sierra Leone,SLE,2002,10.8460245,2.4273999
Sierra Leone,SLE,2003,10.921061,2.6504078
Sierra Leone,SLE,2004,10.996098,2.883213
Sierra Leone,SLE,2005,11.071135,3.1258156
Sierra Leone,SLE,2006,11.146172,3.3782156
Sierra Leone,SLE,2007,11.221209,3.6404128
Sierra Leone,SLE,2008,11.296246,3.9124072
Sierra Leone,SLE,2009,11.371283,4.194199
Sierra Leone,SLE,2010,11.446319,4.4857883
Sierra Leone,SLE,2011,11.521356,4.787175
Sierra Leone,SLE,2012,11.596393,5.098359
Sierra Leone,SLE,2013,11.67143,5.41934
Sierra Leone,SLE,2014,11.746467,5.7501187
Sierra Leone,SLE,2015,11.821504,6.0906944
Sierra Leone,SLE,2016,11.896541,6.4410677
Sierra Leone,SLE,2017,11.971578,6.8012385
Sierra Leone,SLE,2018,12.046614,7.1712065
Sierra Leone,SLE,2019,12.121651,7.5509715
Sierra Leone,SLE,2020,12.196688,7.940534
Sierra Leone,SLE,2021,12.271725,8.339894
Sierra Leone,SLE,2022,12.346762,8.749051
Sierra Leone,SLE,2023,12.421799,9.168006
Sierra Leone,SLE,2024,12.496836,9.596758
Singapore,SGP,2000,100,
Singapore,SGP,2001,100,
Singapore,SGP,2002,100,
Singapore,SGP,2003,100,
Singapore,SGP,2004,100,
Singapore,SGP,2005,100,
Singapore,SGP,2006,100,
Singapore,SGP,2007,100,
Singapore,SGP,2008,100,
Singapore,SGP,2009,100,
Singapore,SGP,2010,100,
Singapore,SGP,2011,100,
Singapore,SGP,2012,100,
Singapore,SGP,2013,100,
Singapore,SGP,2014,100,
Singapore,SGP,2015,100,
Singapore,SGP,2016,100,
Singapore,SGP,2017,100,
Singapore,SGP,2018,100,
Singapore,SGP,2019,100,
Singapore,SGP,2020,100,
Singapore,SGP,2021,100,
Singapore,SGP,2022,100,
Singapore,SGP,2023,100,
Singapore,SGP,2024,100,
South Africa,ZAF,2000,90.06691,27.854422
South Africa,ZAF,2001,90.0874,28.187117
South Africa,ZAF,2002,90.148186,29.248077
South Africa,ZAF,2003,90.208984,30.326027
South Africa,ZAF,2004,90.2698,31.420969
South Africa,ZAF,2005,90.330635,32.5329
South Africa,ZAF,2006,89.79607,33.661827
South Africa,ZAF,2007,89.01151,34.80774
South Africa,ZAF,2008,88.22659,35.970646
South Africa,ZAF,2009,87.441315,37.150543
South Africa,ZAF,2010,86.65566,38.34743
South Africa,ZAF,2011,85.869644,39.56131
South Africa,ZAF,2012,85.08327,40.79218
South Africa,ZAF,2013,84.29652,42.04004
South Africa,ZAF,2014,83.50941,43.304893
South Africa,ZAF,2015,82.721924,44.586735
South Africa,ZAF,2016,81.93408,45.88557
South Africa,ZAF,2017,81.145874,47.201393
South Africa,ZAF,2018,80.35729,48.53421
South Africa,ZAF,2019,79.56835,49.884018
South Africa,ZAF,2020,78.779045,51.250816
South Africa,ZAF,2021,77.98937,51.927017
South Africa,ZAF,2022,77.19933,51.5772
South Africa,ZAF,2023,76.40893,51.211388
South Africa,ZAF,2024,75.61816,50.82958
South-East Asia (WHO),WHO_SEAR,2000,69.72506,33.462177
South-East Asia (WHO),WHO_SEAR,2001,70.30799,34.77346
South-East Asia (WHO),WHO_SEAR,2002,70.883484,36.09644
South-East Asia (WHO),WHO_SEAR,2003,71.46459,37.45302
South-East Asia (WHO),WHO_SEAR,2004,72.04495,38.832703
South-East Asia (WHO),WHO_SEAR,2005,72.67631,40.351498
South-East Asia (WHO),WHO_SEAR,2006,73.31278,41.906593
South-East Asia (WHO),WHO_SEAR,2007,73.9503,43.486053
South-East Asia (WHO),WHO_SEAR,2008,74.58949,45.090984
South-East Asia (WHO),WHO_SEAR,2009,75.22927,46.718876
South-East Asia (WHO),WHO_SEAR,2010,75.86814,48.36802
South-East Asia (WHO),WHO_SEAR,2011,76.49403,50.05645
South-East Asia (WHO),WHO_SEAR,2012,77.1193,51.775322
South-East Asia (WHO),WHO_SEAR,2013,77.7463,53.52025
South-East Asia (WHO),WHO_SEAR,2014,78.375084,55.291462
South-East Asia (WHO),WHO_SEAR,2015,79.00539,57.089058
South-East Asia (WHO),WHO_SEAR,2016,79.63713,58.91158
South-East Asia (WHO),WHO_SEAR,2017,80.270325,60.759056
South-East Asia (WHO),WHO_SEAR,2018,80.90184,62.63176
South-East Asia (WHO),WHO_SEAR,2019,81.533195,64.52679
South-East Asia (WHO),WHO_SEAR,2020,82.16517,66.444725
South-East Asia (WHO),WHO_SEAR,2021,82.800385,68.40332
South-East Asia (WHO),WHO_SEAR,2022,83.3826,70.29163
South-East Asia (WHO),WHO_SEAR,2023,83.96012,72.19823
South-East Asia (WHO),WHO_SEAR,2024,85.01898,74.30921
Spain,ESP,2000,99.575,98.66765
Spain,ESP,2001,99.575,98.66765
Spain,ESP,2002,99.6175,98.66765
Spain,ESP,2003,99.66,98.66765
Spain,ESP,2004,99.7025,98.66765
Spain,ESP,2005,99.745,98.66765
Spain,ESP,2006,99.7875,98.66765
Spain,ESP,2007,99.83,98.66765
Spain,ESP,2008,99.8725,98.66765
Spain,ESP,2009,99.915,98.66765
Spain,ESP,2010,99.93009,98.66765
Spain,ESP,2011,99.93009,98.66765
Spain,ESP,2012,99.912575,98.66765
Spain,ESP,2013,99.875336,98.66765
Spain,ESP,2014,99.838104,98.66765
Spain,ESP,2015,99.838104,98.66765
Spain,ESP,2016,99.81721,98.65985
Spain,ESP,2017,99.7963,98.652054
Spain,ESP,2018,99.775406,98.64426
Spain,ESP,2019,99.7545,98.63646
Spain,ESP,2020,99.733604,98.62866
Spain,ESP,2021,99.7127,98.620865
Spain,ESP,2022,99.6918,98.61307
Spain,ESP,2023,99.6709,98.60527
Spain,ESP,2024,99.65,98.59747
Sri Lanka,LKA,2000,86.52373,35.87837
Sri Lanka,LKA,2001,86.535736,36.011475
Sri Lanka,LKA,2002,86.54775,36.14458
Sri Lanka,LKA,2003,86.55976,36.27769
Sri Lanka,LKA,2004,86.57178,36.410797
Sri Lanka,LKA,2005,86.583786,36.543903
Sri Lanka,LKA,2006,87.01595,36.67701
Sri Lanka,LKA,2007,87.44824,36.810116
Sri Lanka,LKA,2008,87.88064,36.943222
Sri Lanka,LKA,2009,88.313156,37.076332
Sri Lanka,LKA,2010,88.74579,37.20944
Sri Lanka,LKA,2011,89.178535,37.342545
Sri Lanka,LKA,2012,89.611404,37.47565
Sri Lanka,LKA,2013,90.04439,37.608757
Sri Lanka,LKA,2014,90.477486,37.741863
Sri Lanka,LKA,2015,90.910706,37.874973
Sri Lanka,LKA,2016,91.34403,38.00808
Sri Lanka,LKA,2017,91.77748,38.141186
Sri Lanka,LKA,2018,91.66773,38.274292
Sri Lanka,LKA,2019,89.357,38.4074
Sri Lanka,LKA,2020,87.04562,38.540504
Sri Lanka,LKA,2021,84.73361,38.673615
Sri Lanka,LKA,2022,82.42095,38.80672
Sri Lanka,LKA,2023,80.10764,38.939827
Sri Lanka,LKA,2024,80.10764,38.939827
Sub-Saharan Africa (UN SDG),UNSDG_SSA,2000,41.99654,5.997544
Sub-Saharan Africa (UN SDG),UNSDG_SSA,2001,41.930893,6.1803427
Sub-Saharan Africa (UN SDG),UNSDG_SSA,2002,42.19534,6.443716
Sub-Saharan Africa (UN SDG),UNSDG_SSA,2003,42.472473,6.7174354
Sub-Saharan Africa (UN SDG),UNSDG_SSA,2004,42.884518,7.00168
Sub-Saharan Africa (UN SDG),UNSDG_SSA,2005,43.291805,7.295923
Sub-Saharan Africa (UN SDG),UNSDG_SSA,2006,43.73068,7.628076
Sub-Saharan Africa (UN SDG),UNSDG_SSA,2007,44.19672,7.998098
Sub-Saharan Africa (UN SDG),UNSDG_SSA,2008,44.692924,8.391823
Sub-Saharan Africa (UN SDG),UNSDG_SSA,2009,45.22041,8.801068
Sub-Saharan Africa (UN SDG),UNSDG_SSA,2010,45.777832,9.222946
Sub-Saharan Africa (UN SDG),UNSDG_SSA,2011,46.120773,9.527935
Sub-Saharan Africa (UN SDG),UNSDG_SSA,2012,46.758224,9.974591
Sub-Saharan Africa (UN SDG),UNSDG_SSA,2013,47.42995,10.437427
Sub-Saharan Africa (UN SDG),UNSDG_SSA,2014,48.13684,10.920954
Sub-Saharan Africa (UN SDG),UNSDG_SSA,2015,48.88777,11.427164
Sub-Saharan Africa (UN SDG),UNSDG_SSA,2016,49.613483,11.935273
Sub-Saharan Africa (UN SDG),UNSDG_SSA,2017,50.29012,12.459847
Sub-Saharan Africa (UN SDG),UNSDG_SSA,2018,51.101982,13.000665
Sub-Saharan Africa (UN SDG),UNSDG_SSA,2019,51.499367,13.547792
Sub-Saharan Africa (UN SDG),UNSDG_SSA,2020,51.50937,14.106548
Sub-Saharan Africa (UN SDG),UNSDG_SSA,2021,51.534645,14.679565
Sub-Saharan Africa (UN SDG),UNSDG_SSA,2022,51.55948,15.189481
Sub-Saharan Africa (UN SDG),UNSDG_SSA,2023,51.546276,15.730728
Sub-Saharan Africa (UN SDG),UNSDG_SSA,2024,51.604813,16.20676
Suriname,SUR,2000,62.319645,30.315693
Suriname,SUR,2001,62.3743,30.840258
Suriname,SUR,2002,62.42895,31.36482
Suriname,SUR,2003,62.483604,31.889383
Suriname,SUR,2004,62.538254,32.413948
Suriname,SUR,2005,62.592907,32.93851
Suriname,SUR,2006,62.64756,33.463074
Suriname,SUR,2007,62.702213,33.98764
Suriname,SUR,2008,62.756866,34.512203
Suriname,SUR,2009,62.81152,35.036766
Suriname,SUR,2010,62.866173,35.56133
Suriname,SUR,2011,62.920826,36.08589
Suriname,SUR,2012,62.97548,36.61046
Suriname,SUR,2013,63.030132,37.13502
Suriname,SUR,2014,63.084785,37.659584
Suriname,SUR,2015,63.13944,38.184147
Suriname,SUR,2016,63.194088,38.70871
Suriname,SUR,2017,63.24874,39.233276
Suriname,SUR,2018,63.303394,39.75784
Suriname,SUR,2019,63.358047,40.282402
Suriname,SUR,2020,63.4127,40.806965
Suriname,SUR,2021,63.4127,40.806965
Suriname,SUR,2022,63.4127,40.806965
Suriname,SUR,2023,63.4127,40.806965
Suriname,SUR,2024,63.4127,40.806965
Tanzania,TZA,2000,5.7553387,0
Tanzania,TZA,2001,5.824976,0
Tanzania,TZA,2002,5.8946137,0
Tanzania,TZA,2003,5.9642515,0
Tanzania,TZA,2004,8.837732,0
Tanzania,TZA,2005,11.775931,0
Tanzania,TZA,2006,14.77885,0.3584705
Tanzania,TZA,2007,17.846487,1.2839293
Tanzania,TZA,2008,20.978842,2.291472
Tanzania,TZA,2009,24.175917,3.381098
Tanzania,TZA,2010,27.43771,4.552808
Tanzania,TZA,2011,30.764221,5.8066015
Tanzania,TZA,2012,34.155453,7.142479
Tanzania,TZA,2013,37.6114,8.56044
Tanzania,TZA,2014,40.93876,10.060484
Tanzania,TZA,2015,41.362347,11.642612
Tanzania,TZA,2016,41.78594,13.306825
Tanzania,TZA,2017,42.20953,15.05312
Tanzania,TZA,2018,42.63312,16.881498
Tanzania,TZA,2019,43.05671,18.791962
Tanzania,TZA,2020,43.4803,20.458918
Tanzania,TZA,2021,43.903893,21.041197
Tanzania,TZA,2022,44.32748,21.623476
Tanzania,TZA,2023,44.751072,22.205755
Tanzania,TZA,2024,45.174664,22.788034
Togo,TGO,2000,23.073347,3.6270118
Togo,TGO,2001,23.597885,3.853772
Togo,TGO,2002,24.12555,4.0800166
Togo,TGO,2003,24.656338,4.305745
Togo,TGO,2004,25.190254,4.5309587
Togo,TGO,2005,25.727295,4.7556562
Togo,TGO,2006,26.267462,4.9798384
Togo,TGO,2007,26.810755,5.2035046
Togo,TGO,2008,27.357174,5.426656
Togo,TGO,2009,27.90672,5.6492906
Togo,TGO,2010,28.459389,5.8714104
Togo,TGO,2011,29.015186,6.0930142
Togo,TGO,2012,29.574108,6.3141026
Togo,TGO,2013,30.136156,6.5346756
Togo,TGO,2014,30.701332,6.7547326
Togo,TGO,2015,31.269632,6.974274
Togo,TGO,2016,31.841059,7.1933002
Togo,TGO,2017,32.41561,7.4118104
Togo,TGO,2018,32.99329,7.6298056
Togo,TGO,2019,33.574093,7.8472843
Togo,TGO,2020,34.158024,8.064248
Togo,TGO,2021,34.27101,8.290156
Togo,TGO,2022,34.384,8.516065
Togo,TGO,2023,34.49699,8.741974
Togo,TGO,2024,34.609978,8.967882
Tonga,TON,2000,49.95528,23.028625
Tonga,TON,2001,49.95528,23.028625
Tonga,TON,2002,49.95528,23.028625
Tonga,TON,2003,49.95528,23.028625
Tonga,TON,2004,49.95528,23.028625
Tonga,TON,2005,50.0038,23.035904
Tonga,TON,2006,50.052315,23.043182
Tonga,TON,2007,50.100834,23.05046
Tonga,TON,2008,50.14935,23.057741
Tonga,TON,2009,50.19787,23.06502
Tonga,TON,2010,50.246384,23.072298
Tonga,TON,2011,50.294903,23.079576
Tonga,TON,2012,50.34342,23.086855
Tonga,TON,2013,50.391937,23.094133
Tonga,TON,2014,50.440453,23.101412
Tonga,TON,2015,50.48897,23.108692
Tonga,TON,2016,50.537487,23.11597
Tonga,TON,2017,50.586006,23.12325
Tonga,TON,2018,50.63452,23.130527
Tonga,TON,2019,50.68304,23.137806
Tonga,TON,2020,50.731556,23.145084
Tonga,TON,2021,50.780075,23.152363
Tonga,TON,2022,50.82859,23.159643
Tonga,TON,2023,50.87711,23.166922
Tonga,TON,2024,50.87711,23.166922
Trinidad and Tobago,TTO,2005,72.97913,64.9416
Trinidad and Tobago,TTO,2006,72.97913,64.9416
Trinidad and Tobago,TTO,2007,72.97913,64.9416
Trinidad and Tobago,TTO,2008,72.97913,64.9416
Trinidad and Tobago,TTO,2009,72.97913,64.9416
Trinidad and Tobago,TTO,2010,72.98613,64.951126
Trinidad and Tobago,TTO,2011,72.993126,64.960655
Trinidad and Tobago,TTO,2012,73.00013,64.970184
Trinidad and Tobago,TTO,2013,73.007126,64.979706
Trinidad and Tobago,TTO,2014,73.01413,64.989235
Trinidad and Tobago,TTO,2015,73.021126,64.998764
Trinidad and Tobago,TTO,2016,73.02813,65.00829
Trinidad and Tobago,TTO,2017,73.035126,65.01782
Trinidad and Tobago,TTO,2018,73.04212,65.02734
Trinidad and Tobago,TTO,2019,73.049126,65.03687
Trinidad and Tobago,TTO,2020,73.05612,65.0464
Trinidad and Tobago,TTO,2021,73.063126,65.05593
Trinidad and Tobago,TTO,2022,73.07012,65.06546
Trinidad and Tobago,TTO,2023,73.077126,65.07498
Trinidad and Tobago,TTO,2024,73.08412,65.08451
Tunisia,TUN,2000,87.90623,57.435635
Tunisia,TUN,2001,87.92365,57.860443
Tunisia,TUN,2002,87.94108,58.285248
Tunisia,TUN,2003,87.958496,58.710056
Tunisia,TUN,2004,87.97592,59.13486
Tunisia,TUN,2005,87.99335,59.55967
Tunisia,TUN,2006,88.01077,59.984474
Tunisia,TUN,2007,88.0282,60.409283
Tunisia,TUN,2008,88.04562,60.834087
Tunisia,TUN,2009,88.06304,61.258892
Tunisia,TUN,2010,88.08047,61.6837
Tunisia,TUN,2011,88.09789,62.108505
Tunisia,TUN,2012,88.11532,61.84068
Tunisia,TUN,2013,88.132744,61.563442
Tunisia,TUN,2014,86.599915,61.27679
Tunisia,TUN,2015,84.732185,60.980732
Tunisia,TUN,2016,82.8637,60.675262
Tunisia,TUN,2017,80.99448,60.360382
Tunisia,TUN,2018,79.124504,60.036095
Tunisia,TUN,2019,77.253784,59.702393
Tunisia,TUN,2020,75.382324,59.35928
Tunisia,TUN,2021,73.510124,59.00676
Tunisia,TUN,2022,71.63717,58.644825
Tunisia,TUN,2023,69.76347,58.273483
Tunisia,TUN,2024,67.88903,57.892727
Turkmenistan,TKM,2000,86.081345,53.778637
Turkmenistan,TKM,2001,86.081345,55.564747
Turkmenistan,TKM,2002,86.081345,57.37729
Turkmenistan,TKM,2003,86.081345,59.216846
Turkmenistan,TKM,2004,86.081345,61.08403
Turkmenistan,TKM,2005,87.01908,63.01581
Turkmenistan,TKM,2006,87.95682,64.97405
Turkmenistan,TKM,2007,88.894554,66.959015
Turkmenistan,TKM,2008,89.83229,68.97095
Turkmenistan,TKM,2009,90.77003,71.01012
Turkmenistan,TKM,2010,91.51857,73.076775
Turkmenistan,TKM,2011,92.4689,75.171196
Turkmenistan,TKM,2012,93.41953,77.29364
Turkmenistan,TKM,2013,94.37047,79.44438
Turkmenistan,TKM,2014,95.32171,81.623695
Turkmenistan,TKM,2015,96.27325,83.83186
Turkmenistan,TKM,2016,96.68681,86.06916
Turkmenistan,TKM,2017,96.84558,88.33588
Turkmenistan,TKM,2018,97.00255,90.43629
Turkmenistan,TKM,2019,96.99274,90.85767
Turkmenistan,TKM,2020,96.982925,91.27906
Turkmenistan,TKM,2021,96.973114,91.70045
Turkmenistan,TKM,2022,96.9633,92.12183
Turkmenistan,TKM,2023,96.95349,92.34755
Turkmenistan,TKM,2024,96.94368,92.34755
Turks and Caicos Islands,TCA,2000,46.542835,
Turks and Caicos Islands,TCA,2001,46.542835,
Turks and Caicos Islands,TCA,2002,46.542835,
Turks and Caicos Islands,TCA,2003,46.542835,
Turks and Caicos Islands,TCA,2004,46.542835,
Turks and Caicos Islands,TCA,2005,46.542835,
Turks and Caicos Islands,TCA,2006,46.542835,
Turks and Caicos Islands,TCA,2007,46.542835,
Turks and Caicos Islands,TCA,2008,46.542835,
Turks and Caicos Islands,TCA,2009,46.542835,
Turks and Caicos Islands,TCA,2010,46.542835,
Turks and Caicos Islands,TCA,2011,46.542835,
Turks and Caicos Islands,TCA,2012,46.542835,
Turks and Caicos Islands,TCA,2013,46.542835,
Turks and Caicos Islands,TCA,2014,46.542835,
Turks and Caicos Islands,TCA,2015,46.542835,
Turks and Caicos Islands,TCA,2016,46.542835,55.65155
Turks and Caicos Islands,TCA,2017,46.542835,55.65155
Turks and Caicos Islands,TCA,2018,46.542835,55.65155
Turks and Caicos Islands,TCA,2019,46.542835,55.65155
Turks and Caicos Islands,TCA,2020,46.542835,55.65155
Turks and Caicos Islands,TCA,2021,46.542835,55.65155
Turks and Caicos Islands,TCA,2022,46.542835,55.65155
Turks and Caicos Islands,TCA,2023,46.542835,55.65155
Turks and Caicos Islands,TCA,2024,46.542835,55.65155
Tuvalu,TUV,2000,10.456407,5.32389
Tuvalu,TUV,2001,10.453118,5.325954
Tuvalu,TUV,2002,10.449831,5.3280177
Tuvalu,TUV,2003,10.446543,5.330082
Tuvalu,TUV,2004,10.443255,5.3321457
Tuvalu,TUV,2005,10.439967,5.33421
Tuvalu,TUV,2006,10.43668,5.3362737
Tuvalu,TUV,2007,10.433392,5.3383374
Tuvalu,TUV,2008,10.430103,5.3404016
Tuvalu,TUV,2009,10.426816,5.3424654
Tuvalu,TUV,2010,10.423528,5.344529
Tuvalu,TUV,2011,10.42024,5.3465934
Tuvalu,TUV,2012,10.416952,5.348657
Tuvalu,TUV,2013,10.413664,5.350721
Tuvalu,TUV,2014,10.410377,5.352785
Tuvalu,TUV,2015,10.407088,5.354849
Tuvalu,TUV,2016,10.403801,5.3569126
Tuvalu,TUV,2017,10.400513,5.358977
Tuvalu,TUV,2018,10.397224,5.3610406
Tuvalu,TUV,2019,10.393937,5.3631043
Tuvalu,TUV,2020,10.390649,5.3651686
Tuvalu,TUV,2021,10.387362,5.3672323
Tuvalu,TUV,2022,10.384073,5.369296
Tuvalu,TUV,2023,10.380785,5.3713603
Tuvalu,TUV,2024,10.377498,5.373424
Uganda,UGA,2000,16.613924,0.1814659
Uganda,UGA,2001,17.815495,0.45738888
Uganda,UGA,2002,19.018633,0.7443437
Uganda,UGA,2003,20.22334,1.0423304
Uganda,UGA,2004,21.429615,1.3513489
Uganda,UGA,2005,22.637459,1.6713992
Uganda,UGA,2006,23.84687,2.0024812
Uganda,UGA,2007,25.05785,2.3445954
Uganda,UGA,2008,26.270397,2.697741
Uganda,UGA,2009,27.484514,3.0619187
Uganda,UGA,2010,28.7002,3.4371283
Uganda,UGA,2011,29.917452,3.8233695
Uganda,UGA,2012,31.136272,4.2206426
Uganda,UGA,2013,32.356663,4.6289477
Uganda,UGA,2014,33.578617,5.0482845
Uganda,UGA,2015,34.802143,5.478653
Uganda,UGA,2016,36.027237,5.9200535
Uganda,UGA,2017,37.253902,6.3724856
Uganda,UGA,2018,38.482132,6.83595
Uganda,UGA,2019,39.71193,7.310446
Uganda,UGA,2020,39.8616,7.795974
Uganda,UGA,2021,39.887527,8.292533
Uganda,UGA,2022,39.913456,8.800124
Uganda,UGA,2023,39.939384,9.3187475
Uganda,UGA,2024,39.96531,9.848403
Ukraine,UKR,2000,94.5967,8.608666
Ukraine,UKR,2001,94.56933,8.62552
Ukraine,UKR,2002,94.541954,8.642372
Ukraine,UKR,2003,94.51458,8.659225
Ukraine,UKR,2004,94.20141,17.475904
Ukraine,UKR,2005,93.63394,26.32677
Ukraine,UKR,2006,93.066795,35.211826
Ukraine,UKR,2007,92.49996,44.131065
Ukraine,UKR,2008,91.93344,53.08449
Ukraine,UKR,2009,91.36723,62.072105
Ukraine,UKR,2010,90.80134,71.09391
Ukraine,UKR,2011,90.235756,80.149895
Ukraine,UKR,2012,89.67049,88.76112
Ukraine,UKR,2013,89.10554,88.93091
Ukraine,UKR,2014,88.54089,88.77363
Ukraine,UKR,2015,88.51517,88.6151
Ukraine,UKR,2016,88.48944,88.45532
Ukraine,UKR,2017,88.463715,88.294304
Ukraine,UKR,2018,88.43799,88.13204
Ukraine,UKR,2019,88.41226,87.96853
Ukraine,UKR,2020,88.386536,87.803764
Ukraine,UKR,2021,88.36081,87.637764
Ukraine,UKR,2022,88.33508,87.47051
Ukraine,UKR,2023,88.30936,87.22717
Ukraine,UKR,2024,88.28363,86.88624
United States,USA,2000,96.447044,
United States,USA,2001,96.447044,
United States,USA,2002,96.447044,
United States,USA,2003,96.447044,
United States,USA,2004,96.447044,
United States,USA,2005,96.447044,
United States,USA,2006,96.447044,
United States,USA,2007,96.447044,
United States,USA,2008,96.447044,
United States,USA,2009,96.447044,
United States,USA,2010,96.53508,
United States,USA,2011,96.62314,
United States,USA,2012,96.71123,
United States,USA,2013,96.79935,
United States,USA,2014,96.88749,
United States,USA,2015,96.97566,
United States,USA,2016,97.063866,
United States,USA,2017,97.15209,
United States,USA,2018,97.24034,
United States,USA,2019,97.32862,
United States,USA,2020,97.41693,
United States,USA,2021,97.505264,
United States,USA,2022,97.59363,
United States,USA,2023,97.68202,
United States,USA,2024,97.68202,
Upper-middle-income countries,OWID_UMC,2000,81.29847,
Upper-middle-income countries,OWID_UMC,2001,81.334145,
Upper-middle-income countries,OWID_UMC,2002,81.354355,
Upper-middle-income countries,OWID_UMC,2003,81.3759,
Upper-middle-income countries,OWID_UMC,2004,81.40565,
Upper-middle-income countries,OWID_UMC,2005,81.471466,
Upper-middle-income countries,OWID_UMC,2006,81.51224,
Upper-middle-income countries,OWID_UMC,2007,81.54621,
Upper-middle-income countries,OWID_UMC,2008,81.56804,
Upper-middle-income countries,OWID_UMC,2009,81.584114,
Upper-middle-income countries,OWID_UMC,2010,81.602905,
Upper-middle-income countries,OWID_UMC,2011,81.83247,
Upper-middle-income countries,OWID_UMC,2012,82.054535,
Upper-middle-income countries,OWID_UMC,2013,82.34835,
Upper-middle-income countries,OWID_UMC,2014,82.64234,
Upper-middle-income countries,OWID_UMC,2015,82.94342,
Upper-middle-income countries,OWID_UMC,2016,83.24319,
Upper-middle-income countries,OWID_UMC,2017,83.54416,
Upper-middle-income countries,OWID_UMC,2018,83.843216,
Upper-middle-income countries,OWID_UMC,2019,84.12927,
Upper-middle-income countries,OWID_UMC,2020,84.40182,
Upper-middle-income countries,OWID_UMC,2021,84.660225,
Upper-middle-income countries,OWID_UMC,2022,84.90245,
Upper-middle-income countries,OWID_UMC,2023,85.12766,51.107586
Upper-middle-income countries,OWID_UMC,2024,85.15028,62.38161
Uruguay,URY,2000,93.96363,
Uruguay,URY,2001,93.96363,
Uruguay,URY,2002,93.96363,
Uruguay,URY,2003,93.96363,
Uruguay,URY,2004,93.96363,
Uruguay,URY,2005,94.00638,
Uruguay,URY,2006,94.04913,
Uruguay,URY,2007,94.09189,
Uruguay,URY,2008,94.13464,
Uruguay,URY,2009,94.1774,
Uruguay,URY,2010,94.22015,
Uruguay,URY,2011,94.2629,
Uruguay,URY,2012,94.30566,
Uruguay,URY,2013,94.34841,
Uruguay,URY,2014,94.39117,
Uruguay,URY,2015,94.43392,
Uruguay,URY,2016,94.47667,
Uruguay,URY,2017,94.519424,
Uruguay,URY,2018,94.56218,
Uruguay,URY,2019,94.588745,
Uruguay,URY,2020,94.588745,
Uruguay,URY,2021,94.588745,
Uruguay,URY,2022,94.588745,
Uruguay,URY,2023,94.588745,
Uruguay,URY,2024,94.588745,
Uzbekistan,UZB,2000,84.207756,27.705048
Uzbekistan,UZB,2001,84.43809,29.51952
Uzbekistan,UZB,2002,84.668686,31.349144
Uzbekistan,UZB,2003,84.89954,33.193924
Uzbekistan,UZB,2004,85.13066,35.053856
Uzbekistan,UZB,2005,85.36204,36.928944
Uzbekistan,UZB,2006,85.59367,38.819183
Uzbekistan,UZB,2007,85.82557,40.724575
Uzbekistan,UZB,2008,86.05773,42.645123
Uzbekistan,UZB,2009,86.290146,44.580826
Uzbekistan,UZB,2010,86.52283,46.53168
Uzbekistan,UZB,2011,86.75576,48.49769
Uzbekistan,UZB,2012,86.98896,50.47885
Uzbekistan,UZB,2013,87.22242,52.475166
Uzbekistan,UZB,2014,87.45614,54.486637
Uzbekistan,UZB,2015,87.69012,56.51326
Uzbekistan,UZB,2016,87.924355,58.555035
Uzbekistan,UZB,2017,88.15885,60.611965
Uzbekistan,UZB,2018,88.39361,62.68405
Uzbekistan,UZB,2019,88.57479,64.76816
Uzbekistan,UZB,2020,88.64441,66.75038
Uzbekistan,UZB,2021,88.71403,68.7406
Uzbekistan,UZB,2022,88.783646,70.73878
Uzbekistan,UZB,2023,88.85326,72.74485
Uzbekistan,UZB,2024,88.922874,74.7588
Vanuatu,VUT,2000,37.470287,11.804191
Vanuatu,VUT,2001,37.470287,11.804191
Vanuatu,VUT,2002,37.470287,11.804191
Vanuatu,VUT,2003,37.470287,11.804191
Vanuatu,VUT,2004,37.470287,11.804191
Vanuatu,VUT,2005,37.50948,11.836486
Vanuatu,VUT,2006,37.548676,11.86878
Vanuatu,VUT,2007,37.587868,11.901075
Vanuatu,VUT,2008,37.627064,11.933371
Vanuatu,VUT,2009,37.66626,11.965665
Vanuatu,VUT,2010,37.705452,11.99796
Vanuatu,VUT,2011,37.744648,12.030255
Vanuatu,VUT,2012,37.783844,12.06255
Vanuatu,VUT,2013,37.823036,12.094845
Vanuatu,VUT,2014,37.862232,12.12714
Vanuatu,VUT,2015,37.90143,12.159434
Vanuatu,VUT,2016,37.94062,12.19173
Vanuatu,VUT,2017,37.979816,12.224025
Vanuatu,VUT,2018,38.019012,12.256319
Vanuatu,VUT,2019,38.058205,12.288614
Vanuatu,VUT,2020,38.0974,12.3209095
Vanuatu,VUT,2021,38.136597,12.353204
Vanuatu,VUT,2022,38.17579,12.385499
Vanuatu,VUT,2023,38.214985,12.417794
Vanuatu,VUT,2024,38.254177,12.4500885
Vietnam,VNM,2000,73.29914,36.74889
Vietnam,VNM,2001,73.40438,37.175648
Vietnam,VNM,2002,73.50962,37.602406
Vietnam,VNM,2003,73.61486,38.029167
Vietnam,VNM,2004,73.7201,38.455925
Vietnam,VNM,2005,73.82534,38.882683
Vietnam,VNM,2006,73.93058,39.309444
Vietnam,VNM,2007,74.03582,39.736202
Vietnam,VNM,2008,74.14105,40.16296
Vietnam,VNM,2009,74.24629,40.589718
Vietnam,VNM,2010,74.35153,41.01648
Vietnam,VNM,2011,74.45677,41.443237
Vietnam,VNM,2012,74.56201,41.869995
Vietnam,VNM,2013,74.66725,42.296757
Vietnam,VNM,2014,74.77249,42.723515
Vietnam,VNM,2015,74.87773,43.150272
Vietnam,VNM,2016,74.98297,43.577034
Vietnam,VNM,2017,75.0882,44.00379
Vietnam,VNM,2018,75.19344,44.43055
Vietnam,VNM,2019,75.29868,44.85731
Vietnam,VNM,2020,75.40392,45.28407
Vietnam,VNM,2021,75.50916,45.710827
Vietnam,VNM,2022,75.6144,46.13759
Vietnam,VNM,2023,75.71964,46.564346
Vietnam,VNM,2024,75.82488,46.991104
Wallis and Futuna,WLF,2000,,69.13153
Wallis and Futuna,WLF,2001,,69.13153
Wallis and Futuna,WLF,2002,,69.120476
Wallis and Futuna,WLF,2003,,69.10941
Wallis and Futuna,WLF,2004,,69.09836
Wallis and Futuna,WLF,2005,,69.087296
Wallis and Futuna,WLF,2006,,69.07624
Wallis and Futuna,WLF,2007,,69.065186
Wallis and Futuna,WLF,2008,,69.05412
Wallis and Futuna,WLF,2009,,69.04307
Wallis and Futuna,WLF,2010,,69.03201
Wallis and Futuna,WLF,2011,,69.02095
Wallis and Futuna,WLF,2012,,69.009895
Wallis and Futuna,WLF,2013,,68.99883
Wallis and Futuna,WLF,2014,,68.98778
Wallis and Futuna,WLF,2015,,68.97672
Wallis and Futuna,WLF,2016,,68.96566
Wallis and Futuna,WLF,2017,,68.954605
Wallis and Futuna,WLF,2018,,68.94355
Wallis and Futuna,WLF,2019,,68.93249
Wallis and Futuna,WLF,2020,,68.92143
Wallis and Futuna,WLF,2021,,68.91037
Wallis and Futuna,WLF,2022,,68.899315
Wallis and Futuna,WLF,2023,,68.899315
Wallis and Futuna,WLF,2024,,68.899315
Western Pacific (WHO),WHO_WPAC,2000,82.02902,
Western Pacific (WHO),WHO_WPAC,2001,82.06867,
Western Pacific (WHO),WHO_WPAC,2002,82.088036,
Western Pacific (WHO),WHO_WPAC,2003,82.102,
Western Pacific (WHO),WHO_WPAC,2004,82.11518,
Western Pacific (WHO),WHO_WPAC,2005,82.12712,
Western Pacific (WHO),WHO_WPAC,2006,82.12946,
Western Pacific (WHO),WHO_WPAC,2007,82.12517,
Western Pacific (WHO),WHO_WPAC,2008,82.12092,
Western Pacific (WHO),WHO_WPAC,2009,82.11643,
Western Pacific (WHO),WHO_WPAC,2010,82.109436,
Western Pacific (WHO),WHO_WPAC,2011,82.439926,
Western Pacific (WHO),WHO_WPAC,2012,82.76631,
Western Pacific (WHO),WHO_WPAC,2013,83.09429,
Western Pacific (WHO),WHO_WPAC,2014,83.42306,
Western Pacific (WHO),WHO_WPAC,2015,83.75096,
Western Pacific (WHO),WHO_WPAC,2016,84.08548,
Western Pacific (WHO),WHO_WPAC,2017,84.422295,
Western Pacific (WHO),WHO_WPAC,2018,84.75111,
Western Pacific (WHO),WHO_WPAC,2019,85.06845,
Western Pacific (WHO),WHO_WPAC,2020,85.37655,44.508644
Western Pacific (WHO),WHO_WPAC,2021,85.678955,44.931217
Western Pacific (WHO),WHO_WPAC,2022,85.97027,45.34634
Western Pacific (WHO),WHO_WPAC,2023,86.22869,45.710567
Western Pacific (WHO),WHO_WPAC,2024,86.1913,58.553703
World,OWID_WRL,2000,83.49762,41.938976
World,OWID_WRL,2001,83.40838,42.104755
World,OWID_WRL,2002,83.314835,42.40999
World,OWID_WRL,2003,83.22567,42.72179
World,OWID_WRL,2004,83.14416,43.035732
World,OWID_WRL,2005,83.10378,43.36151
World,OWID_WRL,2006,83.03321,43.679085
World,OWID_WRL,2007,82.968735,43.99202
World,OWID_WRL,2008,82.8907,44.312927
World,OWID_WRL,2009,82.80944,45.0906
World,OWID_WRL,2010,82.7296,45.88137
World,OWID_WRL,2011,82.735146,46.61892
World,OWID_WRL,2012,82.77379,47.42826
World,OWID_WRL,2013,82.85224,48.245296
World,OWID_WRL,2014,82.93775,49.074135
World,OWID_WRL,2015,83.024895,49.908108
World,OWID_WRL,2016,83.12048,50.75369
World,OWID_WRL,2017,83.20622,51.603416
World,OWID_WRL,2018,83.29201,52.460682
World,OWID_WRL,2019,83.368675,53.314754
World,OWID_WRL,2020,83.42821,54.16298
World,OWID_WRL,2021,83.47571,55.008965
World,OWID_WRL,2022,83.51072,55.86645
World,OWID_WRL,2023,83.52985,56.693638
World,OWID_WRL,2024,83.47971,60.460262
Zambia,ZMB,2000,43.78567,
Zambia,ZMB,2001,44.478943,
Zambia,ZMB,2002,45.176277,
Zambia,ZMB,2003,45.87767,
Zambia,ZMB,2004,46.58313,
Zambia,ZMB,2005,47.292652,
Zambia,ZMB,2006,48.006237,
Zambia,ZMB,2007,48.72388,
Zambia,ZMB,2008,49.44559,
Zambia,ZMB,2009,50.171364,
Zambia,ZMB,2010,50.901196,
Zambia,ZMB,2011,51.635094,
Zambia,ZMB,2012,52.373055,
Zambia,ZMB,2013,53.115074,
Zambia,ZMB,2014,53.095657,
Zambia,ZMB,2015,52.82023,
Zambia,ZMB,2016,52.54132,
Zambia,ZMB,2017,52.258926,
Zambia,ZMB,2018,51.973053,
Zambia,ZMB,2019,51.6837,
Zambia,ZMB,2020,51.39086,
Zambia,ZMB,2021,51.094543,
Zambia,ZMB,2022,50.794746,
Zambia,ZMB,2023,50.491463,
Zambia,ZMB,2024,50.1847,
Zimbabwe,ZWE,2000,53.60774,17.056189
Zimbabwe,ZWE,2001,53.60774,17.056189
Zimbabwe,ZWE,2002,53.607807,17.152676
Zimbabwe,ZWE,2003,53.703564,17.249165
Zimbabwe,ZWE,2004,53.799316,17.345654
Zimbabwe,ZWE,2005,53.895073,17.064104
Zimbabwe,ZWE,2006,53.99083,16.778372
Zimbabwe,ZWE,2007,54.086586,16.488459
Zimbabwe,ZWE,2008,54.182343,16.19436
Zimbabwe,ZWE,2009,54.2781,15.896082
Zimbabwe,ZWE,2010,54.373856,15.59362
Zimbabwe,ZWE,2011,54.469612,15.286976
Zimbabwe,ZWE,2012,54.56537,14.976149
Zimbabwe,ZWE,2013,54.661125,14.6611395
Zimbabwe,ZWE,2014,54.756886,14.341948
Zimbabwe,ZWE,2015,54.852642,14.018573
Zimbabwe,ZWE,2016,54.9484,13.691016
Zimbabwe,ZWE,2017,55.04416,13.359277
Zimbabwe,ZWE,2018,55.139915,13.023355
Zimbabwe,ZWE,2019,55.235676,12.683249
Zimbabwe,ZWE,2020,55.331436,12.338963
Zimbabwe,ZWE,2021,55.427197,11.990493
Zimbabwe,ZWE,2022,55.427265,11.637841
Zimbabwe,ZWE,2023,55.427338,11.281006
Zimbabwe,ZWE,2024,55.42741,10.919989