Entity,Code,Year,December,November,October,September,August,July,June,May,April,March,February,January
Australia,AUS,1962,57.697212,57.893856,60.26428,62.52134,60.14717,60.6048,60.658997,61.744854,61.529507,62.976868,61.668243,59.82727
Australia,AUS,1963,55.153137,55.6179,58.917976,61.67391,58.29399,59.37216,57.92759,57.53125,58.895103,61.20099,60.510933,59.327175
Australia,AUS,1964,53.976795,53.596046,55.411495,57.4975,54.731956,55.956802,57.346237,55.964737,57.431133,57.644035,55.767902,55.790558
Australia,AUS,1965,51.17046,52.201878,54.651173,56.87274,54.26141,53.90222,53.6804,54.64477,52.557003,53.862625,54.591442,52.67602
Australia,AUS,1966,51.217556,53.542236,54.67946,54.714367,52.655396,52.780594,52.16996,51.720165,51.95741,53.985718,51.78673,52.12701
Australia,AUS,1967,51.458168,51.678646,54.206688,55.26717,53.04359,53.563004,52.901875,53.310642,52.483353,54.133774,53.96562,53.16245
Australia,AUS,1968,51.791805,53.344593,56.83058,57.813255,55.759377,54.97983,54.30568,54.946777,54.18821,54.613907,53.43757,51.213593
Australia,AUS,1969,52.91807,52.67549,57.246296,58.291313,55.4389,56.61936,55.662254,55.525997,57.26507,58.067574,56.385067,55.537273
Australia,AUS,1970,58.683372,55.787857,57.8502,58.368114,55.687748,56.466,55.129066,54.12687,55.665108,57.74432,56.833927,54.66853
Australia,AUS,1971,53.962994,53.382984,55.53051,59.578156,57.34663,58.50982,58.90907,58.159573,57.83528,61.030537,61.357967,59.477287
Australia,AUS,1972,51.12742,50.75516,52.133442,55.368958,54.32912,53.944977,55.151897,55.16255,54.96343,58.434937,56.957603,54.353798
Australia,AUS,1973,46.6029,46.164314,49.128372,50.004604,49.774242,49.51608,49.54346,50.43584,51.164326,53.802547,52.075348,50.396755
Australia,AUS,1974,45.53604,45.78779,50.052544,48.1346,47.775425,49.199886,49.60972,50.616123,49.703865,50.81032,50.76262,49.044415
Australia,AUS,1975,44.161396,43.52641,45.006615,46.25788,44.16004,46.63045,46.015068,47.592422,45.94228,47.014805,48.20528,46.757317
Australia,AUS,1976,42.67093,42.84715,43.648148,44.43862,42.169296,43.426075,44.689533,44.354813,45.6914,46.70696,46.041454,44.556946
Australia,AUS,1977,40.877777,41.631676,43.20584,44.569275,43.44644,44.156162,45.3252,45.160805,44.08553,45.808926,45.30207,42.67038
Australia,AUS,1978,40.589485,41.02765,41.99159,43.581367,43.218273,41.457092,43.310223,43.47961,43.833977,45.60107,45.01809,42.361496
Australia,AUS,1979,38.872784,40.30198,41.221905,41.941723,41.716206,42.26058,41.926403,43.717426,43.596775,44.612476,44.376102,41.388252
Australia,AUS,1980,41.618233,38.92479,41.756557,42.979942,40.459682,41.926315,43.261604,43.490482,42.863792,43.0934,42.941666,41.786877
Australia,AUS,1981,41.583546,40.166157,43.03542,45.180267,43.205185,43.52857,44.07631,44.729225,45.52802,45.592205,44.632317,42.397053
Australia,AUS,1982,41.260338,40.9063,42.418205,44.543335,43.627644,43.010536,43.71361,42.569866,43.627426,46.065647,44.335007,41.739563
Australia,AUS,1983,40.008133,40.14832,42.45237,44.709526,43.245163,43.368702,43.624763,43.806713,44.46326,46.702633,45.168285,41.961205
Australia,AUS,1984,40.45755,41.11393,42.585293,42.952705,42.921844,41.876022,42.307777,42.972435,42.88841,45.044292,43.37884,41.433514
Australia,AUS,1985,39.366066,40.880985,43.007458,43.260403,42.486008,42.1442,41.26954,43.10871,43.198463,43.97502,43.213238,42.532066
Australia,AUS,1986,40.336838,39.063057,42.739826,43.37807,41.57191,42.17716,41.28013,41.692036,42.801987,42.718563,42.536896,40.633377
Australia,AUS,1987,38.924255,39.103977,40.267967,43.08967,40.46186,41.796432,41.265965,41.153866,42.254604,43.368355,42.32098,40.01547
Australia,AUS,1988,40.78196,40.946453,41.713478,43.90596,41.584175,40.392235,41.821198,41.18436,41.502,43.56173,41.419342,39.762047
Australia,AUS,1989,39.81043,41.12306,42.355927,43.655884,42.392174,41.407116,42.34293,41.997383,40.3052,41.659424,41.520008,39.611732
Australia,AUS,1990,39.400116,40.88321,43.566414,43.67253,42.814564,42.173893,42.482613,42.367115,42.632866,43.528667,42.57855,40.462524
Australia,AUS,1991,39.11219,38.358524,41.06427,41.584877,41.007557,40.937565,41.113243,41.537193,42.33495,41.97612,41.614544,40.70816
Australia,AUS,1992,38.738163,39.021305,41.7577,43.23225,40.607533,42.183586,41.700752,41.399395,41.92453,42.12007,42.148262,40.83104
Australia,AUS,1993,39.408737,38.594135,40.473083,42.365814,40.008083,40.55475,41.317482,40.453377,41.122692,42.094822,41.06338,39.61843
Australia,AUS,1994,38.750347,38.845444,40.22007,42.12073,40.131214,39.78191,39.658916,40.0223,40.041077,42.892746,41.061234,39.820057
Australia,AUS,1995,35.817966,37.516125,39.099144,40.64766,39.981373,39.52847,40.07977,40.45719,39.175762,41.668304,40.69174,39.248604
Australia,AUS,1996,37.33328,37.996216,39.418045,40.208035,38.67016,38.51563,38.137486,38.627098,38.14409,38.85454,39.14004,37.56357
Australia,AUS,1997,35.850006,35.837223,39.121197,39.574287,37.38615,38.484184,37.971146,37.970234,37.82401,37.97749,38.095303,37.913456
Australia,AUS,1998,35.08676,35.405613,37.72242,38.91965,36.685097,37.96179,37.226818,36.593914,37.67681,37.9181,37.79888,36.471306
Australia,AUS,1999,35.185577,35.062176,36.27318,39.083973,37.118774,37.23222,37.641487,36.56433,37.571327,38.770176,38.065533,36.71585
Australia,AUS,2000,32.82773,35.715324,37.71318,37.916252,36.803654,35.22694,36.61757,37.156906,36.04272,37.783527,36.790535,36.74913
Australia,AUS,2001,32.547367,34.137733,35.956318,37.122803,36.397514,35.33019,35.320713,35.65728,35.659557,36.774166,36.231842,34.37284
Australia,AUS,2002,33.3615,33.906914,35.923706,36.68009,34.977654,35.405293,34.43995,35.25751,35.446583,35.816822,36.410004,35.412193
Australia,AUS,2003,33.42949,32.93479,36.440792,36.93074,34.99149,35.52586,35.55617,34.72366,34.47769,34.795,34.990658,34.022427
Australia,AUS,2004,32.668262,33.781994,34.117016,36.20423,34.066025,35.93856,32.46833,33.64369,35.528816,35.941833,34.934307,34.824677
Australia,AUS,2005,34.89598,35.24716,36.515915,38.27188,36.34038,35.8767,36.523266,36.174854,37.09409,37.44277,36.09105,34.1125
Australia,AUS,2006,34.898613,36.47895,37.487606,39.192196,37.65981,37.366543,36.07458,36.303314,36.105743,36.07869,36.35443,35.45964
Australia,AUS,2007,35.191025,36.95303,38.602356,38.8438,38.797626,38.32104,37.624924,38.04637,37.2014,39.13711,38.63887,37.765377
Australia,AUS,2008,37.43799,35.538113,38.243908,38.80079,37.63673,38.58883,36.58577,36.999054,37.64727,38.027397,37.997456,37.694706
Australia,AUS,2009,36.16588,36.170403,38.117077,38.73214,36.02866,37.711525,37.2877,36.490974,38.087017,37.67326,38.628307,35.97624
Australia,AUS,2010,29.542683,33.536552,35.651062,37.350838,36.09714,36.672703,37.559418,37.017418,37.10439,38.945965,37.894302,36.352787
Australia,AUS,2011,34.536488,35.553833,35.789803,37.475933,36.084732,35.689796,37.195477,36.7986,36.87652,38.29625,37.76703,36.054745
Australia,AUS,2012,28.960968,34.782204,37.210373,36.670177,36.975655,36.38303,36.663128,37.19342,36.560165,37.37592,37.279278,36.533787
Australia,AUS,2013,34.07305,34.78267,35.633755,36.43095,35.195347,35.57807,35.83217,36.774654,36.101585,36.76592,37.230602,36.478786
Australia,AUS,2014,26.668112,30.037148,34.917965,36.405807,34.311142,35.538235,34.992577,35.253555,36.02028,36.08384,37.553986,34.71981
Australia,AUS,2015,33.334908,33.115265,34.533737,35.826263,34.11372,35.20402,34.505844,33.777817,34.682556,35.21115,35.282562,34.525257
Australia,AUS,2016,22.832241,28.190813,31.585352,34.52,33.49568,33.475346,35.059086,34.38485,35.096962,35.937077,35.80167,33.538605
Australia,AUS,2017,21.994293,28.023643,30.912653,32.882698,32.919804,32.10242,33.38407,33.039295,32.73859,34.29428,33.80499,33.084114
Australia,AUS,2018,19.31819,28.623268,31.26019,31.605095,31.881153,31.647028,32.262814,32.4553,31.953058,33.039658,33.279774,32.87618
Australia,AUS,2019,29.433836,30.581642,32.528923,32.26002,31.393427,31.917,31.689606,33.209076,32.587357,32.8085,33.046646,31.810825
Australia,AUS,2020,28.54043,28.914564,29.972105,30.929161,30.157959,30.88669,31.003641,30.839071,30.978155,31.342497,30.824703,31.147223
Australia,AUS,2021,30.387918,30.726376,31.74186,32.327106,31.365616,32.138313,33.156998,32.934196,33.55073,35.06515,34.966904,31.5819
Austria,AUT,1914,61.654858,62.724243,61.98526,61.54131,62.971813,62.73448,63.45035,67.14604,67.45597,64.80531,67.23031,63.47905
Austria,AUT,1915,40.895382,39.91193,40.299725,43.62422,41.965694,45.46051,43.008713,46.74489,59.103317,64.875114,66.44718,64.94026
Austria,AUT,1916,37.540173,34.57912,35.37627,39.051178,37.409874,39.946056,40.31105,39.955364,39.18582,39.25733,42.21346,43.049973
Austria,AUT,1917,29.684982,28.630798,33.44505,37.3441,34.20358,37.80077,37.666283,39.731995,39.34451,40.057743,39.619976,40.38814
Austria,AUT,1918,40.336956,40.378372,41.56549,41.518024,36.390747,34.748043,33.684708,32.635334,32.756634,33.85456,35.889824,35.232014
Austria,AUT,1919,56.610413,61.339348,59.779476,58.175243,50.835358,38.18236,37.271973,36.479164,36.20445,39.5412,44.60725,43.04532
Austria,AUT,1920,56.50338,55.44873,53.953236,56.872097,55.363262,56.54526,56.198883,61.46406,58.569557,62.292393,61.992,58.53698
Austria,AUT,1921,55.535442,55.80938,55.693665,58.463764,57.56439,58.751045,59.41107,63.562813,61.00755,64.34461,66.16381,60.994053
Austria,AUT,1922,55.47029,55.742058,55.628513,58.391636,57.494587,58.68124,59.34375,63.483704,60.93542,64.27015,66.08138,60.92425
Austria,AUT,1923,53.976505,54.241756,54.125416,56.814392,55.944954,57.099033,57.742466,61.7712,59.290855,62.529724,64.29874,59.281548
Austria,AUT,1924,52.231422,52.48659,52.380337,54.982292,54.139378,55.25623,55.8767,59.779476,57.377007,60.505432,60.076824,57.36429
Austria,AUT,1925,49.91861,50.164005,50.058216,52.544296,51.738148,52.80381,53.400238,57.126957,54.83322,57.82499,59.46603,54.82345
Austria,AUT,1926,46.75885,46.990288,46.88915,49.221508,48.4667,49.467216,50.024555,53.5158,51.366173,54.167297,55.704964,51.356556
Austria,AUT,1927,41.15598,42.604782,43.808502,45.764076,45.65596,46.558746,48.004917,50.100098,48.485783,50.649216,51.938747,48.494625
Austria,AUT,1928,41.160633,44.52825,44.79505,44.67251,44.678715,46.647167,46.903732,47.680252,46.898922,49.439293,47.64559,47.131134
Austria,AUT,1929,41.20717,39.176205,41.32816,43.816566,44.38554,45.521008,44.73983,46.814693,46.192047,47.038063,47.574883,43.836422
Austria,AUT,1930,40.9233,39.272377,41.17459,43.37417,43.115124,45.02773,44.557102,47.46619,46.32669,47.5453,47.78612,46.386566
Austria,AUT,1931,38.345234,37.166183,38.717518,40.503395,39.429512,42.01223,41.883484,45.455856,43.864655,45.404667,45.318245,46.34003
Austria,AUT,1932,38.46623,36.58433,38.205627,39.464725,37.78681,39.462086,39.762863,42.99413,41.705563,43.28265,42.05925,43.971375
Austria,AUT,1933,34.25477,35.098454,34.994682,36.58914,36.50243,38.0381,38.132725,40.262497,40.436073,40.406757,42.860672,39.87625
Austria,AUT,1934,35.581028,33.57411,33.151875,34.550266,33.431087,34.478138,36.08904,37.03759,38.777084,40.02982,39.738476,38.131172
Austria,AUT,1935,33.356632,31.727581,33.133263,34.223278,32.765633,34.22219,34.478138,37.284225,36.16117,37.52621,37.77551,38.12652
Austria,AUT,1936,33.19376,31.573704,32.970387,34.059784,32.612064,34.05932,34.314644,37.102737,35.98806,37.349377,36.298798,37.94503
Austria,AUT,1937,34.119816,31.756432,33.258907,33.843395,31.755812,32.33285,33.02111,35.539146,34.699337,36.130146,36.74508,36.493122
Austria,AUT,1938,42.868484,39.29642,37.442448,36.165977,34.02209,34.03605,36.464115,36.367477,36.690125,37.293533,38.0022,36.38144
Austria,AUT,1939,55.99149,51.77972,53.231937,57.227936,54.860676,56.0706,56.14599,54.25572,55.35256,54.167297,54.05628,50.579414
Austria,AUT,1940,50.86328,50.380398,51.99409,58.98791,54.12076,53.278473,51.88551,58.83481,62.676155,64.312035,67.31967,65.98731
Austria,AUT,1941,48.392246,50.231327,52.09647,60.738262,53.571644,54.27433,55.357365,58.34153,54.487,50.69575,50.52706,53.380848
Austria,AUT,1942,43.119778,40.570717,42.44501,50.178432,43.58048,43.761967,45.663094,49.295033,47.41826,47.121826,48.93505,49.188004
Austria,AUT,1943,47.00549,45.514027,48.1363,54.963055,47.000835,48.508583,46.961433,48.717995,48.726215,49.42068,49.903652,46.09339
Austria,AUT,1944,45.82814,45.735226,47.908276,52.85686,48.615616,47.866394,47.966446,48.927402,51.69797,54.776913,54.226833,54.199875
Austria,AUT,1945,28.833384,30.015696,34.627052,38.64725,36.967785,38.26147,38.450096,42.147186,43.826183,48.164223,51.1041,50.49565
Austria,AUT,1946,50.425846,49.79855,48.899483,50.76509,46.409836,45.660614,43.52324,39.769222,38.69053,38.79663,39.48602,35.44142
Austria,AUT,1947,45.685036,45.95446,48.704365,51.630516,47.62885,49.74447,51.180542,51.596195,51.341183,54.70609,55.901814,56.76863
Austria,AUT,1948,47.288437,45.68143,46.646355,48.72554,46.060368,47.0965,46.813267,47.716312,48.244747,51.942238,53.043037,51.800056
Austria,AUT,1949,39.51713,40.070766,38.680786,43.927574,42.370956,44.141068,44.56068,46.188923,47.367947,48.84425,52.194824,49.60392
Austria,AUT,1950,39.424305,40.11711,39.56124,41.955116,39.488876,41.84074,42.13358,44.21425,45.48474,46.898987,46.29032,44.11079
Austria,AUT,1951,37.825443,36.767418,38.850647,40.521236,38.264736,40.215378,40.171013,42.62622,42.599747,43.710033,44.23664,41.94203
Austria,AUT,1952,37.631165,38.853004,38.09437,41.487347,39.475006,38.74504,40.239838,42.347286,43.42809,43.402355,43.031353,41.052784
Austria,AUT,1953,39.204216,37.409077,38.38277,39.90598,38.524265,40.19356,39.858486,42.620735,43.126476,44.159584,43.47266,41.252453
Austria,AUT,1954,39.918415,39.40475,37.95168,41.405846,38.36387,39.54386,40.7365,43.025078,41.51847,43.447823,44.735256,42.931187
Austria,AUT,1955,41.17584,40.521313,41.44045,43.18885,41.32898,41.108376,42.25547,44.89357,44.453587,45.497784,45.684975,42.604057
Austria,AUT,1956,43.022568,43.352707,43.42341,46.561825,44.67348,44.57477,43.55132,47.01804,46.790455,49.22996,49.522774,44.785336
Austria,AUT,1957,45.03375,43.92178,44.699863,47.832466,43.583157,43.130905,46.71465,48.596886,50.186214,50.01656,49.94741,47.124126
Austria,AUT,1958,46.08194,44.985447,46.258427,48.16105,42.22548,41.82568,44.95401,49.913296,48.63512,51.95013,51.1282,47.852623
Austria,AUT,1959,46.288925,46.83897,46.093853,46.978516,46.19274,46.840164,48.828526,48.60595,51.12522,52.990757,52.99172,49.794506
Austria,AUT,1960,45.448364,44.153416,46.01566,49.70527,48.354794,48.296627,49.87949,50.842068,50.753674,51.08981,52.90944,48.947052
Austria,AUT,1961,50.31168,48.339073,49.17194,50.55492,49.258495,48.682663,48.80135,51.80409,53.737293,54.512184,53.74342,51.932972
Austria,AUT,1962,50.081165,48.459183,48.252712,51.320568,49.80347,49.050602,51.51148,52.253323,53.816658,53.90283,54.711185,51.892845
Austria,AUT,1963,46.040886,47.04122,47.963974,52.45376,48.210793,50.278934,51.825912,53.616474,54.94608,57.520252,55.173077,53.25408
Austria,AUT,1964,46.920826,46.646656,47.84654,51.921192,49.05997,50.127705,50.026447,51.47534,52.68442,55.49367,54.96849,50.82781
Austria,AUT,1965,44.583202,45.196777,45.582695,47.804844,48.127647,46.684322,50.2019,50.296093,51.481163,53.368572,54.26612,50.647453
Austria,AUT,1966,45.592205,44.548653,45.949303,47.929546,46.884167,48.398994,50.139885,49.18436,50.819817,50.086594,50.971302,47.430428
Austria,AUT,1967,45.156975,43.804848,45.901173,47.112232,46.43299,45.95368,47.043842,48.50082,49.26041,49.225914,51.82783,48.25402
Austria,AUT,1968,45.02803,42.660294,41.74261,46.61887,45.966213,46.62203,46.187225,46.7288,49.10432,48.73908,49.803886,48.79476
Austria,AUT,1969,41.25444,40.68738,41.17209,44.59084,43.322056,43.960102,44.632965,45.901257,46.885624,48.218235,48.458344,47.73167
Austria,AUT,1970,39.455067,38.426014,36.691204,38.879364,40.330845,41.529884,41.8716,42.152973,44.347237,44.584866,44.412094,42.236916
Austria,AUT,1971,36.36412,36.258503,37.605637,39.885674,38.419514,39.960587,39.21743,40.76063,40.763733,43.247437,42.60451,41.01494
Austria,AUT,1972,35.76708,34.930725,34.70456,36.589844,37.555855,38.64785,38.0455,38.206345,37.79965,40.06529,40.759502,39.40982
Austria,AUT,1973,33.41494,33.280075,32.806675,35.03033,35.19899,36.668922,35.454052,35.521507,36.188972,36.14887,38.316765,37.314648
Austria,AUT,1974,32.642994,33.739296,33.482986,35.094337,35.16335,35.72291,34.75859,35.483177,35.68253,37.58608,36.04033,36.251392
Austria,AUT,1975,31.713457,30.576254,29.679203,33.366653,32.953663,34.314842,34.858883,34.924355,36.376762,36.566486,36.156418,35.456993
Austria,AUT,1976,28.67771,29.611591,29.86336,31.56394,31.484035,31.21107,31.86801,32.04699,32.07513,32.750694,33.691772,34.320183
Austria,AUT,1977,28.887972,29.399137,29.961517,31.279343,30.536552,30.58964,31.739056,31.510239,31.553589,33.32234,32.324368,30.95948
Austria,AUT,1978,29.833206,29.841959,29.279182,31.532703,30.104052,31.480541,31.134882,31.63016,31.765903,32.184685,32.19035,30.501354
Austria,AUT,1979,29.83672,29.856735,30.2464,30.682169,30.775627,31.119244,31.31479,32.84472,32.863758,32.189777,32.36255,32.26982
Austria,AUT,1980,32.280434,33.26659,32.973896,34.702972,32.235935,33.345657,32.516724,33.32572,33.127506,32.613155,32.42457,31.990145
Austria,AUT,1981,32.774414,33.847183,33.09402,34.591385,34.049084,34.59317,34.008434,33.49812,34.555523,34.250103,35.464226,33.704453
Austria,AUT,1982,32.79979,33.282024,33.446285,35.23632,34.663265,35.039154,34.51779,33.95918,34.823914,34.540333,34.901398,34.644413
Austria,AUT,1983,31.00241,31.015368,31.481594,33.69363,33.52692,34.2251,32.69201,32.233227,32.552048,32.63532,33.565277,33.382893
Austria,AUT,1984,30.176065,32.28105,30.989138,32.750923,32.493687,34.125214,33.081,32.373604,31.517761,32.397396,33.291496,31.691238
Austria,AUT,1985,29.572954,29.951752,31.179083,32.589928,30.618544,33.10673,31.452168,32.350037,32.054268,32.967022,32.14535,32.197395
Austria,AUT,1986,30.21713,29.328644,30.472982,33.103027,31.798815,32.432034,31.229189,31.123596,32.559925,31.605707,32.199547,31.849134
Austria,AUT,1987,30.708424,30.861856,30.003815,32.18483,32.276714,32.84033,32.083054,30.35919,30.936573,31.218025,31.096933,31.016005
Austria,AUT,1988,30.530138,30.95276,30.483433,33.320694,32.554543,31.816994,30.97646,32.549515,30.593636,32.290733,33.00465,31.69527
Austria,AUT,1989,30.387701,29.882048,31.09431,32.70406,33.31734,33.594597,31.709478,31.394995,31.395117,33.05186,32.86287,31.734491
Austria,AUT,1990,30.883583,31.533455,32.437176,33.741978,32.97514,33.830746,31.795063,31.662527,31.45823,32.808014,32.14364,32.117218
Austria,AUT,1991,32.005817,32.041668,33.42199,35.537918,33.804604,34.955177,33.474102,33.195663,33.45519,32.515022,33.830395,33.149426
Austria,AUT,1992,32.567963,31.793758,32.481697,35.380642,34.11744,35.151413,33.38519,32.431614,32.003532,33.17032,33.39552,32.807316
Austria,AUT,1993,31.206598,30.81886,32.597675,34.71997,33.322544,34.52611,32.720066,32.104694,32.633507,33.296932,34.468487,33.8285
Austria,AUT,1994,30.888176,30.11738,29.828806,32.184135,32.313076,32.533382,33.047306,32.295116,32.30079,32.219414,33.6275,31.728642
Austria,AUT,1995,28.500517,28.895857,30.58383,31.770002,30.902472,32.50077,30.36172,29.641024,30.455912,30.897652,31.50933,30.879477
Austria,AUT,1996,30.82025,29.783396,30.20799,31.290014,30.243914,31.435389,30.819992,29.748438,30.056694,30.457497,30.91447,30.164928
Austria,AUT,1997,26.823832,26.063335,27.50333,29.768988,28.79031,29.824648,30.511156,29.087433,29.950146,28.941328,30.062223,29.641747
Austria,AUT,1998,25.529913,27.30724,27.145128,29.356943,28.72876,29.350988,27.574284,28.205019,28.308313,27.568354,28.0749,27.76515
Austria,AUT,1999,26.150915,24.65667,25.342686,29.232368,28.396078,28.305016,26.951529,25.719984,25.835657,26.380962,27.513464,27.066734
Austria,AUT,2000,25.277676,25.368507,25.891092,28.398184,26.915663,27.202728,26.716427,26.862698,26.34364,27.400978,27.508133,26.556799
Austria,AUT,2001,24.344788,24.011856,25.535143,26.981382,26.033619,26.58209,25.413937,25.73679,25.68415,25.625572,26.112694,26.592175
Austria,AUT,2002,25.606867,25.721249,26.604355,28.62761,26.234438,27.658371,26.305048,25.97416,26.078215,26.890747,27.064104,26.391947
Austria,AUT,2003,24.619862,24.292091,26.157223,27.320005,26.319391,27.50698,26.058567,25.551235,25.280142,25.80874,26.550108,26.170269
Austria,AUT,2004,25.340357,25.911776,25.697826,28.424286,27.334501,27.579897,26.736633,25.727663,25.910572,25.422266,26.02786,26.863443
Austria,AUT,2005,24.19052,24.149097,26.142504,27.712421,26.562464,27.702065,27.149012,26.063625,25.717245,25.753748,25.912384,25.498274
Austria,AUT,2006,23.485079,25.12464,26.13779,27.63336,27.073448,27.073486,25.862755,25.55104,24.719646,25.448675,26.297382,25.506435
Austria,AUT,2007,23.330984,23.677246,25.689978,26.950706,26.196836,26.615738,26.01868,24.8823,23.900496,24.447315,25.20688,25.332249
Austria,AUT,2008,24.70306,24.092916,25.328527,27.304974,26.590271,26.364923,25.512175,25.025629,25.117168,24.111769,26.113657,26.167385
Austria,AUT,2009,24.391968,23.95159,24.651337,27.11084,26.2291,26.863724,25.669962,24.331665,23.723906,24.413345,24.40307,25.060143
Austria,AUT,2010,24.43264,25.750736,26.271091,27.65912,26.591955,27.257774,26.092018,25.410645,24.77218,25.032698,25.532333,24.77413
Austria,AUT,2011,24.557915,23.437006,25.51099,27.719633,26.380772,26.885283,26.74552,24.733416,24.083149,24.3878,26.054739,25.61704
Austria,AUT,2012,23.987328,24.702803,26.136608,27.44611,26.92406,27.544067,25.24644,25.85196,25.188984,24.739588,24.80922,24.511534
Austria,AUT,2013,24.649837,25.034206,26.54527,28.16755,26.691975,27.379847,25.562454,25.193098,23.664806,24.682957,24.685915,25.30147
Austria,AUT,2014,25.020079,24.959557,26.7299,28.588087,27.430187,28.470032,26.642277,25.945932,25.294569,24.659893,25.434845,25.27733
Austria,AUT,2015,25.234482,25.735949,27.050299,28.629654,28.273909,27.674616,27.493765,26.629137,26.254953,25.81894,26.103022,26.248968
Austria,AUT,2016,26.395369,26.430265,27.507792,30.631495,29.117746,29.562527,28.308666,26.863503,25.893173,26.393478,26.126099,25.881361
Austria,AUT,2017,25.780455,26.637148,26.954407,28.373213,28.735323,29.119164,28.424532,27.377382,26.705761,26.260553,27.358372,25.888111
Austria,AUT,2018,24.428629,25.029442,26.180626,27.99713,27.679691,28.732874,27.222662,26.970722,25.62969,25.458271,26.423079,26.397339
Austria,AUT,2019,24.868368,24.90919,26.66247,28.04979,27.19569,28.350855,26.731295,25.588428,25.891891,24.957487,25.643578,25.71297
Austria,AUT,2020,23.607216,23.945797,26.0068,27.386028,27.280813,27.78091,26.546547,25.636282,24.942131,24.637304,24.504559,25.123072
Austria,AUT,2021,24.376291,25.626982,27.267984,29.334473,27.104273,27.580622,26.90364,25.672089,25.089516,25.640148,26.541176,24.994223
Austria,AUT,2022,22.477928,23.947584,25.815046,27.927568,26.74087,27.010954,26.519081,25.089153,23.632383,23.108204,24.584953,23.75145
Austria,AUT,2023,21.77378,23.122683,23.541233,23.568474,23.839836,24.865423,24.271679,23.571033,22.64328,22.415667,22.837912,22.983458
Belarus,BLR,1945,23.69278,30.225769,31.250967,34.812866,38.30608,41.622345,40.73908,41.240005,50.270927,56.10283,59.12846,72.80489
Belarus,BLR,1946,37.863373,56.118122,65.391594,68.23671,69.04189,57.676445,48.507618,47.723625,44.128456,45.051296,47.08889,58.010487
Belarus,BLR,1947,30.405802,53.43989,60.545982,63.86171,64.80802,65.14207,58.11016,61.20199,61.79481,68.33759,72.923615,102.62713
Belarus,BLR,1948,42.37092,58.90864,65.705505,65.6666,69.782425,64.308975,56.62965,55.43072,51.027817,62.159843,68.47734,97.2221
Belarus,BLR,1949,42.74923,61.383095,63.0694,64.905556,67.64536,70.478676,63.574757,70.49075,71.904724,80.894325,88.358505,126.55736
Belarus,BLR,1950,44.938606,56.93324,57.507412,61.462112,64.17214,66.10394,63.736946,65.926865,67.63369,73.94385,81.1713,105.88705
Belarus,BLR,1951,46.250626,60.25192,61.451515,62.25643,65.375496,66.0315,63.275326,66.397736,66.552414,72.04022,79.0949,104.79236
Belarus,BLR,1952,43.751354,54.72494,57.38265,58.359688,59.1092,62.389244,59.565723,64.8362,67.924805,73.4609,76.3847,103.76609
Belarus,BLR,1953,43.31267,55.49015,56.31613,57.478035,58.64235,58.304283,56.59222,60.131447,61.919575,64.28483,66.32012,84.19852
Belarus,BLR,1954,50.657555,61.707478,63.00501,64.36907,65.11389,66.8324,61.387253,66.71568,66.602325,66.92094,70.55313,88.15469
Belarus,BLR,1955,47.808144,62.435257,63.974934,63.86171,64.05543,64.55045,60.78008,66.305176,68.53614,70.28952,71.82749,92.931885
Belarus,BLR,1956,50.07399,61.187634,63.966885,65.04695,65.58075,66.35749,61.021286,67.866714,71.12288,72.41853,73.988396,97.55212
Belarus,BLR,1957,52.854984,66.531624,67.7661,66.594,65.44391,65.005226,61.16684,67.560844,72.486946,73.24357,74.059845,91.10069
Belarus,BLR,1958,55.627926,70.299446,70.941505,70.08735,64.40959,61.25431,63.774376,72.6761,74.34175,76.435074,76.60411,96.03484
Belarus,BLR,1959,54.03049,61.86727,62.641373,66.819534,65.98801,67.02881,65.92974,70.37992,72.952095,75.316216,76.40753,93.64021
Belarus,BLR,1964,43.245125,47.0665,47.414684,48.85412,49.437023,48.77437,49.81492,52.23945,56.7581,55.821125,57.246193,59.350758
Belarus,BLR,1965,42.916775,45.303566,45.090714,46.772587,45.50751,43.871983,44.814995,49.994232,51.348606,53.126305,56.23277,57.27274
Belarus,BLR,1966,45.04291,43.521435,44.10981,46.166492,44.999424,45.17872,47.189472,51.9352,52.909462,51.398033,51.261135,51.51638
Belarus,BLR,1967,42.883705,40.64738,40.566875,43.61757,44.43194,45.982075,44.905285,47.581367,49.042484,47.814514,50.390408,50.624737
Belarus,BLR,1968,40.70938,41.528812,42.469814,43.008694,43.674255,44.977406,44.208744,46.494873,47.590866,47.443195,46.51906,48.662437
Belarus,BLR,1969,38.34393,39.40979,40.109783,42.444016,43.99401,43.421177,43.10985,46.398197,46.561367,45.396637,45.789433,47.592945
Belarus,BLR,1970,39.01483,39.01121,40.3216,43.803986,44.541195,45.06698,46.353214,47.881496,48.180836,46.521854,47.202454,45.93599
Belarus,BLR,1971,40.630035,42.091316,40.876045,43.365635,44.042824,45.70007,45.04881,48.33291,48.080055,47.65952,46.387455,46.461765
Belarus,BLR,1972,39.006386,41.032635,40.222843,41.19142,42.724804,44.517673,45.525852,47.366688,48.98417,46.616726,45.57767,45.847427
Belarus,BLR,1973,39.99541,40.003563,38.4653,41.715916,42.51813,44.37489,46.18925,44.142765,44.91558,43.81562,44.561348,44.935143
Belarus,BLR,1974,38.841995,40.147823,40.436596,41.620945,42.353794,44.5877,45.786903,46.696716,45.49564,44.226006,44.841557,44.82106
Belarus,BLR,1975,39.38164,40.110046,39.427917,41.360703,43.435154,44.415718,44.97076,46.28313,44.8731,43.79296,44.007587,43.210815
Belarus,BLR,1976,36.46671,40.228806,40.74399,42.74201,43.789062,46.686966,45.214813,46.636395,44.30095,42.52867,43.386036,42.91752
Belarus,BLR,1977,39.660583,41.154057,40.268265,42.151924,43.565052,44.68419,44.50519,45.602024,45.589996,43.87833,43.78424,42.858852
Belarus,BLR,1978,39.833706,41.417946,40.645245,42.512623,42.783295,46.501724,45.74897,46.766518,45.54045,43.866825,42.849113,43.63393
Belarus,BLR,1979,39.78255,41.544518,40.27311,42.076538,43.39721,45.60592,45.22331,45.80023,46.56355,44.592358,43.39531,43.706684
Belarus,BLR,1980,40.0144,41.864326,40.91033,42.445732,44.7805,46.99552,46.314125,47.79577,47.402237,42.840134,42.332893,42.141235
Belarus,BLR,1981,41.80255,42.322243,41.29802,46.066532,47.179596,45.454544,45.641956,46.137768,45.97165,45.16667,43.636703,44.333233
Belarus,BLR,1982,46.92155,45.730274,41.869278,43.64534,43.466988,44.78366,45.15414,46.862747,45.013706,43.819393,45.73693,43.35229
Belarus,BLR,1983,43.732853,45.48678,46.191917,47.413612,48.538605,51.127235,49.230606,50.965664,50.308495,48.913944,49.08132,49.108112
Belarus,BLR,1984,42.08845,42.242855,43.3567,46.21998,48.15755,50.191753,50.13564,49.400234,49.925903,45.731,45.340878,46.185062
Belarus,BLR,1985,38.789474,40.5557,42.345364,43.907913,46.66559,48.284557,47.459553,48.62196,49.153564,46.79857,46.225697,46.261368
Belarus,BLR,1986,44.69502,42.688557,48.41676,46.55614,47.966667,52.07674,47.957428,51.02658,48.902714,43.581604,45.089005,44.29798
Belarus,BLR,1987,44.498466,43.89706,47.439323,46.138134,43.01123,45.56587,45.9802,45.8452,45.495686,42.793648,42.55228,38.940777
Belarus,BLR,1988,37.36954,39.022152,40.071922,42.3956,44.621243,46.92893,46.95653,48.501728,47.11292,45.847794,45.80468,44.57704
Belarus,BLR,1989,34.574356,37.201687,38.02284,39.139156,42.139988,43.252125,44.24949,44.643738,42.79817,42.59164,43.758938,44.280876
Belarus,BLR,1990,33.42762,34.228374,34.755016,35.963127,38.219326,39.80594,40.36794,40.351665,40.496746,39.85584,38.858482,42.3677
Belarus,BLR,1997,20.906498,21.208841,22.372423,22.60789,24.10418,25.91015,25.373026,25.080702,26.22952,24.959644,24.53882,27.872004
Belarus,BLR,1998,20.487038,22.561945,24.04937,25.568548,25.271065,26.960922,26.546936,26.201082,25.716549,25.35902,25.40068,28.300604
Belarus,BLR,1999,20.218044,21.160383,23.011072,26.007956,25.85458,27.160519,28.174877,25.937756,26.65276,25.497374,26.224289,28.93811
Belarus,BLR,2000,20.99932,23.179127,24.024145,25.780882,26.791868,27.130085,27.675877,27.621622,25.021576,25.282412,25.942778,28.23797
Belarus,BLR,2001,20.440905,23.03644,23.291958,24.010876,25.562849,26.92258,26.566515,26.428644,26.134523,26.360363,25.597773,29.188717
Belarus,BLR,2002,19.491915,21.615791,24.242697,24.76837,25.557463,27.879068,25.86418,23.960129,23.705336,24.720175,25.126041,28.552849
Belarus,BLR,2003,19.770285,21.689274,23.790497,25.28789,25.04761,27.23553,25.44121,24.238008,24.844698,24.8078,24.898647,29.765867
Belarus,BLR,2004,20.940073,23.009401,22.839108,24.650234,25.241331,27.176277,27.090952,24.162977,25.946173,25.439228,23.765362,29.216753
Belarus,BLR,2005,22.482285,24.127203,24.057388,27.168375,26.143063,26.48491,26.417772,24.443998,25.533264,25.764019,25.671076,29.465479
Belarus,BLR,2006,24.870289,26.932306,27.074125,28.502491,29.720856,29.04281,29.113182,26.60822,26.533506,26.236065,27.086739,29.193504
Belarus,BLR,2007,26.545712,28.769247,29.031252,30.028193,31.79044,32.11133,30.561789,30.217533,28.08123,29.44116,29.103004,30.403048
Belarus,BLR,2008,28.435839,28.99026,30.909855,32.73614,33.03235,34.81707,31.827393,29.67567,31.152515,27.721653,29.094032,32.60596
Belarus,BLR,2009,28.090496,28.94689,30.379118,33.369804,32.503998,34.651752,32.101738,29.794622,31.829191,31.59981,30.214228,34.17736
Belarus,BLR,2010,29.331553,29.828787,30.71077,31.900322,31.392048,32.755455,33.0225,30.483326,30.443779,31.096102,30.722176,32.502716
Belarus,BLR,2011,30.1649,31.378315,32.757225,33.15587,34.374603,35.64098,33.307278,27.310633,28.446648,29.717876,30.268723,32.083282
Belarus,BLR,2012,31.219273,34.452694,34.47477,35.034187,36.482357,36.300095,34.008274,32.323654,30.949028,31.025995,31.670992,33.373947
Belarus,BLR,2013,31.540842,33.062344,34.249695,37.17493,37.01712,37.43164,35.28712,32.835403,32.005554,31.288532,32.933437,34.885086
Belarus,BLR,2014,31.72969,31.574305,33.829353,35.558613,34.67734,37.86731,35.675602,33.983707,33.853535,32.019184,32.599075,34.206097
Belarus,BLR,2015,32.764465,34.353077,34.55785,36.610443,35.944504,37.92121,36.654938,32.07793,33.022133,32.101112,31.919315,34.28453
Belarus,BLR,2016,30.748657,31.957636,31.99075,35.377327,35.792625,35.991383,35.705585,32.84105,33.656834,34.372425,33.95713,34.053394
Belgium,BEL,1900,74.667946,73.97524,76.41146,79.933846,77.76858,80.47711,78.65369,81.18433,84.422195,86.73047,88.323,82.406
Belgium,BEL,1901,76.843925,77.9002,77.75915,82.17059,77.99451,79.673195,80.680115,82.74885,86.9699,88.294815,90.331665,83.73643
Belgium,BEL,1902,76.20194,75.24103,76.59033,78.53264,76.62594,74.151886,78.52257,80.03863,83.37538,86.2332,86.764725,80.199936
Belgium,BEL,1903,72.26563,72.563805,72.1437,75.65936,74.55264,74.6222,79.15914,81.004715,79.58337,82.57348,81.0391,78.69025
Belgium,BEL,1904,72.7197,72.15016,73.094795,76.59596,74.0579,73.99517,74.83304,77.53784,79.1361,79.75692,78.99455,75.74553
Belgium,BEL,1905,68.66719,67.66193,67.593185,71.29813,71.17356,71.16117,74.00301,75.18306,76.05414,79.01674,81.0058,78.65121
Belgium,BEL,1906,68.69229,67.37854,69.365616,71.90974,70.22671,68.5726,71.066765,74.29788,75.6228,78.62431,78.041855,73.79329
Belgium,BEL,1907,69.17293,65.02335,65.52843,69.71277,70.863335,69.62305,70.7713,72.15777,74.21296,75.411995,76.90222,74.28757
Belgium,BEL,1908,62.037003,63.45699,65.311005,69.04132,66.99261,67.69095,71.52427,73.77893,73.99069,74.13417,75.484245,74.08895
Belgium,BEL,1909,61.146248,62.74768,62.949738,65.07995,64.43708,62.901554,67.889465,68.144196,70.53807,72.29772,72.99225,68.048615
Belgium,BEL,1910,62.57995,63.0614,63.90686,64.47627,64.02916,63.92236,67.51362,67.43321,68.415565,68.77381,70.43452,67.597145
Belgium,BEL,1911,59.780304,60.49317,61.117126,61.252266,61.742355,63.058506,64.21049,66.311035,66.00267,66.71785,68.71652,65.791046
Belgium,BEL,1912,60.44669,59.234924,59.69278,62.339912,60.897163,61.09188,62.400127,62.2617,66.09399,66.72536,68.76276,64.97764
Belgium,BEL,1913,61.11023,58.437725,60.103745,61.152325,59.367607,60.938625,62.883114,64.1723,65.311935,66.9737,66.14822,63.783714
Belgium,BEL,1914,645.4038,324.02237,214.93054,166.9929,132.48863,109.72698,99.400856,89.137764,80.04132,71.78466,66.083984,58.128517
Belgium,BEL,1918,31.5596,37.882362,41.273945,48.895664,57.294304,67.60084,78.9539,98.111496,136.94153,203.75377,382.47855,
Belgium,BEL,1919,63.82781,63.354134,65.04965,57.31277,44.722595,37.365265,38.32169,37.33818,36.929058,37.44755,39.297367,35.570812
Belgium,BEL,1920,56.043858,54.83156,54.93421,56.064377,57.272224,59.535664,62.63588,65.70684,65.71946,67.418625,67.5929,66.6344
Belgium,BEL,1921,58.657383,58.962574,56.883987,57.28227,60.099895,60.029526,60.962116,63.245968,63.31199,64.6982,64.66193,59.312775
Belgium,BEL,1922,54.02225,50.637573,49.192356,51.91355,54.73869,55.80774,58.232227,59.477554,60.417374,60.30558,60.34585,63.18514
Belgium,BEL,1923,51.961575,51.01141,51.596542,53.968727,54.638638,56.695545,58.459484,59.646145,61.47975,60.816154,61.85203,58.32753
Belgium,BEL,1924,52.503983,50.285072,51.9832,55.09551,53.293255,54.3692,56.935562,56.30274,56.66213,58.010662,57.137104,56.235897
Belgium,BEL,1925,50.8918,50.90854,51.156822,51.56964,52.189503,54.28958,56.487953,57.406387,58.396988,59.75435,58.041496,56.209152
Belgium,BEL,1926,51.06024,48.977707,49.55596,50.006676,52.335285,52.563583,53.577858,53.741936,55.553467,56.64754,57.25715,52.419903
Belgium,BEL,1927,49.673645,47.91693,46.26003,47.632217,49.942028,51.12695,52.70203,53.411068,52.07559,53.110165,53.349907,51.911263
Belgium,BEL,1928,46.86019,48.38512,47.629883,48.21043,49.661232,51.045597,50.453716,53.14985,53.486813,55.10084,54.3913,51.99987
Belgium,BEL,1929,46.486614,45.262184,47.76328,50.25912,49.384415,52.048634,50.506325,53.12361,52.24808,53.502552,54.11365,50.364876
Belgium,BEL,1930,48.739292,48.622936,49.12113,49.659653,51.29522,51.55616,53.13099,53.188732,54.7526,55.1103,55.619377,51.73919
Belgium,BEL,1931,48.76843,46.18562,46.499443,49.632027,50.84298,49.83896,49.72226,54.005318,51.844215,54.1306,53.463478,51.49012
Belgium,BEL,1932,44.05543,43.4252,45.085648,46.94813,48.467648,48.39474,49.9039,50.19845,50.98758,53.232533,54.652016,50.75703
Belgium,BEL,1933,41.917416,40.348343,41.71605,44.011364,45.790825,46.357906,45.51842,48.47701,47.166252,49.5242,50.323402,47.286507
Belgium,BEL,1934,42.095654,41.323776,41.304714,41.842014,42.425648,44.548454,45.14566,45.58327,47.368736,46.549194,47.914455,46.90462
Belgium,BEL,1935,37.849678,37.272717,39.50398,41.336163,41.97459,42.680958,43.706005,44.730633,45.131073,45.51068,46.767593,44.124672
Belgium,BEL,1936,38.464325,39.04025,38.944153,41.62952,41.769653,42.185486,43.81286,45.058006,43.167103,45.13041,44.01594,41.273563
Belgium,BEL,1937,40.94898,39.535797,40.417175,41.25555,41.994,42.635925,42.516163,45.249256,43.06677,44.048332,44.643597,41.640366
Belgium,BEL,1938,42.440063,42.370754,40.707935,42.703056,43.918232,44.433006,44.544163,45.88427,44.754578,44.71065,44.951557,44.11537
Belgium,BEL,1939,37.82108,37.14154,39.666492,41.583847,42.48602,43.73206,43.191113,44.42784,45.29377,45.966595,46.577145,43.736664
Belgium,BEL,1940,36.46773,34.18257,32.807674,34.884792,32.069817,31.410643,28.736269,37.784492,43.27752,44.09263,45.645756,41.684784
Belgium,BEL,1941,31.32556,30.199999,31.010708,33.944435,33.19422,35.858345,36.64396,38.202568,36.157482,32.943497,23.182146,34.22921
Belgium,BEL,1942,35.49308,33.892895,34.86001,36.613934,36.67353,35.77064,37.60693,35.945297,35.592865,37.781494,35.552265,33.992607
Belgium,BEL,1943,40.454422,40.76438,40.04218,40.742832,39.82156,39.357388,39.55738,42.200787,41.57139,42.165195,41.528477,37.90721
Belgium,BEL,1944,40.07406,39.58903,38.548027,39.516975,40.718906,40.835957,40.507034,44.521736,44.196533,44.198814,43.143818,40.808025
Belgium,BEL,1945,42.572853,41.058628,41.156693,40.53368,42.072876,43.00525,44.67261,43.634575,43.870674,43.257984,42.93746,41.924374
Belgium,BEL,1946,47.63829,46.534733,45.57918,46.39607,47.397938,51.638348,51.884663,54.78233,53.843872,53.40499,51.090733,46.077747
Belgium,BEL,1947,44.615406,43.423534,45.078663,48.51004,46.77738,48.55146,50.594265,50.96342,50.170097,52.092937,52.42952,49.19606
Belgium,BEL,1948,45.82186,44.602077,44.122307,48.528217,47.531418,51.003365,49.214073,48.91498,50.110344,49.897465,50.40634,47.986294
Belgium,BEL,1949,44.649467,43.924496,43.711105,45.216705,45.57584,48.617283,49.269848,48.858257,49.52209,49.574215,50.126003,48.06718
Belgium,BEL,1950,43.01648,42.61785,43.480183,44.00019,45.486263,45.94583,48.037746,49.597088,48.121967,48.96871,49.614872,47.247467
Belgium,BEL,1951,43.98134,41.817493,41.97547,42.970257,43.882282,46.43919,46.547672,46.620678,46.383465,46.60462,47.656296,45.9462
Belgium,BEL,1952,43.487904,43.338722,43.696407,45.406345,44.46142,46.858532,47.448586,47.48625,47.835682,47.565144,48.34453,45.048313
Belgium,BEL,1953,42.66895,41.947906,42.78636,44.677147,45.98382,47.387184,47.766956,47.080463,46.83799,47.667732,48.048378,46.98708
Belgium,BEL,1954,43.340668,42.962135,43.875202,45.972355,45.5994,47.268356,47.67868,49.97161,47.091995,47.634693,48.72623,45.87133
Belgium,BEL,1955,41.829258,41.931625,43.797855,46.622993,45.751614,47.713676,48.468708,48.653873,48.46157,48.52413,48.342617,45.403614
Belgium,BEL,1956,43.39647,43.147293,43.224796,46.065327,45.492237,47.244865,45.991875,47.95227,48.058434,49.606876,48.748478,45.79497
Belgium,BEL,1957,44.59159,43.396114,45.669666,46.685383,45.952076,47.436962,49.340614,48.5674,49.123074,48.274345,47.96935,45.95964
Belgium,BEL,1958,45.025864,45.325874,47.044292,49.038116,46.18953,44.881996,46.58428,49.377888,47.38002,49.998203,49.454956,47.296066
Belgium,BEL,1959,44.724575,43.672184,45.17125,48.47426,47.554195,48.908203,48.672523,49.885815,50.45263,49.821995,50.444504,47.743374
Belgium,BEL,1960,43.964798,41.40091,43.923653,47.15744,47.37872,48.435276,47.346893,48.90539,46.803627,47.93488,48.063347,46.376217
Belgium,BEL,1961,44.948944,44.588486,45.118916,46.12914,47.55989,47.766247,47.65635,49.34685,49.941257,48.39276,50.264233,47.454193
Belgium,BEL,1962,43.420174,42.761356,45.488014,45.87606,45.695763,45.631817,47.115673,48.782764,48.182053,47.724968,46.828968,45.77332
Belgium,BEL,1963,42.286076,42.42722,45.60118,47.04881,46.524654,48.9765,48.593037,49.66123,50.01156,48.852226,48.968407,45.69005
Belgium,BEL,1964,43.946938,42.66108,44.97875,47.279514,45.653954,48.883728,48.62882,49.595947,49.806416,47.982765,49.226204,46.45239
Belgium,BEL,1965,41.269276,41.82073,42.983364,45.023235,44.670063,46.51508,47.547188,47.215145,47.69861,46.929688,46.72383,45.800278
Belgium,BEL,1966,40.383453,39.257587,41.78052,44.08095,42.579998,44.251194,45.860462,47.181644,47.20963,45.4244,45.074734,42.623756
Belgium,BEL,1967,39.70072,38.972744,39.971943,41.3956,40.501427,42.33093,44.24133,46.031998,45.104416,43.168465,43.10016,41.36152
Belgium,BEL,1968,38.581757,36.50354,37.855354,40.83268,40.85934,41.54202,42.169632,43.189327,43.096222,41.62884,40.767647,40.560425
Belgium,BEL,1969,38.75273,37.06627,39.56622,40.979305,39.667927,41.59931,40.984158,43.156822,42.370037,41.462326,40.704933,39.940746
Belgium,BEL,1970,41.030346,38.480503,37.968872,39.55672,39.305943,42.023464,42.65768,41.276688,42.5851,40.652927,40.637444,39.313217
Belgium,BEL,1971,37.013622,37.306473,38.256363,40.761784,38.949913,40.4816,41.796894,41.90134,43.129726,40.813843,41.073624,40.099552
Belgium,BEL,1972,37.421818,35.830536,37.25626,37.850655,37.433178,39.002335,40.445866,40.198803,39.256966,39.63462,38.53925,38.143642
Belgium,BEL,1973,34.22722,32.820354,33.585007,35.636063,36.65942,37.19661,39.341694,38.059013,38.496853,38.10157,37.32116,36.53266
Belgium,BEL,1974,31.76273,31.857605,34.13618,35.75809,35.20236,36.18462,35.177017,37.228603,36.258762,34.59005,35.067394,34.456974
Belgium,BEL,1975,32.478683,31.437765,31.530972,33.28198,32.842854,34.910248,34.421654,35.11096,35.589867,34.527245,34.39599,33.231575
Belgium,BEL,1976,32.010853,31.633532,32.519554,34.97632,34.525696,35.11423,35.488995,34.476574,35.12711,34.19249,33.95233,32.697754
Belgium,BEL,1977,32.324604,31.733938,33.403645,35.535122,34.328274,35.238007,36.837917,36.784325,34.464596,33.559566,33.45671,32.22898
Belgium,BEL,1978,32.157276,31.838934,33.62519,34.590992,33.92787,34.59815,36.71321,37.280487,35.729145,34.825417,33.97778,32.40522
Belgium,BEL,1979,32.152134,33.342133,34.69776,34.692764,34.64503,35.0954,35.303577,37.121548,36.387657,35.009888,33.67443,32.811058
Belgium,BEL,1980,33.178894,32.624096,35.075993,35.48904,34.00256,35.498005,35.368717,35.261047,35.852623,34.419838,34.32896,33.76852
Belgium,BEL,1981,32.697594,32.570442,33.343773,35.84989,35.126545,35.27483,35.571632,34.942554,35.823853,34.249702,34.527992,33.314
Belgium,BEL,1982,31.435099,31.51918,32.444168,34.42056,33.067616,34.17264,34.452606,34.15202,35.22229,34.373528,33.498154,32.189716
Belgium,BEL,1983,30.536018,30.582188,31.296228,34.03262,33.1581,33.656,34.76544,33.305046,33.010994,32.071354,31.867321,32.00797
Belgium,BEL,1984,29.42546,30.536263,32.776993,32.325386,32.754505,33.354214,33.28963,32.661945,31.267374,32.22442,32.08715,31.33578
Belgium,BEL,1985,30.083652,29.168085,31.705399,32.44976,31.378105,33.296055,32.156643,32.991707,33.029793,32.19744,30.821417,30.34485
Belgium,BEL,1986,31.445189,30.385485,32.441452,33.380257,32.667957,33.257652,34.129272,33.340725,33.152718,32.372803,32.367184,30.588472
Belgium,BEL,1987,30.222109,30.462755,32.406254,33.733246,32.072533,33.52378,34.628914,32.94246,33.14205,32.315178,32.58309,31.814781
Belgium,BEL,1988,31.481812,31.30334,31.862572,33.921368,33.180435,33.354908,34.05529,33.896046,33.78026,34.737038,33.062775,31.524078
Belgium,BEL,1989,32.107525,31.966454,32.822937,32.98716,33.616764,34.14214,34.776276,33.84222,34.64405,34.305668,32.993847,31.931849
Belgium,BEL,1990,32.421066,32.549847,34.624226,34.19758,34.42984,34.78767,34.814014,34.907562,34.481888,34.048454,34.38067,33.039337
Belgium,BEL,1991,32.050114,32.818634,34.193047,36.403,34.100826,36.473194,34.45825,34.690456,34.822807,35.729645,33.495224,34.897675
Belgium,BEL,1992,31.537693,31.050505,32.78084,35.199734,33.8782,35.635155,34.68892,33.43489,34.456264,34.518764,35.637283,34.690044
Belgium,BEL,1993,30.974005,30.314112,32.09009,33.94173,32.49408,34.783844,34.4184,32.497463,33.48703,34.26659,33.195236,31.708336
Belgium,BEL,1994,30.285816,29.20568,30.944632,32.0071,30.78139,32.89414,33.761673,32.457306,31.723543,32.706474,31.747063,30.320574
Belgium,BEL,1995,29.369755,29.720585,30.9794,32.44606,32.112312,32.141026,33.682842,31.698656,29.587029,32.09355,30.68788,30.275139
Belgium,BEL,1996,30.98569,30.123528,31.656713,32.233665,31.461296,32.370537,31.375431,31.73037,31.05775,31.37579,31.334034,30.282904
Belgium,BEL,1997,30.711409,28.27554,31.131084,31.267859,30.847673,33.28703,32.13637,31.612558,32.786892,30.507706,31.766787,31.07075
Belgium,BEL,1998,29.388723,28.969643,30.22401,32.612175,31.4298,32.554775,31.162073,29.222677,31.395418,30.989285,30.278917,30.047428
Belgium,BEL,1999,29.779448,29.052126,29.527021,32.20562,30.226961,31.84857,31.687761,30.006018,31.329115,31.568892,30.888582,29.108711
Belgium,BEL,2000,29.525192,30.236034,31.106522,31.086864,32.135334,31.502918,30.783579,32.09803,30.379435,31.304615,31.389122,30.781544
Belgium,BEL,2001,28.92865,29.680801,30.908237,30.159575,31.351425,31.736357,30.809374,31.61884,31.23473,30.916922,30.217236,31.207253
Belgium,BEL,2002,29.30488,28.414728,30.436928,30.479834,30.565638,31.420013,28.954859,29.48108,29.328451,30.503632,30.837175,30.225918
Belgium,BEL,2003,30.253912,28.631744,29.807676,31.469524,29.677906,32.08485,30.36577,28.91667,30.906591,29.27179,29.79811,30.144527
Belgium,BEL,2004,31.30576,30.116615,30.433683,31.91764,31.593424,32.33342,31.731401,28.386889,30.238304,30.3318,30.257895,30.501637
Belgium,BEL,2005,30.596088,29.968657,31.45785,32.443855,32.43834,31.041954,31.985128,30.682806,31.288692,31.81931,31.34726,30.419374
Belgium,BEL,2006,29.72775,31.004417,32.934566,33.764725,32.526268,31.945538,32.51397,32.12334,30.892508,32.111477,31.330637,31.178772
Belgium,BEL,2007,30.924671,30.942732,32.83674,32.542435,33.93729,33.144897,31.75007,32.04662,30.498127,31.667068,32.077152,31.734636
Belgium,BEL,2008,31.019737,30.877058,32.577274,33.78246,32.0827,34.653393,33.169277,31.897943,33.807285,30.82373,31.886208,33.104527
Belgium,BEL,2009,31.668932,30.852558,32.036125,33.903667,32.83398,33.442886,33.200363,30.930073,32.87777,31.68463,31.40429,32.15991
Belgium,BEL,2010,32.06479,32.132217,33.00775,34.10571,33.3462,32.98631,33.51487,30.818815,31.154606,32.84003,32.409157,31.90232
Belgium,BEL,2011,30.750113,30.319202,31.54799,33.324074,33.43601,32.94625,32.990726,32.529915,31.06275,31.422625,31.607128,31.555079
Belgium,BEL,2012,29.715548,30.205006,31.93374,31.942865,32.245296,32.30106,32.3001,31.767164,31.69603,31.82606,31.313093,30.95858
Belgium,BEL,2013,29.769184,29.243616,30.397978,31.711058,31.6693,33.041473,31.269653,30.80026,30.434566,30.136963,30.603107,31.092318
Belgium,BEL,2014,28.714424,28.650612,30.167425,32.024235,30.966816,32.491123,31.695654,30.011957,30.257004,29.518219,31.10416,31.312178
Belgium,BEL,2015,29.060879,28.183966,30.289837,30.864634,30.331564,31.180998,30.598742,29.364326,29.580711,29.086777,29.056314,29.090015
Belgium,BEL,2016,28.457441,27.751451,29.157274,30.84102,30.045822,30.73253,30.70691,29.471708,28.766914,28.88788,28.993322,29.01079
Belgium,BEL,2017,27.87149,27.844517,29.602095,30.051615,30.524126,29.323444,29.10918,29.056938,27.982,27.528934,29.026169,28.147633
Belgium,BEL,2018,26.759733,27.590391,28.998531,28.939777,29.939934,30.070982,29.352457,28.951532,27.656252,27.321127,27.093937,27.754364
Belgium,BEL,2019,26.275352,27.164371,28.555464,28.970812,28.87233,30.36635,28.719847,28.152685,27.966053,26.162622,27.508753,28.187874
Belgium,BEL,2020,24.245634,25.333916,27.009315,28.155863,27.430101,29.273636,28.334581,26.9514,27.607635,27.283089,26.13406,27.24547
Belgium,BEL,2021,27.617733,27.749819,28.91357,30.566467,28.86177,29.384426,28.748213,26.877419,28.022188,27.953514,26.97945,24.273478
Belgium,BEL,2022,24.76949,25.379005,26.020277,27.823366,27.316925,27.761194,27.80085,27.359812,26.511204,26.846102,27.5158,26.341656
Belgium,BEL,2023,23.904772,25.108147,25.542265,25.399923,27.164366,26.54848,26.898928,26.142576,25.636433,26.01657,26.083632,25.519556
Bulgaria,BGR,1900,35.500854,48.75576,72.43386,66.51445,64.6626,66.10852,61.889793,61.587143,59.854942,63.50127,71.21974,63.000935
Bulgaria,BGR,1905,52.369957,64.721504,74.843735,70.74542,71.318436,72.91125,66.210884,58.020535,64.27564,63.643566,76.738846,79.77364
Bulgaria,BGR,1910,46.030846,59.722134,80.90284,78.799446,70.07907,70.983345,62.463726,60.398273,72.50042,74.660126,85.230934,79.53495
Bulgaria,BGR,1920,57.543148,69.93907,82.64254,68.76275,65.96163,61.12812,60.737186,65.89737,82.143425,94.05844,104.19589,87.173096
Bulgaria,BGR,1925,51.323383,73.25934,85.67668,69.82523,75.13292,69.23447,67.26862,76.42736,93.16197,89.83084,97.06702,72.094185
Bulgaria,BGR,1930,48.86761,67.823586,79.897575,68.76749,73.067314,70.12956,64.38948,69.80366,84.54825,86.10816,79.29511,50.30435
Bulgaria,BGR,1935,40.178303,51.966934,65.73671,63.872467,67.92166,64.69932,60.063644,58.36021,63.829777,68.31642,77.50623,71.58467
Bulgaria,BGR,1939,37.075306,47.44663,61.11435,57.45012,56.94183,54.35753,48.46168,47.609886,52.29422,59.572033,60.364502,48.702362
Bulgaria,BGR,1940,38.79205,49.56211,58.52546,57.11809,56.00542,52.97587,51.819893,48.28924,57.559216,64.83703,64.65199,56.225754
Bulgaria,BGR,1941,37.41957,47.61264,56.57461,55.85165,57.1897,58.79169,63.4266,62.87241,64.721504,67.581985,64.66899,53.127346
Bulgaria,BGR,1942,41.52324,51.82938,64.80949,72.51465,69.996445,60.379913,56.42558,60.760902,64.53652,67.136734,61.934853,45.613136
Bulgaria,BGR,1943,45.08526,55.7805,64.956375,69.46001,63.427826,52.966686,52.10449,53.710304,60.07313,61.72944,62.082233,55.500496
Bulgaria,BGR,1944,49.914185,60.960117,70.864006,63.009197,58.01594,52.319466,50.226166,52.77849,60.239143,64.12095,62.72362,59.622524
Bulgaria,BGR,1945,56.37264,63.184696,72.89288,72.89411,66.163605,59.847446,62.1649,60.17794,68.62045,65.631134,65.55327,67.83445
Bulgaria,BGR,1946,48.89056,56.344944,67.88035,74.7582,78.74084,71.96107,65.39505,64.143906,78.704575,83.99666,80.763824,67.802315
Bulgaria,BGR,1947,52.149254,57.168488,69.016975,71.271065,70.508446,65.886215,58.301933,58.429077,65.24742,76.57282,79.83095,70.04694
Bulgaria,BGR,1948,52.987392,58.06057,68.49804,73.6548,73.27008,70.68577,64.19757,64.36558,65.139366,71.942696,77.38252,71.183975
Bulgaria,BGR,1949,53.454983,60.69992,67.41522,71.582375,70.76578,68.487755,63.19983,65.24057,72.2289,76.10749,76.751015,69.82127
Bulgaria,BGR,1950,53.514145,59.876553,67.91299,72.00192,70.8666,65.31025,68.10002,69.64504,75.96965,75.84595,79.89519,70.6847
Bulgaria,BGR,1951,44.60717,48.620487,56.709522,58.87905,57.316338,54.800648,54.927437,54.86338,58.750996,61.515285,68.22359,68.55852
Bulgaria,BGR,1952,42.6224,53.116943,61.947514,62.360744,61.18718,55.20687,55.262173,52.43428,57.176105,63.31944,62.38066,59.143547
Bulgaria,BGR,1953,40.502018,46.983337,57.54487,61.232853,59.899994,55.205738,55.168144,59.22105,60.69047,67.149574,60.358105,55.447342
Bulgaria,BGR,1954,40.636387,47.00327,56.3507,59.240543,57.620327,56.4543,54.08062,56.51783,58.2695,59.602722,58.144615,55.28648
Bulgaria,BGR,1955,40.429264,47.073193,55.158043,56.04264,55.48272,55.36296,54.40347,59.53558,62.16503,62.92071,58.809315,51.682247
Bulgaria,BGR,1956,37.7604,43.59672,53.63793,57.60471,57.526035,53.66016,52.020954,55.89978,58.56806,59.264156,57.42796,52.332157
Bulgaria,BGR,1957,40.88412,46.448944,53.518887,51.707294,47.670307,48.75403,47.86951,51.108253,57.024273,57.584785,55.04836,49.07932
Bulgaria,BGR,1958,41.142643,46.47848,52.003662,51.954327,46.18933,42.552895,44.745144,50.85926,53.678215,54.882843,53.81418,50.90275
Bulgaria,BGR,1959,38.399624,37.399025,46.664703,49.82808,50.26677,48.293507,45.34137,48.018433,51.4432,53.87071,57.531376,51.192734
Bulgaria,BGR,1960,41.42411,41.609177,48.130974,49.694244,48.5227,47.855606,47.538704,49.233818,52.32585,56.171417,54.586006,47.50287
Bulgaria,BGR,1961,40.608612,41.676754,46.476875,46.5124,46.926926,46.492195,47.604618,50.280434,51.42892,53.558804,52.862854,47.200733
Bulgaria,BGR,1962,38.14581,37.87054,44.307327,45.420143,44.258278,45.762337,45.965958,48.215893,49.410442,49.54922,54.035995,48.681976
Bulgaria,BGR,1963,36.184677,36.89358,43.20367,45.379425,45.06763,45.006706,43.531338,46.06084,49.449245,51.040028,50.568794,46.384556
Bulgaria,BGR,1964,37.85881,39.302673,42.22086,43.67443,43.232994,43.290356,43.95686,45.869415,47.84945,48.58668,48.096886,43.970425
Bulgaria,BGR,1965,36.435432,38.42641,40.902554,41.40659,40.833702,41.20422,42.249542,44.90706,45.4183,44.25947,44.738804,43.768173
Bulgaria,BGR,1966,37.745167,37.768364,40.254276,40.526443,40.044594,40.238323,40.39514,42.757034,42.735214,42.93306,42.491043,42.07121
Bulgaria,BGR,1967,39.966293,38.726055,38.909954,40.615757,40.558765,41.072033,41.652077,41.804897,42.449116,43.0564,41.387917,42.667862
Bulgaria,BGR,1968,45.80323,46.321857,50.545147,52.225773,50.972088,44.572216,43.503616,42.688465,43.59097,44.898834,44.779694,44.1633
Bulgaria,BGR,1969,39.583687,42.176937,45.26055,46.982483,47.160065,46.568657,46.200493,48.277874,47.126312,49.646217,49.5209,49.406128
Bulgaria,BGR,1970,40.80774,42.50227,43.71574,43.799248,43.717297,45.12932,45.851654,47.45943,47.709484,47.29343,46.63146,42.909317
Bulgaria,BGR,1971,37.75183,39.78723,42.49693,44.022556,43.602974,43.70154,44.32298,45.47932,45.573807,45.26978,44.693398,44.919727
Bulgaria,BGR,1972,39.676186,39.426437,42.47192,43.281925,41.092438,40.524155,41.86248,42.70464,44.28755,42.31681,42.51353,41.81541
Bulgaria,BGR,1973,47.782543,45.621758,44.109673,43.144695,43.307304,44.23875,44.75134,44.43484,44.7247,44.054203,43.423798,42.97871
Bulgaria,BGR,1974,41.105423,42.899372,44.818333,47.026405,47.329926,46.444622,48.23295,48.947845,48.314228,50.27299,49.02272,50.78115
Bulgaria,BGR,1975,42.781006,42.286366,43.63076,46.18897,45.845245,45.59421,46.8316,47.718025,46.518772,46.061836,45.90473,45.910954
Bulgaria,BGR,1976,40.7332,40.76583,43.736042,46.270916,46.263275,44.925865,45.934475,47.524807,47.508236,45.75327,46.144947,47.021564
Bulgaria,BGR,1977,39.859356,39.42964,42.784393,44.377007,43.787674,42.718647,45.73268,46.599907,46.616554,46.716343,46.625645,44.032726
Bulgaria,BGR,1978,39.015064,38.70475,39.554653,42.295788,42.92976,43.548157,43.321472,43.515217,44.27423,43.804043,43.89159,43.96475
Bulgaria,BGR,1979,38.90135,41.815838,42.97165,42.80677,42.384396,41.553333,42.430264,43.77616,42.754574,41.9881,41.471127,41.28859
Bulgaria,BGR,1980,38.039314,36.33618,37.84938,40.932167,39.78461,40.02305,40.753365,41.090218,40.403164,38.84647,39.88721,40.424397
Bulgaria,BGR,1981,34.612896,34.614487,35.4033,39.72664,38.47324,40.577415,40.680393,40.159073,38.768517,38.78112,39.454945,39.001194
Bulgaria,BGR,1982,35.103325,34.778282,36.82827,38.485905,38.413456,38.17134,41.026474,40.884117,38.258446,38.995,39.058006,38.16978
Bulgaria,BGR,1983,35.965046,35.357773,37.136024,39.18252,40.171013,38.769394,38.097782,38.670647,37.24083,38.105633,37.417374,36.567745
Bulgaria,BGR,1984,33.542866,34.537384,35.914772,37.707188,37.74806,38.91208,38.566933,39.752586,37.43791,38.63907,37.42506,37.798885
Bulgaria,BGR,1985,36.184,33.11626,36.41847,38.209507,39.318245,39.25327,35.91001,37.618195,36.416595,34.52207,35.192207,34.285122
Bulgaria,BGR,1986,33.530045,32.994644,34.911255,36.842842,38.075207,39.01343,38.05763,37.90874,37.96116,37.45544,36.46445,37.380245
Bulgaria,BGR,1987,34.280754,33.00873,34.344078,35.187305,36.657875,38.73186,37.32892,36.97286,36.134968,35.43624,34.234707,35.05017
Bulgaria,BGR,1988,33.59272,33.25039,34.033466,36.21385,36.833717,38.668797,37.511932,36.603424,34.50469,36.053417,36.33112,35.10793
Bulgaria,BGR,1989,32.287487,31.797565,33.095055,33.916866,35.0597,36.389328,36.390167,35.011444,33.757427,34.71089,35.765877,34.921234
Bulgaria,BGR,1990,30.845238,30.18171,31.12384,31.939184,32.80004,34.299187,33.578876,33.229034,32.580208,33.296154,33.3952,34.5728
Bulgaria,BGR,1991,26.256985,25.867723,27.906929,30.44951,31.276285,33.025005,32.240044,32.23739,30.771137,30.696882,30.86435,30.884077
Bulgaria,BGR,1992,26.088673,26.063812,26.880919,29.16902,29.575378,29.459978,30.735453,30.023468,29.096743,29.162725,28.91836,26.201092
Bulgaria,BGR,1993,23.799904,24.037867,25.953981,28.553352,28.024162,30.347939,28.322462,27.575642,27.400646,27.174572,28.060375,28.530272
Bulgaria,BGR,1994,23.232769,22.914972,24.010878,26.340727,26.992641,27.17021,27.356531,26.804888,26.70314,26.20316,26.946796,25.690575
Bulgaria,BGR,1995,21.306326,22.070396,23.591774,24.781904,24.88642,24.368685,23.813549,23.674452,23.050608,23.494074,24.252352,23.783283
Bulgaria,BGR,1996,22.478619,20.946564,21.882843,23.76444,25.279335,26.56561,25.046082,25.32523,24.362278,23.684656,23.651304,22.331377
Bulgaria,BGR,1997,17.474045,17.500416,18.964458,21.372435,22.367304,22.91825,23.383179,23.735256,22.256504,22.166636,22.037027,22.271215
Bulgaria,BGR,1998,21.468225,21.114523,22.03036,23.82157,22.9874,24.324905,23.630404,22.822489,21.648352,20.838778,20.277765,18.900724
Bulgaria,BGR,1999,22.376694,22.717794,23.717072,25.637314,25.762053,26.5646,25.986792,24.181507,24.579285,25.17034,24.645592,23.177706
Bulgaria,BGR,2000,24.630207,21.948109,23.095438,26.06756,26.342125,26.86733,25.848614,25.197994,24.456055,25.611856,25.868345,25.835852
Bulgaria,BGR,2001,21.22324,20.487886,23.457136,24.79678,24.393272,25.159266,23.78465,23.563925,23.021677,23.883812,24.842731,24.020477
Bulgaria,BGR,2002,22.573612,22.22366,23.363764,25.065794,24.238182,24.190447,23.18493,22.619938,22.55977,23.124235,22.67882,22.13526
Bulgaria,BGR,2003,21.681564,21.84267,23.514338,24.775135,24.883615,26.116703,24.252045,23.315151,22.670929,23.348785,23.667843,23.551178
Bulgaria,BGR,2004,23.654875,22.899103,23.898952,25.495352,26.079037,26.155785,25.417519,24.371601,25.18258,24.468548,23.736504,24.167053
Bulgaria,BGR,2005,24.409847,23.180693,24.443413,26.734749,26.842382,26.490908,26.201714,25.09844,25.162867,24.993048,25.377901,24.616434
Bulgaria,BGR,2006,24.869783,25.657505,26.570328,28.326527,28.317585,28.718985,26.040428,26.408533,25.383015,26.289328,25.850246,25.686619
Bulgaria,BGR,2007,27.307184,26.193293,27.0711,28.348663,29.051655,29.353662,27.948229,26.555462,26.118004,25.697735,26.67947,25.998514
Bulgaria,BGR,2008,27.441252,27.023958,28.937252,30.9657,29.492146,30.593023,28.775375,26.019165,27.08809,26.157219,26.878216,28.560162
Bulgaria,BGR,2009,28.102434,28.547201,29.130707,32.799683,31.324726,32.467445,30.258575,28.441496,28.85914,27.656136,28.915197,28.796116
Bulgaria,BGR,2010,27.179066,27.231934,27.25809,28.795195,28.044205,29.475119,28.862312,26.835445,26.795813,27.559082,27.17605,28.384613
Bulgaria,BGR,2011,24.68954,24.634768,25.658857,27.861876,28.506123,28.70094,27.024446,24.33241,25.11295,25.711693,26.778725,26.482212
Bulgaria,BGR,2012,24.571424,24.585405,24.958418,27.915033,27.554419,27.833391,25.812742,25.30898,24.537685,24.875368,25.4818,26.115015
Bulgaria,BGR,2013,23.68298,24.024832,25.929312,27.833275,26.772379,27.306572,25.6773,23.817617,23.665857,23.54378,23.984869,24.90445
Bulgaria,BGR,2014,23.524832,22.5768,24.820456,27.311575,26.3592,27.609676,26.776976,24.945562,25.870127,25.655878,25.865582,26.2045
Bulgaria,BGR,2015,22.573967,23.066614,24.335686,26.987692,25.185139,27.683138,26.35742,23.944164,24.909224,24.841,25.611645,26.53755
Bulgaria,BGR,2016,23.042156,23.214437,23.911837,27.236307,26.83077,26.877838,25.443447,24.065338,24.063553,24.32964,24.988592,24.8368
Bulgaria,BGR,2017,22.310665,22.879684,23.900162,26.143871,25.978432,26.929045,26.185469,25.593967,23.332243,23.848299,24.404827,25.4999
Bulgaria,BGR,2018,21.724293,22.282894,23.589108,24.612719,25.96409,26.426249,25.384605,25.00984,23.412582,23.752539,23.595423,25.1246
Bulgaria,BGR,2019,21.802137,22.376879,23.384232,25.254778,25.864916,27.07073,24.551804,24.115559,23.426231,23.040354,23.942297,25.055178
Bulgaria,BGR,2020,19.83658,21.399273,22.95941,24.547102,23.69874,25.782259,25.107233,23.115767,22.623167,22.16287,22.97673,25.104921
Bulgaria,BGR,2021,21.846542,22.611835,23.489195,24.76401,23.604605,23.985771,24.38434,22.278852,23.323706,23.503407,24.038439,22.647942
Canada,CAN,1921,50.051712,48.614323,50.257362,53.980606,52.687344,52.593685,52.95995,54.91611,56.15026,56.221394,52.745335,50.81606
Canada,CAN,1922,43.90597,46.12703,46.990387,50.84952,51.46872,51.072243,51.663937,51.814804,52.47479,54.98833,53.17993,51.84858
Canada,CAN,1923,41.77952,42.26925,44.598206,48.64055,48.80733,48.369865,49.19267,49.469604,50.406414,51.17363,51.051342,46.57794
Canada,CAN,1924,43.431072,43.789303,44.83316,47.231007,46.478413,46.719326,48.69396,48.97318,50.314247,50.92368,48.39914,45.684795
Canada,CAN,1925,41.085686,41.637207,42.48006,45.153618,46.295433,46.63348,46.977562,48.43889,48.957504,49.41411,46.72924,44.276363
Canada,CAN,1926,60.587856,60.913662,62.8095,67.22335,66.990616,67.83853,68.71132,70.78271,74.53408,73.22724,69.53883,66.47822
Canada,CAN,1927,61.583385,61.016823,61.63428,66.76547,66.557884,69.07877,70.631905,70.50676,72.711494,72.02171,65.73531,60.96602
Canada,CAN,1928,62.120842,60.69385,61.604122,66.25982,65.291275,65.74306,68.223114,69.27152,69.80373,70.603355,66.42162,64.23566
Canada,CAN,1929,63.14931,60.704338,58.416412,61.76735,64.203156,66.65488,67.16226,68.35275,67.35885,67.67697,64.088974,63.025288
Canada,CAN,1930,58.627655,59.232323,60.749,65.446754,65.54144,67.1818,68.27723,69.41842,69.40507,70.40338,66.73379,64.614555
Canada,CAN,1931,58.122574,57.979176,60.030533,64.63497,63.289444,65.58558,66.234665,67.09583,67.53221,66.841606,63.992115,62.034943
Canada,CAN,1932,57.044792,56.144104,59.36882,62.68192,62.735413,61.589684,61.66276,63.09211,63.378227,65.207664,63.296547,60.085167
Canada,CAN,1933,53.107407,53.11494,51.92266,55.942226,56.59,57.924202,58.62229,61.222893,62.761093,62.28635,59.803875,57.1888
Canada,CAN,1934,52.06908,52.11634,54.24763,58.431156,56.82034,57.88161,57.884617,58.712975,59.00565,58.44439,57.481766,55.410725
Canada,CAN,1935,50.631413,51.12604,53.16844,58.00359,55.781887,57.622597,58.425083,59.841293,60.05238,57.82444,56.027866,54.023083
Canada,CAN,1936,49.71872,49.30786,51.966053,55.48676,55.044567,57.301846,57.266796,57.526997,59.05915,59.153717,56.407593,52.95928
Canada,CAN,1937,49.695156,49.197666,51.946766,56.668484,55.06886,56.57069,58.802807,59.183495,58.00634,56.41521,53.953247,51.09236
Canada,CAN,1938,52.439487,52.51634,53.8993,58.337757,56.42451,59.28822,58.117672,58.07986,59.82292,59.406612,56.18315,53.087418
Canada,CAN,1939,49.643753,50.2062,53.54871,57.019566,56.333828,58.2081,58.306686,58.63605,58.971615,60.29801,56.178394,53.57631
Canada,CAN,1940,56.176758,56.449356,56.745804,61.405045,60.65215,63.446526,62.674347,60.70108,59.77097,59.56687,55.38244,51.901394
Canada,CAN,1941,57.897915,56.063828,55.058144,59.82526,60.318512,63.68507,66.36658,66.12625,67.4234,63.336487,59.175484,55.3377
Canada,CAN,1942,61.41503,61.21193,61.861748,66.301636,63.618122,66.1085,66.65645,67.088684,65.9599,66.180244,63.33632,60.165787
Canada,CAN,1943,59.1703,59.22513,61.799427,67.818245,65.83487,69.22431,70.27961,71.21401,70.16183,68.28469,65.90161,63.145367
Canada,CAN,1944,61.605167,59.771446,60.681057,64.17916,63.01321,68.0412,71.2654,70.49442,68.85004,68.31494,64.47987,61.342728
Canada,CAN,1945,62.55569,60.955055,62.24786,67.09135,63.53619,68.052414,69.35011,68.96677,68.95548,67.69413,64.14591,63.20057
Canada,CAN,1946,73.69616,72.54091,72.809296,78.847435,75.83188,79.387146,79.34075,78.46937,74.697014,70.818405,65.56967,63.5626
Canada,CAN,1947,68.437904,70.62361,72.415565,78.05529,78.13416,82.01427,86.716,84.767715,83.34724,82.57335,79.45631,77.13881
Canada,CAN,1948,67.01457,67.96798,68.48048,75.67436,74.45382,76.48321,76.596725,76.27269,77.23345,76.568184,73.36386,70.4367
Canada,CAN,1949,67.208885,70.14783,71.95828,77.11892,75.980125,78.588196,78.48511,79.973946,78.751236,77.08676,73.05176,69.815056
Canada,CAN,1950,68.91416,68.86645,71.364136,76.84869,74.62845,79.00752,79.94997,77.92397,75.681015,74.9552,71.92158,70.62864
Canada,CAN,1951,66.231415,66.52818,71.19035,76.62824,74.40774,77.71529,79.77109,80.72253,77.88177,76.63423,73.00459,69.932976
Canada,CAN,1952,71.01644,71.037895,72.97499,78.63666,77.25816,79.25025,81.05161,80.17745,80.292915,78.50105,74.331154,70.110115
Canada,CAN,1953,72.70425,72.85056,74.6174,79.86451,77.87014,80.013374,80.77551,80.27601,78.73181,77.429436,75.03253,72.83457
Canada,CAN,1954,72.61785,73.940956,75.0548,81.09801,77.64657,80.88715,82.019844,81.24841,80.7942,79.61145,77.34746,74.865776
Canada,CAN,1955,70.62156,72.4908,74.23281,79.234535,75.758804,79.17548,80.53022,81.48753,82.10881,79.61578,76.55347,74.92298
Canada,CAN,1956,71.95222,72.276794,74.841995,80.07786,77.53879,79.83179,80.469406,77.991135,76.15196,77.05324,74.479324,72.55673
Canada,CAN,1957,71.04901,72.3944,75.72593,80.297966,76.11622,80.10434,82.334114,82.93571,81.22087,77.727425,74.73639,72.791176
Canada,CAN,1958,71.35852,72.834015,74.439674,79.27548,72.33623,73.83954,77.23426,80.21562,78.80124,76.37122,74.12466,73.395195
Canada,CAN,1959,68.33938,70.51393,72.81932,77.67175,74.68326,77.37739,78.16989,77.92936,77.9064,77.4525,73.65004,73.53009
Canada,CAN,1960,67.57696,69.453926,71.10594,77.56249,74.370155,76.038765,75.11107,75.72252,76.732376,74.39733,71.1105,67.77467
Canada,CAN,1961,67.429054,66.907745,69.099045,73.22937,70.71453,73.50592,74.00814,74.18176,74.244965,73.27896,70.9691,69.060326
Canada,CAN,1962,63.590183,66.00651,67.770584,72.44125,70.432304,70.4823,71.05853,71.33687,71.84034,70.7919,67.72955,66.41096
Canada,CAN,1963,60.71575,61.70265,65.005264,69.7717,66.935905,69.350174,69.92148,71.627335,71.33721,69.20496,66.6857,65.67248
Canada,CAN,1964,58.9861,58.802208,61.721375,66.81221,62.46703,66.61464,68.83297,67.04912,66.52227,66.1259,63.98156,61.25962
Canada,CAN,1965,51.21737,52.137924,54.800083,59.473747,57.349846,60.086365,61.90753,61.89859,61.423347,61.73884,59.592365,58.21267
Canada,CAN,1966,46.868816,49.639385,50.70162,54.476254,52.797558,53.03885,55.61788,56.25025,56.628014,55.51646,53.372692,51.408195
Canada,CAN,1967,45.28201,46.465973,47.036045,50.614193,49.464314,50.896873,52.46679,53.217583,52.991505,51.928856,49.834976,47.875515
Canada,CAN,1968,43.80207,44.841286,46.226387,49.807156,47.534504,49.757847,50.15225,51.14359,50.80495,49.27277,46.969288,46.271732
Canada,CAN,1969,44.963276,44.998726,46.307495,49.908504,47.731525,49.49733,50.21234,51.436512,50.01851,49.466503,47.408314,46.183697
Canada,CAN,1970,45.683296,45.658043,45.092987,48.953613,46.126205,48.951443,49.719913,49.504406,50.30467,49.35792,46.519493,45.30397
Canada,CAN,1971,40.88221,41.63871,42.82588,46.068398,43.88677,45.351048,46.983406,46.164413,48.460445,48.60943,47.588467,46.338165
Canada,CAN,1972,40.347458,40.926834,41.046825,43.750534,42.29278,42.945923,42.95913,44.70264,44.65754,44.568825,42.768417,41.800064
Canada,CAN,1973,38.14257,39.23115,40.143105,42.252132,41.686962,43.118706,43.516174,44.040554,43.58619,43.710896,41.998405,40.626522
Canada,CAN,1974,38.219166,40.051865,42.290394,43.957546,42.118446,42.783737,41.213833,42.065224,43.088234,41.681427,41.058826,39.92282
Canada,CAN,1975,40.11229,40.184937,41.5026,44.740955,42.410522,44.472954,43.625793,43.34219,43.92091,43.018604,41.922905,40.199963
Canada,CAN,1976,39.70416,38.690735,41.131596,39.904198,41.654896,42.758823,44.090256,43.680103,43.549633,43.469376,42.186096,40.90526
Canada,CAN,1977,38.62664,40.15586,41.715687,43.13371,41.715958,42.24182,42.434307,43.186016,43.42839,43.51931,41.84024,40.42658
Canada,CAN,1978,39.261494,39.89667,39.787083,41.90286,41.317833,40.81095,41.820694,42.935135,42.155228,42.608173,40.721764,38.758472
Canada,CAN,1979,38.46714,39.567368,40.46008,42.578957,41.435913,42.288826,42.447517,43.475056,43.09928,42.784653,40.651478,39.11254
Canada,CAN,1980,38.988632,38.965576,41.077873,44.083664,40.94233,42.335808,41.981274,42.304043,42.546303,41.89548,40.739452,38.98598
Canada,CAN,1981,38.6259,38.70898,39.31599,42.22751,40.94774,42.52391,42.375923,41.81596,43.084785,42.46511,40.3436,38.488712
Canada,CAN,1982,38.02869,39.088394,39.20358,42.67854,40.43922,41.54642,41.94154,41.94899,42.60777,41.93642,40.82053,38.497025
Canada,CAN,1983,38.34466,38.867203,38.907467,41.45579,40.444366,40.78347,42.187393,42.407375,42.147438,41.974365,39.733513,37.42175
Canada,CAN,1984,36.80929,37.931915,40.23381,42.147846,41.276794,41.33393,41.562984,41.902767,41.66921,41.114677,39.55343,37.52784
Canada,CAN,1985,36.649025,37.514885,39.24606,41.59083,39.774727,41.16681,40.910217,41.842308,41.93847,40.581596,38.809353,37.253765
Canada,CAN,1986,36.540905,36.107426,37.939243,40.901073,38.966526,40.19434,39.77234,41.840214,42.06782,39.80984,38.662266,36.316975
Canada,CAN,1987,35.942993,36.080093,35.88432,39.16123,37.37581,39.47718,40.67319,40.656036,41.36744,39.962547,37.619125,35.57045
Canada,CAN,1988,35.57996,36.422096,37.45773,40.56614,39.0784,39.10931,40.416348,40.331623,39.39614,39.182957,37.28775,34.941757
Canada,CAN,1989,37.36214,37.8093,38.233616,41.01623,40.23432,40.422966,41.669373,41.191227,40.782196,40.148144,38.15018,36.233017
Canada,CAN,1990,35.902744,37.165775,38.438427,41.394447,40.643192,40.959152,42.0146,43.09195,42.554974,41.643215,39.868156,37.736763
Canada,CAN,1991,36.674595,36.344597,37.87412,40.75743,39.35797,40.60991,40.821846,41.84876,42.14394,40.210506,38.768665,37.24274
Canada,CAN,1992,35.100018,35.225864,36.446014,39.49028,37.45271,40.101402,39.799522,41.138557,41.569614,39.92359,38.57208,36.59568
Canada,CAN,1993,34.203644,34.233673,35.11098,38.496403,36.792835,38.210495,38.909306,39.23529,39.78746,38.700813,36.974552,35.061985
Canada,CAN,1994,33.537075,34.155273,34.283028,37.41961,36.646393,37.499554,38.757797,38.49905,38.269226,38.084564,36.139862,33.869278
Canada,CAN,1995,30.968151,32.50897,33.706493,36.95746,36.07249,36.679802,37.633526,38.137005,36.233902,36.942383,35.578167,33.18613
Canada,CAN,1996,30.558004,30.633678,32.471535,34.727272,34.084488,35.382458,35.303528,36.162693,35.91294,34.77337,33.715073,32.22334
Canada,CAN,1997,29.234486,29.209959,30.462679,32.55796,31.534975,33.499985,33.469837,34.31018,34.299217,32.503563,31.843386,30.807436
Canada,CAN,1998,28.094961,28.021534,29.786854,32.741188,30.950876,32.411587,32.473892,33.043724,33.553864,31.949951,31.444687,29.22946
Canada,CAN,1999,28.374794,28.065422,28.811102,31.974867,30.109686,32.01994,32.182514,31.879599,31.367998,31.171654,30.232658,28.726744
Canada,CAN,2000,25.684448,26.964369,27.105202,29.158907,29.139963,30.013752,31.262995,31.404497,30.742401,30.805153,29.563658,28.76995
Canada,CAN,2001,26.43755,27.65373,28.679325,30.3099,29.934177,30.26777,30.752481,31.174402,31.070414,30.48032,29.382511,28.003277
Canada,CAN,2002,26.113749,27.389156,28.603632,30.698992,29.543644,29.884005,29.041475,29.71636,29.4956,28.750458,28.330582,27.714104
Canada,CAN,2003,27.062223,27.441887,29.345448,31.115942,29.56192,30.913576,29.768326,30.055939,29.43394,28.756699,28.241518,26.94416
Canada,CAN,2004,27.095858,27.824942,28.350145,30.692541,29.368921,29.81328,29.990461,29.070908,29.69789,29.299736,27.867847,27.424833
Canada,CAN,2005,26.581926,27.770489,28.661383,31.109562,30.10111,30.216354,30.728724,29.883705,29.963818,29.344038,27.713133,27.25403
Canada,CAN,2006,27.727144,29.070122,30.05877,32.31594,31.51715,30.597948,30.92185,30.803259,29.47807,29.391422,28.693218,27.933067
Canada,CAN,2007,28.573723,30.027649,31.090357,32.501633,32.360077,31.761534,32.06565,31.252712,30.490507,29.91955,29.429176,28.697239
Canada,CAN,2008,28.905107,29.43535,31.50606,33.786625,31.929508,32.837242,31.749363,31.71134,31.416117,30.101585,30.3718,29.473259
Canada,CAN,2009,28.520878,29.679039,31.440699,33.499794,31.815256,32.87081,32.056313,31.588291,31.325342,30.679815,30.17639,29.304298
Canada,CAN,2010,28.623085,29.52971,30.804243,32.695866,31.037718,31.065935,31.210999,30.366867,30.954947,30.763628,29.306143,28.998573
Canada,CAN,2011,27.612804,29.383587,29.898664,32.420258,31.528284,31.665466,31.493933,30.633348,29.961712,29.552376,29.263773,28.5735
Canada,CAN,2012,27.993309,29.757954,30.57738,31.89185,31.98298,31.190443,30.46103,30.480816,29.805809,29.282196,29.152407,28.61797
Canada,CAN,2013,28.146662,28.421732,29.943106,31.392271,31.050476,31.308289,30.145582,30.319551,29.335655,28.884968,29.144794,28.78516
Canada,CAN,2014,27.483503,28.547571,29.873907,31.825804,30.786636,31.755894,30.321012,30.555393,29.339237,28.945324,28.847069,28.65363
Canada,CAN,2015,27.437735,28.222237,29.25097,31.344917,30.205389,31.288885,30.35031,29.523134,29.522118,28.433126,28.415457,28.11467
Canada,CAN,2016,26.538471,27.738684,28.553238,31.346682,30.674097,30.51829,29.884243,29.218151,29.27248,28.779535,28.1317,27.487919
Canada,CAN,2017,26.045168,27.512827,28.049927,29.844143,29.689177,29.583002,29.323374,28.582737,28.048464,27.749617,27.763767,26.92483
Canada,CAN,2018,25.24212,26.660158,27.445946,28.99834,29.161055,28.909443,28.568556,28.610956,27.40166,27.182901,26.794031,26.724552
Canada,CAN,2019,24.976294,26.075768,27.067444,28.715126,28.666626,29.145947,28.04663,27.711447,27.083338,26.452929,26.245152,26.056171
Canada,CAN,2020,23.120846,24.221186,25.430729,27.163687,26.622551,27.50003,26.669304,26.592241,26.44945,26.01858,25.392609,25.704073
Canada,CAN,2021,23.95862,25.47522,26.18909,28.410166,27.659904,28.27142,28.199907,27.124632,26.428259,26.71891,25.610458,23.438787
Canada,CAN,2022,22.530384,24.0789,24.36851,25.911154,26.141891,25.875986,25.752733,25.189255,24.450447,23.968342,24.243698,23.872982
Canada,CAN,2023,22.835339,23.980661,24.534203,25.247622,24.769041,25.024492,24.851377,24.138113,23.532087,23.534626,23.164078,22.843475
Chile,CHL,1947,41.102882,42.95751,45.318127,40.63779,37.959064,38.488705,33.269413,32.677254,35.599174,36.508633,37.466824,40.357018
Chile,CHL,1948,42.128147,46.47726,42.937183,40.431927,41.55235,36.72243,35.53892,32.786583,35.02929,37.623787,36.032024,39.827377
Chile,CHL,1949,42.281208,45.99775,45.915794,41.03445,40.191807,38.255466,33.711266,32.895912,34.07278,37.961494,37.418407,39.80794
Chile,CHL,1950,40.24283,44.54165,45.45661,42.073807,38.530006,39.13496,34.50961,33.17774,32.187378,37.56791,38.870922,39.951283
Chile,CHL,1951,40.12864,46.856346,48.046497,38.049442,40.733593,40.257404,33.912106,34.871124,37.105488,35.94255,37.35923,40.23068
Chile,CHL,1952,43.041653,44.752533,46.6811,47.62708,42.230186,39.171402,37.01762,34.10825,35.24017,36.04945,36.816345,39.851673
Chile,CHL,1953,43.656326,47.43628,48.775356,51.40792,47.34679,44.137375,42.744118,38.6612,37.542316,38.99162,40.41758,43.167988
Chile,CHL,1954,43.811817,46.896515,49.560097,50.807907,47.03338,43.133976,41.03696,38.627186,37.60508,37.490166,39.21791,44.271
Chile,CHL,1955,46.690815,50.52673,53.695168,53.77032,50.27681,46.59849,45.329952,41.5402,41.044495,41.865757,42.079903,44.30501
Chile,CHL,1956,49.215103,51.927597,54.41917,55.276634,52.132977,48.75592,48.571033,44.448353,43.650414,44.15438,45.82305,47.46584
Chile,CHL,1957,49.620834,53.027206,54.424026,57.016422,55.991077,52.713634,50.612087,48.440083,46.996937,49.045036,49.54422,50.49547
Chile,CHL,1958,49.883224,53.549397,58.160652,60.33282,57.905552,48.887115,50.88071,41.02757,42.204353,48.20442,48.949764,54.55279
Chile,CHL,1959,49.76418,54.57871,58.54209,61.133675,54.26125,50.813736,51.530937,48.27487,49.23883,50.140755,51.123158,50.296246
Chile,CHL,1960,52.83511,56.66495,61.2656,60.583874,56.61304,52.793808,52.690796,50.43959,49.22628,49.045036,48.809708,52.51684
Chile,CHL,1961,52.48283,57.849915,61.608166,62.828278,58.471634,56.056675,55.344418,51.447845,51.48575,50.85261,52.46808,55.728687
Chile,CHL,1962,56.35065,58.994713,62.043053,64.89946,59.088737,57.34919,58.0131,47.477985,50.91084,53.685448,53.675816,56.97747
Chile,CHL,1963,54.11305,57.498444,60.626633,62.140396,58.75346,56.70536,58.15871,55.30109,55.326843,54.973103,55.18482,57.409927
Chile,CHL,1964,55.126163,59.100155,61.826824,62.75547,58.325863,57.266582,58.472527,54.834618,52.806282,51.856007,51.96517,55.44443
Chile,CHL,1965,53.50809,58.565414,60.769974,62.291027,58.12664,56.996906,56.21306,54.10819,54.29502,53.947838,54.194958,56.792824
Chile,CHL,1966,52.68934,57.543633,59.302536,61.20146,57.419643,56.355507,55.821415,51.758827,51.0213,52.99303,53.654297,54.390015
Chile,CHL,1968,46.44786,51.44307,52.84969,54.714275,51.489147,50.22579,51.008747,49.48964,51.962746,50.995953,51.593784,52.648037
Chile,CHL,1969,46.027554,49.04803,50.412865,52.22384,48.675747,49.999844,51.199547,49.80062,49.155983,48.680607,48.0137,49.90509
Chile,CHL,1970,48.86768,51.628845,52.545998,55.474964,50.366703,48.359905,48.94008,46.333675,45.61364,46.656803,46.730644,49.363304
Chile,CHL,1971,50.454166,54.942734,55.71897,57.44572,53.447353,50.359413,51.390347,48.318604,48.17186,43.442528,48.562428,51.73453
Chile,CHL,1972,49.95854,51.395367,55.230633,57.209732,53.240845,52.502266,52.31422,50.473602,50.812927,51.99692,52.380703,54.8905
Chile,CHL,1973,50.570786,54.272423,55.96435,57.32522,52.4391,51.600906,51.21963,49.370594,50.4966,51.049404,52.12378,55.114017
Chile,CHL,1974,50.42258,53.541862,55.386124,55.61555,51.27292,49.324432,50.521706,49.407036,49.163517,49.635414,51.07205,54.166496
Chile,CHL,1975,44.249134,46.951748,50.245228,52.376984,49.069332,49.064472,50.406223,47.939598,47.619545,48.07808,49.35055,53.93812
Chile,CHL,1976,43.16313,46.956768,48.39635,50.34346,46.282654,46.183044,47.905746,46.904613,46.57015,47.324924,46.50349,49.577103
Chile,CHL,1977,41.6471,44.182644,46.579056,47.93336,44.62328,44.188393,46.87141,44.710743,45.106514,44.47508,41.684498,44.868664
Chile,CHL,1978,42.10871,45.89984,47.329784,48.380234,45.493053,44.465363,45.56845,44.030476,43.78347,44.752045,43.820232,45.582947
Chile,CHL,1979,43.398796,46.788563,47.86671,48.031273,45.8259,45.969242,47.24799,45.029015,44.85295,45.395874,44.49,47.46341
Chile,CHL,1980,43.967308,47.310753,49.922096,51.98534,47.24718,48.814228,50.04973,47.847275,47.878128,47.371086,47.267033,49.87108
Chile,CHL,1981,48.226284,52.429703,55.45901,57.912678,53.83608,52.939583,54.327656,51.513443,49.527542,49.006165,47.362755,50.148045
Chile,CHL,1982,46.30938,50.627148,53.639286,57.307644,53.84094,52.490116,54.869926,52.07224,53.506718,53.381756,52.876934,54.356
Chile,CHL,1983,47.939598,50.7351,51.357952,54.49335,50.216072,49.001305,51.29746,48.571278,48.257217,49.820057,50.0257,51.839
Chile,CHL,1984,50.864758,54.30255,55.97893,56.800518,53.952698,51.70052,50.893265,48.938137,47.53921,49.006165,50.07449,51.610626
Chile,CHL,1985,48.90655,53.09248,55.167465,56.624783,51.875446,50.111603,51.852283,50.449306,48.36266,48.172832,48.368755,53.129086
Chile,CHL,1986,52.21558,53.710068,57.004196,59.12275,53.83851,52.303043,53.843124,52.11354,52.527615,50.524624,51.497044,53.447353
Chile,CHL,1987,53.498375,55.392117,58.068333,61.39226,56.61061,55.918194,53.336002,50.75057,52.336815,53.274857,52.707474,54.698566
Chile,CHL,1988,56.654343,59.672554,60.935184,64.82916,58.947823,58.065903,58.191345,54.287975,53.413826,56.474556,56.50748,57.808372
Chile,CHL,1989,56.851135,59.672554,61.979885,65.142975,60.099422,59.079018,61.264225,56.571735,56.577084,58.184948,58.93177,60.359383
Chile,CHL,1990,56.464836,60.67174,63.078033,63.727043,60.510014,59.53577,59.682594,57.878826,58.530266,60.077557,61.519398,61.880272
Chile,CHL,1991,55.847736,57.714348,61.868126,62.36885,57.81566,57.509537,57.77962,56.547443,58.16875,58.163082,59.413254,61.32634
Chile,CHL,1992,54.912663,56.962704,58.78882,61.550224,55.202763,56.2195,57.101627,55.126255,54.92759,55.851955,57.323147,60.38854
Chile,CHL,1993,53.413822,55.871426,56.73851,60.220703,55.601612,55.092728,55.77323,52.32908,53.95735,57.028584,54.91176,57.008877
Chile,CHL,1994,52.427555,54.60973,55.42009,58.777115,55.92142,54.772312,55.441578,52.59917,52.651905,53.547806,52.88271,53.72137
Chile,CHL,1995,49.85241,52.910275,53.772934,53.87023,52.035595,51.286114,51.96901,50.733913,49.774788,52.511196,52.505905,53.88816
Chile,CHL,1996,49.578342,52.083176,54.022076,55.08525,50.609806,50.32274,50.319546,49.359215,49.309605,49.158913,49.430008,53.046684
Chile,CHL,1997,48.827267,49.07879,50.329502,51.756985,47.997196,49.42434,49.930557,48.151096,48.739002,47.512604,49.938843,53.481434
Chile,CHL,1998,47.741375,48.994614,50.38372,52.774136,47.387383,46.93876,46.697445,46.045444,48.166233,47.596905,48.06816,50.477276
Chile,CHL,1999,45.663788,46.94882,46.00218,48.82413,45.45069,45.739586,47.21426,45.930367,46.242096,47.665833,46.315884,48.03049
Chile,CHL,2000,46.04114,47.28501,47.765465,48.94487,45.848118,44.27119,45.325356,44.123516,43.87355,44.68025,44.957024,45.572426
Chile,CHL,2001,43.377987,45.353233,45.804714,45.7227,44.72522,43.240498,44.953102,44.107815,43.99125,44.818214,45.66576,47.193375
Chile,CHL,2002,42.691032,42.955143,44.71961,45.259727,43.148426,42.630127,42.76861,42.17718,41.522144,41.701412,43.05354,45.873215
Chile,CHL,2003,41.232452,41.15394,42.89363,44.164127,40.62181,40.736984,40.90493,40.548073,41.682865,42.29268,42.360123,45.015785
Chile,CHL,2004,40.691692,41.400364,40.80645,43.46518,39.81618,38.711334,39.825603,39.102814,39.848083,40.154312,41.04415,43.258053
Chile,CHL,2005,40.762394,40.125324,40.939556,42.551254,39.978043,39.46202,40.674046,39.519962,39.95193,40.803024,40.29132,40.26241
Chile,CHL,2006,39.184525,40.907257,40.771206,41.896225,39.816223,39.659992,39.815556,38.87244,38.874344,40.191532,40.00839,41.515095
Chile,CHL,2007,41.452385,41.957073,42.721767,42.747364,41.25622,39.604355,40.86114,40.062443,39.670856,41.31474,41.36859,42.53071
Chile,CHL,2008,43.08288,41.400314,41.884956,44.443443,40.20536,40.856846,41.68966,41.07371,41.823933,41.10073,40.73281,43.003235
Chile,CHL,2009,40.97483,41.31204,41.695347,44.545124,40.501053,42.354507,43.037277,41.30687,43.161793,43.700024,42.30661,43.997463
Chile,CHL,2010,42.488644,40.63111,41.36537,43.86108,41.312325,40.458473,41.510525,40.644993,41.40271,42.51196,41.605556,42.596344
Chile,CHL,2011,39.517292,40.064793,39.083668,42.350132,39.9131,38.691147,40.095078,39.698704,41.21561,43.749363,41.85381,42.74106
Chile,CHL,2012,37.487144,37.78532,38.84897,39.310932,38.941963,39.22653,39.939514,39.848927,40.920143,41.341595,41.1348,40.721806
Chile,CHL,2013,38.970776,38.03152,38.771465,40.047905,37.60663,38.525513,38.83028,38.65029,40.11548,39.254074,39.625305,40.682877
Chile,CHL,2014,39.87956,38.981728,40.344677,41.24459,38.606068,40.17138,40.135414,39.328,40.80777,40.680794,40.060196,41.66895
Chile,CHL,2015,37.15196,36.497887,36.813477,40.186245,37.203037,37.91137,38.937553,38.062347,39.659508,40.61102,40.92724,41.739098
Chile,CHL,2016,34.467083,34.898136,33.7991,37.224384,35.537575,35.408134,36.588432,35.802887,37.197784,39.881584,37.89388,37.52053
Chile,CHL,2017,33.722588,33.299976,32.975143,34.24621,33.508236,33.68975,34.80289,34.26126,34.012783,35.707016,34.95123,35.55363
Chile,CHL,2018,33.999447,33.645535,34.73813,34.56031,33.90889,33.00514,34.877087,35.07187,34.546425,34.780586,34.925766,34.754303
Chile,CHL,2019,30.70724,30.081612,30.759706,32.20284,30.83767,31.697968,32.160206,33.250233,33.246056,34.138092,34.50637,35.464447
Croatia,HRV,1950,52.51657,61.484116,64.29957,64.231224,56.984947,55.858463,54.20504,54.529217,59.51302,62.1968,64.37923,78.50075
Croatia,HRV,1951,41.131596,53.273815,56.902336,57.084076,54.506687,50.17349,50.41806,50.63159,52.37363,59.74858,62.69138,78.72604
Croatia,HRV,1952,44.428432,58.077385,63.203125,66.21784,60.371902,56.226448,53.77047,52.92961,56.168373,56.28653,60.096107,68.745415
Croatia,HRV,1953,40.162823,52.34259,59.77111,62.322216,54.94226,54.829613,55.68724,50.586533,54.19728,62.452137,61.66038,78.52328
Croatia,HRV,1954,44.991673,58.403313,64.48731,64.61148,56.391666,52.959652,51.87698,52.020916,55.594116,55.40787,57.752563,69.22604
Croatia,HRV,1955,43.602345,55.75708,59.83119,57.689373,53.184948,52.989693,52.381393,54.011036,58.03858,59.988895,58.026943,73.138695
Croatia,HRV,1956,39.554523,53.646305,59.170322,59.738068,53.492855,51.91578,50.75951,53.15491,54.243843,57.96123,57.3506,66.89047
Croatia,HRV,1957,42.393257,49.013462,54.288902,55.159546,49.122105,46.298393,48.035675,50.774277,54.57753,53.70313,54.659565,65.34344
Croatia,HRV,1958,41.416973,52.078743,53.958466,54.313683,45.044243,41.784954,43.526997,48.22092,47.119972,51.23989,51.85758,64.86281
Croatia,HRV,1959,40.553337,47.43038,50.796806,53.258297,47.732777,47.071907,48.19864,46.52369,49.02122,51.87072,54.44339,62.2719
Croatia,HRV,1960,37.36915,43.31747,49.3474,49.61876,47.394833,44.954124,45.855057,47.777836,49.611,51.26993,53.360783,61.56597
Croatia,HRV,1961,39.16401,46.856125,48.12329,48.609932,44.946613,43.36203,44.582386,47.62013,48.55561,50.24859,49.48794,56.474274
Croatia,HRV,1962,36.084957,42.681133,47.07942,48.377125,44.0229,43.647404,44.644466,46.230804,47.174294,48.393646,47.52572,57.352932
Croatia,HRV,1963,36.986145,40.578117,43.181793,46.250828,43.144245,40.778633,43.6046,46.673885,47.337257,47.65017,47.61718,51.31499
Croatia,HRV,1964,35.34148,42.05256,45.87784,47.864952,43.28693,41.296814,42.440567,41.882584,43.100185,46.050564,45.4534,51.172302
Croatia,HRV,1965,38.99879,44.05469,47.0644,47.484703,42.70116,43.93278,46.01026,44.954124,47.3295,46.40353,46.55292,49.580208
Croatia,HRV,1966,41.04899,44.729828,47.755306,47.251896,43.534756,42.588512,43.845165,45.78021,46.095623,45.479816,46.93539,50.999573
Croatia,HRV,1967,37.631992,40.492756,43.85017,46.18099,41.101555,39.58456,39.763298,43.256893,43.193306,44.158077,44.0752,50.383766
Croatia,HRV,1968,37.564404,38.513905,40.050175,42.89842,41.634758,39.07389,40.981647,40.12527,43.092426,42.6561,43.767563,49.182186
Croatia,HRV,1969,36.377846,38.00949,40.237923,43.030342,38.48061,39.554523,38.81655,40.17784,41.85855,42.75373,41.489388,46.33594
Croatia,HRV,1970,37.639503,38.288857,36.790886,37.799965,36.467964,37.90986,38.76999,38.48812,41.79647,40.237923,40.757713,42.926456
Croatia,HRV,1971,38.50314,40.919567,43.78258,45.195442,39.854916,40.553337,40.22891,41.37942,40.95837,41.109066,40.77434,43.39958
Croatia,HRV,1972,37.391678,37.98621,42.475864,45.90162,41.45452,40.688515,42.339684,43.549778,43.34851,43.662426,41.905113,43.38456
Croatia,HRV,1973,39.832386,40.205627,42.60353,44.582386,42.22804,42.03278,42.94498,43.039104,45.52913,43.89523,44.79856,44.315784
Croatia,HRV,1974,40.005116,41.493824,43.820133,45.09456,41.40195,42.986534,42.727695,43.95531,42.46385,42.588512,42.694992,45.487324
Croatia,HRV,1975,40.590885,40.849724,42.686142,45.451527,41.724876,42.09286,42.0836,42.310646,42.766495,43.204323,43.642845,45.6225
Croatia,HRV,1976,38.750965,40.818684,41.762424,46.522438,42.10037,41.5146,42.719936,44.931595,42.51817,42.513412,42.98084,44.773888
Croatia,HRV,1977,41.53713,41.83527,44.66124,46.095623,43.054123,41.311832,44.163334,44.676258,44.295258,44.833965,42.95274,41.364403
Croatia,HRV,1978,41.079025,40.981647,43.40709,46.522438,43.467167,45.05926,43.301952,45.75017,45.110077,44.180607,42.93611,43.99286
Croatia,HRV,1979,40.86124,39.13472,43.707485,45.047997,46.39602,45.442265,44.698788,46.133175,46.18099,44.58614,43.277008,44.270725
Croatia,HRV,1980,40.538315,40.911808,40.403137,44.46598,44.383373,45.78021,43.6822,44.999184,44.504784,42.641083,42.820282,45.554913
Croatia,HRV,1981,41.950172,41.05925,39.975075,44.978157,42.75373,44.158077,43.301952,43.82764,45.071278,43.752544,41.672306,43.737522
Croatia,HRV,1982,40.86124,40.5626,42.318157,44.14781,42.84385,42.806297,43.57356,43.249382,43.20107,43.93278,42.063087,41.229225
Croatia,HRV,1983,39.254128,40.019382,41.341873,43.107944,44.383373,43.564796,42.09136,41.5146,42.386246,41.709858,41.605793,41.086536
Croatia,HRV,1984,37.489307,38.13365,38.848595,43.084663,42.911438,42.896416,42.556973,42.16045,42.417286,41.799976,40.917694,42.243057
Croatia,HRV,1985,35.281403,35.75903,38.014996,40.64796,41.041477,41.739895,39.359764,41.905113,42.626812,42.16796,41.106922,40.042664
Croatia,HRV,1986,35.97231,35.03733,38.120136,40.500515,38.375473,40.44069,38.583744,39.06638,40.073704,38.893654,38.496166,37.429226
Croatia,HRV,1987,37.902348,36.659214,36.03239,40.19011,38.277843,40.2229,38.234535,37.782192,37.737885,37.143852,35.64429,37.20393
Croatia,HRV,1988,34.79326,34.400993,36.205116,39.646893,38.210255,37.08377,37.660282,38.51065,35.906475,38.40551,38.348797,37.579426
Croatia,HRV,1989,33.291286,32.32126,34.004723,37.031704,36.896027,36.460453,36.628174,35.093655,35.627106,36.250175,36.409225,36.00986
Croatia,HRV,1990,33.494053,33.795696,35.5818,37.225708,36.78338,37.436737,34.781242,34.522903,34.66484,35.784565,34.546776,35.37152
Croatia,HRV,1991,29.205912,29.124054,29.573896,34.331154,32.4652,34.78575,35.184776,34.22251,34.19923,34.695633,34.455315,34.605515
Croatia,HRV,1992,32.705513,33.159363,32.780613,33.004158,28.545042,28.507494,27.11416,27.4486,26.75719,28.01184,30.184526,30.339903
Croatia,HRV,1993,28.665201,28.96109,30.48259,31.824606,31.09089,32.104725,29.248217,29.8818,31.312431,32.38259,32.085682,33.471523
Croatia,HRV,1994,31.008282,29.791431,30.309864,33.45425,32.262432,31.594053,31.545238,30.122116,31.917728,29.994448,29.790878,30.039509
Croatia,HRV,1995,30.415,31.816845,33.171127,35.890953,32.37508,32.600376,31.840126,30.51263,29.325819,31.301167,31.703215,33.133575
Croatia,HRV,1996,32.622906,35.03733,35.379032,36.8377,35.694447,35.792072,35.394302,33.08101,31.19603,33.396423,32.849754,33.418953
Croatia,HRV,1997,32.7731,32.523026,34.996025,37.722363,35.91223,37.601955,35.960796,36.482983,36.084957,33.321323,35.561146,35.897213
Croatia,HRV,1998,28.162039,28.472197,29.926859,32.37558,30.084568,31.639112,29.76815,30.752947,29.473263,29.93437,30.223232,29.461246
Croatia,HRV,1999,26.539906,26.927916,29.040695,33.14384,30.820536,30.152157,29.232697,26.87785,26.943436,27.981802,29.466612,28.762829
Croatia,HRV,2000,26.660063,27.53321,28.064411,30.233763,28.07943,29.018166,26.609747,27.035557,26.516624,26.952948,28.498688,28.7403
Croatia,HRV,2001,25.352205,24.854635,25.729301,28.250187,27.359148,26.974348,24.69248,25.206259,26.25313,25.163416,26.11915,27.45611
Croatia,HRV,2002,24.103554,24.001158,26.089085,28.329111,26.081594,25.617058,24.310856,24.200968,24.914759,25.482197,26.536777,26.583607
Croatia,HRV,2003,23.427837,24.47212,26.237663,28.482727,26.312868,26.395424,24.99924,24.455177,23.660112,23.511389,25.541183,25.459705
Croatia,HRV,2004,27.188543,26.24923,26.018833,28.668016,26.503231,26.985106,25.326172,22.931479,24.00009,23.72261,24.312168,24.836222
Croatia,HRV,2005,24.857262,25.864452,26.848768,28.540857,26.558725,27.457369,27.793688,26.800718,26.055845,28.149302,28.142458,27.058594
Croatia,HRV,2006,24.536522,25.501776,26.53438,27.94496,26.901987,27.029709,25.80592,25.991217,25.497866,25.595898,27.030462,27.609148
Croatia,HRV,2007,26.58576,26.543621,27.863363,29.386482,28.422773,28.167673,26.315765,25.847586,23.926294,24.417717,25.700113,26.19616
Croatia,HRV,2008,27.257755,27.631523,27.921444,30.273739,28.382977,28.987848,26.62043,26.441458,26.656786,25.242155,27.733545,29.60872
Croatia,HRV,2009,28.91897,27.880737,28.648792,31.88376,29.480051,31.311258,27.50571,25.91835,25.471046,26.674921,28.393513,28.194508
Croatia,HRV,2010,27.140953,28.069443,28.261543,30.236242,26.797369,28.08189,26.613583,26.02608,25.979574,27.475248,28.169542,28.990389
Croatia,HRV,2011,26.962603,26.436005,27.25748,28.04185,27.3863,27.318846,25.638733,24.534147,24.046535,25.439217,26.183685,26.914871
Croatia,HRV,2012,24.915903,26.732185,27.829079,29.741127,27.723404,28.282658,25.34582,25.707294,25.519436,25.625547,26.433632,26.901804
Croatia,HRV,2013,24.784891,25.454311,27.16806,29.021635,25.809313,27.484764,24.89915,23.770464,22.872488,25.157187,25.279423,26.822273
Croatia,HRV,2014,24.86973,24.39517,26.259233,29.257307,25.48282,27.307255,26.404379,23.616875,23.7258,24.417967,25.659857,25.67345
Croatia,HRV,2015,24.376389,23.249382,24.82681,26.406166,24.746696,25.036348,24.53121,22.919813,24.711054,23.469454,23.598013,25.00242
Croatia,HRV,2016,24.030714,25.045944,25.436752,29.433643,26.900587,25.41208,24.30017,21.569227,22.287941,24.26674,22.998314,23.19238
Croatia,HRV,2017,24.26264,25.160086,25.194023,26.719835,24.98023,25.885155,23.835058,23.277412,21.58331,22.69497,23.596037,23.667812
Croatia,HRV,2018,24.296179,25.31157,25.815441,27.500292,25.784632,27.157072,24.763824,21.997484,21.63543,23.458088,24.537222,24.57736
Croatia,HRV,2019,24.298819,25.575508,25.654413,27.098448,24.42145,26.054163,22.759014,22.317856,22.717596,22.59435,23.85773,24.682663
Croatia,HRV,2020,23.32579,23.795444,25.116526,27.656713,25.301283,26.023195,23.420986,22.440298,22.28139,22.428139,23.10557,25.373005
Czechia,CZE,1919,72.76387,81.4983,82.75064,83.00419,76.325386,46.8993,41.154724,42.069454,41.057087,42.49102,46.951084,44.853245
Czechia,CZE,1920,69.071526,69.300964,68.94433,74.00265,74.7118,80.083145,75.842766,80.80271,76.66894,78.36417,78.62508,77.3684
Czechia,CZE,1921,76.4017,77.130844,77.32842,77.3111,76.21272,82.19824,79.27889,83.230354,81.02512,81.15523,82.90977,79.003784
Czechia,CZE,1922,67.18175,66.83371,67.80319,72.52305,73.83596,79.10918,81.00635,81.54772,85.04709,80.89357,83.46905,82.60527
Czechia,CZE,1923,65.775314,66.9276,69.32956,72.09494,72.84383,77.1031,77.273544,82.27093,79.62063,79.30543,77.638885,73.55249
Czechia,CZE,1924,61.90126,64.464096,64.241684,66.06011,68.72628,71.8844,72.74461,77.019516,78.351326,74.66092,74.398384,71.27749
Czechia,CZE,1925,63.442158,64.68191,64.703224,69.20333,66.35315,71.21934,72.91736,76.18365,74.88891,73.27629,71.25347,67.5706
Czechia,CZE,1926,62.293755,61.48987,63.49667,66.37932,65.05938,67.74868,71.15235,71.332,74.01767,72.792946,71.72021,67.069084
Czechia,CZE,1927,58.292503,55.849354,55.77037,61.97055,62.675343,65.90614,69.98068,68.34832,68.31332,69.253235,69.467,67.65419
Czechia,CZE,1928,59.85884,59.98398,60.6729,62.45499,60.331287,64.339806,68.29078,67.98854,68.51986,68.74445,66.97447,63.860092
Czechia,CZE,1929,56.37728,53.765144,57.28583,61.57624,62.92247,64.12902,66.10893,67.97764,66.63468,67.05818,65.90614,62.613564
Czechia,CZE,1930,58.706802,59.90887,59.037514,62.098232,62.631733,64.288925,66.957634,67.47975,69.64646,68.1121,66.9563,62.090237
Czechia,CZE,1931,54.66921,52.34187,54.574722,59.68731,57.92545,60.68017,62.06819,66.78925,64.1862,66.18234,64.73126,63.195034
Czechia,CZE,1932,53.044724,52.232967,54.240376,57.38529,55.904835,57.867302,60.382046,61.45062,63.87075,64.94672,63.524742,58.732243
Czechia,CZE,1933,51.830902,50.29897,46.939274,49.044685,51.45658,56.17013,58.05749,58.459675,57.640648,59.092026,59.239082,54.78914
Czechia,CZE,1934,48.861763,47.92935,47.738796,49.61174,48.89084,52.735817,54.779083,55.098045,57.561787,59.066586,56.90943,54.69465
Czechia,CZE,1935,42.850803,44.857487,46.543148,48.729237,47.862362,48.730934,53.1718,53.56078,51.831146,54.632866,54.56771,52.172516
Czechia,CZE,1936,44.74422,45.65737,44.191822,47.39985,46.09614,48.541954,51.557007,53.62983,51.2378,53.001114,50.988396,46.73576
Czechia,CZE,1937,46.357803,43.91114,44.239067,47.613903,46.00165,47.935043,49.73191,51.94356,50.77214,51.26397,49.550316,48.5892
Czechia,CZE,1945,47.16823,45.14289,47.070107,49.919678,46.895664,48.040436,47.53504,53.200996,52.980278,53.062897,51.19998,48.185802
Czechia,CZE,1946,56.802483,57.400307,58.535995,63.378803,60.60385,62.751663,65.33157,66.25139,65.85357,64.95399,62.429775,52.47052
Czechia,CZE,1947,58.943024,61.17442,61.76316,66.07138,59.82977,62.348267,64.17118,66.981865,65.9099,67.625114,66.52175,64.75047
Czechia,CZE,1948,55.148922,53.273193,56.588066,60.577324,56.69346,58.924854,59.66853,64.87403,65.9099,67.22899,67.28137,64.87403
Czechia,CZE,1949,52.110737,55.616524,54.82548,58.185173,55.199802,58.383358,58.18142,58.277966,59.83752,60.196823,59.77824,56.755238
Czechia,CZE,1950,56.40483,55.30618,56.432014,57.864304,54.431255,56.71171,58.141304,61.08369,59.92656,61.42654,59.837494,57.340343
Czechia,CZE,1951,53.82294,51.620476,51.516186,55.83646,53.681114,55.635452,58.255527,61.279972,60.78519,61.622623,57.95625,56.56414
Czechia,CZE,1952,49.692677,50.64302,51.04507,53.837383,50.32026,53.5484,55.031864,56.972122,59.31532,58.591564,56.436237,55.803703
Czechia,CZE,1953,47.576393,47.53004,47.472378,52.644047,49.418232,52.957375,51.514202,56.449394,55.01132,54.306686,52.016773,53.251842
Czechia,CZE,1954,44.918674,44.626247,46.317276,51.244453,50.435974,51.624416,52.198177,55.539814,53.680977,50.89007,50.541252,48.757164
Czechia,CZE,1955,43.975544,44.46056,45.063805,48.053925,47.109207,49.854584,51.12878,52.53579,53.278633,52.821526,50.63817,48.60418
Czechia,CZE,1956,42.482002,43.444393,43.44785,47.046917,45.914673,49.62027,48.73852,51.753727,50.909264,51.387028,48.540054,46.411198
Czechia,CZE,1957,41.901188,41.170948,42.061157,44.8949,42.779457,45.139385,47.86333,48.74497,50.05381,47.91345,46.50031,43.930416
Czechia,CZE,1958,33.541058,33.745255,35.633762,38.12747,35.247234,38.119957,42.488304,48.724392,46.664482,48.726517,46.957985,44.910404
Czechia,CZE,1959,31.911306,32.30078,34.047337,36.14131,35.883728,38.84197,39.663387,40.83515,41.344322,41.132053,38.6935,35.51226
Czechia,CZE,1960,32.531837,32.534107,33.048332,35.78423,35.823666,38.259205,38.68324,40.498886,41.151653,40.733578,38.549206,35.57519
Czechia,CZE,1961,33.5485,33.839844,35.106983,37.023823,36.404095,37.144115,38.7188,40.95203,41.78337,40.97814,38.822426,35.99857
Czechia,CZE,1962,33.999477,32.406624,35.399372,39.145504,36.907833,37.822166,39.166267,41.481533,43.11864,41.2304,39.664925,37.56613
Czechia,CZE,1963,38.53457,40.0989,41.283016,43.7362,41.9745,43.580894,44.49453,46.01209,45.786827,44.355114,40.44054,38.21201
Czechia,CZE,1964,36.58626,37.609676,39.50378,43.072315,41.855087,44.013306,45.70078,48.631798,50.675407,48.965267,45.380726,42.18098
Czechia,CZE,1965,35.12217,35.609886,36.65329,40.186153,38.368935,41.65447,45.07221,46.96699,49.337,47.119843,43.819454,40.102837
Czechia,CZE,1966,35.60752,36.217266,36.133194,38.704994,36.984097,40.439472,42.625664,44.27073,45.914078,42.9564,39.262653,37.933537
Czechia,CZE,1967,35.571327,34.939476,35.612846,36.97684,36.94725,38.815258,40.508797,43.25115,43.811314,42.53082,40.140373,37.728325
Czechia,CZE,1968,34.541016,33.929565,35.83553,38.408592,37.866795,39.039577,39.81966,41.10848,42.496872,40.552277,39.38791,38.35385
Czechia,CZE,1969,35.79506,35.537857,36.527977,39.613102,38.85704,40.744102,41.295715,40.845222,45.715244,43.565742,42.233513,40.711033
Czechia,CZE,1970,38.34854,36.509098,36.217747,40.395966,40.32561,44.07126,45.021523,43.768646,46.788532,44.655247,41.449017,38.8691
Czechia,CZE,1971,37.2236,37.852665,39.021008,41.074535,41.779427,43.938423,45.536057,48.24962,49.750813,48.035652,43.58968,40.51926
Czechia,CZE,1972,43.51708,41.48627,42.759335,44.541683,45.51284,49.278168,49.90969,48.8541,49.152225,46.80627,43.45968,39.50525
Czechia,CZE,1973,47.620964,45.561977,46.159714,52.09721,51.261307,51.93081,52.400578,53.27499,55.225376,53.27349,48.504986,46.35444
Czechia,CZE,1974,46.343735,46.70558,47.34437,51.238792,51.580677,53.749226,55.416912,58.91684,61.218746,60.28867,55.678818,53.037285
Czechia,CZE,1975,47.55562,46.96439,46.219185,48.224,49.870804,53.546448,55.780388,57.517914,59.22423,58.10579,54.261253,52.042007
Czechia,CZE,1976,44.514015,45.403736,45.50929,48.65039,49.462917,49.966927,52.953835,55.18872,56.123283,56.588852,53.33914,51.68007
Czechia,CZE,1977,43.012466,42.87476,44.209198,47.232693,48.052532,49.25966,52.143528,54.74518,54.73584,54.012733,51.605076,47.62622
Czechia,CZE,1978,43.677433,42.396717,42.94483,46.952076,45.81007,48.378674,49.010704,53.3068,54.133827,53.28344,49.999226,47.32922
Czechia,CZE,1979,39.794964,40.004032,41.970783,44.457703,43.642555,46.674736,47.65413,51.005306,53.022892,51.335987,47.430676,45.828125
Czechia,CZE,1980,35.808758,35.232887,36.785408,39.564484,39.207264,40.92752,40.888615,43.417442,47.075447,45.2173,44.098675,43.01324
Czechia,CZE,1981,35.48978,33.921856,34.574135,38.42938,37.839165,38.990616,40.229065,40.892548,43.2645,41.587055,39.528847,37.206863
Czechia,CZE,1982,34.093296,33.94051,34.07303,38.0735,36.434284,37.821995,39.438473,40.06831,41.69834,40.453247,38.834785,37.969646
Czechia,CZE,1983,32.83087,32.666176,33.661102,36.7933,36.439724,37.313755,37.57686,39.02424,40.00792,39.685356,37.025517,35.798103
Czechia,CZE,1984,31.447742,32.745922,32.620464,35.527348,36.57756,37.76542,38.306667,38.78196,39.046368,40.168198,37.20031,35.812855
Czechia,CZE,1985,31.568819,31.98761,33.567604,35.900475,35.544624,38.11914,37.0997,38.690487,39.99064,39.120964,35.522953,36.47629
Czechia,CZE,1986,31.87352,31.22064,32.148205,35.665436,34.796276,37.08463,37.158752,38.439354,40.32837,37.621143,34.559307,34.652092
Czechia,CZE,1987,30.5575,31.32383,30.407436,33.013065,33.332264,37.277798,37.617786,38.164238,38.834694,38.242813,35.209145,33.91872
Czechia,CZE,1988,31.92473,32.058292,31.732534,35.314407,35.17489,35.19471,36.854206,37.998886,38.19903,38.232826,35.395016,34.139477
Czechia,CZE,1989,29.959766,29.527718,30.719099,33.17543,34.524452,35.46591,36.407852,36.919838,37.44119,37.19978,34.939575,33.322937
Czechia,CZE,1990,32.297222,32.677013,33.347622,34.720325,35.1902,35.104618,36.076324,36.420864,36.38807,36.644176,34.994923,32.89736
Czechia,CZE,1991,28.882471,29.290825,30.247868,34.104794,33.501415,35.009533,36.667404,37.259182,38.044147,37.24207,36.95265,35.84057
Czechia,CZE,1992,28.962162,28.339117,29.462898,32.677185,32.29753,34.05142,34.826416,34.39332,34.12236,34.344135,32.242153,31.33114
Czechia,CZE,1993,26.969313,28.118916,28.985926,32.84823,33.175636,34.70041,34.95181,34.18314,33.83555,33.740776,33.349113,30.91515
Czechia,CZE,1994,23.716476,24.205856,24.04005,26.119608,26.442064,29.294754,30.819304,31.918098,32.454613,31.716072,30.342098,28.629837
Czechia,CZE,1995,22.497301,22.73657,23.978266,24.968493,25.555492,26.78491,27.205656,26.818968,26.44926,27.73164,26.161217,25.5147
Czechia,CZE,1996,21.6622,22.115587,21.775404,22.893286,23.154541,25.742561,25.842749,26.12396,25.570328,24.986366,24.342926,23.833738
Czechia,CZE,1997,21.08762,20.73963,22.12434,24.44822,24.24336,26.301994,25.349606,26.941319,26.642754,24.644428,23.923635,23.487047
Czechia,CZE,1998,21.3968,22.058764,22.360271,24.399107,24.47061,26.69302,26.20277,25.606003,26.437038,24.679699,23.502317,22.192844
Czechia,CZE,1999,22.165655,20.851625,21.461113,24.88036,24.424168,25.201685,25.778328,25.195385,25.658094,24.77383,24.053677,22.603815
Czechia,CZE,2000,21.697039,22.632856,22.62868,23.680098,24.578087,24.918936,25.522024,26.44178,25.99176,25.282867,24.050106,23.803185
Czechia,CZE,2001,21.488676,22.642359,23.019459,24.097193,24.875248,25.503685,25.644445,25.880873,25.90056,24.84524,23.737139,23.888298
Czechia,CZE,2002,22.770445,22.678844,23.61875,25.121151,25.434586,25.591269,25.508915,26.525553,26.52637,25.739185,25.072323,23.429846
Czechia,CZE,2003,23.1505,22.164606,24.163982,26.067223,26.05908,27.85517,26.092216,26.064554,25.578573,25.186565,24.376354,23.738333
Czechia,CZE,2004,24.816294,24.59508,24.204105,26.846132,26.741312,27.61903,27.890558,26.595234,27.238562,25.479643,25.512047,24.612005
Czechia,CZE,2005,23.939013,25.55128,25.941904,28.529203,28.285007,29.319077,29.63988,28.324463,28.673359,27.24439,26.360956,25.142677
Czechia,CZE,2006,26.100979,26.948112,28.449894,29.414675,28.935572,29.54016,29.98825,29.10899,29.06326,27.536844,27.294905,25.330002
Czechia,CZE,2007,29.21994,29.716822,30.057707,31.37847,32.02267,32.391304,31.991022,30.968504,29.570553,29.55334,29.266134,28.414684
Czechia,CZE,2008,29.2219,29.084047,29.686523,33.0973,32.749382,34.38656,33.543633,32.491714,32.1044,29.872055,30.738579,30.852568
Czechia,CZE,2009,29.487373,28.707611,29.76995,32.89185,32.036427,34.405884,33.238476,30.962816,31.5958,29.83983,30.308624,30.166922
Czechia,CZE,2010,29.258995,29.281076,29.091717,31.170227,30.489674,32.57815,32.388557,31.416498,30.475746,31.173151,31.277224,29.619623
Czechia,CZE,2011,25.486069,25.533152,27.167776,29.674488,29.69249,30.566586,30.659317,28.432505,27.957842,28.92353,29.030409,27.396837
Czechia,CZE,2012,26.269302,27.704302,28.352728,28.778736,29.595291,29.774542,28.788527,28.499624,28.365658,27.99524,28.026535,26.676983
Czechia,CZE,2013,25.771736,26.352242,26.994146,29.308868,29.12815,30.853533,28.746029,28.4239,26.83784,27.209534,26.750961,27.431572
Czechia,CZE,2014,27.117342,26.458067,27.79917,30.86079,29.057821,31.648857,30.67443,27.966137,28.43132,28.028664,27.626617,27.75058
Czechia,CZE,2015,27.720285,26.460135,27.921553,30.199404,29.563477,31.020573,30.940792,28.42332,28.890345,28.057533,27.843632,28.939535
Czechia,CZE,2016,26.923141,27.43362,28.660778,31.077452,30.882908,32.10451,30.692434,28.693756,28.550838,29.096708,28.400167,28.227983
Czechia,CZE,2017,28.226173,28.309013,29.20904,31.041573,31.449917,31.537683,31.30073,30.37567,29.150812,28.95008,29.095005,28.173185
Czechia,CZE,2018,26.569643,27.38087,29.165379,31.055468,31.55675,32.001812,31.834518,29.622438,29.46092,29.010626,28.777761,28.97382
Czechia,CZE,2019,25.554474,27.386309,28.444643,30.436174,30.852337,32.100647,31.251518,29.165516,29.352318,27.932732,28.398304,28.74817
Czechia,CZE,2020,25.638475,26.221258,28.367323,30.377789,30.19266,31.296133,29.855244,28.659485,28.328823,26.989964,28.0508,28.51159
Czechia,CZE,2021,26.392214,27.599352,28.270372,30.239546,30.119501,30.968466,30.836073,28.316557,28.533386,29.395472,30.0107,28.475237
Denmark,DNK,1901,76.70246,77.41719,77.61294,83.9231,82.280136,80.535416,83.27492,85.09061,88.0684,89.14952,81.05617,75.76888
Denmark,DNK,1902,76.134834,78.94062,77.624306,84.13528,80.50708,78.03374,79.16112,80.952324,83.38773,84.208824,82.66943,78.5338
Denmark,DNK,1903,72.6552,70.836,75.112366,79.596794,77.61768,75.19447,79.35608,84.93989,85.107834,84.130516,82.09609,79.64213
Denmark,DNK,1904,74.91548,73.125435,74.602196,79.284195,80.66489,76.63145,79.33302,80.368996,82.77933,86.2079,83.75607,77.87292
Denmark,DNK,1905,70.79691,70.525055,73.84243,78.95364,77.449066,74.47336,77.69625,80.82525,85.75891,82.926674,81.78222,78.67825
Denmark,DNK,1906,73.955605,74.84264,75.193344,80.99689,78.798515,76.04425,77.60974,78.85589,81.979095,83.13369,80.93415,75.05855
Denmark,DNK,1907,70.40423,72.98511,74.33411,80.22979,76.36045,76.05536,77.35096,79.21863,80.69651,83.40129,80.3005,76.23034
Denmark,DNK,1908,71.2483,69.99905,74.53501,78.16259,77.76368,76.07266,81.70686,82.23366,85.907394,82.03829,81.07833,76.405396
Denmark,DNK,1909,72.3587,72.65457,74.90382,78.57842,77.35269,74.71703,76.14369,78.90648,81.464264,85.71327,80.569305,74.94001
Denmark,DNK,1910,72.274765,70.242,70.817154,75.51247,74.823166,73.86512,74.40954,77.6305,80.52195,81.06876,77.071434,76.12029
Denmark,DNK,1911,69.36443,69.25166,70.23638,74.02549,71.913734,72.28349,71.85031,74.97197,76.096725,77.4019,77.59526,72.6678
Denmark,DNK,1912,69.60352,68.77106,70.37894,73.26907,70.69758,72.37597,71.57595,72.89532,77.62704,77.274,75.05831,74.125145
Denmark,DNK,1913,68.19348,64.04038,64.344955,68.732376,70.530785,67.43159,69.81281,73.05848,76.87052,74.286896,73.931755,69.93758
Denmark,DNK,1914,65.93323,65.062935,66.716774,69.02198,67.82934,68.82031,68.41764,72.54386,75.0848,75.85344,74.103836,71.59493
Denmark,DNK,1915,62.95318,59.74369,62.472122,64.97548,64.775,62.20794,66.346954,64.094284,69.5116,74.913246,73.40553,70.517296
Denmark,DNK,1916,61.943165,62.074203,61.358658,66.47932,64.247246,64.70824,66.66138,69.8891,74.408936,72.60075,70.27035,64.45739
Denmark,DNK,1917,58.818798,59.08405,62.02323,65.52728,63.27862,63.360397,64.10997,68.22953,72.223145,70.74385,66.14025,64.24702
Denmark,DNK,1918,62.529476,61.47807,64.34211,67.536705,64.49129,64.60898,64.31199,66.864426,71.86194,71.647354,69.55075,63.756363
Denmark,DNK,1919,69.177414,69.2593,61.962982,60.06644,56.478863,56.43647,58.04364,60.21579,62.50112,63.63707,63.920994,61.02909
Denmark,DNK,1920,58.836227,56.33829,59.505646,64.33791,63.405212,63.79522,66.77408,72.73223,75.9292,79.31117,79.92574,74.31822
Denmark,DNK,1921,63.08607,61.821365,60.016922,64.1582,62.93839,64.02565,64.522766,69.84803,71.47859,72.25335,70.28644,65.28087
Denmark,DNK,1922,55.828396,52.719425,51.99187,58.768215,60.490654,60.00832,61.700108,63.97181,66.90506,65.99078,69.205345,64.767105
Denmark,DNK,1923,54.829506,55.632256,55.567997,60.678967,58.854332,60.909958,61.71747,64.2029,66.455215,68.046326,65.57674,61.479824
Denmark,DNK,1924,54.658955,54.76377,56.51718,59.373417,58.36265,57.688442,61.47327,63.41205,64.76271,65.7164,61.131283,57.092335
Denmark,DNK,1925,54.020893,52.702385,52.651638,55.598442,55.685272,57.380173,58.035202,63.39333,62.533497,62.816437,60.97015,55.484425
Denmark,DNK,1926,52.46425,51.351406,51.089188,55.05424,56.15181,54.264977,57.154522,58.303715,60.152103,60.50806,60.22862,57.372215
Denmark,DNK,1927,50.080353,47.03021,44.729794,52.678932,52.757286,53.766773,56.00856,56.92162,57.811428,58.80003,57.37953,55.723022
Denmark,DNK,1928,49.7567,50.483135,50.363003,51.670403,52.64753,51.71743,53.489513,55.90831,58.986584,58.99043,54.644497,53.64419
Denmark,DNK,1929,46.517036,44.13098,44.96019,50.841545,49.426422,50.128017,52.704597,53.28492,55.533005,54.832172,56.170437,51.944202
Denmark,DNK,1930,47.332527,49.210102,47.98588,48.60779,51.443584,49.697117,52.738377,54.739635,56.58689,55.686882,54.207237,47.60956
Denmark,DNK,1931,44.15311,43.615246,44.998997,48.42772,49.619373,49.180817,48.199574,52.589012,53.076363,55.908596,52.53266,49.701553
Denmark,DNK,1932,44.02494,42.77667,45.13195,49.531906,47.78022,48.986355,50.14614,51.64572,52.95103,55.371613,53.001957,47.200203
Denmark,DNK,1933,43.943317,42.979527,44.623882,48.285984,46.92029,46.87288,46.14725,49.088314,51.03542,52.44003,49.886383,46.03454
Denmark,DNK,1934,46.145626,46.195797,44.957848,47.098766,47.344925,47.054153,49.986732,50.38359,51.235744,53.952274,51.69128,48.411285
Denmark,DNK,1935,42.789146,43.505966,44.79448,46.785343,47.833977,47.4979,48.96804,50.00492,53.168285,54.163094,53.035843,48.20549
Denmark,DNK,1936,44.140007,45.156334,44.771976,49.277985,48.296856,47.56345,49.787296,53.24876,52.662495,54.102676,50.83814,45.31784
Denmark,DNK,1937,48.04657,45.981606,43.727,46.019665,47.58745,50.376858,50.25604,53.882206,55.4718,53.499573,50.41485,46.167942
Denmark,DNK,1938,46.464615,45.783016,44.81146,49.091877,48.58779,48.17496,49.539,53.15935,53.853,55.00736,52.976475,48.677254
Denmark,DNK,1939,45.701313,45.05977,45.994392,48.600983,46.71134,48.785084,49.632957,52.169884,54.157784,53.314266,49.012257,47.225845
Denmark,DNK,1940,43.389698,46.644024,46.890804,49.81424,49.550373,49.10441,48.316006,51.75335,54.714306,55.21613,54.883167,49.294083
Denmark,DNK,1941,45.870907,47.5026,48.642597,51.68622,50.888577,51.450745,50.98636,54.02313,54.732033,54.561058,51.939083,44.583244
Denmark,DNK,1942,52.167217,52.10245,53.014652,58.318295,57.909706,55.601257,57.483017,59.861095,59.568962,59.202747,56.13282,48.904015
Denmark,DNK,1943,57.37275,55.00629,55.28744,59.376526,58.496964,59.273487,56.900467,62.26315,64.15696,61.78008,58.28131,53.999813
Denmark,DNK,1944,59.010117,59.006927,57.235546,62.64097,61.844276,61.16692,61.269352,63.534824,67.444405,67.17651,63.22453,60.287693
Denmark,DNK,1945,60.208744,59.764652,60.367302,64.07173,63.279907,63.880478,62.709312,68.26267,70.51375,69.87149,66.65822,62.91702
Denmark,DNK,1946,55.4587,56.32742,59.28734,62.330616,60.19906,63.37493,65.08867,71.637924,71.15558,73.85867,71.13725,62.06913
Denmark,DNK,1947,52.691124,52.165062,53.600082,57.562943,58.03348,59.462585,62.264248,67.57385,68.188225,69.311745,66.3118,61.020153
Denmark,DNK,1948,49.818478,50.142807,50.39396,54.15887,52.18682,55.28748,55.888786,59.26801,61.040264,62.443165,58.789158,55.84781
Denmark,DNK,1949,47.12482,47.108795,47.732117,50.24333,49.94104,50.018944,53.18601,54.39775,57.527264,57.352722,55.2013,51.821888
Denmark,DNK,1950,46.35842,46.462753,46.871452,49.307774,47.763462,49.298645,51.73326,54.74368,56.8559,58.28588,54.516083,51.215008
Denmark,DNK,1951,45.67229,47.786777,43.800995,45.32616,45.32164,46.398373,49.555313,52.078053,53.27861,54.47757,53.377712,48.9631
Denmark,DNK,1952,46.67023,47.35935,47.050533,48.396954,45.110092,46.584087,47.436836,50.119415,54.506832,52.790493,49.983597,46.752075
Denmark,DNK,1953,46.331627,42.75526,44.118393,47.969986,46.989094,47.615547,49.95795,51.96969,55.34122,55.166992,52.073517,49.206306
Denmark,DNK,1954,43.34246,44.0018,44.612324,47.965565,44.47356,45.945057,48.719032,50.513905,50.837494,52.305588,50.954597,46.722794
Denmark,DNK,1955,44.74235,43.1203,45.510883,46.33425,45.54756,46.59789,48.26092,49.34961,53.016743,52.08569,49.848064,45.209908
Denmark,DNK,1956,43.500885,44.24928,43.851593,45.759464,46.809074,46.852604,45.644405,49.455574,51.63621,52.229847,48.506264,44.985237
Denmark,DNK,1957,42.941753,41.960037,43.873737,46.13358,44.23988,43.9418,47.91318,48.38551,49.691715,49.159092,47.88843,45.382046
Denmark,DNK,1958,44.632893,42.627407,42.666424,44.239334,39.860245,42.890163,47.218052,47.95225,50.784363,50.305645,46.44902,44.42222
Denmark,DNK,1959,41.244076,41.263584,42.703503,45.18611,42.394768,43.93851,44.76394,45.83179,48.042202,49.677624,46.308193,43.361652
Denmark,DNK,1960,41.726013,42.710247,43.646248,46.658268,44.401745,45.80492,46.3655,47.995094,48.67259,49.032223,47.103622,40.886635
Denmark,DNK,1961,43.652233,43.514526,43.590263,46.30692,44.569675,44.76656,45.232937,46.912064,48.26842,48.719532,46.197433,43.51655
Denmark,DNK,1962,41.8057,42.154167,42.019123,46.26991,45.312668,45.286522,47.199608,48.75751,49.941227,49.753338,48.598003,43.832962
Denmark,DNK,1963,43.944817,46.12104,47.06131,49.45109,47.2959,47.49262,49.400295,50.70006,52.489143,53.053017,47.080833,44.537212
Denmark,DNK,1964,46.74669,44.908554,46.37264,49.536457,46.34575,48.036648,48.364258,48.51127,52.814213,52.076252,49.667786,45.767532
Denmark,DNK,1965,46.921875,47.188736,46.967003,50.486694,49.166405,49.90892,50.665707,50.046165,53.6696,51.923363,49.34711,46.749634
Denmark,DNK,1966,45.690376,47.634796,50.25073,51.636433,49.73739,50.545963,50.223644,52.3753,55.858643,54.061497,50.08676,47.567898
Denmark,DNK,1967,40.657394,40.765965,43.03087,44.994915,44.343372,45.96482,46.61543,49.093422,51.610306,51.032597,49.370808,46.568714
Denmark,DNK,1968,37.142433,38.060932,38.682602,41.15898,40.304817,40.288082,43.183388,45.132095,48.26764,46.776165,43.33201,40.380127
Denmark,DNK,1969,34.85388,36.36045,38.24078,40.393337,38.629158,39.413826,40.877975,42.450996,44.195583,43.74994,40.366905,39.905445
Denmark,DNK,1970,36.57635,37.6008,35.617886,39.4795,39.5356,39.74799,41.143814,41.4912,44.53266,42.130184,38.56914,36.150948
Denmark,DNK,1971,38.085964,40.009064,39.0204,43.190144,41.970478,41.390224,42.882034,45.048607,45.742744,43.71946,40.412365,37.904896
Denmark,DNK,1972,36.249336,36.597897,37.191154,40.926193,41.32581,41.393024,44.305588,45.047073,46.60019,44.62231,42.585514,39.470318
Denmark,DNK,1973,35.061413,36.101486,35.434536,39.14638,38.12624,39.55109,41.141174,41.800434,42.376694,43.307476,40.755875,38.24004
Denmark,DNK,1974,33.81878,35.907253,36.7975,41.33728,38.009575,38.884712,38.006134,40.89894,42.163204,42.55724,38.539238,37.997833
Denmark,DNK,1975,34.229626,34.37596,35.891396,39.517345,38.644203,40.70341,40.28839,40.58958,43.920242,41.317722,41.464592,37.662403
Denmark,DNK,1976,29.173244,30.185717,32.828445,35.1131,34.211067,35.694603,37.859455,37.149574,38.482574,39.598938,37.582657,34.236603
Denmark,DNK,1977,29.146278,31.186283,31.98762,32.473873,33.29841,33.168255,34.866642,35.45129,35.48279,36.48026,34.36264,32.087345
Denmark,DNK,1978,27.824972,29.242086,31.17268,33.648914,33.25989,34.56967,35.358143,37.709576,36.825737,35.86768,32.889904,31.289955
Denmark,DNK,1979,26.568974,28.377243,30.22016,31.532433,31.74965,31.723589,34.36347,34.33911,35.985214,35.01335,32.435295,29.957771
Denmark,DNK,1980,25.982252,26.82966,28.086786,30.481308,30.25455,31.961906,32.006786,32.681797,34.780872,32.95466,30.899837,29.839298
Denmark,DNK,1981,25.178465,25.195389,26.176199,30.047453,28.628672,30.169542,30.749733,29.881418,31.005178,28.932257,28.488592,26.441
Denmark,DNK,1982,24.66927,25.262465,26.722183,28.230522,27.766205,29.031908,29.959251,30.731052,30.217129,29.820887,28.374924,27.52457
Denmark,DNK,1983,23.496943,24.878254,26.420874,28.303503,28.34104,28.219206,29.4641,27.515213,29.824862,28.98685,26.973465,24.355112
Denmark,DNK,1984,23.83112,26.261967,26.8028,28.302237,28.688824,28.68203,29.27895,29.173285,29.799623,29.361612,27.04203,25.076107
Denmark,DNK,1985,25.461468,26.305883,27.887465,30.18159,29.986284,30.442997,30.01321,30.498604,32.137283,29.418383,27.612373,25.623934
Denmark,DNK,1986,26.874739,26.83103,28.544613,31.836515,29.736706,31.454344,30.547646,31.040873,32.757305,29.946428,30.018803,25.724129
Denmark,DNK,1987,27.308617,27.81149,27.916466,30.292221,30.99695,32.087673,33.2377,31.463087,32.50122,31.09006,28.277561,27.487871
Denmark,DNK,1988,29.284822,29.072111,29.656355,33.51734,33.253933,32.449284,32.42001,32.50645,32.888466,32.708263,30.056805,28.300283
Denmark,DNK,1989,30.36696,30.648478,30.447922,34.251293,34.079517,34.47859,34.013905,35.063217,34.429394,33.277813,32.377457,29.59898
Denmark,DNK,1990,30.091352,30.912058,33.73945,35.70644,34.83056,36.88232,34.720432,34.805313,35.19994,34.45986,33.37506,30.967192
Denmark,DNK,1991,31.539814,32.011494,32.081097,34.8265,35.16318,36.411255,35.49985,36.116642,36.508064,34.105198,34.09192,32.254673
Denmark,DNK,1992,32.655624,32.878628,34.98719,37.381695,37.022217,38.399307,38.35647,35.73215,37.024555,36.540363,35.77987,32.76911
Denmark,DNK,1993,32.305244,31.84403,33.632626,37.4209,36.62709,37.985596,37.539764,35.392693,37.179783,36.966774,35.5968,34.488976
Denmark,DNK,1994,35.022,36.475414,36.330963,36.61286,36.830105,38.64439,38.625416,37.48386,38.373478,36.681717,35.64333,33.277706
Denmark,DNK,1995,31.88833,34.34242,35.265408,37.905563,38.810234,38.78272,37.689053,36.092686,37.201912,38.060753,37.194084,35.301994
Denmark,DNK,1996,33.492798,34.91329,34.16724,36.192936,36.294746,36.24729,35.562748,33.937992,35.665977,36.149185,34.92192,33.93457
Denmark,DNK,1997,31.0133,30.412922,33.868137,36.337933,36.81805,37.73285,37.065857,36.29666,36.19881,35.09702,36.189335,33.96315
Denmark,DNK,1998,31.249529,31.999388,33.169754,36.48997,36.429783,37.018253,33.61175,33.693256,35.80784,34.559452,33.425285,32.727787
Denmark,DNK,1999,30.425583,31.404053,32.08261,36.021496,35.73504,36.04125,35.736057,35.26535,35.641636,35.089355,33.443012,32.27238
Denmark,DNK,2000,31.083778,32.83408,34.518635,35.492767,35.52373,36.02371,35.70576,34.55223,36.03958,33.738266,33.585865,32.917274
Denmark,DNK,2001,29.187847,31.65461,32.84982,33.749752,35.186207,35.28094,34.588737,35.09714,33.38283,33.768036,33.238964,33.63136
Denmark,DNK,2002,28.894257,30.651112,32.685417,34.63191,34.12251,34.30452,33.1306,33.083942,33.388134,32.2406,32.75022,32.063454
Denmark,DNK,2003,29.015467,31.10745,33.579094,35.280796,35.101433,36.647026,33.132977,32.47827,32.998943,32.073204,31.491413,31.02664
Denmark,DNK,2004,30.479729,31.582516,31.649864,33.346806,35.088623,35.23336,34.194702,31.653635,32.592278,32.156944,32.644672,31.405653
Denmark,DNK,2005,29.172028,30.907644,32.4518,34.242622,34.6458,34.23768,33.271286,32.521587,33.0538,32.05502,31.955017,31.492615
Denmark,DNK,2006,29.003395,31.301785,32.938866,35.076366,35.188725,34.439903,34.083897,34.24691,31.827915,33.097355,31.753666,29.973167
Denmark,DNK,2007,29.232628,31.901854,33.464043,34.58243,34.556034,33.330776,32.86318,31.817005,31.2541,31.1112,31.589104,30.143583
Denmark,DNK,2008,28.958817,31.5084,31.974075,34.239643,34.543945,35.854454,33.281315,31.801907,31.797945,30.777098,32.85454,30.751556
Denmark,DNK,2009,29.95096,29.489626,29.639423,32.308784,32.66131,33.233494,32.385128,31.257952,30.969982,31.350143,30.614346,30.10212
Denmark,DNK,2010,28.553349,29.840538,31.090393,33.454082,32.387497,32.31286,33.56523,31.057743,29.693214,31.326523,32.219505,30.494154
Denmark,DNK,2011,26.164692,27.5111,27.435799,29.955536,31.579844,31.415546,31.305214,28.809477,27.646507,28.85569,28.675833,28.878752
Denmark,DNK,2012,25.837477,27.41004,28.713148,29.572803,29.71828,30.65691,29.429153,28.015854,27.01394,27.8033,27.834211,27.625149
Denmark,DNK,2013,25.04859,25.537321,26.472883,27.721241,28.565441,29.63872,28.191126,27.935635,27.302475,27.10458,27.349665,26.3414
Denmark,DNK,2014,24.993002,26.98804,28.047783,29.25035,28.977402,30.265978,28.654314,26.793552,27.291853,26.063383,26.890575,27.143269
Denmark,DNK,2015,26.209799,28.236908,29.440672,30.853174,30.627378,29.63278,29.280296,26.62205,26.282707,26.63081,26.66083,26.240627
Denmark,DNK,2016,26.270807,28.405182,30.046324,32.101177,32.45768,32.47728,30.121386,29.077137,28.292276,28.118784,28.608936,26.779419
Denmark,DNK,2017,27.108088,28.757729,30.178703,31.187704,31.09064,30.22112,30.039913,29.599783,27.781004,27.301094,29.445585,27.551197
Denmark,DNK,2018,26.433079,27.318205,28.993742,30.1434,30.372559,31.391207,30.653503,29.4803,28.86122,28.241322,28.77736,28.239277
Denmark,DNK,2019,25.55078,27.943703,29.249683,31.303415,31.698597,31.478708,30.075808,28.735142,28.099476,26.627565,27.704174,27.384794
Denmark,DNK,2020,25.563848,26.947853,28.743797,29.686394,31.412558,31.11606,30.68607,27.960167,27.5779,27.315048,28.300213,27.350704
Denmark,DNK,2021,26.94646,29.175777,30.76151,30.795542,32.08443,32.43564,29.87142,29.351582,28.43504,29.169807,29.156477,28.12601
Denmark,DNK,2022,24.37972,25.635466,26.633472,28.4913,29.014875,29.060987,28.738003,27.150032,25.38391,26.34571,28.002144,26.801891
Denmark,DNK,2023,23.884172,24.818895,26.94267,27.577477,27.79384,28.423347,27.935867,26.524403,25.393663,26.187115,26.549364,25.740538
Denmark,DNK,2024,23.888838,25.942995,26.313698,26.751411,27.01652,27.692215,26.37936,26.447128,26.396967,25.448555,26.371431,24.578093
East Germany,OWID_GDR,1946,35.773907,33.69402,36.993576,36.461494,30.055584,28.164555,25.86468,24.46936,24.48468,26.204763,23.70319,21.744108
East Germany,OWID_GDR,1947,33.598774,33.155483,35.703335,40.79783,37.342827,38.17524,39.44775,38.638496,37.47125,39.666348,41.478077,40.87335
East Germany,OWID_GDR,1948,38.332676,37.89946,39.090897,43.393272,37.73732,37.3374,35.965965,34.19232,33.134914,35.193027,37.39768,37.883896
East Germany,OWID_GDR,1949,41.05793,41.18677,42.52732,47.157413,44.313393,44.22291,42.540592,40.55667,38.316452,40.176655,42.788353,40.623627
East Germany,OWID_GDR,1950,43.56965,43.95799,44.973896,48.081154,44.152336,45.283337,47.168633,47.670193,48.78798,50.42259,49.526062,47.138172
East Germany,OWID_GDR,1951,46.160988,46.06164,46.160988,49.73042,47.22322,47.547142,49.259197,50.149338,48.10733,48.770428,47.77101,46.284042
East Germany,OWID_GDR,1952,43.044865,44.025303,44.40749,50.235294,44.41473,45.27791,45.47636,47.789627,48.99554,50.668694,49.71591,48.98758
East Germany,OWID_GDR,1953,42.65942,41.478477,42.91638,48.470093,44.031094,45.598206,45.50628,48.703472,48.501884,49.901424,47.530594,46.184513
East Germany,OWID_GDR,1954,42.822285,42.230186,41.57909,46.51977,44.18129,45.62173,45.913918,48.85729,47.116276,45.270668,46.77328,45.010086
East Germany,OWID_GDR,1955,42.44589,41.82067,41.77091,45.807335,42.09121,43.947853,45.390343,46.30214,47.320095,49.092537,48.17171,47.036835
East Germany,OWID_GDR,1956,41.477512,41.139053,40.223934,44.60546,41.14726,42.667423,41.936653,44.267673,44.947517,47.077896,46.99422,44.070908
East Germany,OWID_GDR,1957,40.982327,40.80301,42.13052,45.09582,40.42225,40.44784,42.503746,43.323063,44.720516,45.010582,45.281994,42.79102
East Germany,OWID_GDR,1958,43.291744,43.15651,41.846725,46.781464,39.087845,37.652767,39.48822,42.67516,43.3305,46.055374,45.863846,45.125473
East Germany,OWID_GDR,1959,43.791985,43.998234,44.286797,47.984344,44.06492,45.564884,45.79031,47.907196,49.43434,48.857372,48.320343,45.364906
East Germany,OWID_GDR,1960,44.414417,44.64017,44.334484,48.633205,45.8656,46.105835,45.38846,46.637993,47.507,48.525795,49.335995,46.190815
East Germany,OWID_GDR,1961,48.131477,46.656788,46.353996,49.440212,45.891983,45.858177,46.457027,48.89909,50.22825,50.516323,51.028046,48.153343
East Germany,OWID_GDR,1962,45.55388,46.569176,44.943542,49.113846,46.303417,46.968822,47.282215,48.372448,49.627853,50.23465,49.7341,48.559624
East Germany,OWID_GDR,1963,46.88819,46.954983,45.828213,50.113396,45.472477,46.7334,46.694183,48.79589,49.538975,52.018017,50.38256,48.807316
East Germany,OWID_GDR,1964,44.05934,43.06024,42.546352,48.08585,44.57943,45.870922,45.64469,47.644478,49.819733,48.659435,50.259342,49.751762
East Germany,OWID_GDR,1965,42.452126,42.285637,40.73749,46.88627,43.408978,44.19952,44.43303,47.076546,48.383953,47.71163,49.537342,46.360455
East Germany,OWID_GDR,1966,38.325375,39.091305,39.074657,42.7206,40.61692,42.51305,43.24484,45.09787,46.0275,47.070988,46.651695,46.56106
East Germany,OWID_GDR,1967,37.128323,37.302013,37.061275,41.17476,38.00472,39.885742,40.61768,42.152454,43.58875,43.456257,44.664276,42.127773
East Germany,OWID_GDR,1968,37.7151,36.48218,35.54661,39.95231,37.751114,38.57011,38.495464,40.11176,41.161545,42.803135,42.226738,39.79461
East Germany,OWID_GDR,1969,35.64873,36.151287,35.84061,40.37504,36.04755,37.917183,36.654873,38.45623,40.84792,41.28586,41.449768,39.57922
East Germany,OWID_GDR,1970,37.797943,34.96318,34.983727,39.674267,36.92503,38.114845,38.532955,38.568535,40.562103,40.424404,38.9905,36.97572
East Germany,OWID_GDR,1971,35.082073,35.678307,34.52885,39.36319,35.611595,37.231663,36.479115,39.009613,40.57682,41.13115,40.225334,37.999184
East Germany,OWID_GDR,1972,22.894535,24.61657,23.656498,26.49791,27.354263,32.483505,36.101307,37.158,38.077717,38.64353,39.214798,39.43925
East Germany,OWID_GDR,1973,24.05178,26.019552,26.24904,29.237427,27.970552,29.501163,29.229433,30.454113,31.042284,32.15737,30.67999,32.620277
East Germany,OWID_GDR,1974,24.16062,26.224804,26.594433,29.49519,28.270155,29.018616,28.51762,31.061039,30.543734,31.827112,29.649937,32.637947
East Germany,OWID_GDR,1975,26.577589,26.74108,26.225866,29.578321,29.09867,30.290524,29.660389,31.384634,31.901999,31.439445,30.349695,31.345211
East Germany,OWID_GDR,1976,28.11917,29.57542,29.307861,33.14451,31.352222,32.210335,32.285145,33.17456,33.236156,34.260586,31.710804,33.23204
East Germany,OWID_GDR,1977,33.22646,34.159363,33.916214,37.68612,36.033794,37.22907,38.410564,39.99257,39.74306,39.555912,35.24191,32.47247
East Germany,OWID_GDR,1978,35.252213,35.21833,35.38277,38.079075,36.529903,38.457863,38.558777,41.364292,40.05021,41.09979,38.39845,37.17604
East Germany,OWID_GDR,1979,35.609688,36.20735,36.47858,39.617523,38.258472,38.855476,37.602753,39.943356,39.863506,41.972755,39.27569,38.17654
East Germany,OWID_GDR,1980,37.19734,36.8956,37.422134,40.97711,38.816643,41.1692,39.78921,41.748486,42.872887,42.666893,40.57065,40.045494
East Germany,OWID_GDR,1981,36.066296,35.64442,36.03474,40.36627,38.496033,39.141533,38.55593,39.332657,40.828117,42.006653,41.640396,39.126743
East Germany,OWID_GDR,1982,36.895374,36.91922,37.16272,40.903484,39.164337,40.753162,39.93777,39.84814,40.736774,41.438194,40.528023,38.439922
East Germany,OWID_GDR,1983,34.5846,35.861103,35.814823,39.29182,38.472378,38.7659,39.32557,39.893738,38.898346,41.43876,39.93391,38.016155
East Germany,OWID_GDR,1984,34.006798,35.297115,35.184772,38.337242,36.969124,38.40029,37.8081,39.030125,37.764587,39.98406,38.689358,36.960342
East Germany,OWID_GDR,1985,34.250908,35.35101,34.78281,38.974243,37.015705,38.26937,36.82065,38.32757,39.232944,40.099663,38.356533,38.09926
East Germany,OWID_GDR,1986,33.728443,33.342403,34.515587,38.80911,36.076214,36.9583,36.56173,37.778416,37.96806,38.31357,37.608887,37.588657
East Germany,OWID_GDR,1987,34.046284,34.90504,34.557533,37.770874,36.22927,38.36819,38.948944,38.26842,38.589363,39.802414,38.805748,36.066257
East Germany,OWID_GDR,1988,31.900507,33.094307,32.89241,37.42361,35.6323,35.67149,35.64687,36.4545,35.227753,37.951866,36.517975,36.10799
East Germany,OWID_GDR,1989,29.8682,30.06902,31.01782,33.764774,33.35083,33.64991,33.125484,33.65637,33.439457,34.95707,35.458923,32.93174
East Germany,OWID_GDR,1990,23.841778,25.566647,27.84781,30.825277,30.213736,31.080585,31.069017,32.2542,31.78702,32.90868,32.613773,31.673006
East Germany,OWID_GDR,1991,15.34461,16.113806,16.33853,18.172625,17.683323,18.50955,18.182846,18.250217,18.867334,20.335278,21.87666,23.50634
East Germany,OWID_GDR,1992,14.304233,14.00307,14.084709,16.098011,15.593799,16.490866,15.790125,15.061909,15.30629,15.892461,15.650308,16.223215
East Germany,OWID_GDR,1993,12.603226,13.14934,13.423393,15.238282,14.544225,15.412203,14.429466,13.472721,13.861067,14.551293,14.40344,14.795963
East Germany,OWID_GDR,1994,13.798408,13.409547,13.53846,14.562978,14.376685,14.528752,14.488318,13.334683,13.762523,13.693231,14.058963,13.444758
East Germany,OWID_GDR,1995,14.750087,15.220881,15.2856865,16.126793,16.105122,16.027954,15.391194,13.561607,13.436158,14.679528,14.186286,13.94003
East Germany,OWID_GDR,1996,17.100866,17.33899,16.976038,18.41598,17.88961,17.772373,16.62466,15.854234,15.687616,15.331846,15.408471,14.845792
East Germany,OWID_GDR,1997,17.237095,16.804209,17.595098,19.413858,18.661848,19.610294,18.527353,17.405922,17.9114,17.11388,18.039913,17.295965
East Germany,OWID_GDR,1998,17.53972,17.998587,18.250559,20.725777,20.049,20.469418,18.278828,17.561396,17.94918,18.043087,18.215685,17.309599
East Germany,OWID_GDR,1999,18.775362,18.39966,18.582087,21.256577,20.311174,20.993042,19.918741,19.301107,18.468075,18.366581,18.891312,18.842848
East Germany,OWID_GDR,2000,18.714813,19.50689,20.015408,22.332552,21.628815,21.243666,20.493666,20.296684,19.331377,19.682121,20.0648,19.621372
East Germany,OWID_GDR,2001,18.396954,19.045452,19.496433,20.969799,20.913496,21.56738,19.925606,20.08622,19.438278,19.384827,19.297754,19.940693
East Germany,OWID_GDR,2002,18.496521,18.94358,19.834932,21.490269,21.014395,21.506762,19.712866,19.124872,19.196697,19.270601,19.565569,19.378937
East Germany,OWID_GDR,2003,18.491179,18.641836,20.14297,23.03214,21.365417,22.376314,20.397175,19.487354,19.522673,19.116394,18.752562,18.779253
East Germany,OWID_GDR,2004,19.721146,19.440529,20.142725,22.697784,22.289257,23.231165,21.504118,19.275923,20.207891,19.515013,19.715473,20.281878
East Germany,OWID_GDR,2005,19.107422,19.684998,19.745817,21.967035,21.80046,21.91127,21.34803,19.84572,20.21983,19.703852,20.59345,19.764677
East Germany,OWID_GDR,2006,18.714489,20.010609,20.73753,22.905638,22.330614,22.703247,20.974245,21.068304,19.54849,20.125515,19.780596,19.151476
East Germany,OWID_GDR,2007,20.090815,20.701832,22.19879,24.486086,23.387836,23.786404,22.689585,21.099295,19.77255,20.46103,20.344212,20.76271
East Germany,OWID_GDR,2008,20.404615,21.009968,22.155582,25.009638,23.584684,24.79772,22.994316,21.6003,21.181065,19.699484,21.575027,22.132658
East Germany,OWID_GDR,2009,21.023445,20.056948,21.278093,24.538597,23.80845,24.97517,23.178959,21.519875,21.732676,20.78467,21.13967,21.040686
East Germany,OWID_GDR,2010,21.119015,22.445507,23.017477,24.95797,24.330317,24.699408,24.268856,22.035744,21.33967,21.821802,21.558643,21.675055
East Germany,OWID_GDR,2011,20.1079,21.483915,22.196186,24.963299,24.996653,24.258284,23.927988,21.709124,20.255714,21.196764,21.701674,21.11602
East Germany,OWID_GDR,2012,20.698236,22.049759,22.586596,24.323156,24.660242,24.994518,23.191898,22.489574,21.949148,21.096214,22.254482,21.376612
East Germany,OWID_GDR,2013,21.090332,20.873571,22.474993,25.62502,24.81298,25.387154,23.36217,21.79099,22.077354,21.163212,21.36975,21.598398
East Germany,OWID_GDR,2014,21.96345,21.877914,23.83822,26.397888,25.03261,26.188377,24.9497,22.616503,22.617496,21.401775,22.624567,22.365444
East Germany,OWID_GDR,2015,19.02982,20.106821,21.469748,23.959429,23.957397,23.828176,23.38102,21.871452,21.521803,21.745417,21.781507,22.784927
East Germany,OWID_GDR,2016,23.742023,25.182236,25.389626,28.180054,28.015886,27.525602,26.074703,24.540573,23.588055,24.550201,24.682673,23.270903
East Germany,OWID_GDR,2017,22.417948,23.147942,24.36871,26.785969,26.829252,27.204187,25.781054,25.376066,23.767307,23.560865,24.590368,23.811255
East Germany,OWID_GDR,2018,21.14098,22.4172,24.313154,26.438591,25.90208,27.222729,25.827677,24.322453,23.649899,23.251112,23.876945,23.768179
East Germany,OWID_GDR,2019,21.24857,21.850286,23.4122,25.946453,25.781137,25.845387,24.651432,23.448402,23.096464,22.003302,22.583862,22.67345
East Germany,OWID_GDR,2020,21.1905,21.507408,22.654896,25.157467,23.878965,24.741858,24.087294,22.299711,22.277102,21.704016,21.876621,22.618221
England and Wales,,1938,39.375,38.696842,39.201973,40.894985,39.50573,41.684605,43.02807,44.55553,44.244926,43.03445,41.17375,40.64834
England and Wales,,1939,37.612705,37.044743,38.05246,40.766,40.039555,41.755333,42.477646,43.994934,43.696808,42.510174,40.679672,40.169403
England and Wales,,1940,35.758137,33.166847,35.65595,40.375885,38.097847,38.31453,38.252163,41.19829,41.994507,41.636982,41.43624,39.131336
England and Wales,,1941,38.096703,36.80107,37.93727,40.31408,38.121933,37.271996,36.423107,38.217976,38.12126,38.102554,38.171432,37.699528
England and Wales,,1942,41.733017,40.46665,41.933784,43.68438,43.13436,42.84839,44.64725,44.011852,43.79027,43.780327,40.516987,40.180035
England and Wales,,1943,42.343254,41.123405,41.56156,44.32493,42.981617,45.082336,46.24662,46.97865,46.657932,46.711266,45.146698,44.200027
England and Wales,,1944,47.898182,46.34787,46.482483,46.89058,44.93625,49.32951,51.76988,52.75873,51.40589,51.04978,47.628845,44.438248
England and Wales,,1945,42.758198,41.88798,41.49888,43.31017,42.784054,43.911488,45.06763,46.56988,43.999332,43.05557,46.151367,45.037746
England and Wales,,1946,59.288017,56.616016,54.7971,57.329395,53.760456,53.0432,53.28186,53.69092,50.681343,49.77981,47.09967,44.14568
England and Wales,,1947,49.03016,48.343304,49.435966,53.995876,52.76434,56.39309,58.47315,60.6167,61.253536,62.72949,61.686935,62.728603
England and Wales,,1948,45.584736,44.555714,45.54467,48.002514,46.785587,50.14348,50.132313,51.3084,52.398243,52.232925,51.951168,51.353184
England and Wales,,1949,41.280483,41.92884,43.45111,46.012398,44.750496,46.009514,48.16292,48.820293,49.718643,49.315193,48.28864,45.864643
England and Wales,,1950,40.419685,39.94591,41.042255,43.72997,41.918163,42.30041,44.95848,45.959957,46.632706,47.581566,45.75832,44.827824
England and Wales,,1951,39.620323,37.28377,37.682663,41.095516,40.871014,42.988327,44.78798,45.99925,45.652946,45.657864,44.19151,42.56422
England and Wales,,1952,39.1193,38.485218,39.67228,41.978233,40.692005,41.88246,42.210136,44.044243,44.556213,44.506954,43.346527,41.470905
England and Wales,,1953,39.139866,38.05515,39.403793,42.562866,41.385498,43.4138,44.988888,45.65253,44.6252,44.997036,43.338066,41.106518
England and Wales,,1954,38.350376,38.04692,39.14611,40.785122,39.576344,41.61242,42.57864,44.793938,43.608707,44.299885,43.898643,41.55486
England and Wales,,1955,40.051647,38.47903,38.95956,40.369785,39.358147,41.122295,42.086193,42.511127,42.73896,43.09232,41.17255,41.48956
England and Wales,,1956,40.76281,39.177647,40.1155,42.631058,41.255318,42.768566,43.303753,44.47294,45.5102,46.06217,43.31504,42.215214
England and Wales,,1957,41.867462,40.81279,43.230606,44.210907,42.306328,42.845787,45.089046,46.26239,45.91471,46.326828,45.333416,42.94575
England and Wales,,1958,43.745853,42.804367,43.5415,45.07237,42.46745,41.941376,43.80683,46.613194,46.946682,48.718956,46.15231,44.88207
England and Wales,,1959,41.692852,40.444977,42.903763,44.396763,43.130722,45.00862,45.567318,47.231358,47.454967,48.384068,47.356956,45.659927
England and Wales,,1960,44.707207,44.570957,45.45602,47.348625,45.246197,46.898293,47.40213,48.734596,47.73384,49.262375,48.43032,44.52952
England and Wales,,1961,46.79916,44.735924,46.422638,48.30741,47.38522,47.995636,48.65975,49.47899,49.85541,50.99954,48.418472,47.38954
England and Wales,,1962,46.497787,46.096336,46.296192,48.588768,48.539463,48.837807,50.268932,52.12927,51.068092,53.60555,50.972866,48.55352
England and Wales,,1963,46.134026,45.9619,47.62463,49.24133,48.07692,49.84231,50.895756,52.32467,51.966396,54.27974,51.308468,49.977074
England and Wales,,1964,47.471535,46.693737,48.24432,50.90639,48.63977,51.73917,51.777424,52.40232,53.29329,53.91335,52.191883,49.651722
England and Wales,,1965,45.91421,46.50822,47.558105,50.078274,48.461185,50.1346,50.504692,50.683746,51.6221,53.41802,51.61371,48.752247
England and Wales,,1966,46.101955,44.308895,46.462685,49.413624,48.35011,49.17288,49.298523,49.391544,49.49386,52.156925,50.03108,48.348766
England and Wales,,1967,44.402973,43.19817,44.56147,46.950314,45.48787,46.624783,47.571426,49.331318,49.207672,52.0088,50.359337,47.564358
England and Wales,,1968,43.374958,43.04729,44.023903,45.19571,45.940117,46.154568,46.86173,48.153812,47.70052,49.87309,47.5964,45.95909
England and Wales,,1969,40.486202,40.333412,42.4034,44.021637,43.23811,44.294193,45.7641,46.97159,47.303604,49.824795,47.42899,46.457947
England and Wales,,1970,43.508068,42.818516,41.941772,43.06878,42.701942,44.313423,44.93716,45.155224,45.2555,46.573433,44.624466,42.58219
England and Wales,,1971,39.236973,40.100075,41.36351,43.116394,41.25616,44.145294,44.721672,45.780754,45.798855,47.979668,46.237354,44.743546
England and Wales,,1972,37.027485,37.708347,37.834152,40.25188,39.610245,40.593174,41.41477,41.673027,40.786594,43.492004,41.66226,40.443493
England and Wales,,1973,34.990467,35.155525,36.00521,35.975395,36.053947,37.33834,38.559406,39.109642,38.23837,41.427094,39.294376,37.647003
England and Wales,,1974,31.67631,32.682552,34.57888,36.084892,35.69785,36.41354,35.61325,36.919506,36.314648,37.61984,35.692257,36.017918
England and Wales,,1975,30.427685,30.175735,31.630924,33.381428,32.742867,34.500416,34.103214,35.041084,35.011646,35.68675,34.430943,34.012726
England and Wales,,1976,29.061665,29.425985,30.590672,33.011986,31.513472,32.58862,33.994537,33.215065,33.232586,35.42559,33.690113,31.705866
England and Wales,,1977,29.176636,29.997204,31.442131,33.299633,31.562243,31.851637,32.220646,33.099163,31.241793,32.457848,31.58166,30.629807
England and Wales,,1978,32.762684,32.600124,33.620304,35.50933,33.45611,33.00417,33.280678,33.348038,32.880917,33.616966,32.000546,30.375542
England and Wales,,1979,32.882328,34.16182,34.942356,35.578754,34.961246,36.233643,36.71914,37.03815,35.967686,36.649544,35.044777,33.515083
England and Wales,,1980,33.563854,33.914165,36.00463,37.356556,35.651794,37.69383,36.807575,37.64382,37.349926,36.720337,35.841103,35.418888
England and Wales,,1981,32.541748,33.51013,34.61803,35.990223,35.268707,36.731667,35.858788,35.54398,35.48091,35.788162,34.88433,34.287235
England and Wales,,1982,33.15709,33.229717,34.449375,36.451176,34.72877,35.457115,34.244106,34.98847,35.114872,35.299026,34.314125,33.501755
England and Wales,,1983,32.91956,33.39854,33.482025,36.44941,34.95807,36.017487,36.267166,35.61393,35.341877,34.83818,34.31577,33.32505
England and Wales,,1984,32.807392,35.18368,35.862564,37.13337,36.227146,36.26906,35.833214,35.223988,33.582893,34.60734,33.971382,33.346947
England and Wales,,1985,32.80731,34.684315,36.11949,38.08797,36.95305,37.66169,36.428596,37.261658,35.646587,36.30867,35.61159,35.456577
England and Wales,,1986,34.98007,34.03605,36.0521,37.775414,37.057957,36.60069,37.147842,37.57968,36.831123,36.643898,35.50847,34.668575
England and Wales,,1987,35.926666,35.62476,37.1963,39.025085,37.422344,38.493446,39.198322,38.503784,37.45259,37.099064,36.079304,35.16643
England and Wales,,1988,35.614803,35.55809,35.579327,39.319923,38.24813,38.656693,38.57654,38.780018,38.474953,39.09112,37.94698,36.87432
England and Wales,,1989,36.07771,36.367123,36.324177,37.570187,37.676807,38.482628,39.11304,38.883045,37.659084,37.753624,37.091476,35.761395
England and Wales,,1990,36.352966,37.904495,38.194588,39.736446,39.03439,39.87291,40.065365,39.17774,37.7366,37.630196,37.430977,36.119164
England and Wales,,1991,35.717274,36.302174,37.270172,39.028763,38.392963,39.40059,38.803047,38.224583,37.27877,37.267,38.168533,37.4447
England and Wales,,1992,33.90113,34.912148,35.775185,38.16122,37.300648,38.714546,38.3805,37.69457,37.791943,37.314884,37.74269,37.01364
England and Wales,,1993,35.263767,34.398663,35.91858,38.58032,36.56691,37.35764,37.744003,36.455887,35.830307,35.621872,35.52357,35.120472
England and Wales,,1994,33.500275,34.04047,34.997242,36.570488,35.03047,36.18164,37.26002,36.689735,36.190563,36.56906,35.689804,34.996906
England and Wales,,1995,32.18215,33.37417,34.54584,35.950516,34.97236,35.585735,36.29627,35.73218,33.956806,34.875885,34.667324,33.689198
England and Wales,,1996,33.97316,34.82465,35.25797,36.54982,35.10909,36.153286,34.863075,33.808323,32.771053,33.527874,33.845963,33.640606
England and Wales,,1997,33.184036,32.773643,33.114666,34.69064,34.312763,35.285824,34.830376,34.712124,34.93421,33.87606,34.357723,34.16407
England and Wales,,1998,32.13908,32.28879,33.42019,35.654083,33.949394,35.159317,34.249924,33.094006,33.820446,33.49138,33.74898,33.383667
England and Wales,,1999,32.00523,31.986353,31.685883,33.819252,32.890064,33.896145,34.07295,33.25957,32.63386,33.172455,32.82013,31.865257
England and Wales,,2000,30.564617,31.797192,31.457825,32.25076,32.1376,32.57508,31.95052,32.06858,31.407072,31.697742,31.179012,31.369165
England and Wales,,2001,29.28528,30.797754,31.629753,32.26044,31.402336,31.641739,31.532537,31.754618,30.485218,30.73976,30.87097,31.254953
England and Wales,,2002,30.464296,30.777912,32.0218,32.907005,31.360472,31.90177,30.792625,31.154196,30.436516,30.100582,30.736834,30.242973
England and Wales,,2003,31.234716,31.874552,33.030735,34.12431,32.541416,33.846317,32.4997,32.338207,32.072674,31.102783,31.178806,30.96666
England and Wales,,2004,32.33145,33.10471,33.551266,34.80726,32.923553,33.761265,33.459373,32.04188,32.2851,32.119423,32.113792,32.299473
England and Wales,,2005,32.29888,32.476242,33.454323,35.07737,34.469296,34.066494,33.69853,32.349426,32.48402,32.426697,32.18122,31.775219
England and Wales,,2006,32.779064,34.24148,34.904743,36.460255,34.88928,34.38448,34.920517,33.97185,32.816147,33.49761,33.346825,32.099903
England and Wales,,2007,34.263786,34.873386,35.576435,36.920147,36.13238,35.726093,34.661793,34.959396,33.31844,33.49678,33.895798,33.557976
England and Wales,,2008,34.382534,34.708195,35.10749,36.59288,35.540154,36.389786,35.60616,35.60825,35.392185,34.734367,34.868427,35.279037
England and Wales,,2009,35.056583,35.62546,35.872784,36.249203,34.73194,36.00518,35.407803,34.54409,34.744442,34.29741,34.41066,33.638985
England and Wales,,2010,35.41425,36.268745,37.318916,37.659653,35.087753,36.02101,35.625984,34.492367,34.318428,34.84381,35.118904,35.01761
England and Wales,,2011,34.979282,35.883904,35.374683,36.209976,35.494907,36.205967,36.15017,35.089752,34.423054,34.466095,35.110027,34.75357
England and Wales,,2012,33.87104,35.03254,36.08282,37.050495,35.33345,35.31223,35.18131,35.82128,34.293865,34.897224,34.721836,35.454525
England and Wales,,2013,32.485302,33.15391,34.19336,35.22094,34.077328,34.76896,33.351177,33.22175,32.39982,33.04738,33.595394,33.581696
England and Wales,,2014,31.89991,32.401962,34.28185,35.473995,33.15552,33.992428,33.216892,33.127277,32.167416,32.364025,33.24283,32.828712
England and Wales,,2015,32.195107,33.181652,33.686962,34.605095,33.001904,34.230774,33.755802,33.151672,32.225876,31.676908,32.403187,32.345016
England and Wales,,2016,31.137041,31.923016,32.499916,34.33945,32.679718,33.905876,33.570396,32.85331,32.443157,31.925219,32.57507,31.74373
England and Wales,,2017,30.002668,31.803946,32.158382,33.33081,32.290325,32.316814,32.065105,32.031532,31.060856,31.180748,31.26465,30.995844
England and Wales,,2018,29.262299,30.47351,30.936974,31.689638,30.994307,31.065105,31.06556,30.968872,29.775059,29.50393,29.595995,30.78906
England and Wales,,2019,28.066427,29.164356,30.058811,31.0047,30.120005,30.717743,30.119555,30.011526,28.79242,28.816164,29.090967,29.268766
England and Wales,,2020,25.62536,27.800074,29.070345,29.740889,28.019592,29.031265,28.873257,28.27339,27.675995,27.735811,28.05134,28.685125
England and Wales,,2021,27.653618,29.222225,30.024086,30.814524,29.29294,29.902344,29.140928,27.743944,28.097664,28.398827,27.72908,25.863802
England and Wales,,2022,26.227102,27.767208,28.22299,28.820564,27.88345,27.863169,27.59267,27.481966,26.830393,27.519567,27.588127,26.748037
Estonia,EST,1959,38.55057,38.586742,39.30788,43.782604,44.634235,45.831417,49.951168,50.422676,49.224667,49.15899,50.388954,43.899574
Estonia,EST,1960,39.994934,40.198593,37.99136,44.268375,42.778614,45.70929,46.35024,50.89882,53.52819,49.142624,47.12265,46.020126
Estonia,EST,1961,41.609608,40.67215,41.04351,41.88897,42.722237,45.617516,47.809208,50.299004,49.508064,50.692394,45.731625,42.138573
Estonia,EST,1962,38.14205,37.775574,38.60236,40.114296,41.904568,44.14197,47.796185,49.277187,51.7728,47.998066,45.371773,43.41252
Estonia,EST,1963,38.37476,36.24534,36.53575,40.055275,41.09687,43.562706,41.67451,47.253983,49.563473,44.855362,40.641876,42.267815
Estonia,EST,1964,38.220295,38.182114,36.735535,40.550285,40.795204,42.603848,43.258312,45.65001,47.585495,45.615017,42.9495,42.14996
Estonia,EST,1965,34.648594,35.193035,35.657116,36.672825,38.789608,40.447475,43.821823,45.973312,44.935856,44.026825,40.013493,41.295074
Estonia,EST,1966,35.73895,36.275414,34.96322,38.275097,36.65301,39.94577,40.648945,44.222313,43.560764,42.81212,39.83137,36.504845
Estonia,EST,1967,36.743816,35.460697,36.078327,34.364513,37.803707,40.57527,39.76608,41.62777,44.396378,42.684063,38.193386,37.600327
Estonia,EST,1968,39.012573,38.806644,37.227608,37.655975,37.34436,41.80324,42.96139,42.946087,43.69204,44.38436,40.842278,39.77429
Estonia,EST,1969,41.79251,39.997074,36.450695,41.004826,40.744526,41.21088,43.611538,47.34542,47.256866,45.148743,40.2689,41.91036
Estonia,EST,1970,39.687294,38.96712,38.518406,40.541096,40.091312,44.19539,46.339954,47.72555,48.61791,47.4654,44.668037,43.8497
Estonia,EST,1971,40.875027,40.65196,41.057423,41.0075,41.803093,45.450073,46.42037,47.732212,49.58165,46.961536,45.48821,42.34524
Estonia,EST,1972,38.701633,38.34492,39.68712,40.00919,40.954304,42.658688,45.387714,45.3068,48.68185,47.17007,45.19787,42.430355
Estonia,EST,1973,38.300716,37.587368,36.69977,39.09155,41.772293,44.475304,44.72776,45.946743,43.2169,42.82345,42.63201,41.820385
Estonia,EST,1974,38.942272,38.62247,37.99676,38.16089,39.650753,43.70059,44.00951,46.144535,45.115616,44.059208,43.20584,40.407383
Estonia,EST,1975,38.653263,36.65301,37.438396,39.62366,41.200607,41.771595,43.262897,43.687065,45.1733,43.722454,40.73927,41.392647
Estonia,EST,1976,38.260563,38.449955,37.346123,39.08011,40.516907,42.02676,43.920902,44.624836,44.188007,44.931347,42.49382,42.4183
Estonia,EST,1977,39.783604,39.691555,37.815384,39.931496,39.071587,43.579727,44.510956,42.681416,44.250725,45.89379,41.58404,40.765224
Estonia,EST,1978,39.079456,39.81537,38.688072,39.478416,38.848137,43.273346,42.801052,42.819668,42.512634,41.389393,42.66065,41.22069
Estonia,EST,1979,38.10539,39.145096,37.966164,40.384117,39.56104,43.18204,42.644455,42.36578,43.276085,41.702003,40.415054,41.191154
Estonia,EST,1980,42.250355,39.759396,38.538372,39.435677,37.98487,44.03058,40.6424,42.891186,45.08739,41.968475,40.46096,39.948948
Estonia,EST,1981,40.04005,40.81416,39.90834,40.76705,43.09648,44.42165,43.41228,44.446312,45.300213,42.839264,40.199726,42.27427
Estonia,EST,1982,42.01426,42.05964,38.07633,42.150543,40.080307,42.23806,43.737007,44.962624,43.696053,45.12046,42.773666,41.8373
Estonia,EST,1983,38.876038,42.956463,41.167755,43.693016,42.2659,43.383686,46.850136,46.352547,47.970554,46.987698,44.89228,42.485664
Estonia,EST,1984,40.060196,41.089306,40.656704,43.177147,43.5937,43.6178,48.6164,45.348824,45.96145,46.252045,48.12361,38.169846
Estonia,EST,1985,38.677193,38.613014,40.44729,41.161892,42.559067,43.72227,44.896523,45.015186,45.992245,44.298138,41.84143,42.07396
Estonia,EST,1986,39.65617,40.396732,40.89921,42.439915,43.131744,43.557,45.47058,46.11225,45.54772,44.67373,43.053356,41.271408
Estonia,EST,1987,41.94503,41.309216,42.33259,40.67483,42.637844,46.167343,46.616756,46.603436,49.094784,46.43464,45.44715,43.942715
Estonia,EST,1988,39.962288,38.782734,39.846615,41.648643,44.795177,44.07833,46.367207,47.75735,50.664757,45.452873,43.915707,43.848553
Estonia,EST,1989,40.69726,39.22025,39.754093,42.3656,42.902687,42.23588,44.251465,43.391857,43.808357,46.23801,44.409412,40.864933
Estonia,EST,1990,34.423008,32.6415,34.32008,38.286648,36.517464,40.132103,40.663227,41.651665,43.124794,42.678284,43.248802,39.57675
Estonia,EST,1991,29.60537,31.023935,29.532455,31.86468,33.067425,34.24485,34.409874,35.587387,39.134876,36.927067,35.560673,36.72348
Estonia,EST,1992,27.864979,28.6429,29.765928,31.690334,31.566244,32.64897,34.13863,34.570908,33.968655,35.541943,32.59624,30.468718
Estonia,EST,1993,24.594257,22.334995,24.853073,26.548277,25.281923,27.596603,28.997793,30.19326,31.498354,30.855474,31.890163,28.584635
Estonia,EST,1994,24.377504,24.289482,23.690868,24.80701,25.219337,27.237139,27.17904,28.530567,28.26907,30.012035,27.893599,24.160803
Estonia,EST,1995,22.086958,24.272226,22.236843,25.826475,25.587223,26.823673,27.113186,26.341581,26.89137,27.78473,26.033377,24.634132
Estonia,EST,1996,22.479109,24.232567,22.752148,23.022696,24.53209,26.3077,25.626888,28.188097,28.451492,26.342932,27.08057,23.565659
Estonia,EST,1997,20.917425,21.860426,22.438566,24.910166,23.184061,25.84822,26.319063,26.58837,24.649385,25.44763,24.55018,24.128672
Estonia,EST,1998,22.496298,21.194963,22.239027,24.124853,24.956087,25.191916,24.64612,23.37953,25.369793,23.760767,24.069855,22.023016
Estonia,EST,1999,22.188185,21.75631,22.428865,25.99797,24.899418,24.202944,25.026493,27.221775,25.890621,25.346943,24.395552,21.730265
Estonia,EST,2000,23.662308,23.075521,23.707478,24.509085,25.393051,25.88814,28.049244,27.407415,26.591,27.102905,25.165277,26.03925
Estonia,EST,2001,22.746536,23.3714,23.745703,24.691965,25.486801,24.357138,25.995258,27.301908,24.623917,26.854403,24.40349,25.458124
Estonia,EST,2002,24.315672,24.265923,24.197483,26.491453,25.55379,26.523285,26.427355,26.706928,26.907597,27.123627,25.675198,25.650665
Estonia,EST,2003,24.071217,23.812141,24.917484,28.728802,26.350637,29.537306,28.63381,25.814404,25.155123,26.30334,24.558119,24.656374
Estonia,EST,2004,26.247023,26.839827,26.151762,30.194607,27.975397,30.495995,30.519867,27.085314,28.952631,29.54202,27.171099,25.54816
Estonia,EST,2005,27.287125,28.182575,27.140564,30.937798,29.710405,29.600304,30.596298,29.35664,28.280703,30.77709,29.113373,27.28003
Estonia,EST,2006,28.502193,28.272448,28.594666,30.921072,31.562845,33.22445,32.261936,30.966906,29.981686,31.869577,30.187485,26.775326
Estonia,EST,2007,31.736332,30.84333,31.285082,33.413597,34.468983,34.02621,34.007088,33.093304,33.11853,30.526924,30.489233,29.74115
Estonia,EST,2008,30.595306,30.562103,30.247278,33.59478,33.374477,35.61289,35.273315,34.612255,32.346085,32.213776,32.393864,32.20319
Estonia,EST,2009,30.357885,29.840828,30.639456,33.330284,33.024162,35.00161,33.116295,33.106762,32.657482,34.93343,31.824524,30.40713
Estonia,EST,2010,29.422249,31.272863,30.887278,32.234936,33.41717,35.008293,34.564865,34.095818,32.82241,34.079765,32.256844,30.628323
Estonia,EST,2011,26.915955,28.986961,27.800812,33.0412,32.96307,33.610004,33.364933,29.850744,29.98404,29.6884,29.474688,27.900719
Estonia,EST,2012,27.750782,27.07688,28.294596,29.959776,31.936184,32.243084,31.316877,28.590826,27.318745,26.989338,29.023714,27.872885
Estonia,EST,2013,26.226185,25.067278,26.971127,30.317215,30.114624,29.739178,29.280739,28.42625,28.936087,27.628212,28.063206,26.757744
Estonia,EST,2014,25.199432,24.512674,26.811773,31.556837,30.018494,32.73769,31.490826,28.654621,29.072708,25.211842,26.985556,26.650213
Estonia,EST,2015,26.650082,26.859135,27.885788,33.230915,28.067387,33.544495,30.991398,28.45049,28.617565,27.67476,27.92614,27.954771
Estonia,EST,2016,24.370117,27.943449,26.404175,28.753187,31.723186,31.109781,31.33562,31.550013,30.194685,31.352861,27.933178,27.454296
Estonia,EST,2017,27.24631,27.200138,27.38069,31.637924,31.676739,30.900215,30.469482,28.807228,28.381557,26.344788,28.631126,25.424778
Estonia,EST,2018,25.306465,25.98312,28.883167,30.385721,31.367376,33.47702,33.142403,31.449926,30.717823,29.981936,28.713747,27.876066
Estonia,EST,2019,26.245708,27.7549,27.740976,30.606337,32.664654,31.82219,32.112442,28.846851,29.614962,28.667015,28.1893,25.126987
Finland,FIN,1859,78.59293,78.405846,80.62198,87.9931,79.034744,82.58558,83.630646,80.000175,79.55564,89.86725,90.51009,89.53998
Finland,FIN,1860,86.00551,78.5073,82.683754,101.04665,87.70729,89.621796,89.83616,86.201866,76.29225,82.53649,76.334236,84.467354
Finland,FIN,1861,94.4817,89.09217,79.13292,93.082634,87.88728,91.585396,94.824234,96.019844,96.6842,98.03253,90.89053,97.85254
Finland,FIN,1862,84.467354,82.80212,79.37837,95.3315,84.72917,91.143585,92.30483,89.621796,90.072876,93.10718,93.51743,98.719795
Finland,FIN,1863,87.985466,82.90357,77.103874,89.819244,74.45302,80.8838,84.594444,89.71998,91.44249,98.22889,96.63347,100.9452
Finland,FIN,1864,94.563515,91.425575,90.27633,103.36315,89.065445,95.03805,98.27362,100.74884,93.7928,100.437935,100.07061,99.53796
Finland,FIN,1865,78.887474,76.934784,80.19653,89.36271,82.045586,88.86909,91.96666,88.770905,86.200775,89.24544,91.379684,101.91064
Finland,FIN,1866,72.47306,70.3911,74.14211,89.075264,78.102036,87.26548,87.26603,81.44015,82.43013,86.430954,85.564285,87.3473
Finland,FIN,1867,71.04945,78.30439,76.26934,93.556076,87.29821,90.2436,87.73947,83.48556,78.676384,79.34564,77.42997,83.125565
Finland,FIN,1868,40.990067,43.47238,48.79536,60.009132,57.697,66.09137,69.34276,68.774956,68.63259,65.518654,64.03749,74.56756
Finland,FIN,1869,86.316414,85.03407,92.223564,104.59749,98.78525,105.65783,100.23503,83.61646,65.183205,56.977013,48.117455,44.884533
Finland,FIN,1870,77.23478,75.59899,76.51479,95.29768,86.398224,96.11803,96.14312,92.485374,92.65992,89.24544,91.94129,93.9908
Finland,FIN,1871,97.14892,90.83377,86.25095,95.19623,94.154434,97.96708,96.80256,89.89997,87.50275,89.83452,91.88695,92.61628
Finland,FIN,1872,91.56903,87.73947,81.44015,90.6985,80.62198,89.16363,91.62849,91.110855,92.69373,100.1434,99.633316,104.56149
Finland,FIN,1873,93.041725,91.8483,86.97094,102.63608,93.9908,96.3962,98.730156,92.09266,90.14051,98.130714,99.27848,98.32707
Finland,FIN,1874,92.338104,91.88211,91.06177,109.73775,96.65801,102.61426,104.59749,100.38885,93.13336,101.41974,96.977684,101.58337
Finland,FIN,1875,85.95642,84.290085,81.521965,97.15764,89.3109,98.3598,101.993546,102.33608,105.13857,107.55598,98.753105,107.310524
Finland,FIN,1876,99.06342,89.768524,86.28368,97.783264,92.0272,101.82882,109.67011,105.01966,102.39935,102.48335,96.2574,94.36716
Finland,FIN,1877,101.845184,94.40152,95.7744,106.50818,103.97241,116.09762,111.78371,109.5523,97.73254,102.18881,100.31113,107.26144
Finland,FIN,1878,92.908356,83.489555,80.615234,95.73145,88.32916,97.752815,96.364624,101.28488,103.195305,107.49275,107.054344,112.432236
Finland,FIN,1879,97.18155,93.78425,92.27265,108.84859,101.12055,111.35676,108.10424,108.67167,100.5628,110.32247,106.03245,105.999664
Finland,FIN,1880,94.47224,87.50166,89.20483,102.66683,95.42201,106.753006,108.70893,99.69845,100.34494,103.251854,103.09418,107.995964
Finland,FIN,1881,88.7429,85.4157,83.276474,99.90968,90.43961,100.033585,98.98185,98.19761,100.68917,103.18408,98.99811,102.75609
Finland,FIN,1882,97.776146,93.25067,95.086006,113.97229,104.45481,106.8112,103.87144,98.43864,95.11369,91.13783,92.906654,99.36887
Finland,FIN,1883,96.48571,89.36625,90.457886,106.52073,99.7991,104.654495,104.80397,93.991905,89.26885,99.5052,101.24569,104.02447
Finland,FIN,1884,96.48963,91.52804,87.310005,99.559875,95.37259,105.08641,102.035675,100.48899,97.32334,103.212875,102.93524,104.17756
Finland,FIN,1885,91.88296,86.86195,88.47196,96.17166,87.4844,96.9861,98.68285,96.558586,95.844666,97.44326,91.20969,98.58324
Finland,FIN,1886,92.22961,88.9773,87.54849,103.5387,95.20951,100.97553,102.267334,96.85492,96.059135,98.40018,97.15963,103.67764
Finland,FIN,1887,95.609856,92.7462,90.05536,105.24818,97.05107,107.23612,106.90671,97.491104,95.639275,103.65457,97.083336,102.0858
Finland,FIN,1888,94.82871,85.91245,84.08951,94.39188,91.81749,97.51634,98.195045,92.89834,94.9115,103.80813,102.102585,105.668915
Finland,FIN,1889,90.00693,80.3506,81.31341,97.22273,91.32403,92.08435,95.92707,96.02464,89.943214,91.06901,95.67586,98.776215
Finland,FIN,1890,98.95092,84.88495,69.14045,77.85808,88.88761,100.50763,98.29963,91.95358,86.678215,94.754135,91.50061,100.06849
Finland,FIN,1891,88.44995,83.54065,79.08476,96.130066,89.553406,99.39856,99.621506,97.31361,93.12915,100.94334,98.25527,103.59789
Finland,FIN,1892,83.375694,73.34043,71.56821,90.20674,83.866264,92.94951,91.27317,88.89193,86.60387,88.788315,89.45996,97.83428
Finland,FIN,1893,77.18786,72.90809,69.847145,82.87818,80.89359,89.061386,85.46897,86.47427,83.44783,85.9716,83.18489,91.5557
Finland,FIN,1894,85.360634,76.01416,75.06519,84.28356,81.00038,90.23088,95.67286,88.126465,87.6742,87.99654,85.21557,86.64757
Finland,FIN,1895,86.040825,77.47139,77.61019,93.2083,93.88874,103.25198,100.63043,91.76365,88.17885,89.54649,89.643906,92.85587
Finland,FIN,1896,87.446655,79.77325,76.98529,93.406334,88.730675,97.44418,97.27959,86.89792,83.06527,90.9562,89.940704,93.55961
Finland,FIN,1897,90.78959,81.22208,77.67441,91.9609,87.74832,93.90477,93.02618,85.81931,85.00593,89.39737,91.14285,95.377174
Finland,FIN,1898,89.06138,84.33091,84.95037,96.00779,94.134605,101.93036,101.68234,91.85221,92.43349,95.17881,98.14495,103.438255
Finland,FIN,1899,91.10325,82.490814,81.30384,93.61239,93.55261,100.81099,100.35989,92.146645,90.692825,92.25469,90.896805,98.97633
Finland,FIN,1900,84.654175,79.37426,79.93159,91.78839,88.86105,94.26153,93.35563,91.63677,88.236855,89.91011,94.35172,97.69357
Finland,FIN,1901,91.88955,82.00437,74.98422,86.57674,91.266174,100.24708,100.096306,96.02718,93.3098,89.46589,90.532196,96.85828
Finland,FIN,1902,84.13822,80.480225,80.05665,91.96656,89.24678,93.31392,93.96213,84.890625,83.77222,92.90398,93.44203,98.559456
Finland,FIN,1903,87.11579,79.85837,79.89591,89.41117,85.8613,92.76837,88.70142,87.21496,87.938385,83.81067,83.80541,88.48185
Finland,FIN,1904,86.099846,83.02932,80.036194,91.759735,91.59356,99.597404,97.08209,93.4829,90.81798,90.18654,88.76073,90.664635
Finland,FIN,1905,88.65926,81.17367,73.32339,82.04807,88.440506,90.44737,90.719475,93.497986,88.70634,87.866875,86.76938,94.27556
Finland,FIN,1906,86.06742,83.88209,80.6502,91.57951,90.48702,102.06182,94.39284,87.59403,85.26066,91.80885,88.197845,96.33012
Finland,FIN,1907,91.6727,81.48965,77.459885,90.16218,91.65166,95.841354,94.57154,88.2688,87.511696,92.41476,90.18953,97.084404
Finland,FIN,1908,88.943344,84.37262,74.20493,82.56668,86.53998,97.762146,91.662865,93.17459,88.22597,89.23222,84.91524,95.250244
Finland,FIN,1909,85.85582,80.50095,80.928215,88.44423,88.29417,93.49561,92.659485,91.91624,92.391304,92.20806,93.37842,98.57889
Finland,FIN,1910,85.44442,81.19216,79.900444,87.62022,83.99273,93.29312,91.49064,89.78087,86.29835,85.063484,86.20765,94.12513
Finland,FIN,1911,83.789825,75.583046,73.665764,81.46949,82.14482,91.70918,92.91462,88.95164,84.253235,82.29855,86.08187,90.97808
Finland,FIN,1912,80.32317,77.09965,71.79914,84.76722,82.97412,90.42963,90.51915,83.565926,85.07607,85.63388,84.41491,93.62238
Finland,FIN,1913,78.48028,70.49908,69.775246,77.89869,78.83914,82.01909,79.34321,79.656525,79.44427,81.841896,82.98954,87.94868
Finland,FIN,1914,72.99601,72.66902,69.29313,75.13539,74.732025,85.50769,82.623474,81.40842,81.54919,84.285065,79.941124,83.86698
Finland,FIN,1915,70.17453,64.61788,60.447826,71.84922,72.028824,79.11393,79.24491,75.14024,74.47105,80.02454,77.37043,84.71274
Finland,FIN,1916,63.669735,65.31989,63.564774,71.776,70.15871,76.05302,74.70478,73.03698,69.77647,71.868324,68.27701,73.20893
Finland,FIN,1917,66.12869,60.02034,60.90967,69.615395,70.49224,77.15026,75.15178,72.92162,71.7263,77.92663,74.260765,77.160774
Finland,FIN,1918,56.528843,58.318897,64.0311,68.86598,68.469986,72.89592,71.703514,72.94486,74.29354,77.24986,76.97556,74.566086
Finland,FIN,1919,65.82272,64.67317,63.4089,67.81627,54.68896,48.738712,50.345245,49.677155,46.65976,53.940517,53.221603,55.18029
Finland,FIN,1920,67.91709,61.840553,61.968227,71.768326,74.376236,81.03767,80.629036,79.57454,77.137085,79.67767,75.15625,76.386185
Finland,FIN,1921,70.2719,63.8229,59.778816,69.00292,67.94519,73.68727,74.46565,72.323845,73.96958,76.36539,74.21725,77.565475
Finland,FIN,1922,63.58637,61.54089,57.753803,65.15572,65.60125,73.52172,72.00594,70.21888,71.21824,72.66535,74.921585,73.96834
Finland,FIN,1923,66.576454,60.34118,60.803932,67.38806,69.61168,76.414604,76.20432,71.3824,71.73808,71.03669,70.08154,70.199875
Finland,FIN,1924,60.418404,54.03012,51.52665,59.846382,63.683216,69.44883,70.93715,72.529625,70.6388,68.52704,67.89789,73.47743
Finland,FIN,1925,57.56641,57.395844,57.406197,62.043137,63.863037,71.54026,70.84888,71.189095,67.42329,68.34635,64.04693,67.84084
Finland,FIN,1926,56.14007,55.350193,56.097122,61.994633,62.64294,71.1259,70.817345,64.81219,63.922802,64.94822,64.517075,65.7163
Finland,FIN,1927,56.100887,54.41069,54.27662,60.36484,63.665382,70.14669,67.45577,65.80057,63.50145,61.28017,59.446358,62.271233
Finland,FIN,1928,58.623245,57.5001,54.900837,61.315235,63.68565,67.46083,66.17528,61.443333,63.40258,65.29494,63.619545,65.949776
Finland,FIN,1929,52.90635,51.336273,50.62115,60.37767,59.11293,66.04881,64.378845,65.84887,66.871544,63.417984,64.03305,66.17621
Finland,FIN,1930,50.464127,50.916245,51.202633,58.160988,59.521217,63.913338,65.64164,66.734146,64.57407,63.498745,62.341118,61.46729
Finland,FIN,1931,48.206738,46.036278,47.01855,56.314926,57.86652,63.36623,62.601784,60.399055,58.40469,60.81399,58.820885,60.903637
Finland,FIN,1932,46.257797,46.785206,47.015854,53.76933,52.915405,60.38695,59.199547,57.058872,57.33822,58.176033,56.64368,54.58679
Finland,FIN,1933,42.53423,45.163296,46.451923,53.25932,54.284245,55.958908,54.22822,50.159206,50.83381,51.96097,49.94693,52.242207
Finland,FIN,1934,46.98717,46.847813,48.69519,52.422634,52.37957,57.258015,58.28973,54.485394,52.82359,53.63876,52.47324,51.58535
Finland,FIN,1935,48.382744,48.27026,47.293438,54.90076,54.148018,56.268795,58.80815,55.782825,54.203857,56.88837,53.45016,55.314495
Finland,FIN,1936,43.297077,45.410824,46.51929,53.525623,53.985085,56.370655,58.04889,54.959084,55.800865,54.271973,51.782913,53.88908
Finland,FIN,1937,50.393864,49.25451,49.934498,56.664913,56.739857,61.483967,61.568344,56.76924,56.709217,55.370285,53.07903,48.187695
Finland,FIN,1938,52.732296,53.647224,52.852512,59.344074,58.979515,62.632214,60.002426,58.60396,59.129738,59.529995,55.873882,56.77979
Finland,FIN,1939,57.357346,54.702747,53.66987,56.97497,59.187435,61.631737,62.16824,60.085964,62.525986,58.992794,55.921707,54.416782
Finland,FIN,1940,34.96317,32.388477,29.925549,32.913548,41.259556,47.059963,60.925552,65.42935,62.17435,61.174152,59.86466,56.598083
Finland,FIN,1941,60.18484,59.551704,57.349632,61.654892,61.905167,70.13706,72.521194,73.37664,71.20674,75.37991,74.77674,59.00641
Finland,FIN,1942,50.29095,47.64152,44.651863,47.463726,42.677563,40.023083,38.200245,34.278423,31.634026,48.289726,62.169964,60.96132
Finland,FIN,1943,55.44082,52.192123,51.297665,56.88728,54.899265,57.4275,58.305645,57.679607,59.18488,58.59314,56.67911,54.860046
Finland,FIN,1944,54.93289,54.216274,53.38025,58.737682,56.140106,59.439545,60.76622,57.653584,61.020226,60.874134,60.428684,60.69661
Finland,FIN,1945,79.94661,84.04036,88.96927,112.37426,102.60008,65.27823,51.4235,43.552917,39.8827,47.54804,61.85506,60.291992
Finland,FIN,1946,71.06579,69.84,71.1416,77.32589,73.530975,75.92609,76.15457,74.87448,81.6681,83.44144,82.27842,81.1297
Finland,FIN,1947,68.93385,69.58265,68.37317,79.21071,75.43908,79.35636,80.917984,80.19973,82.10025,85.40856,77.621346,75.9766
Finland,FIN,1948,71.11317,66.70726,67.16964,75.664055,75.25148,78.65418,81.59863,80.85089,79.25131,78.605865,77.06955,72.711296
Finland,FIN,1949,63.538174,63.304897,62.70853,70.502945,70.36833,74.61372,76.87223,75.89282,77.78122,77.02205,75.36782,72.2545
Finland,FIN,1950,60.969524,60.274197,59.73065,63.877346,64.91979,68.85732,71.55797,72.88375,73.58007,71.51318,69.26723,67.64546
Finland,FIN,1951,58.566387,56.579464,53.990574,59.366684,62.23973,64.81912,69.70667,68.496574,69.60953,67.46882,62.282818,63.188217
Finland,FIN,1952,56.74646,56.443466,55.835365,62.684532,62.884388,67.9971,68.26559,67.74494,69.937805,65.22695,62.155495,60.595425
Finland,FIN,1953,53.430676,55.142845,52.45808,59.481323,59.71054,63.023575,65.201485,64.38304,64.54062,63.30731,62.61526,59.12438
Finland,FIN,1954,52.339424,53.35123,52.548096,58.928566,57.983307,60.897552,61.721558,62.968605,63.89332,63.54739,60.602642,57.32505
Finland,FIN,1955,55.788036,51.851894,53.643692,57.612267,57.40369,60.793167,61.287003,61.01362,61.299057,60.814434,56.922188,58.42398
Finland,FIN,1956,50.769127,52.39221,50.785282,55.27593,56.02464,58.229557,60.388443,62.002342,63.73674,59.94475,56.711285,54.910736
Finland,FIN,1957,52.03031,50.999092,51.54869,55.030235,53.860806,56.42176,58.515224,58.91055,60.06949,58.25706,53.58026,52.319492
Finland,FIN,1958,50.259373,48.696167,47.236332,47.96371,45.100254,51.483837,53.248974,54.319546,56.119854,55.271133,51.94688,50.603367
Finland,FIN,1959,49.923847,47.721462,47.107746,51.521652,50.7012,53.64295,56.137615,55.88605,56.11734,54.323032,50.669636,49.232693
Finland,FIN,1960,46.696083,47.059174,45.533077,50.96522,49.90489,53.11063,53.89123,52.96537,55.036373,55.797977,48.814785,48.288548
Finland,FIN,1961,48.6763,46.562035,47.56803,50.382374,48.950344,52.534737,53.45633,52.0574,53.97218,53.194923,48.877148,48.118008
Finland,FIN,1962,44.57003,46.667503,46.73691,50.961636,48.550045,50.747173,53.687187,52.309402,52.75428,53.71696,49.4526,46.321796
Finland,FIN,1963,48.11732,46.56122,45.75528,49.40606,47.848164,48.311848,51.028572,54.537598,54.18259,54.667645,48.55837,48.85881
Finland,FIN,1964,46.15268,44.311646,44.943356,49.429337,46.432945,48.036392,48.554546,51.34577,53.258064,51.74158,48.457672,47.136536
Finland,FIN,1965,40.54012,43.2578,43.870274,47.401054,45.366405,47.885223,48.54286,49.023563,51.38505,51.07535,46.542194,46.243713
Finland,FIN,1966,44.20136,42.998524,42.98543,47.4384,44.4066,45.191975,47.28496,49.540768,51.02349,50.92077,46.862843,44.913826
Finland,FIN,1967,43.38978,41.79772,42.888996,46.769844,44.19968,47.758213,47.906048,49.279182,49.636456,48.810722,46.001163,43.326668
Finland,FIN,1968,37.240948,38.404938,41.103268,43.649582,41.42211,43.027992,45.164265,45.28662,49.48839,50.114853,44.29615,42.837067
Finland,FIN,1969,35.072315,34.337288,36.57658,40.278076,38.267105,39.52999,40.508877,44.297577,44.67784,43.966564,41.228374,40.782173
Finland,FIN,1970,35.6442,34.45297,34.782776,38.02426,37.109344,37.294796,40.47281,41.206566,43.912655,43.61007,38.599545,35.672024
Finland,FIN,1971,32.28637,34.006557,34.46216,36.105015,35.0555,36.527534,37.626453,38.67792,40.196903,40.34206,36.062874,34.11825
Finland,FIN,1972,31.70094,31.62653,32.24579,33.207836,31.964796,34.059254,36.915333,38.484005,39.915897,39.190674,34.322506,32.521442
Finland,FIN,1973,31.362833,31.27484,32.412865,33.786747,32.877445,33.72877,34.01835,34.977055,34.807346,35.978275,33.32305,31.664597
Finland,FIN,1974,34.286243,33.443264,35.0704,36.81548,34.460403,35.891487,38.468365,39.239044,40.01611,39.23057,36.028187,35.064777
Finland,FIN,1975,36.106884,34.877518,35.028633,39.31173,37.04275,38.15005,38.11086,40.873753,43.779358,41.674545,37.878666,35.911457
Finland,FIN,1976,34.918854,35.356266,35.579605,39.31068,37.31919,37.872032,39.691803,39.818253,43.12204,43.958687,39.958126,37.113598
Finland,FIN,1977,35.027782,35.629517,35.306145,36.51448,36.830193,37.08573,38.621307,39.913013,41.76912,42.457287,39.691246,36.95139
Finland,FIN,1978,34.264526,34.138058,35.06482,37.916393,35.784298,37.01307,38.296406,38.90846,40.508022,40.520023,36.009018,34.270317
Finland,FIN,1979,32.37217,33.563797,34.450615,35.858917,35.617195,36.12642,37.661137,39.43499,40.53487,41.005035,36.756386,34.427334
Finland,FIN,1980,33.307068,30.749018,32.463055,36.82385,35.96336,37.026596,37.595127,38.222965,39.36883,40.07615,36.573708,34.568783
Finland,FIN,1981,33.833538,33.125034,33.251354,38.169727,36.12108,36.48584,37.592945,37.048126,40.190613,38.634624,36.03671,34.45638
Finland,FIN,1982,34.996136,35.69181,36.639977,38.915443,35.982735,36.876595,37.793655,39.00154,40.356804,41.358532,37.809296,35.07281
Finland,FIN,1983,34.408554,35.28488,35.33728,38.398193,37.40988,38.059055,39.236805,39.332687,40.86967,40.83509,37.793003,36.157574
Finland,FIN,1984,32.206963,34.43251,35.66507,36.282185,36.717937,36.561108,37.043827,37.463894,38.43453,39.327858,38.22812,34.935154
Finland,FIN,1985,33.392944,31.262703,32.399693,35.71153,34.444515,35.28356,35.769627,36.238857,38.64859,38.249317,34.458282,35.324917
Finland,FIN,1986,30.6763,29.96685,32.49423,34.41235,33.69107,34.31618,34.818275,34.425533,36.864048,36.373363,34.2023,33.199406
Finland,FIN,1987,30.836262,30.993319,31.261557,33.37128,33.00153,34.755028,34.954765,33.841164,36.410583,35.65619,32.301434,31.45437
Finland,FIN,1988,32.49129,31.866735,33.075462,36.65209,35.394444,34.021355,35.832054,36.28397,37.921547,38.98638,34.273148,32.96536
Finland,FIN,1989,33.6665,32.996685,33.169838,35.877243,36.05668,36.86153,35.335842,35.02025,35.870445,37.145435,34.257416,33.263966
Finland,FIN,1990,31.91167,34.229992,34.32152,37.336666,36.321407,36.704777,37.415268,37.498337,36.997055,38.604195,36.298763,34.71219
Finland,FIN,1991,33.075375,33.27297,33.577827,36.733658,35.721058,36.575558,35.951496,36.38085,38.704605,37.99085,36.262665,34.78348
Finland,FIN,1992,33.96239,32.925087,34.464367,37.557198,36.220604,37.49011,36.30936,35.921585,39.220066,39.131214,36.509003,34.37997
Finland,FIN,1993,31.163568,31.35395,31.575,35.262825,34.22093,36.12476,36.57299,37.22247,38.695107,38.53226,35.55816,34.566803
Finland,FIN,1994,32.452763,33.081482,33.177822,33.97467,36.03316,35.639732,37.665947,36.063705,37.960518,37.4722,35.490143,32.625572
Finland,FIN,1995,29.681898,30.967117,30.88559,33.646282,33.631153,35.01778,35.37323,35.15218,36.615486,36.380554,35.5359,33.314762
Finland,FIN,1996,30.314127,29.266163,30.738201,33.07751,32.320606,32.423153,32.386818,34.694054,34.967777,33.02289,32.621113,32.736935
Finland,FIN,1997,28.150845,27.515438,29.299618,31.605938,32.087116,33.814503,33.328476,32.882816,34.240273,32.47163,31.903685,32.273735
Finland,FIN,1998,26.494572,28.152214,29.539017,32.64387,30.727215,32.917793,31.886929,29.762344,32.087227,31.08962,29.36358,29.698175
Finland,FIN,1999,28.268782,27.146715,28.41049,31.65944,30.9249,32.57936,32.25175,31.723274,31.682806,32.01646,30.809853,29.046371
Finland,FIN,2000,27.573143,28.05268,28.254555,30.211676,30.238657,31.427483,31.140528,31.175566,30.660702,30.992085,29.98123,29.741823
Finland,FIN,2001,26.21605,27.686491,28.856014,30.408901,30.223965,29.925991,31.341665,29.858389,31.130537,30.307257,30.37111,29.916012
Finland,FIN,2002,27.186455,27.316402,29.570696,31.266735,30.921011,30.684742,29.790161,29.752779,29.499619,28.596676,28.6489,27.961325
Finland,FIN,2003,28.378407,27.145697,30.004591,30.666256,31.230042,31.781282,30.014463,28.681053,30.71837,30.390326,29.010593,29.07126
Finland,FIN,2004,28.066713,29.49409,28.994219,30.433918,31.236582,32.195164,31.223757,28.848013,31.272463,31.976578,30.109531,28.458845
Finland,FIN,2005,28.34695,28.164688,29.439116,31.693249,31.663662,31.175142,30.768541,30.541765,31.022413,30.221598,29.392542,29.463678
Finland,FIN,2006,27.389326,29.620312,29.977886,31.468338,31.639202,30.853598,31.84218,30.641554,31.135096,31.711163,31.364056,29.87902
Finland,FIN,2007,27.834967,28.937061,29.768646,30.992748,31.650316,30.79592,30.756071,31.587837,30.955545,31.024853,30.207703,30.61997
Finland,FIN,2008,27.634295,28.83631,30.330761,31.536255,31.08963,31.921824,31.254522,30.26465,31.619055,30.982439,31.454838,30.575504
Finland,FIN,2009,29.235088,29.435944,30.187355,32.004353,32.149757,32.186512,31.98575,30.548847,31.960821,31.371622,30.617668,30.52413
Finland,FIN,2010,28.9427,29.266903,31.547522,32.79128,31.697147,32.725357,31.777,30.667032,30.836164,31.906538,31.57556,30.182117
Finland,FIN,2011,27.370312,29.66517,29.228024,32.60043,32.518986,31.783718,31.29681,30.503141,29.668274,30.413788,30.498032,30.426311
Finland,FIN,2012,26.66501,29.316593,28.756916,30.699131,32.090942,32.07966,31.086252,29.832874,29.72366,30.202374,30.134542,29.807993
Finland,FIN,2013,25.756985,26.925417,29.544195,30.77321,30.437975,31.119642,29.833195,29.760164,29.696182,29.521273,29.361158,28.752972
Finland,FIN,2014,25.805483,25.796314,28.211567,30.893372,29.829485,30.87251,29.793175,29.53269,28.608522,28.421816,28.379038,28.404284
Finland,FIN,2015,25.166578,27.348583,27.149076,28.917929,28.733213,29.49346,28.573149,27.286854,28.178665,27.122858,27.464945,27.465693
Finland,FIN,2016,22.507977,24.14257,25.874157,27.913244,27.741224,27.113993,27.34507,27.14479,27.060925,26.635044,25.720823,25.9602
Finland,FIN,2017,22.372068,23.453878,25.024601,25.433071,26.694998,27.026926,26.757809,25.41229,24.592308,24.494009,24.747574,24.337185
Finland,FIN,2018,20.778265,22.469316,22.89214,23.832157,25.445236,24.692612,24.48403,24.058598,24.112791,23.248894,23.68833,23.919281
Finland,FIN,2019,20.89737,22.01874,22.473019,24.455944,24.078575,24.1163,23.04527,21.825191,22.645786,22.081366,21.278828,22.606567
Finland,FIN,2020,21.372902,21.738695,22.89456,23.835508,24.457827,24.40845,23.259838,22.617434,22.662735,22.757463,22.670197,22.809992
Finland,FIN,2021,21.691221,23.609217,24.260525,26.289314,25.755293,25.242771,25.981571,23.821014,24.229134,25.15407,25.06131,23.311325
Finland,FIN,2022,19.560223,20.708466,22.307856,23.416662,23.606943,23.478958,23.397177,22.026234,20.98872,21.100975,22.221773,23.203978
Finland,FIN,2023,19.41069,20.96293,21.16953,22.412884,22.164675,22.934654,22.148302,21.330936,20.28496,21.228992,20.880976,20.552834
Finland,FIN,2024,19.343527,20.400381,21.511354,21.788633,21.090082,22.167768,22.152115,21.510958,21.460485,21.220951,21.133078,21.367878
France,FRA,1861,69.0838,71.00255,69.02685,70.617134,67.76131,68.29902,71.08172,78.10829,82.915085,81.90904,80.18595,72.80789
France,FRA,1862,72.75939,71.919365,69.58245,72.41146,68.70808,68.65907,67.24598,72.25256,76.12732,78.799545,78.52,73.83294
France,FRA,1863,70.858116,73.32631,70.26898,70.47765,69.9525,69.16388,69.90136,73.173965,77.85304,80.098885,81.08598,76.738235
France,FRA,1864,69.53569,69.87235,69.76605,71.19744,70.25804,69.07646,66.66894,70.57905,75.26794,79.12767,81.50849,78.32212
France,FRA,1865,66.79597,69.34056,69.34106,71.213684,68.69008,69.531,68.68083,72.287025,79.31216,79.06603,80.180244,76.24345
France,FRA,1866,68.86477,71.68044,70.527084,70.72499,68.447136,67.837166,69.01256,71.426285,76.02437,79.1539,79.218,74.610695
France,FRA,1867,68.14549,70.669044,67.84065,69.79963,69.2812,68.91314,68.73546,72.92748,75.9559,79.90699,79.38172,74.53606
France,FRA,1868,69.120285,71.631836,67.79784,71.23492,68.58404,68.02356,66.96462,73.26213,74.839836,76.79899,75.95031,71.06799
France,FRA,1869,71.15049,74.90695,74.336845,75.02085,73.23186,71.946335,69.74057,70.506676,74.65723,79.13187,79.91284,74.72889
France,FRA,1870,68.992386,69.907486,69.255424,70.88102,69.3124,70.38629,70.18728,73.59743,78.99962,80.43995,83.71465,78.3281
France,FRA,1871,59.807144,54.93344,52.7102,56.469063,59.570175,63.79979,64.995026,66.85515,71.78079,75.42783,77.82333,73.11782
France,FRA,1872,74.75163,76.91621,74.212036,75.18685,73.43463,74.39805,74.665825,78.33228,82.34167,80.920135,76.4497,69.121475
France,FRA,1873,71.20115,72.0969,70.78749,73.6391,70.842415,68.85219,70.31345,73.774025,77.7096,81.95701,82.439674,78.259186
France,FRA,1874,72.29839,75.28177,73.2605,75.86596,72.21852,71.36207,71.37751,73.07054,78.477516,80.35355,79.803764,74.23869
France,FRA,1875,70.130104,71.063354,71.38745,73.46727,73.75345,72.7209,72.12757,74.08562,74.87521,79.30367,81.09835,76.64178
France,FRA,1876,69.71639,71.29939,69.944626,72.339645,71.64108,72.42076,72.43031,76.86495,80.09702,81.77582,83.02801,77.24124
France,FRA,1877,71.05083,69.14457,71.824554,72.44491,71.98628,71.24821,68.511604,71.93162,79.40301,79.550064,77.118866,73.11839
France,FRA,1878,69.63751,70.513504,68.63712,71.11371,69.80717,69.78189,70.480286,72.478004,76.58674,77.52321,78.54105,73.21254
France,FRA,1879,70.20592,69.91522,69.38035,71.70394,70.43832,69.15794,70.35359,72.27968,75.930305,76.419266,77.70268,71.73851
France,FRA,1880,67.664375,65.83721,65.05811,67.04148,68.20924,68.08377,69.14531,72.9773,75.52931,77.67331,76.555115,71.1799
France,FRA,1881,70.926956,70.56917,69.22532,71.000114,69.50715,69.473946,68.443665,71.55544,75.68002,75.8135,75.59004,71.93152
France,FRA,1882,69.87077,69.498856,69.22464,70.389084,69.62295,69.14589,67.77424,70.14515,73.494415,75.30944,77.87233,73.435425
France,FRA,1883,67.99088,68.97187,69.05492,69.93591,69.180756,68.7835,69.28484,71.65117,74.62395,75.73113,76.89101,73.0485
France,FRA,1884,68.48832,70.33747,68.28873,70.10127,69.67751,68.9192,69.176476,72.19154,73.73984,75.58801,74.418434,70.57912
France,FRA,1885,66.08572,68.97974,67.43071,69.60663,69.79373,68.568344,70.008965,68.52484,72.34268,71.58836,75.30293,70.969925
France,FRA,1886,65.35478,65.97174,64.83642,68.50371,68.114235,67.11116,66.423225,68.58993,72.999695,74.45222,73.98889,70.16226
France,FRA,1887,64.58787,65.965965,65.67416,66.80741,66.551254,66.15668,66.406746,67.905075,71.38775,71.95669,72.85866,67.63244
France,FRA,1888,60.418293,61.813267,64.27501,65.96821,65.21387,65.000305,64.39219,66.57719,70.3086,72.75051,71.38257,67.19824
France,FRA,1889,62.151382,62.181156,62.590027,66.13598,64.13023,63.64209,65.873695,69.55089,71.80926,70.90422,71.10371,64.89628
France,FRA,1890,62.30536,56.348373,52.183105,58.849205,62.235065,62.425415,62.370037,66.359825,68.03494,69.93978,69.05073,66.64102
France,FRA,1891,60.55561,60.71262,59.436035,63.15788,63.390682,63.367035,65.228546,66.33269,69.68462,71.43299,71.96138,67.903755
France,FRA,1892,62.36374,59.37587,57.71455,60.148834,61.033443,62.19357,64.91055,68.92524,71.17202,70.58054,67.79682,64.314316
France,FRA,1893,63.3381,63.062225,61.847168,63.786877,64.65025,63.979443,63.559986,65.82287,70.498085,70.98344,71.49162,67.163086
France,FRA,1894,62.65734,59.816406,60.20981,61.822964,63.09796,65.31552,62.688625,66.25466,67.47082,68.76604,67.27662,66.79499
France,FRA,1895,57.008842,53.930202,56.094845,61.918503,63.205677,63.04508,62.640278,66.238365,67.63432,67.627045,68.63623,66.394516
France,FRA,1896,62.051292,62.25083,61.28382,63.212624,62.56243,62.44125,62.46369,66.8304,69.80727,71.615906,69.70199,64.47016
France,FRA,1897,62.88467,62.82892,60.909,64.106186,63.21102,63.00774,63.272026,64.82845,67.22949,68.72208,68.88767,65.67179
France,FRA,1898,59.77296,58.961185,59.37055,62.294666,63.3215,62.891617,63.19769,64.16572,66.50869,68.44595,68.90741,65.22536
France,FRA,1899,61.892853,61.972397,61.810474,62.874508,64.2811,63.06482,59.848427,63.359562,67.98909,68.35236,68.17095,64.71185
France,FRA,1900,58.000423,56.694523,58.051727,61.723007,62.68609,65.18669,60.993774,61.986565,66.92361,66.385315,68.52688,63.68238
France,FRA,1901,59.229465,59.821144,60.4567,63.641567,63.89933,65.44493,63.74518,64.75866,69.740005,70.65686,70.783195,65.34134
France,FRA,1902,59.627403,59.141304,60.472515,62.61327,62.83895,63.667877,63.060226,64.86712,68.05607,68.83321,69.5047,62.413372
France,FRA,1903,58.79197,58.8175,58.44034,61.501762,61.653107,61.213932,62.15787,64.202614,65.58065,66.55123,65.33423,62.162197
France,FRA,1904,57.864063,58.02888,58.359898,60.5572,61.256653,60.779602,60.278313,63.695408,65.18387,65.82353,64.53312,60.329273
France,FRA,1905,57.922962,55.39765,55.47556,58.45881,60.036335,62.314312,59.828457,60.143417,64.41159,65.496216,65.81137,63.113987
France,FRA,1906,55.990425,56.882946,57.082558,59.02643,58.898064,60.33486,59.962097,61.25638,65.108246,65.91599,64.937035,61.490425
France,FRA,1907,53.0442,51.780254,52.932026,56.519646,57.530987,59.17092,57.086987,59.298443,61.972282,64.5578,63.19707,59.16058
France,FRA,1908,54.17482,54.942112,54.96571,57.165756,57.437252,59.150745,59.21425,61.950764,65.789276,64.22809,62.12202,58.119297
France,FRA,1909,51.919426,52.898113,53.422413,55.848267,57.117176,57.505234,57.36916,59.73769,61.764343,62.926426,61.26381,57.805588
France,FRA,1910,54.21824,53.61488,53.81577,55.706036,55.713406,57.91238,57.32101,60.577587,62.213154,61.64367,61.004036,57.048664
France,FRA,1911,50.64199,50.326237,50.08013,52.19371,53.79942,56.269745,55.044704,58.10561,58.952316,58.80161,58.322357,57.90748
France,FRA,1912,53.2959,53.419754,53.39872,55.634342,54.43179,55.071766,52.35738,53.136623,58.162865,59.430798,59.456516,56.40148
France,FRA,1913,60.865818,59.857964,59.589336,59.424522,59.129517,59.40616,58.21054,59.497715,60.597088,60.6589,59.341713,57.5382
France,FRA,1914,57.900948,58.619587,57.66342,60.668407,61.269154,61.987164,62.159966,65.60728,67.588135,66.977135,66.257706,64.17239
France,FRA,1915,26.932495,26.512672,26.624313,27.761051,28.94282,30.25073,29.881254,35.238438,58.19399,64.00732,63.434906,62.60232
France,FRA,1916,27.460745,30.538378,32.124245,33.58111,33.003456,31.396065,31.580564,36.321312,35.361485,32.241158,30.85716,29.046234
France,FRA,1917,32.688698,33.79221,33.613197,36.053368,35.91205,37.24413,34.580456,34.865475,34.33323,34.727062,34.900005,32.0598
France,FRA,1918,35.142773,38.652905,37.450016,40.036587,41.78094,42.98825,39.686047,40.608723,43.33708,42.71801,39.150696,34.4464
France,FRA,1919,53.23083,51.056156,48.076923,42.050007,34.234566,31.695705,33.411404,36.45132,35.28712,32.982456,35.937572,32.7322
France,FRA,1920,54.792614,55.010784,54.744854,57.586437,59.85385,60.703896,59.48803,61.960617,61.494873,61.46855,62.079575,60.171787
France,FRA,1921,54.079388,53.890095,53.151085,54.3917,54.8854,57.440224,57.24109,59.348297,59.677486,61.180065,62.42224,59.070873
France,FRA,1922,49.048843,47.39057,47.721478,50.891167,52.04277,53.683743,53.61469,53.851803,56.159824,56.825916,58.058277,58.554893
France,FRA,1923,48.167187,48.087097,49.062687,50.45261,52.083282,54.133266,53.219975,55.3617,57.066513,55.917553,57.40981,53.528824
France,FRA,1924,48.851913,48.263893,48.514248,51.05043,51.28359,52.2406,52.087933,52.777946,53.35894,55.119473,54.08167,53.702736
France,FRA,1925,48.582127,48.36997,49.269577,50.02151,51.722168,53.18496,53.46147,54.45559,55.768448,56.87278,56.664787,53.944866
France,FRA,1926,49.44733,48.795563,49.84863,50.489243,51.34718,52.533028,52.053673,54.122707,55.055363,55.47043,55.272923,51.836258
France,FRA,1927,49.229115,47.33161,45.66042,47.4705,49.621674,51.73542,50.209732,52.527027,53.190456,52.566208,52.680157,51.724907
France,FRA,1928,46.15888,46.865746,46.648586,47.807148,49.512913,50.985413,50.00937,51.865845,52.88674,53.62552,54.46406,52.814156
France,FRA,1929,44.10642,43.316853,45.573765,48.81996,49.214706,51.01518,48.84401,50.062775,51.12115,51.852,52.510403,50.645344
France,FRA,1930,47.02425,47.279564,47.969643,48.809372,50.94851,50.02632,49.844475,50.746853,52.467857,52.499718,52.383953,49.955864
France,FRA,1931,45.931824,44.529144,43.651566,47.500782,49.13524,49.09462,48.104958,51.83554,50.4832,52.644062,51.18696,50.734272
France,FRA,1932,43.424618,43.598476,44.587704,46.13673,47.733578,48.4845,48.521717,49.726227,50.01799,50.872746,51.566254,49.285942
France,FRA,1933,42.890453,39.62125,40.439384,43.464577,45.800575,47.034798,44.27055,47.373985,47.91218,48.149155,46.83499,46.854313
France,FRA,1934,41.71649,42.115406,42.235916,43.768734,44.053238,45.60341,44.70994,45.85615,47.216343,47.377834,48.237286,47.52422
France,FRA,1935,39.2875,37.651703,39.590443,41.684418,42.211792,42.79479,43.955353,43.95883,44.123592,45.037907,46.089275,44.594933
France,FRA,1936,38.687374,37.96833,38.893898,40.472694,41.95228,42.564407,43.107174,44.07975,43.20843,44.680134,43.75772,42.818066
France,FRA,1937,38.58731,37.703407,39.110466,40.64997,40.596058,41.06714,40.557926,44.384563,42.265965,43.685963,43.15085,42.041805
France,FRA,1938,40.010216,39.644497,39.6901,40.879845,41.049026,42.540977,41.493134,42.958225,43.2565,42.828293,43.372322,42.335026
France,FRA,1939,40.29286,41.417274,42.152985,41.9996,42.263607,43.47359,42.082386,43.796078,44.513214,44.460194,43.914017,42.867416
France,FRA,1940,40.21582,34.003315,34.710556,37.659863,32.325375,29.28117,28.707699,44.948868,48.11888,48.214886,46.863052,45.501762
France,FRA,1941,37.429592,37.01475,37.16623,39.293728,40.51593,42.497772,43.291126,42.697525,33.321007,24.616375,28.502758,37.47924
France,FRA,1942,40.196953,39.521275,40.43516,42.756615,41.187572,41.589504,42.007774,42.4151,41.268654,41.70436,40.096832,39.986713
France,FRA,1943,43.26549,43.370033,43.067715,44.723877,43.24561,44.6722,43.90792,45.52653,45.023773,45.870926,44.69621,43.682007
France,FRA,1944,44.133984,42.213028,42.596287,43.84846,44.22042,44.754456,43.88249,46.359383,46.310654,47.791264,48.12741,46.863724
France,FRA,1945,44.572407,42.61252,43.11884,43.9399,43.601467,44.094246,44.261765,44.808186,46.43975,47.045208,49.342182,48.846203
France,FRA,1946,54.294388,51.944687,51.516407,56.55942,57.04955,60.13594,59.58724,61.44473,63.339737,62.85818,58.43952,51.932762
France,FRA,1947,53.916283,53.212185,53.248478,57.270737,57.341614,59.775833,61.160408,62.725266,62.37827,62.28315,61.804874,59.078377
France,FRA,1948,55.56006,53.96473,53.592384,57.306717,56.56491,59.412144,57.901093,57.742134,59.791405,61.567276,61.715664,59.83461
France,FRA,1949,55.07483,52.95721,51.35002,55.36579,55.867737,58.41925,59.357857,60.25215,61.69782,60.849503,60.719105,60.23675
France,FRA,1950,51.60128,51.65278,53.368835,54.231697,54.501884,56.48428,57.43777,59.02742,60.19241,60.824635,59.64172,59.29215
France,FRA,1951,49.968563,47.50977,49.735847,52.325233,52.712173,56.40546,55.63417,57.222874,56.858818,55.951496,56.169983,54.6073
France,FRA,1952,48.752182,49.284245,49.672905,52.405823,52.368656,53.082836,53.691082,55.38403,56.401695,55.910427,54.60579,53.644226
France,FRA,1953,48.68324,46.24383,47.188164,50.657173,51.690876,53.736767,52.81128,54.11005,52.99994,54.08568,54.07126,52.804913
France,FRA,1954,47.811905,47.476776,48.7061,50.851696,51.78636,52.81119,51.85118,54.57166,53.885868,52.882492,53.944283,52.809605
France,FRA,1955,47.92628,46.417652,47.77999,48.921417,50.045193,52.16596,52.086586,53.582447,54.034008,53.48948,52.274506,51.671196
France,FRA,1956,47.88829,46.303734,46.86406,49.393925,49.871387,51.855095,50.540714,53.430717,51.91067,52.837795,52.346123,50.461178
France,FRA,1957,48.198334,47.70515,48.65323,50.828648,50.138893,49.383575,50.265785,51.663258,51.653667,52.467564,53.051865,52.24927
France,FRA,1958,49.35311,48.707653,49.121967,48.96251,46.10681,47.68455,50.265846,52.003635,50.265522,51.754642,51.616062,50.73829
France,FRA,1959,46.823517,46.886055,47.947357,49.82209,49.820786,50.727757,49.964905,52.465527,52.67458,52.09238,52.168526,51.60907
France,FRA,1960,46.58258,44.983685,46.519123,49.64562,49.343723,50.75127,50.353367,51.823555,50.30199,50.08802,49.990337,48.233433
France,FRA,1961,47.355488,46.767445,47.45616,48.623894,48.699314,50.03047,50.485283,52.787766,52.520298,51.331696,51.196087,50.423183
France,FRA,1962,45.67802,46.146564,46.875942,48.625984,48.756252,48.64573,48.652924,51.349724,50.04601,50.275204,49.666115,48.319107
France,FRA,1963,46.361,46.18775,47.758846,50.344227,48.98955,51.334724,50.330673,52.64092,52.071846,52.490593,50.780212,48.559635
France,FRA,1964,46.604893,45.908787,47.588047,50.203327,47.71993,50.799717,51.06965,52.32624,52.27651,51.28958,51.285572,49.14842
France,FRA,1965,44.610996,44.914413,46.325413,48.74486,48.224926,49.50576,50.034016,51.400116,50.99796,50.009632,49.68011,49.649754
France,FRA,1966,44.572353,43.989338,45.24458,47.106205,47.236057,48.807755,50.299587,51.9651,51.156807,50.201935,49.151955,48.116096
France,FRA,1967,43.88925,42.765034,44.331944,46.159767,45.558487,47.059307,47.827126,50.63922,49.724693,47.279675,47.057934,45.752834
France,FRA,1968,42.7039,42.29888,43.65504,46.152863,44.585358,46.240646,47.01795,48.74152,47.99087,47.758125,46.491947,45.682205
France,FRA,1969,43.95926,42.75554,44.007195,45.37982,43.36903,46.394653,46.975853,49.37269,47.815166,48.139233,47.28194,45.274677
France,FRA,1970,46.910908,45.061085,43.054596,43.412037,43.799595,47.19432,48.07832,49.01512,48.162594,46.83822,45.26604,44.156273
France,FRA,1971,44.369617,43.92964,44.78481,46.7177,45.46736,47.890007,48.741135,51.170223,50.540596,48.034763,47.34584,46.754696
France,FRA,1972,45.149353,43.394676,43.513462,45.036194,44.9512,47.551487,48.847267,49.832058,48.71663,47.60524,46.243942,45.96128
France,FRA,1973,41.512955,41.05241,40.883846,42.60934,43.277073,46.33471,47.823147,50.118202,49.304173,47.29655,45.592148,45.302197
France,FRA,1974,38.714844,38.421852,40.024834,41.55702,41.524647,43.22083,42.58448,45.50847,44.488125,42.74192,41.439487,42.06154
France,FRA,1975,35.499996,34.44079,34.491524,35.809433,37.08649,40.92464,41.258835,44.042034,43.283722,40.38437,39.417404,38.397774
France,FRA,1976,35.093517,35.022633,35.59256,37.467438,36.446438,38.685387,40.30594,39.940166,38.88035,37.53859,36.321823,35.28273
France,FRA,1977,35.738865,35.622303,37.2504,37.790485,38.47614,40.103752,41.85246,43.51294,40.056656,38.035877,36.68704,35.592976
France,FRA,1978,35.878796,34.890285,36.12934,36.436592,35.904743,38.82169,40.20138,42.569473,41.112347,38.565914,37.63917,35.95107
France,FRA,1979,37.114326,37.205452,38.19815,37.850246,37.320896,40.310574,40.698887,42.733555,41.306587,38.25881,37.33665,36.178883
France,FRA,1980,38.770584,38.834454,40.203278,40.620415,40.31128,42.524574,42.02366,44.334927,42.400436,40.196785,38.714645,38.14507
France,FRA,1981,39.025627,38.145744,38.76135,40.152065,40.663338,42.64955,42.643574,43.616283,43.342854,40.93783,39.982918,38.93678
France,FRA,1982,36.8717,37.35223,38.422867,39.834583,39.693596,41.940987,42.19524,42.90526,42.601696,41.040943,39.88085,38.423164
France,FRA,1983,35.31069,34.692772,35.472263,37.337875,37.3962,40.103474,40.271515,40.568333,38.234848,36.668427,37.324978,36.032303
France,FRA,1984,36.40077,37.039898,37.995384,38.07407,37.900673,40.263077,39.738102,39.21721,37.085175,37.140923,36.641884,35.37045
France,FRA,1985,36.90117,36.67124,37.41709,37.834297,37.27641,40.404907,39.572548,40.99865,39.044918,37.55494,36.427914,36.84842
France,FRA,1986,37.284832,36.134037,37.762333,38.50143,38.17675,39.338726,40.109985,40.808746,39.526123,38.17823,37.814396,37.21435
France,FRA,1987,36.263626,35.58357,36.656204,37.70259,37.04425,39.281963,40.788395,39.95151,38.763172,37.341698,36.634705,36.28479
France,FRA,1988,36.37592,36.59435,36.990215,38.345478,37.945786,38.286537,38.3064,39.471848,37.80204,37.9698,36.685257,35.945095
France,FRA,1989,36.760487,36.672623,36.70938,35.751476,36.579887,38.976757,39.081406,39.123276,37.97695,36.985157,36.586838,34.918243
France,FRA,1990,35.97474,36.04071,36.75758,36.413826,36.862637,39.163746,38.22482,38.31944,36.570503,36.026066,35.78125,35.87767
France,FRA,1991,35.340626,35.286316,36.279507,37.215904,36.533295,38.96265,37.563602,37.223564,36.64769,35.42446,36.004246,35.619812
France,FRA,1992,34.466167,33.806908,34.733437,35.951183,35.024204,37.652,36.286915,36.440372,35.97239,35.267574,35.50041,35.00364
France,FRA,1993,33.212166,32.69198,33.1525,34.66448,34.06767,36.37354,35.76585,33.781605,34.197613,33.13311,33.27129,32.900036
France,FRA,1994,33.988033,33.849327,33.773167,33.448566,33.3427,35.714115,35.25173,35.1595,33.84429,32.70255,32.81668,31.57012
France,FRA,1995,34.18049,34.39926,35.551083,35.50724,34.837048,36.66565,36.445557,34.634045,33.17917,33.512657,33.06538,32.72193
France,FRA,1996,34.23941,34.43528,34.721485,34.896885,33.97831,36.75832,36.10312,35.177246,34.213226,33.619038,33.74004,33.1641
France,FRA,1997,34.106667,33.477787,33.81868,33.9721,33.461117,36.124428,35.302082,34.94199,35.38354,32.74232,33.884216,33.42506
France,FRA,1998,34.013233,33.95524,34.35744,36.36456,34.976006,36.300797,34.689293,34.11815,35.551586,33.897236,33.69634,33.727543
France,FRA,1999,34.549446,33.637955,34.52954,36.23278,35.116936,36.919205,35.62164,35.174843,34.817272,34.012672,33.842274,33.00534
France,FRA,2000,35.44009,35.633583,35.844494,36.258095,36.46333,37.106007,36.118904,36.82484,35.328533,35.21946,35.229984,34.845562
France,FRA,2001,34.04735,35.329105,36.161892,35.5337,35.79455,37.193523,35.44094,36.76047,35.359264,34.785164,34.61501,35.309288
France,FRA,2002,34.488014,34.11477,35.848026,35.7066,35.399574,36.623066,34.64155,34.731174,34.426987,33.53324,34.23084,34.54126
France,FRA,2003,34.331688,34.161232,34.789406,35.13574,34.24784,36.193443,34.38756,35.20139,34.716873,33.4444,34.49673,34.342663
France,FRA,2004,34.92896,35.569885,35.50627,35.802505,34.97334,36.5612,34.786404,32.700676,33.626213,32.491875,33.749535,34.16135
France,FRA,2005,34.538284,34.582153,35.349125,36.17458,35.368736,35.127663,34.71203,34.43125,34.102642,33.796673,34.4639,33.881264
France,FRA,2006,34.69923,35.52617,36.68849,37.34338,36.09757,36.53222,35.88421,36.128517,33.521748,34.347294,34.860195,34.079678
France,FRA,2007,34.67968,34.82431,35.75372,35.7584,35.537865,35.638687,34.55209,34.747173,32.879566,33.695343,34.65086,34.628246
France,FRA,2008,34.249374,34.132095,34.92091,36.278038,35.178288,36.414635,35.004543,35.56547,35.352573,33.429123,33.982002,34.760838
France,FRA,2009,35.14041,34.62994,34.960793,36.185993,35.199295,36.54813,34.7357,34.100853,33.89772,33.41905,33.67776,34.33029
France,FRA,2010,34.94794,35.39468,36.02098,35.9975,35.272682,35.788425,34.754913,34.28329,33.980602,33.94678,34.776676,34.34356
France,FRA,2011,33.68722,34.000385,34.398483,35.3169,35.458954,35.854053,35.333065,34.551914,32.87685,33.08652,34.16259,33.92841
France,FRA,2012,33.39074,34.126583,35.459442,35.097336,34.85412,34.93562,33.566143,33.727673,33.20719,33.11355,33.53739,33.057045
France,FRA,2013,33.818172,33.609844,34.29053,34.86777,34.5899,35.429935,33.272568,32.95755,31.954784,31.719843,32.823517,33.276096
France,FRA,2014,32.924515,32.73953,33.985855,35.02205,33.60861,34.439922,33.808636,32.482925,31.568392,32.522007,33.68532,33.78319
France,FRA,2015,31.86121,32.031326,33.003155,33.883705,32.96598,33.433083,33.14777,32.16599,30.941885,30.660944,31.959242,32.422035
France,FRA,2016,30.595339,31.257719,32.23746,32.83598,32.54761,33.617756,32.450546,31.19763,29.587578,29.838951,30.9506,31.319908
France,FRA,2017,30.292873,31.27115,31.798687,31.767338,32.227016,32.49321,30.88774,30.9752,29.492004,29.287794,30.374008,30.188013
France,FRA,2018,29.723946,30.727894,31.558401,31.721235,31.714203,32.20302,30.960663,30.439062,28.448767,28.050987,29.051416,29.742434
France,FRA,2019,29.573893,30.004944,30.991175,31.458298,31.184608,31.974566,30.585974,29.766628,28.492731,28.045797,28.445545,29.681976
France,FRA,2020,27.336348,28.547598,30.014776,30.483042,29.7994,30.891378,29.87916,28.998798,27.72613,28.30661,28.275612,29.200726
France,FRA,2021,29.954184,30.333462,31.224133,31.333324,30.61452,30.799623,29.195301,28.407738,28.918371,28.48576,26.82649,25.217077
France,FRA,2022,27.299326,28.355074,28.069546,28.778723,29.733774,30.052164,29.501143,28.698376,27.440908,27.788568,28.72161,28.011782
France,FRA,2023,25.588417,26.897293,26.776339,26.469536,27.159351,27.364166,27.229103,26.289385,25.482456,25.831995,26.853172,26.204927
Germany,DEU,1946,33.67841,33.081863,34.828255,36.448,33.863037,34.325836,34.13919,33.663704,31.326406,28.623993,23.66955,19.573915
Germany,DEU,1947,32.997078,32.398083,33.166187,37.06467,33.952084,35.08232,35.36493,35.424213,35.04752,36.161503,36.950798,36.866116
Germany,DEU,1948,37.026234,36.04111,35.938885,39.16033,35.385815,35.9397,35.565422,35.583107,35.78997,36.528717,36.968655,35.82778
Germany,DEU,1949,36.272606,36.139034,36.60796,39.567642,38.353355,38.914593,38.785095,38.717304,38.547882,39.96477,40.915092,38.21652
Germany,DEU,1950,36.275055,36.8836,37.274994,38.70743,36.54179,37.457172,38.98432,40.02114,40.366653,42.114555,41.368233,39.1462
Germany,DEU,1951,36.44498,35.536297,36.526676,38.273525,37.093224,38.203037,39.090687,40.474953,39.798103,40.656315,40.28875,38.361935
Germany,DEU,1952,35.639477,36.221344,35.553288,38.874157,36.282,37.65283,37.91222,39.45582,40.280125,41.387066,40.81459,38.899483
Germany,DEU,1953,36.039776,33.931103,35.127663,38.766525,36.172123,37.678154,38.489212,39.796482,40.05262,41.130547,40.21594,38.657665
Germany,DEU,1954,36.242786,36.074036,35.215485,38.68295,37.107113,38.260223,39.205917,41.06928,40.27084,40.177586,41.009613,38.925625
Germany,DEU,1955,36.47888,36.229786,36.463364,38.799023,37.14469,37.842358,39.312702,39.90963,40.24678,41.62112,40.975693,38.722614
Germany,DEU,1956,37.54254,37.595657,36.776657,39.596767,37.77455,38.936245,38.63863,40.98799,40.900593,42.816715,41.91798,38.776123
Germany,DEU,1957,38.96606,38.088654,38.853325,41.30453,38.395836,39.28753,41.123875,41.68321,42.573742,42.67457,42.789158,39.75645
Germany,DEU,1958,40.725754,39.684982,39.366364,43.151157,38.115627,37.17982,38.71165,42.03817,41.715218,44.555164,43.122906,41.381348
Germany,DEU,1959,40.99657,40.310936,40.80459,43.68003,41.07867,42.483402,43.296356,44.598465,45.80988,46.080395,46.010883,42.991947
Germany,DEU,1960,41.2633,40.397045,40.165333,45.091488,43.246426,43.714943,44.216503,44.950157,45.309708,46.334465,46.33024,42.947426
Germany,DEU,1961,43.959618,43.70789,43.62508,45.76936,44.040493,44.14833,45.10162,46.76009,47.435757,48.87229,48.034637,45.59309
Germany,DEU,1962,43.736183,43.490093,43.3465,46.31554,44.81659,44.747147,45.77611,47.145687,47.166466,48.317997,47.772793,45.652725
Germany,DEU,1963,43.711674,43.85773,44.2868,47.853622,45.162563,46.92593,46.632946,49.077755,49.43349,50.906887,48.928707,47.73511
Germany,DEU,1964,44.5037,42.838814,43.19741,47.554783,44.471428,46.90428,47.31335,48.299618,50.298767,50.21657,50.086662,48.029617
Germany,DEU,1965,42.565506,43.521328,41.809834,46.34846,44.65279,45.53141,46.323982,47.52352,48.599026,49.58058,49.622887,46.06528
Germany,DEU,1966,41.762043,42.41968,42.58797,45.67988,44.620113,45.500774,46.863407,47.82334,48.342396,49.30323,48.069912,46.080395
Germany,DEU,1967,40.607296,40.69757,41.438942,44.05611,42.488712,43.695744,44.7534,46.441074,46.352684,47.319695,47.76646,44.365227
Germany,DEU,1968,38.95871,37.94177,37.50905,41.658237,40.84339,41.361744,42.527313,44.013943,44.765636,45.55306,45.09891,44.34031
Germany,DEU,1969,35.36866,35.3873,36.190502,39.500954,37.47555,40.11509,39.599724,41.30905,42.217503,43.65081,42.792774,42.21136
Germany,DEU,1970,35.875572,33.88636,32.45708,34.635986,34.758812,36.935146,37.590168,37.479637,38.51496,39.131493,38.471214,36.62185
Germany,DEU,1971,31.91545,32.843807,32.524887,35.202003,33.45579,35.20895,35.618603,36.42088,37.10308,38.1144,37.54775,36.161503
Germany,DEU,1972,26.78179,27.228792,27.226206,29.042498,29.205654,31.830896,33.30304,33.535034,33.57866,34.562748,34.558395,33.649
Germany,DEU,1973,25.535137,26.019516,26.310823,27.923546,27.845856,29.110073,29.232437,29.07086,29.246788,30.143503,29.74714,29.619026
Germany,DEU,1974,24.80234,25.47418,26.254862,28.84876,28.034977,28.765324,28.111376,29.606773,28.830189,29.577362,28.354708,28.695475
Germany,DEU,1975,25.415047,24.709358,24.964504,27.41451,26.72869,28.010878,27.491753,28.043964,28.479856,28.272707,28.27195,27.97044
Germany,DEU,1976,25.244715,25.83633,26.024893,29.085972,27.718004,28.244114,28.226183,28.0987,27.820559,29.018166,28.03716,28.129744
Germany,DEU,1977,25.908072,26.416698,26.780973,29.025614,27.808685,28.193872,29.280977,29.512417,28.353653,29.259165,27.985231,26.852047
Germany,DEU,1978,26.07391,25.759089,26.497902,28.584534,27.488852,28.704052,28.906586,29.624336,29.166168,29.45809,28.866186,27.587294
Germany,DEU,1979,26.677221,27.198402,27.813177,29.556177,28.6967,29.104763,28.242643,29.20157,28.866488,28.82782,28.192808,27.832785
Germany,DEU,1980,28.88378,28.357452,29.23098,30.997602,29.878407,31.566616,30.484766,30.66798,30.307068,29.943352,29.63614,29.483006
Germany,DEU,1981,28.208986,28.022738,28.499409,31.653946,30.536043,31.234938,30.35392,29.54836,30.306646,30.33671,31.073547,29.256306
Germany,DEU,1982,28.227367,28.382355,29.15868,31.64677,30.352232,31.06583,30.470415,29.074944,29.772285,30.678192,30.381174,29.4152
Germany,DEU,1983,26.548962,26.899565,27.312393,29.927612,29.527939,29.354746,29.498774,29.347393,28.584955,29.52712,29.837135,28.414038
Germany,DEU,1984,26.189915,27.092037,27.687368,29.177143,28.927078,29.267334,28.449045,28.37074,27.715458,28.75021,28.682953,26.965601
Germany,DEU,1985,25.728752,26.610435,27.917337,29.898067,28.440998,29.54918,27.656366,28.647684,28.779116,28.973234,28.544195,28.075008
Germany,DEU,1986,28.632162,27.605715,29.188908,31.77804,29.872278,30.190477,29.657055,29.290209,30.146254,28.759195,29.331083,28.70977
Germany,DEU,1987,28.294765,28.282742,28.970375,32.008076,30.942472,31.964466,31.717258,30.371021,29.779882,29.922112,29.820402,29.280813
Germany,DEU,1988,29.226894,29.43757,29.675804,33.199627,32.04534,31.586222,30.744772,31.319082,29.788324,31.885221,31.153904,30.681868
Germany,DEU,1989,29.46585,29.129448,29.35638,31.573328,31.828445,32.181362,30.688635,30.508677,30.099825,30.693714,31.31504,29.750555
Germany,DEU,1990,28.507267,29.571657,31.183401,33.751457,33.176105,33.00678,30.750015,31.199738,30.594055,31.263418,31.859322,30.962078
Germany,DEU,1991,25.80172,26.268438,26.614582,30.071297,29.141182,29.932917,28.748243,28.513973,28.571896,28.855194,29.765541,30.011375
Germany,DEU,1992,25.458817,25.413347,25.910074,29.358364,28.550652,29.135632,28.001562,27.206465,27.089914,27.810276,28.573767,28.005552
Germany,DEU,1993,24.587034,24.804518,25.87467,28.837593,28.169235,28.749998,27.74964,26.19313,26.82855,27.504421,28.003485,27.852198
Germany,DEU,1994,24.80984,24.56794,24.730646,27.0477,26.67609,27.027327,26.893118,26.185175,26.301311,26.135761,26.437355,25.738272
Germany,DEU,1995,24.222403,25.03876,26.129738,27.6548,27.27869,27.60008,26.73536,24.538803,23.912228,25.570913,26.031094,25.393375
Germany,DEU,1996,26.53332,26.420452,26.918274,29.171232,28.274189,28.479254,26.974812,25.435997,25.276522,25.867062,26.301455,25.371988
Germany,DEU,1997,25.341623,24.666004,26.263771,28.871418,28.100662,29.195093,28.490278,27.369,27.618765,26.140638,28.393623,27.890333
Germany,DEU,1998,24.564653,24.917902,25.642845,28.883356,27.639397,28.470514,26.017576,25.66669,26.368029,25.939068,26.90885,26.528631
Germany,DEU,1999,24.396347,23.691463,24.623098,28.092188,27.189371,27.94576,26.770353,25.910112,25.34137,25.390688,26.405205,26.102467
Germany,DEU,2000,24.075367,24.05482,24.986164,27.249199,27.081373,26.807405,26.021805,25.79281,25.099579,25.580069,26.515116,26.077225
Germany,DEU,2001,22.704916,23.412687,24.238874,25.8679,25.995888,26.314281,25.142487,25.075216,24.105783,24.15173,24.382177,25.352665
Germany,DEU,2002,22.696445,22.651667,24.251854,25.974453,25.193386,25.784216,24.166817,23.32874,23.705713,24.118597,24.450895,24.090364
Germany,DEU,2003,22.172422,22.06701,23.416626,26.07061,24.914068,26.141722,24.2253,23.47877,23.32598,22.72896,23.471895,23.400986
Germany,DEU,2004,22.611454,22.368675,23.15531,25.701883,25.44026,25.852991,24.641373,22.438221,22.812065,22.489807,23.277065,23.643612
Germany,DEU,2005,21.743853,21.661325,22.411146,24.899643,24.41318,24.407824,23.853884,22.573118,22.837564,22.648241,23.355467,22.747921
Germany,DEU,2006,20.65246,21.603615,22.898247,24.739706,24.086454,24.274967,23.216604,23.163925,21.427708,22.122553,22.592567,21.975357
Germany,DEU,2007,21.97934,22.424866,23.733648,25.512901,24.95536,24.634087,23.689966,22.460686,21.085224,22.421675,22.558678,22.816898
Germany,DEU,2008,21.188307,21.373766,22.741535,25.315443,24.35826,25.309029,24.081621,22.934418,22.72396,21.109337,22.78165,23.3632
Germany,DEU,2009,21.606688,21.265804,21.955357,24.692503,23.99544,24.960379,23.495522,21.843496,22.00519,21.497326,22.19819,22.074347
Germany,DEU,2010,22.084976,22.647438,23.617191,25.359922,24.025494,24.855196,23.861542,22.496689,21.571415,22.2642,22.349718,22.174225
Germany,DEU,2011,20.973824,21.452763,22.466259,25.029415,24.422241,24.568249,23.635122,22.114578,20.665474,21.46186,22.466145,22.012112
Germany,DEU,2012,21.34346,22.195244,23.193832,24.700657,24.734495,24.60796,23.020079,22.746737,22.048143,22.09079,22.01119,21.89979
Germany,DEU,2013,21.648767,21.88048,23.234636,25.915731,24.972082,25.685646,23.596718,22.720823,22.18886,21.712769,22.078026,22.403631
Germany,DEU,2014,22.973757,23.067513,24.505499,26.72988,25.666847,26.67495,24.934841,23.60571,23.10744,22.476128,23.579847,22.974228
Germany,DEU,2015,23.385593,23.742859,25.119814,27.52337,26.694857,26.945854,25.922516,24.121323,23.19394,23.186361,23.443375,23.636255
Germany,DEU,2016,25.401154,25.580372,26.763237,29.172318,28.657478,28.611923,27.025663,25.31864,24.355124,24.816269,25.20221,24.505554
Germany,DEU,2017,24.083315,25.00974,25.996805,28.056166,27.885866,28.024263,26.69681,26.476103,24.77246,24.743778,25.516317,24.944244
Germany,DEU,2018,23.199228,24.154366,26.09697,28.198809,27.801523,28.633957,27.470133,26.235056,25.002607,24.785028,25.225708,25.48332
Germany,DEU,2019,23.272669,24.280138,25.933495,28.096117,27.778038,28.208454,26.768196,25.219654,25.137892,23.959646,24.597223,24.586964
Germany,DEU,2020,23.553118,23.851336,25.609737,27.84121,27.033983,27.565126,26.498766,25.098318,24.545818,24.138165,24.338942,24.712883
Greece,GRC,1956,38.548916,42.883804,48.13894,44.814396,40.963814,40.367542,40.398678,39.50626,43.47599,46.833767,52.128128,54.55879
Greece,GRC,1957,37.160927,43.434914,46.25406,41.68574,41.732338,40.69549,39.90576,40.67893,45.509274,49.566677,50.8541,49.40767
Greece,GRC,1958,36.54147,46.108307,47.678486,42.989918,38.30378,36.717037,38.464664,39.761333,42.623653,47.214718,52.56684,56.06603
Greece,GRC,1959,36.86942,42.219734,45.213898,44.15033,43.004383,43.60728,41.03194,42.71287,44.09556,48.072685,51.77832,58.199356
Greece,GRC,1960,28.707132,41.456398,45.250336,45.59485,43.156765,43.41846,42.469616,41.69259,45.762577,50.096695,51.023315,50.858597
Greece,GRC,1961,33.394485,39.60796,42.673122,39.837303,40.447044,40.996937,40.562984,39.655327,43.119995,47.8143,49.012997,51.89213
Greece,GRC,1962,33.93113,39.604534,41.950974,40.261757,39.357193,41.25532,42.093082,41.791965,42.79823,47.161716,49.629143,53.962517
Greece,GRC,1963,32.70215,39.162964,40.861122,40.515064,40.483482,41.056564,41.7097,40.801495,43.075493,47.16503,48.576557,44.693817
Greece,GRC,1964,38.94643,39.299885,43.902103,43.09261,41.573334,41.74559,41.483784,41.232136,41.182556,45.67104,48.494987,48.72196
Greece,GRC,1965,34.636715,39.95026,42.17623,40.717022,40.576237,42.881817,42.692116,42.95138,44.632977,46.525696,48.855293,44.94889
Greece,GRC,1966,31.811054,42.185505,44.471874,42.031467,43.272705,43.613907,44.653515,43.902103,43.715603,47.628796,48.91397,45.952614
Greece,GRC,1967,42.447865,43.920986,45.157585,45.13274,44.067734,44.995266,44.98897,44.80976,44.338596,47.665234,50.21595,51.95176
Greece,GRC,1968,36.48847,40.080338,42.746,43.46572,43.39527,46.224247,46.13911,44.919075,46.577263,50.461082,51.246403,48.046185
Greece,GRC,1969,34.91829,39.73461,41.162567,40.99429,41.457394,43.965042,44.235905,44.458622,44.191406,46.68139,48.624237,49.75881
Greece,GRC,1970,34.318703,37.574673,36.04789,36.34238,39.84746,42.65656,42.199196,42.13979,43.49653,44.117424,44.575275,45.88305
Greece,GRC,1971,31.304224,37.25291,38.55554,39.67642,39.32738,41.3017,40.682793,40.536484,39.49842,42.497555,43.067913,42.583683
Greece,GRC,1972,33.74231,37.69106,40.274788,39.04658,39.569202,40.46692,40.30626,40.24166,40.05295,40.26485,39.996414,42.27892
Greece,GRC,1973,32.49014,36.60938,37.687634,37.16049,39.095497,39.976654,40.74783,39.519512,38.83093,39.940212,40.192562,41.815155
Greece,GRC,1974,32.950592,38.48178,40.29135,39.984493,40.586174,41.295074,42.50385,41.99735,40.528755,43.41515,43.486015,40.774994
Greece,GRC,1975,34.881847,37.24264,39.585762,40.74783,40.957188,43.600655,41.822662,39.310818,36.48957,41.281822,41.065437,42.954693
Greece,GRC,1976,33.85825,38.728237,41.22882,42.387463,41.871468,43.64703,42.64419,42.65656,39.987915,43.425087,41.70321,41.0665
Greece,GRC,1977,35.024292,38.286667,38.47935,39.306732,40.158848,41.79528,43.34934,43.130264,40.812866,42.11329,40.4933,42.106663
Greece,GRC,1978,36.014763,38.361973,39.307503,41.220207,41.950974,43.52778,43.133686,42.10004,41.059326,40.2781,42.110687,45.45572
Greece,GRC,1979,35.892197,38.618702,39.966713,41.53855,43.537716,43.64372,44.328327,45.472282,41.733665,41.470642,41.92364,40.963814
Greece,GRC,1980,34.726154,38.272972,41.248695,43.52391,41.42095,44.438747,44.417324,43.713284,42.377193,40.78162,42.372475,41.589897
Greece,GRC,1981,33.691242,35.43678,37.026737,39.819405,39.4749,41.53448,42.98646,39.84837,40.071384,41.187645,41.131966,42.060287
Greece,GRC,1982,33.439358,36.832436,37.656055,39.169025,38.632748,38.92895,39.717583,39.869812,38.52146,38.831474,38.88324,37.639374
Greece,GRC,1983,30.31454,32.357845,35.31785,36.214287,37.751392,39.426716,38.755722,39.104588,38.18498,37.606216,37.05669,37.157364
Greece,GRC,1984,28.410547,32.378086,33.773308,35.307457,35.460808,37.167572,37.21585,36.45135,34.58358,35.106182,34.316696,32.401585
Greece,GRC,1985,27.09481,29.555067,31.523485,33.03735,31.836195,33.5622,31.976858,35.235485,32.54241,32.938286,30.820578,30.89172
Greece,GRC,1986,26.13203,27.689169,30.211245,31.444656,31.515028,34.70281,31.916737,31.717516,31.518143,30.961094,28.638865,30.770308
Greece,GRC,1987,27.154427,29.47723,28.980726,29.52961,30.535952,32.346645,29.746418,30.524954,28.617762,26.448736,25.845482,25.576975
Greece,GRC,1988,25.974672,26.725084,28.612822,30.15222,29.66433,31.030289,31.174503,29.462255,26.757385,29.1232,29.089378,28.517004
Greece,GRC,1989,25.396814,25.870214,26.771544,28.021168,29.135654,30.299854,28.363335,27.4473,25.475025,27.66319,25.2533,27.155165
Greece,GRC,1990,24.458122,26.206429,27.794584,27.528723,27.630089,29.296227,28.865232,28.17593,27.345268,27.469828,26.785597,26.116905
Greece,GRC,1991,24.364557,26.986485,27.637651,28.303802,27.722462,28.123314,29.265022,28.409195,26.315453,26.40334,26.421875,27.457136
Greece,GRC,1992,25.560532,26.849436,27.520302,29.206842,27.452793,28.549652,28.92909,27.818893,27.113253,26.12014,26.87084,27.599688
Greece,GRC,1993,24.02434,26.623718,27.138792,28.219845,27.759224,28.71762,27.647923,26.591896,26.16677,26.378,26.246382,26.10154
Greece,GRC,1994,26.030062,26.518291,27.60108,27.932013,27.477146,29.249142,27.114416,27.111906,27.271946,26.33884,26.218573,27.091125
Greece,GRC,1995,24.539606,25.64273,27.637634,29.114687,27.343254,28.004116,25.901735,26.448055,25.614048,25.53163,26.294489,25.265556
Greece,GRC,1996,23.478662,24.52968,25.501303,27.45915,28.387768,29.666464,27.190893,26.752546,25.404179,24.335157,24.235825,25.490997
Greece,GRC,1997,24.230019,25.048222,26.391857,27.07612,27.015175,30.036263,27.05072,26.599506,25.452156,24.821007,25.146814,26.89718
Greece,GRC,1998,22.69873,24.440456,27.323025,27.24616,26.045174,29.340546,28.540154,27.12513,24.500792,23.722702,24.95371,24.843882
Greece,GRC,1999,23.56382,24.71582,26.992622,28.05562,27.113255,29.340977,26.43471,23.755737,23.309402,24.199427,24.787315,24.426723
Greece,GRC,2000,24.09201,26.668894,26.806332,28.141556,27.99066,28.730263,26.612995,24.378834,23.737707,24.334322,24.513735,26.54645
Greece,GRC,2001,22.893085,25.84107,27.513308,27.6492,26.79173,27.909492,25.83921,25.054184,24.356384,25.175182,24.70234,25.10836
Greece,GRC,2002,25.154715,26.623257,28.444023,28.450369,27.100649,27.092167,26.338945,22.139763,24.509953,24.315012,25.162916,26.498228
Greece,GRC,2003,24.43734,26.64542,27.76991,28.89705,26.883709,29.466127,27.193142,25.12434,23.30312,24.28633,25.993578,23.8559
Greece,GRC,2004,25.020718,26.901543,27.868784,28.878038,26.928364,29.374964,28.217667,24.846733,23.837904,23.962593,24.54935,25.408924
Greece,GRC,2005,24.401785,26.808002,27.547209,29.532444,26.75033,28.87288,28.317232,25.739836,25.12648,24.852478,25.999435,26.888588
Greece,GRC,2006,24.729383,28.204172,30.106375,30.341314,29.26212,31.260277,28.74097,26.89584,24.418648,26.315384,26.695995,25.974707
Greece,GRC,2007,25.82823,27.280283,29.67541,30.033491,29.284998,29.785555,27.233503,26.63612,24.401915,26.932983,26.62399,27.8
Greece,GRC,2008,27.722128,29.537273,31.155746,32.918774,30.622194,32.42868,29.867493,27.524744,25.713736,24.524921,27.064852,29.416847
Greece,GRC,2009,26.943644,28.701056,30.820415,32.13647,28.414421,33.546165,29.243118,27.917612,27.140158,26.398327,28.603605,28.593336
Greece,GRC,2010,26.551834,27.476917,28.895191,30.681986,27.919403,31.387852,29.546335,26.724602,24.466978,28.30156,27.947508,28.587635
Greece,GRC,2011,24.535244,27.11188,26.803995,28.462519,26.602623,28.89628,26.550917,24.281866,23.141684,25.037691,25.674109,27.236483
Greece,GRC,2012,22.110691,23.55174,25.604446,26.440931,26.192848,26.633688,24.47862,24.791708,23.145542,24.187206,24.11493,25.930481
Greece,GRC,2013,22.010506,24.205795,26.191101,26.689209,24.222845,24.960009,23.49872,20.999256,21.446814,21.310816,22.140581,23.9538
Greece,GRC,2014,22.05289,23.80449,24.958204,26.277723,23.504757,25.86653,22.878204,22.06312,21.565811,21.425297,21.317875,21.849972
Greece,GRC,2015,22.1078,23.605244,24.998697,25.48089,23.872671,26.163082,22.748125,21.445147,21.753748,21.238579,22.21512,22.952097
Greece,GRC,2016,22.38592,24.09975,25.018444,26.989384,25.062197,25.345747,23.21132,21.299341,21.549026,21.690838,21.991873,23.67776
Greece,GRC,2017,20.063854,22.36471,23.407911,25.356956,23.376013,24.077948,23.868364,22.251167,19.864534,21.423285,22.52978,21.946102
Greece,GRC,2018,20.36358,22.359367,23.333021,24.187874,23.022469,24.596241,22.54419,20.732431,18.90991,20.789206,21.241615,22.487806
Greece,GRC,2019,19.178532,22.05523,23.08445,23.500954,22.320086,23.813654,20.658121,20.85059,19.60166,19.765005,20.219765,21.65368
Hong Kong,HKG,1971,43.466938,43.779266,44.83741,44.14394,42.87287,39.626083,36.941605,34.632385,33.392097,34.950005,37.704815,41.714146
Hong Kong,HKG,1972,40.378963,43.96768,45.902027,47.894016,43.937485,41.937656,38.15719,35.20881,33.805397,36.17343,37.750175,35.179398
Hong Kong,HKG,1973,42.231747,45.687733,46.743134,46.86077,44.243343,40.484837,36.95984,35.426437,34.91158,38.037983,38.675114,42.578777
Hong Kong,HKG,1974,41.520042,42.47859,47.543068,48.88472,47.390137,44.70801,39.974487,36.214607,35.361343,36.92631,38.41463,41.29065
Hong Kong,HKG,1975,43.008152,42.028824,43.361065,43.572617,41.308296,39.92606,36.637707,34.785313,35.829346,37.385098,39.039787,41.308296
Hong Kong,HKG,1976,43.57281,43.979836,45.08445,44.447838,42.819935,38.2909,35.39781,33.87951,33.9695,35.073524,35.83249,36.843964
Hong Kong,HKG,1977,41.461224,43.81573,44.46097,44.241188,42.767,40.237797,38.80145,35.66759,33.993813,34.479458,39.085373,40.637764
Hong Kong,HKG,1978,43.672802,44.84898,45.384422,46.514328,44.949165,41.972946,38.94124,35.461727,34.516514,34.938244,36.180996,37.614487
Hong Kong,HKG,1979,42.543488,44.490383,46.937233,45.177185,45.213852,41.33182,38.82576,37.05571,34.9055,35.94404,38.740234,40.02017
Hong Kong,HKG,1980,43.87867,47.875782,47.225445,47.109966,46.625496,44.684483,40.679523,36.849846,36.145397,37.290985,41.06369,40.426018
Hong Kong,HKG,1981,45.296196,47.347004,49.225277,49.036667,48.72532,45.16091,41.433186,37.42627,36.965916,38.243847,38.82489,41.967064
Hong Kong,HKG,1982,44.61978,46.25298,49.666416,48.404564,45.643227,44.290398,41.214382,38.014454,37.39137,39.526093,40.79153,40.26721
Hong Kong,HKG,1983,42.696415,47.000565,46.160828,46.48394,44.04924,43.1552,39.03241,35.5676,35.683475,38.37325,40.238007,40.796574
Hong Kong,HKG,1984,40.337788,43.833965,44.51979,42.19293,40.931858,38.56735,36.552616,34.74414,33.483265,34.16184,34.637863,37.955635
Hong Kong,HKG,1985,39.1026,43.195786,43.266956,40.795006,39.64373,38.56735,37.196877,34.255947,33.051735,33.708935,35.803295,37.614487
Hong Kong,HKG,1986,35.501995,40.16349,39.763077,38.88064,36.106373,36.52149,33.28318,31.818954,32.04485,33.249847,34.291096,35.697002
Hong Kong,HKG,1987,34.15349,37.356293,39.81242,36.810356,36.18959,34.73344,33.280815,31.599419,31.008661,32.003788,33.256363,33.230877
Hong Kong,HKG,1988,42.368057,46.631447,42.768215,42.101906,38.107754,36.21418,34.96253,31.589478,30.378155,31.807434,31.618092,31.616316
Hong Kong,HKG,1989,34.456417,37.082138,37.12382,36.743595,35.23197,32.59266,32.273685,29.81391,29.14542,30.402897,31.51709,37.669804
Hong Kong,HKG,1990,33.623432,35.993107,38.443153,34.64522,33.66343,32.175312,31.977655,29.319162,28.613571,30.0351,30.217548,31.7685
Hong Kong,HKG,1991,33.71966,39.585567,36.89594,35.736603,33.3909,32.76357,30.406866,29.07613,28.61298,28.89876,31.075909,30.763092
Hong Kong,HKG,1992,34.87406,38.333374,38.28861,36.74837,34.53543,33.633514,32.671062,29.663277,29.901714,30.553251,29.876982,31.609264
Hong Kong,HKG,1993,33.32829,34.46741,37.712852,34.95757,34.644012,32.76037,31.88257,29.85745,29.20067,30.126837,30.657864,32.88793
Hong Kong,HKG,1994,33.191956,36.776306,35.651867,36.57351,33.867447,33.55707,33.45558,29.853134,29.07746,29.213875,30.043886,29.9396
Hong Kong,HKG,1995,31.02852,33.987198,34.726772,32.623264,29.870457,28.70863,29.70699,27.960447,27.47047,29.06527,29.310638,30.68032
Hong Kong,HKG,1996,29.144026,30.979656,29.330042,28.882133,27.12612,26.313414,25.192657,24.646845,24.153732,24.984709,26.728022,28.693382
Hong Kong,HKG,1997,24.389883,26.001358,25.623446,25.711046,24.183556,23.489397,24.779606,24.671345,24.61017,25.10763,25.416763,26.895754
Hong Kong,HKG,1998,22.58424,23.014791,24.628113,24.242153,21.44232,21.503586,22.702204,20.909807,20.325682,21.635763,21.35119,22.11613
Hong Kong,HKG,1999,22.123198,22.958738,21.084158,23.246174,21.600143,21.303892,21.146286,19.383207,19.442244,20.339876,20.47195,22.43888
Hong Kong,HKG,2000,23.868763,26.443775,25.191095,26.227585,22.835278,21.512104,20.54939,20.030342,19.010069,19.774275,20.361507,20.914093
Hong Kong,HKG,2001,19.762674,20.043636,21.714128,20.977081,19.862339,18.740131,18.836288,17.899862,18.066757,18.91529,19.952555,21.89789
Hong Kong,HKG,2002,20.542532,23.008821,21.515635,21.461628,20.47868,19.19466,18.775194,17.864162,17.856329,18.011711,18.465818,18.572248
Hong Kong,HKG,2003,17.784798,20.320005,21.746126,20.552143,19.228325,18.30377,18.35406,17.382868,17.817957,18.503157,18.903246,20.358263
Hong Kong,HKG,2004,23.660543,23.827234,24.531733,23.43777,20.934673,19.05714,18.982624,17.830683,17.684326,17.829565,17.280472,16.188112
Hong Kong,HKG,2005,24.926683,26.957174,26.174675,25.135221,23.311346,22.368519,21.786142,20.319065,20.696457,20.65497,20.942097,22.536346
Hong Kong,HKG,2006,29.373943,30.585407,31.714338,29.548462,26.38582,25.464525,25.111729,23.019457,22.835737,23.94052,23.089638,23.856632
Hong Kong,HKG,2007,31.948978,36.013332,33.742966,31.99271,28.73592,26.045444,25.556623,23.71239,23.54938,24.09284,24.82071,27.45487
Hong Kong,HKG,2008,35.446712,36.80376,36.148865,35.243805,31.635876,30.03282,28.871557,26.39533,26.779287,26.357264,27.128843,31.603477
Hong Kong,HKG,2009,34.19585,35.244938,39.194546,36.18175,33.23778,29.964102,30.0709,28.301807,28.725391,29.655714,31.408298,31.178902
Hong Kong,HKG,2010,38.448643,40.056892,38.047417,38.92036,35.82371,33.68587,32.73507,30.245987,30.314705,32.001816,32.31845,32.865723
Hong Kong,HKG,2011,33.72417,36.76996,38.0522,38.157726,38.925316,37.114,38.015995,36.24079,36.384262,37.293076,36.453293,37.22019
Hong Kong,HKG,2012,31.339062,36.36714,38.868504,38.156437,35.971363,34.11925,35.241436,34.566074,33.152843,34.85966,34.480442,34.467552
Hong Kong,HKG,2013,22.476915,23.158205,23.122547,23.063934,22.559793,20.97337,20.48277,20.17363,20.23212,20.634422,20.664314,24.118837
Hong Kong,HKG,2014,25.283512,25.816504,27.047071,26.057991,23.26031,22.596449,22.718216,22.0133,22.313334,21.679499,22.85176,22.147825
Hong Kong,HKG,2015,23.027073,23.910242,23.233255,23.862759,21.87139,21.18916,21.276705,21.620073,21.358843,21.483114,22.884062,24.977617
Hong Kong,HKG,2016,23.686451,25.039585,23.710352,24.565306,22.744648,20.782148,22.211283,21.542917,21.98733,21.842283,22.20656,22.031944
Hong Kong,HKG,2017,21.174395,21.832176,21.861513,22.100962,20.189411,19.168211,20.543316,19.88992,19.961075,21.327448,21.765661,22.058506
Hong Kong,HKG,2018,20.037302,21.348808,19.965477,20.426195,19.473597,18.49947,19.411486,19.383837,18.792475,18.450766,20.042372,21.425238
Hong Kong,HKG,2019,19.46762,20.128628,20.38696,20.629145,18.652676,18.21176,18.594656,18.652927,19.273293,19.413477,18.861118,19.8855
Hong Kong,HKG,2020,13.928174,14.232613,15.050968,16.174286,15.324316,14.724337,15.055301,15.079573,15.613962,16.65377,17.57173,19.481758
Hong Kong,HKG,2021,13.514027,14.495587,14.1573925,14.330484,13.379109,13.2475815,13.486043,12.446221,12.708223,14.155395,13.836388,14.126351
Hong Kong,HKG,2022,10.851406,10.206686,12.608143,13.791882,12.559798,11.723671,12.095587,11.107339,10.953408,12.239756,12.931597,13.244095
Hong Kong,HKG,2023,12.491406,12.822285,12.970641,12.255045,11.892445,11.343196,12.057908,11.381935,11.428453,12.459471,12.440659,12.561179
Hungary,HUN,1950,50.079266,52.729656,55.381104,59.77169,59.15021,57.052727,54.65071,58.05516,60.131992,62.356834,60.845085,58.965885
Hungary,HUN,1951,46.781776,47.207714,52.364822,59.899364,57.987614,57.292656,55.038914,56.55457,55.553047,59.281754,60.358814,57.488953
Hungary,HUN,1952,49.56172,51.988228,54.611248,58.772945,55.22856,54.45003,51.201935,51.96508,54.864,55.072506,53.95337,49.734936
Hungary,HUN,1953,52.80823,52.91191,57.899227,66.56417,62.463554,62.816658,59.41678,59.92088,59.968864,61.65753,58.295906,54.663624
Hungary,HUN,1954,56.440334,56.504303,59.19194,65.18072,66.763176,66.97234,64.81389,67.76506,65.989944,65.09299,61.88418,60.38268
Hungary,HUN,1955,47.309742,50.361107,54.79906,59.570213,59.30961,58.671947,58.98923,64.09849,64.55813,65.57056,62.196514,59.6258
Hungary,HUN,1956,41.69016,47.245213,52.734802,57.38258,56.426132,53.846664,52.630318,57.113224,57.64868,58.74653,54.795044,51.190536
Hungary,HUN,1957,40.894596,41.320866,46.04833,50.0646,50.06496,46.844322,48.360485,50.072926,48.46644,46.941174,45.566666,44.151794
Hungary,HUN,1958,38.88529,39.77842,42.76316,45.371292,41.003666,41.688118,43.00258,48.102478,46.251564,48.40204,47.472908,44.95515
Hungary,HUN,1959,35.006104,35.407703,38.621544,42.37255,41.37331,42.724945,42.405563,44.515305,45.91427,46.168827,45.020782,41.191967
Hungary,HUN,1960,34.010605,33.639877,36.54006,39.349983,41.434486,40.925987,41.036163,43.025238,43.17518,45.049862,43.60283,39.4962
Hungary,HUN,1961,33.418137,32.745,34.727673,38.057644,37.74053,37.67683,39.206104,41.603027,42.492653,43.118275,41.42093,38.460926
Hungary,HUN,1962,28.682156,29.619978,33.077213,35.895084,35.90064,37.234474,36.914116,37.429768,37.947735,38.626564,39.25025,34.928005
Hungary,HUN,1963,31.674973,31.147627,32.33085,36.433884,36.035408,37.05896,37.85126,39.526978,38.92644,40.341885,37.047287,33.297802
Hungary,HUN,1964,32.093384,31.034575,31.787382,35.144474,35.568867,37.77836,37.573765,38.100227,37.516533,39.750515,37.126083,34.99819
Hungary,HUN,1965,31.372814,31.222643,33.460823,36.48855,36.240574,36.692852,37.867317,39.23359,38.394897,38.602386,37.511627,34.340187
Hungary,HUN,1966,36.170555,33.098293,34.480045,35.62981,36.32954,38.471497,39.060448,40.562916,40.378735,39.916275,38.199127,35.52279
Hungary,HUN,1967,39.3902,36.867107,38.540203,41.22116,40.172478,40.2767,41.014854,41.23167,41.10592,41.618244,39.66795,38.522278
Hungary,HUN,1968,36.71142,34.696495,37.123432,40.316956,41.524364,43.507954,44.034264,44.07588,44.050808,44.023415,43.47328,40.873142
Hungary,HUN,1969,37.078094,35.8093,38.0062,40.61331,41.06521,42.9977,41.240005,43.867947,43.753677,44.004158,43.577637,41.695087
Hungary,HUN,1970,35.935432,32.91715,34.947605,39.48071,40.033325,42.695408,43.554527,44.378624,44.04572,44.57663,42.719727,38.861656
Hungary,HUN,1971,36.692608,36.243973,37.07393,39.593822,40.766277,42.37518,40.913296,42.491253,41.325356,41.980114,40.8862,38.489746
Hungary,HUN,1972,39.352257,38.323063,39.63784,40.366734,39.01935,42.738754,41.691666,41.029694,41.49914,42.10723,40.401386,38.18823
Hungary,HUN,1973,40.21225,37.620148,38.48149,41.775013,42.925823,43.54161,42.881687,41.6367,41.37626,41.41719,41.346355,40.2105
Hungary,HUN,1974,49.27887,47.1798,49.773495,53.492424,54.656258,52.91548,49.28166,49.042873,46.492096,45.814808,44.18913,43.20224
Hungary,HUN,1975,47.396343,45.642536,44.61177,49.46768,51.702377,53.779663,52.306488,52.329685,52.114704,53.51296,52.881374,51.592308
Hungary,HUN,1976,43.347916,43.449463,44.86739,49.543385,48.675507,50.13522,49.719177,49.53331,48.73236,49.186966,48.85125,48.803356
Hungary,HUN,1977,41.181187,40.787025,42.769043,45.620846,46.061325,46.7759,48.983032,48.978085,46.75747,49.04052,47.39626,45.209602
Hungary,HUN,1978,39.12693,37.501537,38.727055,44.297516,43.82153,45.50992,43.986095,46.159435,44.906277,45.77416,45.29221,43.495583
Hungary,HUN,1979,37.953606,39.00284,38.675304,40.823708,41.101776,42.290146,43.306923,43.80522,42.417698,42.305187,41.31416,40.193684
Hungary,HUN,1980,34.72256,34.82515,36.270554,39.2888,38.475185,40.14395,38.906948,38.91943,38.47708,38.198788,38.364063,39.012104
Hungary,HUN,1981,33.920753,32.57867,33.83731,36.401936,36.448437,39.203102,39.06171,38.136753,37.642277,38.45047,38.34675,35.906548
Hungary,HUN,1982,31.790455,32.069187,32.099987,35.753757,35.737064,35.653168,35.184925,34.44759,34.712357,34.94293,34.985233,34.730385
Hungary,HUN,1983,30.432371,30.06994,31.355679,34.554466,34.51394,35.098404,33.160255,32.599545,32.339893,33.992683,33.530296,32.243404
Hungary,HUN,1984,29.878992,30.521385,31.321854,33.11857,33.537518,35.597034,33.868286,32.393723,31.332188,32.586456,32.486557,31.732164
Hungary,HUN,1985,31.68646,32.82191,33.37404,36.42538,35.056625,36.301083,33.76108,34.3201,33.23946,34.046783,32.937862,31.941067
Hungary,HUN,1986,31.821514,30.772594,31.784023,34.135326,34.670605,36.155586,34.577324,32.365604,33.913143,33.983974,33.747604,33.234207
Hungary,HUN,1987,31.451777,31.815216,31.153368,33.829765,33.93127,35.366806,34.4632,32.36278,33.231686,32.510727,32.40354,32.60929
Hungary,HUN,1988,30.995544,31.217182,31.167238,33.386353,33.620964,34.05382,32.573174,33.43568,30.400682,33.20733,33.286472,33.133553
Hungary,HUN,1989,30.892303,30.11098,30.645885,32.95338,33.618217,35.090553,33.534042,32.156704,32.09377,32.88611,34.011055,31.948566
Hungary,HUN,1990,33.203884,32.03206,32.394123,34.218582,34.018787,35.358036,32.584488,32.71407,32.25226,33.508533,33.195087,32.68648
Hungary,HUN,1991,31.66514,32.01704,31.994783,34.21797,33.583702,35.39957,34.317665,34.37978,33.610874,34.302105,34.22507,33.45332
Hungary,HUN,1992,30.384678,29.96747,30.255587,33.081356,33.00417,34.17751,33.167,31.354412,31.426558,32.674397,32.987255,32.398907
Hungary,HUN,1993,29.58184,29.49176,30.758284,33.33115,32.694168,33.397007,30.39012,28.71792,29.475168,30.628191,31.231354,31.762564
Hungary,HUN,1994,29.76632,28.181889,28.146431,31.73446,31.1315,31.081163,31.314323,29.773731,30.984991,31.503448,32.04482,31.91081
Hungary,HUN,1995,27.965708,30.29244,30.870707,33.409737,31.699797,31.352009,28.962137,27.583857,26.589474,29.256205,29.027256,29.64487
Hungary,HUN,1996,26.494354,26.541113,26.391228,28.159012,28.72638,30.067028,28.296318,27.33499,27.510826,28.39502,28.399477,28.485214
Hungary,HUN,1997,25.544865,24.711641,25.714342,27.892511,26.746277,28.193378,27.10604,27.013708,26.976263,26.743702,26.786919,27.27898
Hungary,HUN,1998,24.360575,24.646646,24.708178,26.709028,25.87933,28.099283,26.694147,26.36455,26.1659,26.459421,26.009207,25.640602
Hungary,HUN,1999,25.273092,23.779371,24.35669,27.189495,26.639551,27.171469,26.141094,23.860128,24.651985,24.946371,25.08407,25.017746
Hungary,HUN,2000,26.389048,26.756771,26.047,26.658527,26.954414,26.981003,26.339796,25.311525,24.644955,25.564331,26.207924,25.775888
Hungary,HUN,2001,24.85527,24.980265,25.31114,27.05699,26.9047,27.967216,25.76639,25.493967,25.798244,26.259258,26.255394,26.786503
Hungary,HUN,2002,25.948523,25.316448,26.917162,28.49356,26.094637,27.37795,25.718124,24.691002,25.142681,25.721964,25.900997,26.231348
Hungary,HUN,2003,24.049871,23.553427,25.714113,27.695858,26.340475,28.59507,26.284157,24.684925,24.784376,24.64849,25.280642,25.837917
Hungary,HUN,2004,26.485275,25.265276,25.536455,27.311495,26.819206,28.05785,25.924374,24.262917,25.130217,23.842873,24.923203,25.396053
Hungary,HUN,2005,24.72805,25.551027,26.990805,29.053991,27.115608,27.885685,26.566889,25.282715,25.499006,26.35522,26.665852,26.512083
Hungary,HUN,2006,25.72693,27.105906,27.647219,29.650171,28.883518,28.604986,27.371702,25.639647,26.259892,26.760317,26.39818,26.3963
Hungary,HUN,2007,26.134619,26.296892,27.350327,28.536125,28.391691,28.515347,26.304308,25.79507,23.866533,25.11528,26.486547,26.730639
Hungary,HUN,2008,26.62195,26.148478,26.782837,29.282179,27.738663,29.91405,27.479155,25.27995,26.056252,24.919918,26.549318,27.52837
Hungary,HUN,2009,25.230173,24.25517,26.636065,28.683115,26.90335,28.888613,26.867355,25.06293,25.412354,25.514067,26.232834,27.069664
Hungary,HUN,2010,24.183466,24.545992,23.884317,25.622993,24.144394,25.185232,23.939627,22.632408,24.702112,26.407038,26.521893,25.739763
Hungary,HUN,2011,24.15887,24.664305,24.795246,26.548424,25.696646,26.09667,24.520489,21.88858,21.282583,22.822771,23.65852,24.61942
Hungary,HUN,2012,23.981556,24.009476,25.061895,27.112188,26.85353,26.155743,24.274708,23.782768,23.637287,23.646715,24.890633,24.848673
Hungary,HUN,2013,24.066214,24.443626,25.978483,27.413687,25.57988,27.00106,24.653685,22.854979,21.637953,22.758183,23.8345,24.36712
Hungary,HUN,2014,25.659647,25.364052,26.098232,28.047915,26.16702,28.068022,26.086937,23.613361,23.75786,23.434744,23.662756,24.791002
Hungary,HUN,2015,25.5085,24.509491,25.425415,28.34388,25.958591,27.027847,25.989725,24.0978,24.43889,24.130037,24.477226,26.224041
Hungary,HUN,2016,25.776834,26.176413,27.611046,29.21664,27.786283,27.351257,25.549072,22.750418,23.254486,24.812538,25.20421,25.330233
Hungary,HUN,2017,25.029526,24.891832,25.970795,27.833527,27.217966,27.24642,25.548798,25.122465,23.27358,24.705805,25.120953,25.507511
Hungary,HUN,2018,23.737108,24.92613,26.345165,27.10945,26.345839,27.341022,25.690458,23.3494,22.899218,23.554909,24.999924,25.693401
Hungary,HUN,2019,25.690538,24.95629,25.76829,27.196177,26.354435,24.356434,24.205639,23.443941,23.525457,22.921055,23.914389,24.345612
Hungary,HUN,2020,23.751064,25.369837,26.609766,29.109112,26.929556,28.640936,26.448439,24.07248,24.11182,23.408834,24.916035,26.728045
Iceland,ISL,1878,67.690796,86.194534,113.95511,118.264534,122.1284,101.964165,102.154816,96.20189,76.21286,62.98632,62.288258,71.141655
Iceland,ISL,1879,80.18989,90.73468,107.97024,107.40529,94.982445,94.0886,84.26355,83.787605,79.637436,61.835476,77.88829,64.07891
Iceland,ISL,1880,77.80145,79.530876,101.50416,99.89624,100.3071,93.68474,96.874596,82.19943,82.22662,72.024315,64.12438,77.50013
Iceland,ISL,1881,66.24814,91.32415,89.752014,98.73598,107.55254,102.29625,90.65397,91.76669,86.62648,75.00133,77.67423,71.08374
Iceland,ISL,1882,64.043175,97.98008,89.7807,73.291,86.87097,131.69202,119.8332,93.628456,81.96885,74.35246,66.55184,60.915638
Iceland,ISL,1883,78.89447,74.81186,110.47719,121.959206,126.00306,119.022354,110.19521,46.922607,35.378742,31.036873,50.222164,67.26733
Iceland,ISL,1884,79.52959,95.814514,95.07748,123.63018,111.13949,105.34474,102.85667,80.07261,74.82258,63.81862,65.84783,70.33797
Iceland,ISL,1885,67.935616,85.05602,102.08805,106.97594,102.721924,100.57036,96.587395,74.21568,73.96814,74.351006,67.41188,77.64687
Iceland,ISL,1886,67.229515,74.55118,88.64786,90.245964,106.969185,98.97297,86.63196,75.83069,78.37936,72.300896,75.12634,55.817627
Iceland,ISL,1887,61.425056,66.15991,90.18073,100.94434,85.757126,91.89193,88.7265,76.27154,76.80649,57.646984,60.734413,64.09579
Iceland,ISL,1888,66.64115,71.65953,78.934586,98.56556,90.275604,90.66765,93.62159,72.702774,67.517136,60.72578,51.210453,49.239513
Iceland,ISL,1889,64.03387,84.17067,99.3525,114.54964,104.03578,110.50781,95.76061,89.964355,76.87573,54.676445,60.056305,63.470474
Iceland,ISL,1890,65.37914,81.25843,97.38129,97.79194,103.7802,89.14964,108.18257,87.31947,91.64658,71.31733,72.37799,54.40141
Iceland,ISL,1891,82.635216,90.15697,105.90231,112.36469,115.21288,109.43949,119.792015,87.38548,53.675327,59.757526,76.34743,77.724106
Iceland,ISL,1892,62.410694,84.84965,98.72915,104.90138,112.37014,88.288925,90.86566,93.41796,71.54717,80.565506,71.76477,70.3642
Iceland,ISL,1893,79.70414,85.607864,87.32151,105.4015,96.72942,101.21869,92.25421,92.43511,78.56593,68.95307,76.38034,81.49326
Iceland,ISL,1894,55.118057,82.04312,95.307785,93.04449,94.93011,108.654106,96.33398,82.208206,79.03773,66.783714,61.22842,60.18997
Iceland,ISL,1895,86.76139,95.61876,112.680885,109.40208,118.679855,108.36523,109.87935,103.422104,90.69946,70.76101,49.705765,44.0797
Iceland,ISL,1896,82.42504,88.375015,88.63135,120.05642,104.31369,86.82534,91.16964,83.17155,63.761158,73.882034,71.68063,73.20784
Iceland,ISL,1897,67.46845,84.1836,99.29951,100.96749,96.54157,94.09864,105.2285,79.42827,67.66232,79.16832,74.53366,79.33381
Iceland,ISL,1898,58.576397,80.03372,86.715675,87.92863,96.049706,86.875595,91.56245,76.05719,90.80627,78.67527,68.04887,77.92988
Iceland,ISL,1899,75.38205,70.25137,90.4485,100.838844,87.279816,88.18723,70.985535,85.00639,78.003975,62.613155,74.93246,66.90345
Iceland,ISL,1900,62.307686,81.461555,94.12999,103.2674,87.98353,90.89893,89.68302,75.65123,63.66578,58.31938,63.210766,70.76507
Iceland,ISL,1901,68.135574,75.53086,87.506805,102.35712,88.409195,87.62683,102.072266,85.64818,67.6848,46.98479,49.303623,51.153122
Iceland,ISL,1902,59.534832,82.21168,96.34092,91.58818,79.691956,85.05188,84.55356,81.05273,73.22006,60.242386,71.727715,60.309414
Iceland,ISL,1903,60.82546,79.65009,83.609886,94.40862,107.654686,91.853134,94.958305,67.93588,62.242012,64.74071,55.924816,64.3925
Iceland,ISL,1904,66.29558,71.468254,83.302605,85.73144,94.72068,104.07381,86.77019,80.40169,75.209145,66.36627,61.04253,64.040276
Iceland,ISL,1905,70.54593,79.95158,80.21716,82.12045,105.89866,87.17421,93.860954,75.27727,64.174965,59.33937,61.298782,64.63728
Iceland,ISL,1906,65.33764,78.17419,85.20052,105.27276,93.29012,95.3694,89.648994,72.17746,68.510475,56.43633,67.396355,69.30458
Iceland,ISL,1907,70.09874,67.66487,81.53347,98.84908,88.70921,78.22579,87.78041,75.61927,72.94008,72.21867,56.975143,66.84031
Iceland,ISL,1908,69.13585,84.26829,75.02988,89.58027,89.45971,91.06997,81.74664,72.95404,65.806404,59.840775,55.697765,59.143337
Iceland,ISL,1909,58.423176,74.25302,76.90142,92.601395,98.90182,82.11492,86.12567,62.667824,64.02481,57.39759,66.598045,72.94932
Iceland,ISL,1910,59.853874,63.8467,85.34308,86.282845,76.71644,80.565445,78.19564,69.25269,63.34437,60.197075,56.55924,59.8924
Iceland,ISL,1911,58.779243,71.28167,77.308495,83.42854,89.45322,86.093376,76.90045,66.89335,56.260048,56.360004,62.84451,62.46606
Iceland,ISL,1912,59.60013,74.40101,74.28301,78.731415,83.734375,83.770515,86.98859,64.66806,61.02238,62.08987,60.364216,63.27349
Iceland,ISL,1913,64.86512,69.39312,75.39076,81.437325,76.6549,73.005356,77.05405,68.6704,67.16896,57.96132,60.09056,69.31621
Iceland,ISL,1914,64.17136,70.16162,74.57069,77.12471,97.51878,82.87253,70.473564,67.891945,72.50721,63.57738,72.09048,64.80184
Iceland,ISL,1915,60.207005,69.77321,105.00982,108.60941,87.00106,84.53031,78.00698,55.483627,64.55899,62.89961,64.83997,67.0456
Iceland,ISL,1916,72.27406,76.966415,79.21683,91.2233,86.17908,89.84796,85.07252,57.4535,56.4212,56.087025,61.54567,59.427402
Iceland,ISL,1917,68.24444,72.45107,80.85451,86.240005,89.27014,85.12622,77.771805,61.084385,61.36466,64.846275,68.32445,65.396416
Iceland,ISL,1918,63.912346,80.597496,72.41195,88.672356,92.18799,85.19294,77.885704,57.086567,67.397934,58.906948,67.98587,63.908726
Iceland,ISL,1919,74.73223,85.20029,81.131836,65.543655,69.41538,72.9681,70.773026,65.05325,61.49369,64.117676,60.56766,61.774807
Iceland,ISL,1920,64.998955,71.15071,77.52504,84.47778,81.86429,86.45387,84.82466,78.40169,69.689964,78.963524,69.3257,72.23545
Iceland,ISL,1921,73.96865,68.41253,74.73995,81.49449,78.914665,86.11133,96.42752,79.743675,67.65386,76.43102,60.858616,56.71157
Iceland,ISL,1922,76.10098,74.557556,78.60994,85.83181,81.46593,85.257256,75.64177,55.04277,60.77906,66.324265,68.63153,66.12362
Iceland,ISL,1923,72.758156,69.79478,81.21052,80.241104,81.727974,89.471245,79.139915,72.00751,72.07887,63.1511,67.03471,56.598278
Iceland,ISL,1924,50.182293,57.31493,62.727173,85.57468,83.525696,79.960396,79.617294,77.758125,71.54452,67.302284,58.580708,70.36324
Iceland,ISL,1925,66.51035,71.159676,70.900734,83.07919,79.860054,87.446396,83.75782,66.82458,54.305805,61.7789,63.41899,57.033096
Iceland,ISL,1926,71.145226,79.203636,74.205185,87.32852,86.22354,82.50398,76.767525,63.490543,61.051685,70.41738,54.8981,63.84048
Iceland,ISL,1927,64.07723,66.62417,71.45522,79.12344,82.32898,82.438484,76.50945,66.2529,63.329693,66.4301,68.38566,60.581783
Iceland,ISL,1928,56.06596,64.37824,70.71359,77.31147,79.240906,70.34889,75.02574,62.441494,65.88634,65.39504,57.9914,56.18869
Iceland,ISL,1929,54.944942,66.5817,70.90301,82.17135,76.872574,64.44443,70.46622,67.052216,78.875626,70.593636,57.15918,63.075817
Iceland,ISL,1930,61.877266,74.21113,70.44799,87.13498,77.87964,71.71292,69.262,70.45586,70.74901,73.11787,70.034744,62.76112
Iceland,ISL,1931,56.44615,61.421776,68.33078,71.58712,74.94779,81.21883,76.36665,83.14369,78.343575,69.06838,60.77144,62.068542
Iceland,ISL,1932,58.804585,65.03681,66.21227,67.90438,69.581345,69.96048,69.97088,66.92254,62.588776,69.4358,68.6741,64.32505
Iceland,ISL,1933,57.577393,62.23115,70.87968,68.01806,62.473976,67.436966,62.949856,62.152885,53.295544,57.41709,63.015804,53.234077
Iceland,ISL,1934,55.167778,58.520496,69.10033,64.766495,68.958885,67.04905,68.18439,61.800198,58.647438,61.35897,55.40983,59.492657
Iceland,ISL,1935,56.849155,59.08003,56.383316,67.83607,55.3568,60.998055,64.52957,58.575237,62.026398,67.65412,57.54502,61.016537
Iceland,ISL,1936,55.25014,55.990116,58.64924,64.366714,64.27447,62.379997,69.3795,63.02517,61.15349,55.608913,54.430542,56.246166
Iceland,ISL,1937,43.066532,47.931038,65.086006,57.072323,63.78623,60.246674,62.29077,53.43074,53.819813,55.698296,53.759796,55.762672
Iceland,ISL,1938,52.150932,53.653675,58.224342,63.311005,55.052036,56.735046,63.4713,50.27348,50.58032,57.474434,59.13727,40.848602
Iceland,ISL,1939,50.21011,49.98997,53.53574,55.930466,61.995674,60.706905,68.652054,50.282143,48.653465,55.52667,46.227055,47.764915
Iceland,ISL,1940,50.468838,60.43915,54.28393,59.996277,58.379185,59.765266,57.94925,52.922565,55.011967,52.21395,55.29191,56.331184
Iceland,ISL,1941,61.18292,55.35123,65.21334,70.42851,57.09409,57.655807,66.17465,54.809475,52.83633,55.932865,59.905724,53.874165
Iceland,ISL,1942,60.93657,72.19554,73.335625,68.84356,66.69564,65.98312,66.36124,61.929283,68.40718,64.95832,64.41863,68.26428
Iceland,ISL,1943,60.499786,64.72102,68.88488,74.99865,72.16016,79.22351,75.83183,77.10577,65.05728,65.89649,67.30204,63.211475
Iceland,ISL,1944,79.08865,71.88827,63.31995,76.51386,66.517365,71.17202,78.891655,71.08735,66.16399,66.40501,60.135994,59.14
Iceland,ISL,1945,63.692085,65.4102,72.35551,75.91996,76.58575,70.96516,78.10748,74.20901,76.81002,78.480606,71.133606,71.675995
Iceland,ISL,1946,72.521645,65.228935,73.47105,88.66412,69.77452,67.18235,73.3325,72.795494,61.337463,77.94926,70.56767,65.81465
Iceland,ISL,1947,70.62523,76.81475,81.40514,82.05887,79.08827,74.92136,79.31159,73.28842,74.88268,76.48325,73.3005,65.6096
Iceland,ISL,1948,76.987854,70.743805,62.717426,79.92487,75.82376,77.35261,88.08569,88.915215,72.2514,81.85981,73.457794,65.74135
Iceland,ISL,1949,81.5466,78.703,74.90112,73.47313,82.50354,78.936264,77.39232,75.93626,63.73256,70.36341,78.279396,78.26661
Iceland,ISL,1950,76.84241,76.53694,78.02929,82.64372,76.516525,82.99226,79.13092,83.98657,86.01026,72.000916,78.35018,71.359955
Iceland,ISL,1951,67.67053,70.92925,66.29944,82.31829,77.55093,78.09583,73.688156,82.0817,79.40503,72.037766,83.56955,72.227234
Iceland,ISL,1952,73.939964,67.310074,82.622116,83.91839,79.36065,63.31383,84.71687,77.93753,69.99947,68.71322,81.30863,72.205864
Iceland,ISL,1953,72.26717,75.91797,72.12249,79.297325,83.29644,74.6853,89.06883,88.08346,80.299164,72.9012,65.55841,74.48873
Iceland,ISL,1954,74.98756,75.27394,72.35929,79.00255,81.60794,78.41688,81.61768,75.77665,72.58426,70.79845,75.26178,75.51187
Iceland,ISL,1955,73.983475,70.08188,74.452324,84.44262,82.682396,80.17273,71.98531,79.231384,81.59591,81.57933,72.890175,86.218765
Iceland,ISL,1956,74.29551,78.544136,77.13316,76.329735,79.38979,81.7256,86.042206,78.98448,76.13742,73.20014,82.6985,73.85147
Iceland,ISL,1957,72.87971,79.67926,82.13424,82.62955,74.8533,75.98834,79.29345,77.87931,77.996445,79.39118,84.57649,77.544304
Iceland,ISL,1958,79.39526,72.54341,77.75089,74.754974,67.68308,68.75256,80.08202,70.902176,80.745964,75.37954,76.32594,82.59484
Iceland,ISL,1959,76.232925,75.83428,77.81019,75.52496,75.84075,82.16699,79.62045,77.378555,68.99257,74.63404,83.408295,78.50674
Iceland,ISL,1960,70.54933,74.71738,81.56917,78.9358,82.20212,79.94713,77.80136,80.2091,78.82011,72.333015,69.327576,72.200386
Iceland,ISL,1961,69.01189,69.39153,72.82159,69.058624,66.759026,68.30901,68.27538,73.05147,63.25733,75.647934,70.00875,72.983284
Iceland,ISL,1962,63.378223,63.77209,76.2469,71.98202,75.94656,67.74739,72.49108,78.4201,72.34339,71.53958,72.02379,64.081696
Iceland,ISL,1963,56.887947,67.61492,70.89315,76.94632,75.097664,77.991165,74.9613,68.47243,76.45274,67.45881,71.89432,69.76967
Iceland,ISL,1964,69.45871,68.37091,63.712105,62.414394,69.00764,71.83752,70.10163,70.33442,71.367645,71.91187,72.20619,70.2281
Iceland,ISL,1965,57.99302,64.1459,68.845024,76.59672,68.697556,65.26785,71.00787,69.4843,71.20247,66.6383,69.95172,58.701576
Iceland,ISL,1966,63.91031,61.045586,72.14092,71.58902,72.3429,72.2793,60.79103,65.69763,63.87331,61.070267,63.293163,61.076523
Iceland,ISL,1967,57.10797,60.089306,63.563572,58.23682,62.431194,62.67465,57.960022,72.27983,62.827435,58.105423,58.986862,54.657356
Iceland,ISL,1968,56.739433,50.11573,54.93434,58.472958,58.082363,56.53782,53.841267,61.142612,63.077,59.655334,54.88562,60.739998
Iceland,ISL,1969,53.806572,57.26714,54.499958,55.85646,53.92604,59.0342,62.840733,60.847424,59.132725,54.712315,54.793934,55.728638
Iceland,ISL,1970,51.98476,46.246624,53.284042,52.961895,56.63612,53.816174,56.28302,53.22397,57.467197,55.475807,55.490562,54.409454
Iceland,ISL,1971,52.793583,51.70863,57.425125,61.335957,57.697224,58.694542,59.093277,62.734077,54.670506,57.51796,55.036808,53.697914
Iceland,ISL,1972,52.54234,57.857033,59.29507,61.35759,65.315544,64.79044,61.77673,71.16133,60.190517,65.002235,59.287273,54.918728
Iceland,ISL,1973,56.06961,54.87522,54.5264,53.742153,53.280006,63.064137,65.238,65.792145,59.55268,63.95322,61.57909,61.035355
Iceland,ISL,1974,46.952957,48.8823,54.68058,57.18668,49.416035,56.819187,56.1445,62.66099,55.34205,56.028873,59.266014,50.87553
Iceland,ISL,1975,48.156143,55.446663,50.907616,57.235546,55.00067,62.159237,55.569336,59.317158,58.134323,54.08632,54.34219,51.365623
Iceland,ISL,1976,46.296886,49.684074,50.16069,53.22813,54.766956,54.363827,58.486164,52.235394,57.95733,57.594433,51.706375,52.96357
Iceland,ISL,1977,46.70247,46.33717,44.141888,44.13793,51.751297,51.926212,51.732635,57.227627,50.73774,51.315807,52.163002,44.514782
Iceland,ISL,1978,46.58674,49.36449,54.86308,51.67071,55.088055,53.685474,51.486504,54.053738,50.964695,48.922882,48.27102,47.110844
Iceland,ISL,1979,51.645264,52.531452,52.022457,48.792603,54.257164,55.44897,52.914394,60.55914,56.71107,61.958668,53.40123,51.5814
Iceland,ISL,1980,49.134468,45.720284,49.220116,54.989235,51.14268,54.58101,54.402306,62.46727,60.357597,57.042824,55.261295,56.858753
Iceland,ISL,1981,51.73763,47.187046,49.892693,55.06854,49.436684,49.34777,52.346672,50.290066,61.873432,53.341854,51.806168,47.403786
Iceland,ISL,1982,47.16818,45.8196,46.18127,51.332584,50.011703,53.65803,53.80067,52.95733,53.930084,52.253246,53.466053,49.87852
Iceland,ISL,1983,42.255924,44.689137,45.05544,57.272804,50.44997,51.590034,57.165386,55.786674,53.754337,52.2099,46.350716,50.12504
Iceland,ISL,1984,37.567062,42.039978,46.761578,47.662323,50.062737,54.41069,47.35368,40.600613,51.47127,48.903385,52.17155,44.648777
Iceland,ISL,1985,40.509823,42.29648,42.02181,46.480785,41.266785,49.039658,44.485348,45.749485,48.13039,44.460823,38.570587,41.96271
Iceland,ISL,1986,39.92669,42.51541,43.024746,45.446774,46.793877,44.3048,48.143982,45.161022,42.02786,41.63039,42.879898,43.01805
Iceland,ISL,1987,46.572655,45.076195,44.587467,50.184715,48.883827,48.94012,45.47177,48.264038,50.882824,47.3212,39.886906,44.392197
Iceland,ISL,1988,43.343807,46.976624,48.74229,52.83567,52.62437,54.509296,55.739994,57.647923,54.294178,54.43859,47.01206,45.737553
Iceland,ISL,1989,44.51534,48.920586,49.154396,53.457478,54.569866,51.541584,48.93935,51.221916,48.735565,49.75042,44.630264,47.250877
Iceland,ISL,1990,42.39005,48.398678,50.15386,54.21223,55.66171,54.560257,52.752148,58.437454,48.498512,52.04347,48.93973,49.06395
Iceland,ISL,1991,41.038044,41.815258,45.378616,49.271214,51.24052,48.80173,48.808334,55.195942,51.136864,50.052307,49.211174,46.647896
Iceland,ISL,1992,43.804596,45.04861,45.974274,49.84159,51.73181,50.663685,51.24687,47.28417,48.77396,47.736862,46.16437,50.799385
Iceland,ISL,1993,41.77879,39.554653,46.72963,52.744434,46.319706,49.906113,46.932663,53.78894,52.334354,49.339035,49.231762,48.07051
Iceland,ISL,1994,41.22712,43.626904,46.602512,45.30622,43.02269,49.23294,48.898495,45.892647,46.070065,48.865185,46.457687,44.05598
Iceland,ISL,1995,38.65658,42.82023,44.343464,43.71808,43.767517,47.037228,45.503235,46.583076,44.782433,41.17742,47.742886,40.477497
Iceland,ISL,1996,39.110306,46.497486,45.263786,41.971764,43.99885,46.06434,44.031235,44.918198,45.94642,45.693253,45.14383,39.487595
Iceland,ISL,1997,39.467793,37.628017,39.17244,44.56031,43.3939,42.832485,42.07969,45.63943,42.14477,43.203777,39.40663,43.748886
Iceland,ISL,1998,36.775036,37.1912,42.59968,44.792503,42.803486,46.613598,43.589413,44.34922,41.7259,42.54839,39.164936,39.082188
Iceland,ISL,1999,38.070717,40.09717,38.3787,42.815907,44.148376,41.052628,38.61422,40.08632,38.571323,40.40053,40.37444,43.524014
Iceland,ISL,2000,38.86829,39.15367,43.76696,44.810684,41.35844,41.87025,44.864353,42.897816,41.171886,42.892937,42.8248,39.073193
Iceland,ISL,2001,30.532875,40.669662,39.733246,43.314453,45.01,41.995975,38.63637,38.105694,40.93789,34.882477,38.530422,39.957283
Iceland,ISL,2002,33.23024,37.132965,38.306946,42.73223,41.04,37.135727,39.554554,37.40105,36.69485,40.590366,39.359066,40.072136
Iceland,ISL,2003,35.880295,38.017498,42.93033,40.593266,43.204865,40.222622,39.169224,36.813076,36.448395,40.431732,41.573807,35.44862
Iceland,ISL,2004,35.191364,39.12521,37.67523,39.875908,40.94007,44.61994,38.72229,40.160683,42.679337,36.351006,40.314358,39.966354
Iceland,ISL,2005,36.636135,39.150993,40.766403,45.445896,42.86411,40.005013,40.286667,43.420372,34.89662,34.378704,38.980312,37.688507
Iceland,ISL,2006,35.198784,39.168945,39.146313,41.9574,40.266365,42.79448,47.17439,36.89882,42.517464,39.306473,38.02642,36.033997
Iceland,ISL,2007,37.914078,41.380978,41.775394,43.15098,40.812656,41.208355,41.920425,38.885555,39.08174,37.58732,39.84877,38.16542
Iceland,ISL,2008,40.745613,38.5912,41.335938,47.683273,41.31956,45.73212,39.841568,43.78987,40.239998,38.676105,42.369053,39.369907
Iceland,ISL,2009,41.721077,41.729027,45.435356,44.30962,48.534893,44.56282,41.73831,44.218563,42.222767,42.055233,42.400547,39.59284
Iceland,ISL,2010,43.37117,40.80637,41.900677,50.135803,40.439117,44.169617,41.76628,42.094795,41.218506,40.847393,41.8902,43.568237
Iceland,ISL,2011,34.818737,36.045532,34.534508,40.067562,44.050285,41.58935,41.177616,37.69491,40.086365,39.789047,41.950485,40.128017
Iceland,ISL,2012,34.389816,39.576336,39.809956,41.747314,44.220238,40.917824,40.50821,40.92299,38.5466,35.220848,39.215965,36.81428
Iceland,ISL,2013,33.22543,35.93472,38.75745,38.62467,40.661587,36.49062,40.895275,36.056602,37.191372,33.990097,37.67045,37.736435
Iceland,ISL,2014,32.279858,36.12338,39.893394,38.51486,38.959064,43.60941,36.95337,36.04345,33.481686,38.069485,37.10693,35.613056
Iceland,ISL,2015,29.40547,31.279308,35.499527,38.505634,35.65356,38.066425,37.412804,33.745316,36.183884,33.79753,33.912785,33.899834
Iceland,ISL,2016,27.497906,29.768085,34.99612,40.610622,37.946705,34.92304,33.00314,34.005756,29.500439,33.37825,33.257927,32.64766
Iceland,ISL,2017,29.008429,34.05898,33.703022,36.040092,36.152985,33.944485,34.11999,32.08977,32.4928,33.885704,29.785595,31.139656
Iceland,ISL,2018,31.484024,34.791565,34.145557,39.42744,36.08084,35.351303,34.373146,30.98281,31.054644,34.426964,29.275393,29.882805
Iceland,ISL,2019,31.28438,31.512957,39.3043,39.192806,37.878017,38.33177,32.917274,33.360493,34.36742,31.545084,33.686985,32.167793
Iceland,ISL,2020,31.721443,29.082747,36.16375,40.768673,38.135624,37.720734,33.255707,34.71055,32.38342,32.324837,33.27519,35.48727
Iceland,ISL,2021,30.813772,36.012196,35.435734,38.18853,39.6847,39.34313,39.146458,39.05956,38.802116,35.363567,37.918255,33.985806
Iceland,ISL,2022,26.979673,28.567577,35.24279,36.456253,33.578075,33.917034,30.56817,31.095896,33.159595,32.91259,33.691833,34.21579
Iceland,ISL,2023,27.804281,28.958656,30.359735,31.254843,35.395767,32.74041,32.39823,30.472803,33.491646,30.158773,30.88686,30.444387
Ireland,IRL,1978,55.9104,53.78771,56.21889,58.47739,55.842434,57.99657,59.8674,61.962486,60.425133,60.596085,56.213894,56.773224
Ireland,IRL,1979,56.38796,56.52791,58.67244,57.764805,56.807,58.086823,58.404762,63.40997,60.651398,62.992447,59.420444,57.212276
Ireland,IRL,1980,56.937088,54.391296,57.674034,59.681427,57.1408,60.195614,58.19957,63.088585,62.885994,61.87146,59.60192,59.159607
Ireland,IRL,1981,54.73271,54.362522,54.884007,58.19979,54.176525,57.476215,57.414032,58.811115,60.794884,60.505917,58.843304,57.57856
Ireland,IRL,1982,52.874374,51.819523,52.0657,56.857292,54.92549,57.544952,55.21167,57.324314,59.192924,59.87326,57.25481,55.01087
Ireland,IRL,1983,48.09356,48.29427,48.598846,54.361874,51.813183,53.643795,53.600185,54.67205,53.90813,55.813038,54.14166,53.777058
Ireland,IRL,1984,45.387455,48.05422,49.74586,51.63306,49.520325,50.32874,48.66315,48.67214,50.69428,53.458755,52.20009,48.84294
Ireland,IRL,1985,43.907597,43.850124,48.257896,50.10856,46.77384,49.280575,47.29755,51.96978,49.716213,50.2481,49.73842,49.39302
Ireland,IRL,1986,44.19301,43.333836,46.354862,48.632107,45.506283,47.68921,48.10213,51.6021,50.85668,51.829243,47.902473,45.651966
Ireland,IRL,1987,42.652584,40.984253,42.86894,46.00037,43.6224,46.816788,47.650852,47.413097,47.656143,45.98042,46.12234,44.521843
Ireland,IRL,1988,38.385944,40.148335,38.51425,43.401443,41.514874,43.305653,44.75626,44.433865,44.383568,44.601643,41.804195,42.134018
Ireland,IRL,1989,39.599724,37.560085,37.728428,40.895466,39.504158,41.176468,42.066364,44.317204,41.793762,42.951183,40.09026,38.954433
Ireland,IRL,1990,38.30521,39.727238,41.445915,42.462173,40.280148,41.797592,43.934853,44.532455,41.979755,42.089954,41.426083,38.16444
Ireland,IRL,1991,37.776848,38.232857,40.409744,42.338177,41.335247,42.072536,40.266747,42.81004,42.120823,41.06189,41.70065,40.243343
Ireland,IRL,1992,35.771473,35.646446,36.16061,40.200264,38.397987,40.909206,40.12108,41.730846,42.318645,40.656612,39.57913,39.216652
Ireland,IRL,1993,33.277245,35.262867,37.75716,39.894173,37.475105,38.992825,39.597343,39.784855,38.64379,37.598885,38.051594,36.882496
Ireland,IRL,1994,35.7898,36.763393,35.768726,37.761547,36.367058,37.18738,38.133415,38.38035,36.635426,38.79258,35.67323,34.42729
Ireland,IRL,1995,34.308327,34.304718,36.69452,38.060745,36.775284,38.55697,38.14942,38.765343,37.90059,37.47935,36.26481,36.81756
Ireland,IRL,1996,37.80338,38.751133,38.48966,40.576023,38.57555,39.79716,37.23816,37.169746,38.38811,36.285732,36.5233,36.760563
Ireland,IRL,1997,38.50592,36.822945,37.654297,41.71509,40.37875,41.108036,40.38189,39.38649,39.534637,38.6545,39.026115,39.28806
Ireland,IRL,1998,38.382214,37.334118,39.003437,43.054092,39.244877,42.163486,40.632668,39.721756,41.90074,40.09628,38.586185,37.956802
Ireland,IRL,1999,39.338345,38.13364,38.03625,41.008568,38.44575,39.789543,41.36074,39.446125,40.008682,39.48089,38.955276,38.47863
Ireland,IRL,2000,37.48217,39.824036,39.345596,40.915165,39.40517,40.240726,40.262875,39.75859,39.224445,39.06112,38.913975,38.15531
Ireland,IRL,2001,38.93388,40.940765,40.931717,43.706924,42.507465,43.186016,40.46498,40.957245,40.57252,39.80718,40.123363,40.393543
Ireland,IRL,2002,41.330257,40.775005,43.8957,45.048588,42.728626,42.926685,42.337208,42.08142,41.95957,41.776302,42.216194,39.482937
Ireland,IRL,2003,40.36908,39.78673,42.601154,44.02214,41.7077,44.041542,43.44836,43.771935,42.91242,42.542664,40.979958,40.541313
Ireland,IRL,2004,40.873158,41.410698,40.181385,44.38374,41.250584,42.89821,42.375187,40.48858,42.024235,41.951134,40.756645,41.420692
Ireland,IRL,2005,39.24428,40.184784,39.179455,42.640488,41.220867,43.10891,41.571163,39.80203,39.700592,40.86472,39.49272,38.795074
Ireland,IRL,2006,40.38909,42.652054,42.145267,45.330284,44.167953,42.694267,43.47893,42.404404,40.115562,41.424706,40.441372,38.923634
Ireland,IRL,2007,43.744015,44.79251,45.478817,47.97642,47.74186,45.875767,44.730637,45.148148,42.743187,43.043762,41.140774,41.745903
Ireland,IRL,2008,45.80348,44.284065,45.97999,48.370983,44.570934,48.28397,46.363205,47.033894,45.672417,44.542557,43.98589,44.493458
Ireland,IRL,2009,45.518948,45.323753,45.163372,47.266586,45.219273,47.83943,46.96829,44.908237,45.85618,45.0139,44.250595,44.370655
Ireland,IRL,2010,45.16839,45.64118,45.96598,47.92535,43.562313,45.622925,46.24065,44.44773,44.01546,44.98484,43.257526,45.019493
Ireland,IRL,2011,43.992916,42.9261,43.35695,46.585125,44.880688,45.537785,45.275307,44.08449,43.531372,44.39882,44.113556,42.653263
Ireland,IRL,2012,39.752625,42.069878,42.779762,43.470356,42.80608,44.18944,42.9126,43.031506,41.930977,42.545643,43.185543,42.04497
Ireland,IRL,2013,39.98144,39.687984,42.65215,43.239136,41.837048,42.973114,38.35145,40.92193,40.048656,39.683987,39.848846,40.660156
Ireland,IRL,2014,38.563736,38.143066,41.31084,42.695744,40.067085,39.928493,39.390934,39.616077,38.42736,38.226868,39.283276,39.2528
Ireland,IRL,2015,37.060585,37.262363,38.40348,41.309547,37.455433,40.930588,37.642895,37.655457,36.727386,37.032352,38.091938,38.695896
Ireland,IRL,2016,35.843937,36.084248,36.33771,39.659756,36.35996,36.930153,37.952564,35.70416,36.796185,35.99056,36.06916,36.285107
Ireland,IRL,2017,33.18011,35.29731,35.10645,37.05883,35.915123,35.55957,36.805004,33.908333,33.357822,34.53784,35.362217,35.103245
Ireland,IRL,2018,33.527588,35.364876,33.945683,35.55512,34.12275,34.810318,34.164345,34.08002,32.20998,33.875027,33.43969,34.265614
Ireland,IRL,2019,30.933565,33.4099,33.004307,34.012196,34.139843,33.94801,31.601381,32.53623,31.967632,30.583393,32.03144,33.733974
Ireland,IRL,2020,28.63148,30.71905,30.83304,32.694187,30.854809,32.501354,30.992199,30.076378,29.826048,30.591572,30.01509,32.06101
Ireland,IRL,2021,33.12203,33.056335,33.00428,34.82383,32.816505,33.457645,32.160446,30.003483,32.031666,32.364487,32.955837,30.26877
Ireland,IRL,2022,27.422522,28.527613,29.063675,30.520466,29.168005,29.034456,29.158138,26.589666,27.094963,27.759905,29.358242,30.846363
Israel,ISR,1980,65.66881,65.356705,67.57168,68.0799,65.97932,65.82804,63.12714,59.96817,58.08388,58.105114,58.452686,59.34715
Israel,ISR,1981,65.533455,67.248955,66.576454,65.809204,64.17199,68.06531,63.01196,58.09715,58.7256,59.800972,59.77339,60.68473
Israel,ISR,1982,66.76753,66.6566,67.57168,73.38644,69.45065,67.20544,64.81371,60.939507,58.8161,61.472946,63.59903,63.84556
Israel,ISR,1983,66.74708,66.65671,70.83928,71.06361,72.4496,69.40717,63.234806,62.95511,61.07871,62.180496,62.334343,64.84875
Israel,ISR,1984,62.64375,64.1465,66.78043,68.880875,69.08093,68.78467,64.653694,62.811775,60.597637,60.80662,62.195,64.09191
Israel,ISR,1985,65.07266,63.92777,68.33543,68.97308,66.65358,65.417496,62.711845,61.623425,61.014885,62.03137,61.81546,62.970646
Israel,ISR,1986,62.76398,65.10016,66.94577,69.1881,67.27346,67.12706,58.982147,57.685722,60.096745,59.286835,62.234272,64.69322
Israel,ISR,1987,64.58344,63.389393,63.8479,65.799446,64.63111,64.0481,60.66041,58.42795,59.378586,60.127457,59.789303,60.431984
Israel,ISR,1988,62.17461,61.60557,65.36272,65.8607,66.87429,65.06427,59.329594,55.631958,56.337364,58.59923,59.355446,64.34335
Israel,ISR,1989,61.573368,61.371185,63.850723,66.17102,69.142784,63.754593,52.79162,56.655926,56.944298,59.810116,57.781013,61.56816
Israel,ISR,1990,60.239365,60.906147,60.909756,61.24558,64.53032,64.07944,59.824795,57.278255,57.868637,58.369373,58.62379,60.947937
Israel,ISR,1991,59.453285,58.425728,57.998657,61.663998,61.780144,58.04168,59.671005,55.69205,56.746506,57.640965,57.22569,61.33879
Israel,ISR,1992,60.47953,59.073124,59.454685,59.938984,60.543007,60.0777,59.284122,56.51822,53.79883,57.656372,57.35547,60.111668
Israel,ISR,1993,58.344284,58.59008,60.126713,62.132885,62.370697,60.01586,53.67282,54.919575,56.862156,57.932148,58.880146,59.889347
Israel,ISR,1994,59.27094,57.856903,62.004353,62.801304,59.929012,57.631958,55.980213,55.199608,54.07996,55.815956,57.7628,57.770535
Israel,ISR,1995,58.105797,59.313683,60.76794,63.45076,61.961555,54.953888,53.41226,54.766525,54.541298,55.01806,57.304466,57.55597
Israel,ISR,1996,59.76563,59.371758,60.30869,61.467903,62.34328,61.2146,57.096184,54.34357,54.87953,53.893047,56.240353,58.40034
Israel,ISR,1997,59.776745,58.74094,58.25589,61.870865,62.30498,62.902454,57.699688,54.1469,54.23077,55.578403,57.443058,58.844685
Israel,ISR,1998,60.684364,58.693836,59.927082,59.93637,62.59989,62.389645,60.26226,56.888203,55.6615,57.68283,58.3323,61.5728
Israel,ISR,1999,61.88728,60.682106,60.487366,63.304966,62.653473,60.39985,54.669224,52.00716,54.563282,56.940353,57.048813,58.126976
Israel,ISR,2000,59.94382,59.569977,60.805874,61.044872,62.58055,61.45821,56.579067,53.85523,55.53395,56.909206,58.12614,60.86796
Israel,ISR,2001,58.042034,59.836884,59.744637,62.32619,62.51741,59.33004,55.179806,53.464016,52.232056,54.550335,56.394253,59.52815
Israel,ISR,2002,59.15036,58.949455,60.755318,62.295677,61.95664,59.90389,55.36936,52.7088,53.943886,55.39995,56.145924,59.32323
Israel,ISR,2003,58.130974,60.85907,62.631855,62.022675,61.863518,60.47972,58.03032,55.102985,55.259804,56.555214,59.482635,59.218338
Israel,ISR,2004,59.060688,59.799244,60.782814,60.758873,58.38241,57.37211,55.614204,54.19641,54.176777,55.82735,55.425323,59.02419
Israel,ISR,2005,56.591534,57.71704,57.34847,60.23618,59.208115,56.86302,55.83556,53.487244,52.146606,55.62809,56.240673,57.25931
Israel,ISR,2006,55.937386,58.772774,60.007454,60.06787,61.61189,58.58253,53.880463,53.412525,54.001747,55.406754,56.65256,58.0634
Israel,ISR,2007,59.9858,60.240944,59.270535,60.038254,61.643543,59.47056,55.192657,54.84603,52.375607,54.494457,53.93181,58.052723
Israel,ISR,2008,57.96813,58.058285,62.270363,63.73407,61.268112,59.99297,55.661087,54.203297,54.635094,55.78597,56.107872,59.713703
Israel,ISR,2009,61.22191,60.70377,61.637638,63.71928,62.128967,60.42365,56.001392,54.132427,53.83705,56.885223,58.565285,57.78925
Italy,ITA,1900,79.083336,85.78847,87.68568,92.81195,86.064735,84.08577,83.33522,88.181175,96.65336,96.533775,101.97936,101.16649
Italy,ITA,1901,78.1281,84.458084,87.1416,89.14808,84.12199,83.27993,84.79091,87.158905,93.21936,99.645805,101.7337,95.75144
Italy,ITA,1902,82.697044,91.68699,92.539536,93.05247,87.09428,85.958336,85.71068,91.06972,96.14934,98.22832,97.62085,94.64517
Italy,ITA,1903,81.326515,85.76935,83.41982,85.44522,83.44147,78.55111,78.80059,84.8401,90.15799,93.93671,95.230896,98.09045
Italy,ITA,1904,83.34673,90.7864,90.85298,93.70075,86.038284,83.342415,80.74202,87.30303,90.29517,93.585045,97.36705,95.16159
Italy,ITA,1905,81.960175,83.46479,88.07314,92.74777,88.67926,86.369316,81.10782,80.82279,88.35704,92.35568,100.99248,102.794365
Italy,ITA,1906,79.8945,85.3472,87.30099,90.43869,84.76937,80.65581,80.2349,82.24864,85.856766,93.669205,98.15384,99.15275
Italy,ITA,1907,76.34334,80.170746,85.32552,90.393684,85.38467,81.96044,78.20157,81.2094,88.68668,92.07281,96.85897,96.03245
Italy,ITA,1908,88.267624,97.72817,94.17049,94.733795,86.460526,83.93462,81.03168,85.26479,92.65218,97.67642,99.62571,95.05445
Italy,ITA,1909,76.007614,83.854355,85.108635,87.650635,83.76375,83.569466,84.25586,89.446724,92.458145,96.46674,104.097694,104.61525
Italy,ITA,1910,84.18217,91.812584,92.285545,88.329956,83.748856,84.794685,85.18288,89.65113,95.88644,98.024925,99.05012,97.6486
Italy,ITA,1911,76.57596,79.29497,81.97076,84.72104,81.7312,82.67926,80.42565,83.91885,90.929634,92.841064,97.65973,101.843666
Italy,ITA,1912,85.97095,94.16157,92.388756,92.454575,84.890656,79.63971,77.989265,79.28118,87.60326,93.38396,94.68497,94.701035
Italy,ITA,1913,76.66417,84.59581,87.98027,87.16043,81.08115,79.60367,79.612404,82.542625,84.89912,91.47438,97.90025,100.00784
Italy,ITA,1914,79.38019,88.39329,84.64843,83.902916,78.81349,75.91822,76.785805,82.76973,85.483955,87.77677,91.62331,94.58544
Italy,ITA,1915,70.524796,76.57418,78.67044,80.95995,78.153946,76.5771,78.0838,84.79699,86.34731,89.99038,93.93007,99.378006
Italy,ITA,1916,51.69216,60.536953,61.825104,58.93842,54.397484,59.566055,59.52416,62.303448,69.16887,70.94939,83.41302,92.0864
Italy,ITA,1917,41.866364,48.834595,52.414722,58.179634,55.694332,50.823105,47.460957,46.436634,52.54065,56.142715,59.91925,67.6596
Italy,ITA,1918,44.61667,46.588562,48.155872,44.16015,41.1342,46.292645,46.88517,49.483738,55.46855,54.453995,56.732925,58.45505
Italy,ITA,1919,85.165794,89.56456,88.23688,68.86973,40.80671,34.070244,39.074516,45.95826,50.3313,49.282776,52.82858,57.508224
Italy,ITA,1920,70.84118,81.95602,79.57641,81.83857,78.61835,78.537476,81.383835,87.55782,90.128075,95.66656,103.07661,114.26801
Italy,ITA,1921,83.39505,93.89916,91.91165,86.375854,79.917114,78.47501,76.69366,77.26003,81.37637,86.997925,94.36492,105.44936
Italy,ITA,1922,75.29162,82.21894,81.68835,82.89814,79.29694,79.45699,78.043686,80.00192,88.23216,92.97327,102.308075,114.66344
Italy,ITA,1923,70.209145,79.79395,79.37467,78.95126,74.94242,75.20384,73.33766,77.735886,84.986824,89.52512,99.52705,107.87394
Italy,ITA,1924,64.4927,74.913795,73.678505,75.715836,72.87922,73.41744,69.549805,70.62728,78.45943,84.646965,91.52886,102.157196
Italy,ITA,1925,66.39619,77.07671,75.450485,72.12854,69.2468,69.98897,71.98481,73.92041,78.005264,81.45489,86.679924,94.45702
Italy,ITA,1926,63.269176,72.66687,72.991585,71.713974,70.11129,69.78414,68.70861,72.09801,76.60502,81.20447,86.38271,93.60814
Italy,ITA,1927,66.76323,71.929115,72.62512,72.40864,67.05404,68.20308,68.66037,72.115135,77.076744,80.47445,83.21895,92.68044
Italy,ITA,1928,66.51569,70.69014,70.01155,69.63896,66.96358,66.76104,65.82001,66.439064,72.319984,78.93178,82.77514,91.13801
Italy,ITA,1929,62.993706,65.01369,69.09327,70.56358,68.63781,66.49089,62.362904,64.47249,68.29552,75.04338,82.54121,83.26699
Italy,ITA,1930,67.56397,73.35371,71.8461,71.08297,67.84974,67.19031,67.637726,69.23232,74.98496,81.023674,83.63171,82.922104
Italy,ITA,1931,60.145622,65.62225,67.44892,67.93947,63.006695,62.532406,62.535275,66.16526,67.74797,72.88915,79.5013,83.807106
Italy,ITA,1932,57.15608,63.76437,66.036125,66.89421,63.311737,62.100544,60.18356,60.613087,63.0452,70.020256,75.810165,75.28932
Italy,ITA,1933,61.217377,65.92615,65.319664,65.26268,60.84991,59.328716,60.392365,64.39753,68.04907,70.11263,72.2862,72.691
Italy,ITA,1934,59.4824,63.012253,61.092236,63.817787,58.835117,59.977913,59.755352,61.864925,67.38443,70.768585,74.95581,77.75283
Italy,ITA,1935,60.755,61.340958,63.14037,65.27194,60.820946,61.273514,61.759045,60.871338,64.9532,67.84654,72.15551,76.345634
Italy,ITA,1936,57.54565,60.778767,62.339252,60.475266,55.088776,56.09731,58.041016,59.868896,61.700405,67.10987,71.43368,72.60545
Italy,ITA,1937,64.74206,63.892277,63.58035,63.541832,60.29729,58.55724,58.825497,61.818443,63.495857,64.73122,68.39708,69.93564
Italy,ITA,1938,62.595634,64.08509,64.214134,65.121574,62.43687,61.916195,61.258503,62.899673,65.48047,68.97099,74.503944,76.757095
Italy,ITA,1939,59.11538,64.72699,66.76306,67.27776,63.714706,63.856174,61.84622,61.429443,63.794918,69.82836,71.72899,71.04184
Italy,ITA,1940,61.676888,63.520905,66.95362,68.27085,61.40305,59.47312,56.557526,63.829082,67.047035,69.587746,71.12885,70.48818
Italy,ITA,1941,48.590256,50.63265,52.378426,56.799686,55.239563,56.56735,56.40875,58.641376,61.66296,61.494007,68.443535,68.78066
Italy,ITA,1942,50.45661,52.748363,55.05409,61.375298,57.193405,56.289074,54.27208,57.177032,60.51703,60.595284,57.875576,58.9255
Italy,ITA,1943,46.2169,52.7404,52.44616,53.40778,49.641167,50.91629,51.51354,53.025017,56.843536,60.210503,59.53226,61.49262
Italy,ITA,1944,38.933422,45.31214,47.674355,50.312496,49.118202,49.647633,49.513855,43.303673,48.419857,55.866276,56.204338,60.99627
Italy,ITA,1945,44.28241,47.928066,47.57145,49.500313,46.327072,46.36245,46.106243,48.844173,51.891376,53.619755,54.446556,59.018826
Italy,ITA,1946,54.829018,61.05581,62.286625,64.8799,63.22848,64.35842,63.58495,61.806812,63.532925,64.75524,66.88851,66.81697
Italy,ITA,1947,52.477047,59.056736,61.387707,63.921547,59.233414,58.43229,56.573486,56.67707,60.95417,65.048775,68.591995,77.71559
Italy,ITA,1948,51.544353,60.060272,61.116364,62.703346,59.90971,58.717487,55.334953,54.754047,58.143185,62.736187,65.44558,75.18307
Italy,ITA,1949,45.311615,52.99625,52.49474,53.825623,52.174206,53.29108,53.5092,55.225746,58.287056,60.388203,62.679703,71.17998
Italy,ITA,1950,46.384727,53.126778,54.444965,53.854355,50.556175,50.530193,50.513634,51.4726,54.21367,56.254955,58.007664,65.21875
Italy,ITA,1951,41.55013,46.691093,50.574726,51.137367,48.890064,48.67815,47.218124,47.166515,48.825577,54.13323,57.490654,63.786995
Italy,ITA,1952,42.015907,47.274876,47.711086,49.67652,47.137066,45.939224,46.853714,48.198975,49.169395,52.381657,54.312054,58.618225
Italy,ITA,1953,40.105568,45.759083,47.85506,50.03913,46.387173,46.682575,44.955482,45.716755,47.30638,52.391212,55.464138,60.34224
Italy,ITA,1954,44.938667,49.113075,50.234035,50.816868,46.46266,47.11879,47.968796,48.150238,50.639717,52.36545,53.667557,57.491936
Italy,ITA,1955,43.89252,47.57792,48.534576,48.70015,47.283157,48.038475,48.519703,49.23275,49.577095,53.32938,54.390434,55.2979
Italy,ITA,1956,41.923912,45.366707,49.063133,50.337887,48.271473,49.21334,47.94013,48.196663,49.19451,51.571,55.689796,55.428925
Italy,ITA,1957,45.377777,48.32483,49.974655,50.80545,47.49501,47.0941,46.984142,48.423756,51.224483,52.444828,52.97617,53.172165
Italy,ITA,1958,45.26212,48.881065,49.984924,50.1251,45.72132,45.566917,45.94535,47.939457,47.753735,51.253757,52.803047,54.116837
Italy,ITA,1959,46.91236,49.702354,50.361984,51.008064,48.935352,49.609867,47.80669,47.7833,50.725334,51.19732,53.754112,54.46669
Italy,ITA,1960,45.98639,46.94862,49.13918,50.574684,49.850163,49.911045,49.230732,50.227943,50.495182,52.231884,53.50151,54.83075
Italy,ITA,1961,47.305923,49.822643,51.378586,51.643826,50.30193,50.586155,49.278336,51.064747,51.231087,52.774117,53.60054,54.93015
Italy,ITA,1962,45.891125,48.74286,52.25573,53.03188,51.16562,51.173847,50.54094,50.882557,50.188152,52.550465,53.267643,54.943726
Italy,ITA,1963,46.276455,49.69449,53.11644,55.487576,52.76967,53.30293,50.476585,51.239574,51.038357,54.12,54.23703,53.147064
Italy,ITA,1964,49.41643,52.144436,55.356754,56.252586,54.685143,57.49573,54.812916,53.47196,53.573067,55.074608,55.053574,56.219673
Italy,ITA,1965,46.47718,50.03513,52.402287,54.481373,53.032818,54.089474,53.870163,52.2664,52.21463,53.67849,55.133007,55.659832
Italy,ITA,1966,45.820885,49.053303,51.184433,52.249172,52.088165,53.444378,53.516197,51.86206,52.110676,53.882812,53.196102,52.939148
Italy,ITA,1967,45.765003,46.98987,49.20085,51.491917,49.766335,51.21916,50.3731,50.6697,48.923065,49.60499,50.786095,51.95912
Italy,ITA,1968,44.25379,44.042633,45.469788,48.973526,49.024673,50.892605,50.113403,47.78484,47.65525,49.490585,48.843285,52.737667
Italy,ITA,1969,43.89593,44.515263,47.726414,49.143715,48.08921,51.332584,50.417107,49.293175,46.98234,48.025238,48.8285,50.33072
Italy,ITA,1970,43.945953,44.73003,43.241405,43.762432,46.37263,50.602848,49.01192,47.09458,46.961243,46.912548,46.258575,47.017124
Italy,ITA,1971,40.862198,43.53454,45.653255,47.568916,46.988262,49.367203,48.155376,46.97535,45.33246,46.93498,46.464455,47.764355
Italy,ITA,1972,41.03876,41.24441,43.58269,46.503616,46.042767,49.196392,47.509254,45.002094,44.30943,45.51435,44.467674,45.062447
Italy,ITA,1973,40.811905,40.596634,41.535797,43.883068,44.775074,47.633377,46.673527,45.82939,43.64624,44.5047,44.263805,44.715034
Italy,ITA,1974,38.845615,40.458553,43.475883,45.84465,45.538773,46.805,44.495968,44.565765,42.70814,43.150505,42.440186,43.45418
Italy,ITA,1975,37.048027,37.583538,38.42706,41.145905,42.528847,45.027916,43.176167,42.5591,41.48044,42.027905,41.235134,41.86914
Italy,ITA,1976,33.914948,35.395348,37.443176,39.070663,38.829773,40.437714,40.868156,40.343975,38.65429,39.271183,38.638916,39.926563
Italy,ITA,1977,31.497713,32.912952,35.167347,36.960335,37.009518,38.911526,39.92841,39.797237,36.373474,37.23545,36.151783,35.949135
Italy,ITA,1978,30.750599,31.84581,34.01944,35.307587,35.02605,37.24067,37.190907,37.533386,35.146606,34.83168,34.18877,34.131866
Italy,ITA,1979,28.351627,28.908215,31.382132,33.513905,33.590446,35.44711,34.736584,35.587658,33.682037,32.625347,32.45036,32.729996
Italy,ITA,1980,27.49462,28.899668,30.627829,32.267727,31.556854,33.67221,33.245056,32.841274,30.655645,31.421059,29.728851,30.37822
Italy,ITA,1981,27.53052,27.969387,29.326408,32.149086,30.467422,32.375595,31.792131,31.703787,30.997873,29.889505,28.917309,29.20783
Italy,ITA,1982,27.434425,28.751675,29.514696,31.21835,30.73813,32.060837,31.530329,32.074394,29.906809,28.741962,28.916681,28.766527
Italy,ITA,1983,26.419645,27.403446,29.233173,30.409105,30.137737,32.014942,30.712103,30.556337,27.878164,28.311872,27.9542,28.440866
Italy,ITA,1984,25.044298,26.496288,28.582493,29.829992,30.15568,31.232344,30.355236,28.67907,27.423424,28.173891,27.07843,27.307364
Italy,ITA,1985,24.511662,25.714546,27.902235,28.170614,27.864853,30.693115,30.14522,30.620497,28.432138,27.871353,26.350885,26.736898
Italy,ITA,1986,24.816004,24.999187,26.799992,28.791933,27.484814,29.034918,28.29351,28.132992,26.953121,25.823801,25.650894,25.563211
Italy,ITA,1987,25.95913,25.562895,26.674372,28.931072,27.971674,29.489397,28.287458,27.187065,26.104792,25.123163,23.598955,24.999556
Italy,ITA,1988,25.570066,26.504423,27.894901,30.246641,28.473425,28.81254,27.574062,28.167881,26.201693,27.226452,26.337044,26.544464
Italy,ITA,1989,26.149893,26.486212,27.477184,28.37141,28.23093,29.519388,28.977625,27.303986,25.80327,25.984116,25.10995,25.48444
Italy,ITA,1990,25.920149,26.255785,27.431211,28.308168,28.874489,30.30473,28.543592,28.505213,26.648342,26.854155,25.750153,26.185738
Italy,ITA,1991,25.852089,26.629309,27.571667,28.763084,26.905008,28.758913,28.667046,28.752317,26.369722,25.49122,25.658089,26.282555
Italy,ITA,1992,25.877594,26.44067,27.428143,28.991814,27.807701,29.433523,28.084644,27.357136,26.410221,26.694998,26.289293,26.737917
Italy,ITA,1993,24.953577,25.393639,26.857092,28.019415,27.379158,29.657003,27.089285,25.79093,25.758806,25.833069,24.85961,25.930248
Italy,ITA,1994,24.79963,24.834784,25.18894,26.9411,25.858398,27.051702,26.417706,26.89097,25.7535,25.044817,24.340403,24.872717
Italy,ITA,1995,24.002775,24.213316,26.719534,27.570276,26.372932,27.128216,26.095196,25.352596,23.539656,24.16731,24.121,24.381554
Italy,ITA,1996,24.552237,24.08427,25.432955,26.929125,26.435143,27.678988,26.497252,25.739975,24.20156,24.528704,23.833162,24.311888
Italy,ITA,1997,23.157919,22.822407,23.6718,25.710064,24.072426,26.60801,28.590382,29.001446,27.60801,25.493639,26.235064,25.816845
Italy,ITA,1998,24.429071,24.69078,26.47833,28.96681,26.068817,26.683561,26.05739,26.271214,25.246078,24.388107,24.968882,22.697615
Italy,ITA,1999,24.436003,24.580162,25.496063,28.07137,26.530132,27.61424,25.39348,24.367962,23.315577,24.40161,24.155727,23.778645
Italy,ITA,2000,24.978964,25.646599,26.688286,27.684448,26.672556,27.226435,25.896944,26.916262,24.32149,24.696783,24.63869,24.789057
Italy,ITA,2001,23.40237,25.073376,26.355448,26.690218,26.15281,26.870333,25.20584,27.55271,24.160404,24.549162,24.731714,26.070744
Italy,ITA,2002,23.75549,24.39177,27.612202,27.692343,25.274706,26.58917,24.020123,25.396997,24.327616,23.337883,24.021717,25.049309
Italy,ITA,2003,24.690878,23.671307,26.694866,27.865028,24.556763,26.756998,25.896212,26.429188,23.663399,23.26347,24.091452,25.189123
Italy,ITA,2004,26.624607,27.172081,27.799227,30.415663,28.322908,28.370726,25.583818,23.78985,22.86343,23.983444,24.143345,25.288702
Italy,ITA,2005,25.352623,25.432384,26.646624,28.29426,26.47322,25.86802,25.815697,26.704805,24.782738,25.72545,25.687475,24.846375
Italy,ITA,2006,24.62755,26.70737,28.598602,28.981493,27.076725,26.188507,25.626015,27.15804,22.58371,25.234335,25.643242,25.642765
Italy,ITA,2007,24.770905,26.397408,29.07569,27.888191,26.932207,27.099134,26.134724,27.10613,23.17582,24.880753,25.37269,26.66416
Italy,ITA,2008,25.944822,25.296139,27.791653,29.936432,26.404081,28.238672,25.591652,26.546005,25.143902,23.881437,25.15076,27.280487
Italy,ITA,2009,26.107105,25.599596,27.565496,29.128384,26.013515,28.00837,25.66137,24.183756,24.196615,25.079927,25.39149,25.834143
Italy,ITA,2010,25.885298,26.920717,26.998861,28.61257,26.25972,25.783808,24.235437,24.007317,24.0657,24.71839,25.354683,24.619406
Italy,ITA,2011,24.376104,25.142538,25.500942,27.048658,26.833849,25.127996,24.273247,24.361801,22.021423,24.183937,24.564627,24.365103
Italy,ITA,2012,22.578577,24.16967,26.567993,25.222466,25.351736,24.70473,22.780985,24.628998,22.135263,23.01128,24.00966,24.068321
Italy,ITA,2013,22.361359,22.878056,25.237623,25.522709,23.747051,24.855417,21.562588,22.666346,20.477283,20.914705,22.661001,24.553867
Italy,ITA,2014,21.977295,21.737003,24.316092,25.90513,21.971577,24.0675,21.881855,21.315996,21.05417,21.519491,21.979885,23.32977
Italy,ITA,2015,21.688375,21.473232,22.508434,23.768148,21.895098,22.569613,21.606163,21.593277,20.997755,20.399248,21.121557,22.140383
Italy,ITA,2016,21.002499,21.707691,22.649805,24.428621,23.206423,22.619152,20.953651,19.68028,18.241043,20.035925,20.533714,20.968872
Italy,ITA,2017,20.625725,21.330576,22.22358,22.104385,21.8145,21.890455,20.750273,20.677675,18.789978,19.527811,20.373846,20.614887
Italy,ITA,2018,19.061155,20.537506,21.671793,21.039356,21.409912,21.133436,19.54785,19.611574,17.629623,18.65902,19.731247,21.22226
Italy,ITA,2019,18.43242,19.423735,20.838348,21.498657,20.059946,20.19277,18.83199,18.29995,17.651072,17.848562,18.29225,19.76411
Italy,ITA,2020,16.56284,17.913513,20.120762,21.290028,19.299679,19.753323,18.593695,17.488218,16.877367,17.32982,18.553276,19.513855
Italy,ITA,2021,19.003075,19.241423,19.971619,21.01154,19.222317,18.796711,17.647552,17.050451,17.226782,18.284622,17.977407,17.056936
Italy,ITA,2022,18.773684,19.076006,19.015257,19.996746,19.700665,19.544527,18.361692,17.043814,15.590403,16.418133,17.800655,17.758781
Japan,JPN,1899,55.138878,54.564247,49.204758,48.61794,44.224026,43.09986,38.067783,42.52808,49.73034,56.171543,55.409454,59.609818
Japan,JPN,1900,50.840828,52.101105,49.181145,51.861458,44.304565,41.791008,37.240784,42.980106,51.69022,58.592754,66.03673,64.98481
Japan,JPN,1901,53.62889,52.29587,50.946243,52.237923,45.213257,43.586044,40.03725,48.227757,60.043896,67.11802,63.102604,69.44099
Japan,JPN,1902,54.44903,55.556824,50.289288,51.715492,43.631584,43.71887,40.7575,46.853966,56.410404,67.09736,67.50729,72.20965
Japan,JPN,1903,52.386658,55.81477,51.795902,50.748623,43.169437,42.863308,39.45774,45.623962,52.770374,68.40621,68.61512,69.607124
Japan,JPN,1904,51.427364,53.570362,49.942253,50.962128,42.52513,40.487633,36.77151,41.851727,49.115532,69.10112,61.85294,69.88247
Japan,JPN,1905,59.318443,50.9386,48.60515,49.748203,44.216015,42.091232,36.574562,43.697365,48.24496,68.30839,65.68379,67.49921
Japan,JPN,1906,51.40291,55.882744,53.29029,52.984753,44.284748,41.137,36.388508,39.75899,42.882957,63.484093,60.21283,58.114586
Japan,JPN,1907,53.702682,57.71365,53.088734,54.550304,47.5261,47.537064,44.086422,48.51407,52.842705,82.702835,72.79806,79.500275
Japan,JPN,1908,56.00119,61.96761,57.690807,56.035683,50.473557,45.814556,42.006718,46.355133,51.288048,86.03822,81.3604,78.18763
Japan,JPN,1909,53.87936,62.532307,59.783966,59.28661,51.20599,49.00742,45.31516,47.347736,50.609627,88.00362,79.36004,82.61302
Japan,JPN,1910,54.68685,64.797195,60.18286,61.348885,51.82331,48.55497,45.061134,47.743683,48.93863,90.16719,78.60329,85.05574
Japan,JPN,1911,55.668915,68.46118,61.044327,59.97287,52.383705,50.318382,46.05981,49.892075,51.709827,90.13852,81.52107,85.00641
Japan,JPN,1912,56.513092,65.03553,61.439007,58.34109,55.005634,48.315464,44.385765,45.977318,49.29636,91.46002,79.56552,89.520355
Japan,JPN,1913,55.737225,68.21239,63.322594,63.137524,54.293015,49.833885,45.641518,49.853703,50.254948,92.57365,77.98378,85.08821
Japan,JPN,1914,57.725807,68.17361,63.538067,61.15891,54.044655,52.640503,49.76781,51.86337,53.986477,93.94912,80.92444,90.12123
Japan,JPN,1915,57.89616,70.34961,65.1598,62.688297,55.995285,51.601936,45.635853,48.7346,48.66369,92.566475,81.23349,93.38619
Japan,JPN,1916,50.825645,65.46559,63.805405,62.056496,56.330933,52.77881,49.833168,50.641376,50.78043,96.20082,84.38536,90.73349
Japan,JPN,1917,55.40706,65.94968,64.76765,61.41555,54.714684,50.47693,46.022774,52.304432,50.98086,97.2765,88.022835,92.65208
Japan,JPN,1918,51.74488,66.032906,59.441994,59.9842,54.29175,50.845043,48.205307,51.19123,51.481945,99.58048,86.25208,92.20004
Japan,JPN,1919,64.51338,75.29157,64.413445,51.210052,43.67122,46.417118,48.86412,51.887405,52.13422,96.42009,84.23671,86.44429
Japan,JPN,1920,54.939854,69.41629,61.184322,76.82009,65.25847,59.635117,54.75858,58.043324,58.70884,109.64694,93.29574,106.8028
Japan,JPN,1921,57.19029,75.153885,69.71296,67.58626,62.40294,58.57842,52.66406,54.740406,55.18384,106.4836,93.12359,103.76216
Japan,JPN,1922,53.364082,69.21716,67.705826,68.12176,61.537678,56.26726,51.861023,55.40664,57.0483,105.87851,95.18191,105.959465
Japan,JPN,1923,57.826164,75.48286,71.389084,69.70953,63.540176,58.4068,52.861443,55.709816,59.818626,111.947136,96.09553,106.422035
Japan,JPN,1924,58.100246,75.11554,71.99418,68.63591,64.57916,57.13421,48.698982,52.124382,54.235275,103.42567,93.77128,108.9027
Japan,JPN,1925,65.63544,72.24413,70.69502,78.96254,65.29094,60.607903,55.600395,58.448967,60.09531,106.409386,93.8542,109.484184
Japan,JPN,1926,60.630672,78.939445,71.797264,69.43459,65.2007,60.187077,58.923214,66.23505,64.2203,108.83819,95.451744,105.496056
Japan,JPN,1927,55.228695,73.37004,69.85464,71.11038,66.02,59.46434,55.14942,60.10232,63.020752,105.67231,97.73042,110.1521
Japan,JPN,1928,59.853962,79.93159,75.06223,75.19485,68.6356,65.730316,59.23127,60.0863,62.944065,108.07539,93.707726,107.15616
Japan,JPN,1929,60.301773,75.08722,69.408516,69.07904,65.34491,61.203716,56.15812,60.08124,63.60026,105.30082,97.41157,110.777016
Japan,JPN,1930,60.29123,80.26404,71.84533,76.16215,67.61053,62.932976,56.960285,57.565994,63.823353,102.21338,93.19455,104.31581
Japan,JPN,1931,58.3212,71.591415,68.99023,71.21408,67.86985,65.03035,59.04609,60.939754,65.8682,105.19119,95.43447,115.04977
Japan,JPN,1932,59.920586,84.467026,78.54478,74.81838,68.768425,64.81319,60.77591,65.78176,69.75528,107.81649,94.40548,105.96284
Japan,JPN,1933,64.18449,76.52511,72.78986,70.56311,66.43534,62.34222,56.914097,60.3237,66.86382,101.65551,96.55864,117.388756
Japan,JPN,1934,58.205666,72.665474,67.98286,69.89123,66.48468,61.73755,56.974228,60.90855,66.503044,98.120255,93.14413,106.774124
Japan,JPN,1935,65.07167,87.66305,78.756035,80.07886,69.84663,62.444263,57.128036,61.708454,68.349205,99.8006,99.80835,112.21026
Japan,JPN,1936,58.399208,71.87508,67.69191,70.37531,68.094604,65.09318,58.459606,62.189575,69.3518,94.587944,95.68741,119.410645
Japan,JPN,1937,65.751396,83.3019,78.07757,76.13208,69.81585,63.069595,59.151535,63.732876,70.912994,98.0355,96.8098,113.46008
Japan,JPN,1938,53.337517,66.032906,61.09535,60.942356,58.969727,55.84011,50.81616,56.769466,68.39016,90.72674,94.258026,112.99414
Japan,JPN,1939,56.996746,75.22055,68.11021,68.033745,61.581955,56.505505,51.203953,52.369793,59.44739,79.93291,84.54763,104.25298
Japan,JPN,1940,65.55869,78.83487,73.45989,75.25454,68.29574,65.06703,61.83428,60.54128,70.26813,88.62473,89.704185,109.76754
Japan,JPN,1941,72.941246,85.57725,80.95207,80.11982,78.723145,74.74513,66.231155,64.98776,72.759155,91.021484,97.72902,113.7544
Japan,JPN,1942,65.565865,74.83537,74.15986,77.209625,75.13813,71.9537,64.83336,65.566284,76.04276,92.48425,102.168724,121.23942
Japan,JPN,1943,70.9476,81.75029,82.301414,85.04523,80.7501,71.87653,62.571957,63.11682,77.81223,92.94893,98.08569,108.23689
Japan,JPN,1944,54.14501,65.169304,69.56706,74.02145,70.6381,66.78617,63.89699,69.93096,84.09753,94.92781,104.14794,114.356125
Japan,JPN,1945,47.754223,50.657993,57.404076,59.613834,58.29084,51.886982,47.73081,56.940662,66.01722,74.58321,83.421135,68.395676
Japan,JPN,1946,68.55506,84.25003,81.6162,84.32367,74.491714,68.25568,57.896217,51.06684,51.43532,56.536285,64.31594,60.897587
Japan,JPN,1947,77.46296,90.37905,95.20621,99.74757,98.75054,94.61857,84.12855,81.939255,90.697105,99.14811,105.34588,124.587875
Japan,JPN,1948,75.9286,91.05144,87.8996,89.681755,86.84356,83.29163,78.3221,81.05909,93.36768,104.13386,113.544106,132.31346
Japan,JPN,1949,80.80734,85.78351,86.93419,90.567276,86.72103,84.225624,77.63996,80.86434,90.85343,99.446884,107.95923,130.44456
Japan,JPN,1950,72.09558,74.67523,73.405876,77.55322,74.73901,72.749916,65.744774,67.16712,76.646126,84.85058,96.13113,101.39538
Japan,JPN,1951,62.72954,64.92443,61.399323,63.373314,65.23911,66.138176,59.50772,61.68976,70.22534,78.46762,88.574066,100.60065
Japan,JPN,1952,55.65824,58.043167,59.19655,61.36755,60.772976,60.252747,56.045017,57.58976,66.83318,72.40382,79.24583,88.0816
Japan,JPN,1953,54.003445,52.629833,50.47012,55.847057,57.136806,56.965935,52.045723,54.093353,61.35806,66.51495,72.660545,80.6036
Japan,JPN,1954,50.53392,52.754436,52.22973,53.86347,53.95338,52.011932,46.698,47.006783,54.894455,59.806152,69.17805,74.99268
Japan,JPN,1955,48.909603,49.964996,49.88157,52.072994,51.797153,48.462032,44.748108,48.41526,56.01786,57.44774,63.79617,73.486824
Japan,JPN,1956,45.25813,47.965942,47.722637,49.72314,48.23997,47.026333,46.119564,47.13219,53.1379,56.56869,58.371544,64.58066
Japan,JPN,1957,44.827606,44.393738,42.45103,43.94626,45.32142,44.935154,42.659203,44.41691,50.364494,50.706028,55.751167,62.456104
Japan,JPN,1958,47.6465,48.650597,47.548145,47.669777,46.193542,46.32217,44.133064,45.54239,51.92288,52.786373,56.863705,63.206726
Japan,JPN,1959,44.337067,44.454784,44.48047,45.87882,45.33031,44.36139,42.310783,45.695057,53.0505,52.83525,57.416317,63.063713
Japan,JPN,1960,44.18327,44.155087,43.52132,46.340965,45.166153,43.871666,41.558876,44.27847,52.014435,52.18024,53.335297,58.330547
Japan,JPN,1961,45.448357,43.29314,42.653458,45.479717,45.05477,44.0999,41.17802,43.59306,50.62457,49.972336,52.751827,55.45738
Japan,JPN,1962,45.02655,43.56987,44.375477,46.364365,45.393528,44.394196,40.601418,43.611126,49.400974,50.43599,54.830723,56.492958
Japan,JPN,1963,46.138252,43.80908,44.04094,46.194294,45.899483,45.062862,42.61221,44.971794,51.402313,50.46029,55.417057,57.01255
Japan,JPN,1964,49.022068,46.39941,46.6812,48.758774,47.755398,47.815125,44.658516,45.9827,51.019794,49.844532,51.917435,54.586437
Japan,JPN,1965,47.749725,49.12571,52.588818,54.19954,52.009884,50.14723,46.31267,46.488163,53.094383,52.980602,55.774136,55.67276
Japan,JPN,1966,43.9531,39.333515,36.817905,37.867313,37.5309,37.11975,34.24289,33.773823,37.228275,36.814747,40.341145,40.440327
Japan,JPN,1967,48.91028,47.3326,48.241386,51.33797,51.98791,52.574734,49.10492,52.23831,55.69267,60.00552,61.974697,62.626686
Japan,JPN,1968,51.581528,48.935646,48.29189,50.610603,51.383926,52.353004,48.281036,49.681095,53.880592,51.0235,51.79533,53.17738
Japan,JPN,1969,50.578564,46.744896,47.166855,49.927235,49.776802,51.222923,48.8028,49.983067,54.72593,51.75111,54.675434,56.34475
Japan,JPN,1970,52.352436,48.063164,47.81955,50.81405,51.37788,53.262386,49.674683,50.547993,53.982246,51.71016,54.069733,55.062286
Japan,JPN,1971,51.472294,49.851925,51.133076,54.18023,54.23163,54.4483,51.238426,51.209854,53.754704,52.01832,54.189,54.24441
Japan,JPN,1972,51.582478,49.42601,51.444645,54.10152,54.674213,54.11119,51.39953,51.41972,52.61465,51.916805,53.70634,54.03373
Japan,JPN,1973,51.7567,49.773506,51.225822,53.15441,54.267776,54.774555,51.800144,53.08937,54.144314,52.669075,55.15547,54.828655
Japan,JPN,1974,47.59229,47.289318,49.757385,52.240185,53.143345,53.9143,49.665417,49.69448,51.25768,49.706493,52.538975,52.658695
Japan,JPN,1975,45.46893,42.7656,44.95426,47.772156,47.763157,48.801506,45.95046,46.983284,48.195164,46.630062,49.487698,49.160873
Japan,JPN,1976,42.36667,41.23071,42.717865,45.67501,45.78416,47.005493,44.43517,44.989243,45.890743,44.80378,44.809044,46.28841
Japan,JPN,1977,40.43631,39.378056,41.806385,44.310616,44.393826,44.967663,43.174194,43.615444,43.458218,40.774235,41.8228,41.52925
Japan,JPN,1978,39.748753,38.697517,39.706512,41.645237,42.392845,43.105362,41.44702,42.61032,41.13715,39.524986,41.055176,40.59348
Japan,JPN,1979,38.259308,37.41647,39.485428,40.417294,40.67126,40.323433,39.24095,38.9908,37.750397,37.42947,39.07925,39.526905
Japan,JPN,1980,35.311535,34.4813,36.961304,39.232132,38.3725,38.586193,36.817104,37.358128,36.865433,36.102028,37.23904,37.86154
Japan,JPN,1981,34.692688,33.728336,36.002426,37.93077,37.135326,37.25848,35.72185,36.067627,35.904037,34.301323,35.91929,35.23825
Japan,JPN,1982,34.831272,33.504143,35.0604,37.62403,37.889385,37.513416,35.87376,34.812187,33.658157,32.80357,34.708565,34.59394
Japan,JPN,1983,34.47747,33.39865,34.005592,36.237637,36.344097,36.660515,34.574505,34.89155,35.081,33.91115,34.239708,34.326233
Japan,JPN,1984,33.326336,32.803635,33.840748,35.38877,36.38085,36.327095,33.336517,33.71506,33.068073,33.466423,33.63269,33.807816
Japan,JPN,1985,31.840076,31.013577,33.00177,33.981716,33.939583,35.013947,32.301353,32.525425,31.952196,30.988264,32.923008,32.426018
Japan,JPN,1986,31.081913,30.397184,31.942932,32.44791,31.775686,33.062386,31.52686,31.052097,30.58885,30.487494,31.276045,30.99355
Japan,JPN,1987,29.52974,29.047327,29.82671,31.110477,31.186764,32.32062,31.035494,30.875587,30.116074,29.851614,29.978754,30.156237
Japan,JPN,1988,28.46022,29.194008,30.282036,31.618809,31.504417,30.532845,29.747442,29.130821,28.77945,28.220757,28.00383,28.232689
Japan,JPN,1989,28.186623,27.679167,27.656054,28.276318,28.8514,28.60983,27.554646,28.24829,27.574226,27.230646,27.590845,27.865805
Japan,JPN,1990,26.74075,26.36701,27.052908,27.747732,28.1421,28.300598,27.157322,27.982407,27.011091,26.629227,26.984856,27.418095
Japan,JPN,1991,27.22892,26.711246,27.965569,28.198116,27.906673,28.319288,27.253983,27.346485,26.630386,26.186975,26.6005,26.616175
Japan,JPN,1992,26.366167,25.736454,26.844963,28.468765,27.345387,28.2848,27.238548,26.978771,26.411762,25.474691,25.911188,26.26098
Japan,JPN,1993,26.090544,25.505606,25.312191,27.230257,27.217527,27.483202,26.824602,26.45389,26.14976,25.640623,25.872746,26.062307
Japan,JPN,1994,27.129293,27.125856,27.546713,28.451466,28.370974,28.584414,27.524117,27.377373,26.924074,26.327492,26.534973,26.346636
Japan,JPN,1995,25.297382,24.920263,24.95257,27.008385,27.343119,27.473911,26.759747,26.326155,25.624786,25.536497,26.019222,26.673069
Japan,JPN,1996,25.683615,25.907284,27.077085,27.666315,27.13893,27.8796,26.659992,26.948925,26.220121,25.05458,25.673393,25.622004
Japan,JPN,1997,25.880463,25.31298,25.906002,26.669186,26.705435,27.625036,26.771639,27.131237,25.572859,24.943682,25.299107,25.887053
Japan,JPN,1998,25.884829,25.028833,26.13773,27.883442,27.145317,27.868761,26.932089,26.319748,26.181395,25.361046,25.58488,25.788603
Japan,JPN,1999,25.363815,24.884787,24.647116,26.67845,26.563389,26.696703,26.00165,25.61096,26.03881,25.0246,25.62294,25.847172
Japan,JPN,2000,25.492258,25.596893,25.890652,27.388613,26.656021,26.427797,25.36169,25.746977,25.218054,25.45753,25.75861,26.072165
Japan,JPN,2001,24.551708,25.089474,26.504827,27.20945,26.367733,26.054682,25.242252,25.555914,24.704296,24.308006,25.024582,25.597668
Japan,JPN,2002,24.331408,23.93061,25.002235,26.281906,25.824802,26.22635,24.73084,25.272722,24.857729,24.502268,25.196198,25.236868
Japan,JPN,2003,24.205427,23.56019,24.53491,25.174643,24.929508,25.405907,24.253399,24.546047,24.189316,23.642412,24.01985,24.67099
Japan,JPN,2004,23.717703,23.850086,23.65508,25.365467,24.182186,24.913729,23.650505,23.5283,24.215294,23.862284,23.820738,24.099325
Japan,JPN,2005,22.458899,22.205376,23.223341,24.508585,23.653603,23.274801,23.042732,22.29544,22.808228,22.906046,22.905428,23.74965
Japan,JPN,2006,23.5793,23.790947,23.912745,24.60947,24.345,23.992146,23.726053,23.590403,23.256006,23.25505,23.467875,23.277546
Japan,JPN,2007,23.276033,23.679499,24.546183,24.54182,24.145103,24.034616,23.459272,23.485958,23.074926,22.927736,23.147835,23.488283
Japan,JPN,2008,23.57667,23.060467,24.166965,25.10232,23.936487,24.25978,23.105476,23.378178,23.240896,22.7828,23.217884,23.420765
Japan,JPN,2009,23.384512,22.626303,23.74647,24.29481,23.439163,23.994612,23.038506,22.27726,23.010664,22.436468,22.878143,23.318838
Japan,JPN,2010,22.9623,23.292055,23.572807,24.313349,23.620424,23.765432,23.630331,22.148811,23.041758,22.435352,22.99467,23.128338
Japan,JPN,2011,21.808475,22.380613,22.810543,24.444832,23.799116,23.366087,23.054564,22.110224,22.51792,22.366163,22.56505,22.611767
Japan,JPN,2012,22.057718,22.65028,23.162262,23.751858,23.277187,23.180244,22.07587,21.973267,21.613111,21.43322,22.285269,22.434496
Japan,JPN,2013,22.159191,22.03864,23.25909,24.017868,23.624361,23.453955,21.829287,21.865406,21.679579,21.26981,21.862436,21.994986
Japan,JPN,2014,22.12839,21.519152,22.775425,23.987444,22.546244,23.001572,21.608913,21.398129,20.920544,20.36965,21.001188,21.448465
Japan,JPN,2015,21.734451,21.482367,22.11623,23.116724,22.244234,22.820282,22.136131,21.579481,22.18216,21.084631,21.643854,21.795694
Japan,JPN,2016,20.53107,20.805916,21.508123,22.679344,21.935507,21.945719,21.478512,20.875257,21.260336,20.946558,21.16251,21.218937
Japan,JPN,2017,20.568995,20.617905,20.996147,21.910563,21.48866,20.871761,20.61576,20.676022,20.386147,20.202871,20.563465,20.490917
Japan,JPN,2018,19.516092,19.996426,20.424269,20.796907,20.949427,20.748215,20.337904,20.411932,19.927835,19.404125,19.95128,20.246647
Japan,JPN,2019,18.91305,18.789434,19.274817,19.902136,19.705124,19.787895,19.126331,19.548388,18.846134,18.041922,18.518024,18.925566
Japan,JPN,2020,17.45368,17.969995,18.770285,19.731432,19.099026,19.405325,18.960546,18.461058,19.042847,17.776031,17.978754,18.546524
Japan,JPN,2021,17.503607,18.13972,18.554825,19.769608,19.063398,18.972673,18.61889,17.80041,18.594252,17.311533,16.678516,15.975777
Japan,JPN,2022,16.45175,17.21078,17.831577,19.099775,18.737053,17.620295,17.018908,16.330854,16.939995,16.422451,16.574001,17.028217
Japan,JPN,2023,16.045109,16.343206,16.344475,16.961086,17.274603,17.156654,16.86642,16.19155,16.151955,15.508373,15.995457,16.056767
Latvia,LVA,1948,47.5579,48.003242,47.006325,47.069145,49.151333,47.925617,47.16414,43.23724,44.995125,47.32808,43.99169,43.084026
Latvia,LVA,1949,43.14531,42.683624,42.302628,42.778618,45.39757,45.734642,48.446545,49.595657,51.723812,54.46789,52.97569,50.407696
Latvia,LVA,1950,39.360905,39.65967,38.82465,41.322056,45.075817,43.8501,48.019077,47.619186,45.96089,48.46187,47.97158,37.96665
Latvia,LVA,1951,39.72862,38.99472,38.38033,37.902298,41.398663,44.110565,43.981865,45.79593,46.02422,44.738747,45.64764,45.09114
Latvia,LVA,1952,37.307823,36.144924,39.039154,39.78633,40.15762,43.8501,43.839375,46.11768,46.641674,19.871971,43.48397,43.75817
Latvia,LVA,1953,34.5806,35.78078,35.94421,38.535587,37.430397,40.402763,40.767925,43.8501,45.39093,46.362823,43.22192,41.842983
Latvia,LVA,1954,41.322056,39.691338,39.851192,41.322056,44.09524,46.54668,39.596344,48.002224,46.435856,45.21371,42.848732,43.313847
Latvia,LVA,1955,37.99729,38.20311,38.10454,37.886467,41.965557,43.65092,48.98484,46.9144,48.937344,48.4159,45.053932,38.977867
Latvia,LVA,1956,37.859398,37.91813,41.68977,38.947224,43.22192,42.44052,47.03748,48.78362,46.40419,46.163643,42.206474,40.847088
Latvia,LVA,1957,41.030945,41.6387,42.53245,39.042217,43.911385,45.719322,46.356693,49.856125,48.921513,44.47828,45.562824,42.195377
Latvia,LVA,1958,46.42411,42.398643,44.815353,43.475235,43.421097,44.600853,49.443974,49.61098,51.755478,46.73054,47.276093,44.416996
Latvia,LVA,1959,41.66752,38.668327,45.568768,44.289646,45.12715,48.35796,49.379772,47.65861,51.4699,47.937378,47.404274,43.405777
Latvia,LVA,1960,40.204388,40.762745,39.428764,41.45666,43.093792,44.515972,48.474236,50.917454,50.819283,51.298317,48.422493,46.686302
Latvia,LVA,1961,42.124004,39.148342,40.681095,42.56001,41.97774,46.28073,48.107006,50.30354,51.649548,51.68815,47.227585,46.793537
Latvia,LVA,1962,39.14103,38.965183,43.1741,49.511078,43.979084,43.475155,43.608883,44.53439,46.72065,44.131104,46.443867,44.27544
Latvia,LVA,1963,34.621964,36.530403,35.29772,38.84097,39.882637,43.36338,44.247185,46.836132,49.3046,47.700397,43.139126,44.019264
Latvia,LVA,1964,35.454258,36.10754,36.80332,37.66553,37.192177,42.23366,42.744205,43.80493,46.460495,44.23839,41.71123,40.62551
Latvia,LVA,1965,33.670162,32.735527,32.645573,35.18993,35.509117,37.094337,39.573265,42.402256,43.394726,41.701366,41.640167,38.93313
Latvia,LVA,1966,35.4068,35.10587,35.10116,34.554153,37.686954,38.11469,42.67591,42.664482,41.79835,40.48483,38.48602,38.397026
Latvia,LVA,1967,32.821045,33.59825,34.57754,35.471977,36.42379,39.75348,41.763977,42.159286,43.32649,41.22117,39.35117,39.127796
Latvia,LVA,1968,35.8679,35.268486,32.915558,35.653526,36.218285,39.430653,40.763485,41.060635,42.96529,42.098827,39.89891,38.147663
Latvia,LVA,1969,33.86955,32.440952,34.09959,35.9141,36.9743,38.922253,40.888767,42.81347,42.24429,45.011463,39.3131,37.712418
Latvia,LVA,1970,35.02071,33.446697,34.075844,36.991264,38.938538,41.793556,42.741436,44.72343,44.359673,42.96168,42.49516,39.84799
Latvia,LVA,1971,35.56184,36.534893,36.61292,37.9855,39.63296,41.763477,40.87046,45.96543,44.24288,46.029205,42.22305,40.17993
Latvia,LVA,1972,34.496655,34.725857,34.016712,36.631638,38.189896,41.323673,44.454277,42.85911,45.779377,44.06111,41.77465,41.036846
Latvia,LVA,1973,36.518467,34.3809,34.002644,35.052208,37.454998,40.740185,41.715687,42.566097,39.497353,42.71051,40.70604,37.639233
Latvia,LVA,1974,35.478428,35.337627,36.12348,36.671757,38.449585,38.26553,43.37321,43.806385,41.777775,42.462986,40.23948,39.241978
Latvia,LVA,1975,37.090508,35.086376,33.829697,35.654842,37.673653,41.778435,42.272564,42.851387,42.864452,41.281708,37.90254,37.613667
Latvia,LVA,1976,33.03668,32.99511,34.968456,36.702312,37.80371,39.764793,42.322525,41.706707,39.604996,43.25983,39.147175,38.36484
Latvia,LVA,1977,35.769672,34.813858,34.44692,35.439705,35.896637,38.32888,41.39807,39.70703,39.92415,41.348133,38.816807,37.174427
Latvia,LVA,1978,35.710217,34.941322,35.463203,35.457825,36.183685,40.442684,38.722404,40.960533,38.547974,39.178272,37.893265,37.238415
Latvia,LVA,1979,35.169636,35.89754,34.36074,35.420193,37.01181,39.399696,40.042957,39.235317,40.817394,40.989574,39.115917,37.56634
Latvia,LVA,1980,37.8848,35.470207,35.474392,36.000854,36.29649,40.282917,42.005104,41.556786,43.05638,40.429256,37.841393,37.398796
Latvia,LVA,1981,30.878044,36.05133,36.408546,37.357243,38.28781,39.349953,43.50596,42.9874,40.834843,42.119232,39.338985,39.134193
Latvia,LVA,1982,37.702007,39.357456,37.03685,38.512394,39.527596,43.048073,42.844322,42.156822,42.817596,43.496838,40.74531,39.411594
Latvia,LVA,1983,36.96119,41.20308,41.48776,41.31194,42.632526,45.719036,47.33344,46.718002,46.23042,46.99588,44.469173,42.778076
Latvia,LVA,1984,41.892525,39.8337,40.691574,41.25118,43.28608,45.396877,44.306427,47.206688,47.464,45.969055,42.40879,42.70952
Latvia,LVA,1985,33.388577,36.815052,38.99217,41.191673,42.946274,45.34543,43.341114,46.396893,46.727726,45.007362,43.930412,42.761772
Latvia,LVA,1986,33.524612,37.313534,42.127144,42.87334,42.1044,47.705814,48.17907,46.42438,48.81777,48.19973,50.840633,43.301487
Latvia,LVA,1987,32.863365,38.465534,40.197628,40.81482,42.24539,45.47648,46.933086,46.97336,47.844917,48.068913,55.876007,43.10573
Latvia,LVA,1988,38.80149,36.842846,38.26537,39.357353,41.275608,44.285862,44.941505,47.32419,47.490345,45.55407,43.722317,42.557087
Latvia,LVA,1989,36.30536,35.10289,37.68679,38.968975,40.4602,40.945312,41.673325,44.203236,41.900486,42.75285,41.02248,39.12342
Latvia,LVA,1990,37.175625,35.602623,34.41761,36.981823,37.705063,40.990284,42.128616,42.051846,40.14586,41.355934,41.41476,38.773182
Latvia,LVA,1991,31.735317,30.447807,32.246967,34.2284,34.73206,36.326412,38.579514,39.097504,39.31617,40.161457,37.958992,35.220047
Latvia,LVA,1992,27.029837,28.072603,28.507582,31.900526,32.57141,35.73405,36.374638,35.174644,36.040638,36.89862,34.97895,32.37057
Latvia,LVA,1993,27.728785,25.940254,24.117445,27.454796,27.134804,27.925394,29.281036,30.742287,31.629309,30.576252,30.440044,30.224014
Latvia,LVA,1994,22.904173,21.162245,22.766401,23.73297,24.706387,27.119423,27.497597,28.2613,29.04638,31.345959,31.307169,26.690592
Latvia,LVA,1995,20.64045,20.160622,21.001097,23.951178,23.882385,24.77955,24.89513,24.831617,25.739668,26.500116,25.332434,24.044561
Latvia,LVA,1996,20.935247,20.497818,19.477297,20.29976,22.32332,23.57851,24.099657,23.25001,24.153574,22.503704,21.616415,21.250233
Latvia,LVA,1997,19.639105,17.374296,19.872547,20.929949,20.224731,22.529987,22.987745,22.691454,24.180706,21.68861,20.496117,21.837729
Latvia,LVA,1998,20.380919,20.100672,20.807055,21.359915,20.749382,22.00644,21.464592,21.69301,21.639994,21.794495,21.00918,18.255291
Latvia,LVA,1999,21.653069,20.711382,19.936724,23.187168,22.601547,23.600807,23.954788,22.709854,23.55049,22.99287,21.953817,20.01938
Latvia,LVA,2000,22.94057,21.73091,21.09134,22.408058,23.191973,24.300543,25.480022,24.865307,24.250881,24.124577,24.25548,22.492445
Latvia,LVA,2001,21.338917,21.422928,21.705282,22.245712,23.203175,24.142792,24.747965,25.31319,22.45958,24.362177,22.945198,23.374372
Latvia,LVA,2002,22.23441,22.335161,23.949327,23.586567,24.624712,26.155582,24.69938,23.730656,22.990992,24.94668,23.593908,23.406824
Latvia,LVA,2003,24.879011,23.6692,25.41682,25.278738,26.347975,27.876982,25.33175,25.915886,25.565578,25.844519,24.532118,23.065569
Latvia,LVA,2004,23.419605,23.052868,23.016605,25.192238,25.968208,27.39695,26.899492,25.081806,25.099695,25.700666,23.170378,23.525282
Latvia,LVA,2005,24.538464,26.500637,25.682365,27.172737,28.45203,27.967497,28.11723,26.28157,26.73428,27.63145,26.070793,25.99462
Latvia,LVA,2006,27.715385,27.247286,29.060175,30.293272,28.538338,30.10307,29.552588,28.404596,27.36611,27.929058,27.594501,25.065605
Latvia,LVA,2007,28.09537,27.402878,28.852186,31.903267,32.013165,31.889791,30.00926,30.545303,27.430075,31.17854,27.814264,30.481068
Latvia,LVA,2008,27.715141,28.683825,28.24786,31.412676,31.270332,32.83579,31.399548,31.136461,31.741837,30.949362,29.975552,31.808155
Latvia,LVA,2009,24.725414,24.771183,26.006628,29.453074,29.437069,29.614931,30.396782,28.707705,29.15171,30.26075,28.403261,27.224127
Latvia,LVA,2010,24.883923,24.352827,24.31242,26.528074,25.779108,27.50045,26.096392,26.265654,25.289637,27.543865,25.647394,25.52684
Latvia,LVA,2011,22.99106,23.728872,24.775127,25.959661,25.374453,27.944296,27.12761,24.12725,23.579271,26.127584,24.617298,23.965971
Latvia,LVA,2012,24.354641,25.604988,26.729134,26.922998,27.920763,30.830482,28.588522,27.199032,26.806381,25.982422,24.492504,25.054005
Latvia,LVA,2013,26.026833,26.486946,28.711323,30.022526,29.813347,30.85979,28.383398,28.114445,27.124996,28.637497,26.25284,25.762892
Latvia,LVA,2014,28.504873,27.978014,28.598574,32.262188,31.493235,32.800285,31.532803,31.207504,29.523766,28.569565,27.806715,28.11455
Latvia,LVA,2015,28.96272,28.638569,31.144302,31.382668,31.866653,33.94811,31.618063,28.719057,30.00825,29.914024,29.711996,29.31882
Latvia,LVA,2016,27.536995,28.141962,29.984735,30.158607,32.12808,32.11887,33.502956,32.116932,31.76943,31.507818,28.32542,30.015894
Latvia,LVA,2017,26.16394,26.828535,29.157587,30.401361,31.461748,32.503548,30.665903,29.225489,29.905344,29.28565,28.974556,27.84032
Latvia,LVA,2018,23.75855,24.899342,25.255013,28.314611,28.422626,30.24619,30.249716,28.152395,28.416735,27.332754,27.563742,26.83199
Latvia,LVA,2019,25.992426,25.378288,26.335962,28.053581,29.208353,30.170305,28.113005,25.97933,26.796185,26.052494,25.92512,24.563011
Latvia,LVA,2020,22.238718,23.281849,23.40077,26.23769,26.326265,26.224623,26.573195,26.564196,27.152113,24.90508,24.308733,25.499105
Latvia,LVA,2021,22.993177,24.397676,23.81538,28.044804,27.101963,28.005354,27.04291,25.671751,24.036287,25.888088,24.27861,22.508526
Latvia,LVA,2022,18.682194,19.001328,20.827913,25.707508,23.612955,24.691727,26.454065,24.2989,23.141066,24.746412,24.011948,23.509815
Latvia,LVA,2023,18.839134,19.150862,20.252783,21.319906,22.124947,23.290129,23.412006,21.203588,20.887697,22.094166,20.079758,20.066721
Latvia,LVA,2024,16.194468,17.186487,17.675495,20.360937,19.982092,20.034876,19.115147,19.329052,19.529387,19.10797,19.41533,18.440361
Lithuania,LTU,1958,54.851147,55.596863,57.232357,59.5707,56.779926,58.887295,56.98709,66.328575,67.37075,69.07887,68.17571,71.99585
Lithuania,LTU,1959,51.222248,52.348103,56.05541,57.907475,59.211388,65.074196,67.76382,69.88636,68.882065,70.13685,67.30404,65.12606
Lithuania,LTU,1960,51.597336,54.774506,54.07342,57.292156,58.63261,62.423386,61.50272,66.77667,69.80472,68.026886,71.07113,64.92917
Lithuania,LTU,1961,51.817356,52.223763,54.01999,57.524452,58.902172,61.4446,64.83372,67.98651,70.65456,67.67028,64.32446,63.215088
Lithuania,LTU,1962,47.40163,46.175983,48.46387,51.556248,55.3779,61.05564,59.852684,66.095436,66.42984,64.097565,62.049034,60.24783
Lithuania,LTU,1963,43.916508,46.5989,47.77846,49.45769,50.564774,54.187634,56.226246,61.47875,64.26609,61.262096,56.97275,56.397144
Lithuania,LTU,1964,42.60917,43.726486,46.65341,48.4771,48.84562,52.59896,55.89282,57.978592,60.913353,59.953537,56.099262,52.18333
Lithuania,LTU,1965,40.222076,43.55102,43.163242,48.79519,47.539085,49.35829,53.30328,55.25196,57.566933,55.1426,53.537167,49.979115
Lithuania,LTU,1966,42.24754,45.43549,43.884857,47.265583,47.096043,48.28196,52.186314,55.22628,58.471714,54.236088,51.713398,49.177166
Lithuania,LTU,1967,42.843243,41.100677,42.365448,46.37218,45.577854,48.564014,51.022736,55.07525,54.47947,54.01046,52.54233,49.181316
Lithuania,LTU,1968,41.90688,44.01315,43.343933,44.829212,46.066093,48.701435,50.01203,52.902943,55.23825,53.526028,49.444153,49.57982
Lithuania,LTU,1969,41.06792,41.905415,42.691803,46.231567,48.183308,48.889015,49.518963,54.28004,52.27241,51.025265,48.52242,50.412155
Lithuania,LTU,1970,40.44533,41.92622,42.77395,45.77733,45.953358,50.560184,51.016315,55.029255,54.98639,54.798283,50.809425,48.36339
Lithuania,LTU,1971,42.0323,42.69058,42.65128,44.06341,46.03562,50.57464,52.03798,55.247623,52.792995,54.51867,49.604477,48.979893
Lithuania,LTU,1972,40.376884,40.45336,39.39243,44.288273,43.8307,49.349155,50.46568,50.64252,51.760723,51.10274,49.761494,47.440186
Lithuania,LTU,1973,39.68891,38.58187,38.310314,40.080624,42.74861,45.978794,47.136707,47.716606,47.520145,48.660686,46.035618,45.165257
Lithuania,LTU,1974,39.1271,39.52727,39.000137,41.308327,43.082436,44.891506,46.95416,47.7769,46.832417,45.871296,44.169212,44.08865
Lithuania,LTU,1975,39.098534,37.67045,38.02323,40.05563,42.582787,44.7844,45.22883,47.072258,47.0767,46.787605,44.47156,43.369247
Lithuania,LTU,1976,37.9102,39.182186,38.700115,41.19931,42.01084,45.298332,46.97252,46.99494,45.846127,46.547966,42.639267,42.215046
Lithuania,LTU,1977,37.223206,39.80834,38.18716,40.68805,42.05415,45.409313,46.320377,44.396187,46.257126,45.943844,43.353302,41.70492
Lithuania,LTU,1978,37.97534,38.861042,37.420017,39.930084,40.875668,43.98924,45.166664,46.446674,44.035107,44.398354,43.212193,41.637074
Lithuania,LTU,1979,37.801548,40.178543,37.734463,38.605797,42.16155,43.41821,43.16036,45.064075,46.30081,43.99012,42.771782,40.28131
Lithuania,LTU,1980,38.659008,38.706802,37.31729,37.91063,39.385002,44.389095,44.31662,44.264156,47.066734,42.508724,40.101524,40.35359
Lithuania,LTU,1981,37.584778,38.39853,37.28467,40.06441,40.76533,45.17143,46.019276,44.318295,43.33751,42.161373,41.052525,41.546352
Lithuania,LTU,1982,40.43914,41.621063,37.386272,39.651382,40.629494,42.67607,46.120056,44.427143,42.91121,44.2485,41.92219,40.58781
Lithuania,LTU,1983,40.076763,42.32354,41.22569,44.21561,45.32074,48.09501,48.924137,47.95056,48.27813,45.57231,45.92002,42.679066
Lithuania,LTU,1984,40.48469,39.847527,39.771408,43.026657,46.628517,47.890987,46.791267,48.117325,47.645626,46.321514,45.387287,42.559856
Lithuania,LTU,1985,39.72769,40.99542,40.11536,43.013172,45.15638,47.586864,46.705544,48.557777,49.76935,47.569664,46.353107,44.42364
Lithuania,LTU,1986,33.378117,39.132854,40.56044,44.427746,46.06056,49.975307,50.25158,49.064266,51.753094,49.897694,47.403263,45.059566
Lithuania,LTU,1987,31.799656,38.667595,40.324345,40.736153,43.789963,47.986523,50.055977,50.17079,49.8462,48.569298,51.93546,45.34538
Lithuania,LTU,1988,29.121735,34.30302,38.04251,39.182545,41.822506,44.488106,44.734592,47.357224,47.316116,46.378162,56.194912,40.667263
Lithuania,LTU,1989,30.843164,36.033375,39.094837,38.751118,41.213017,43.403694,44.408012,45.177612,42.44316,43.90914,42.73409,50.236794
Lithuania,LTU,1990,32.73978,36.14469,38.49226,40.873547,41.16805,43.200634,43.999134,46.246323,45.477055,44.716827,43.39374,49.60037
Lithuania,LTU,1991,40.877605,30.119228,34.377724,38.840355,39.874126,44.57521,42.301067,45.194096,44.77749,43.956284,43.486973,49.083393
Lithuania,LTU,1992,41.414097,28.711016,35.190395,38.65316,40.781597,43.9194,43.8201,42.280968,42.146458,41.890602,41.265095,42.20615
Lithuania,LTU,1993,34.09917,28.70081,29.191965,31.228794,34.50373,35.783672,37.138836,38.13825,40.212677,40.30435,38.239765,36.505627
Lithuania,LTU,1994,28.499338,28.231995,27.427248,31.446629,30.094358,33.702755,34.62116,35.078175,35.51375,34.81241,31.425549,30.28277
Lithuania,LTU,1995,28.160769,28.003183,29.079187,30.10338,31.018896,32.876453,32.352837,33.270874,32.468582,33.380375,31.710922,30.901894
Lithuania,LTU,1996,26.801006,27.147661,27.19816,27.64194,29.423769,33.034946,31.53241,33.127617,32.81456,29.134598,30.102434,27.812304
Lithuania,LTU,1997,25.832714,24.433878,28.614983,28.187807,29.49372,31.426447,30.62754,31.200216,31.653261,29.101095,28.154001,28.950085
Lithuania,LTU,1998,24.787806,25.994228,25.887522,28.427614,29.195406,31.205526,30.808495,30.605076,31.156132,30.223763,28.012201,26.63615
Lithuania,LTU,1999,24.774807,25.178246,25.35192,27.811329,27.686771,30.472908,30.317083,31.453478,30.367641,30.668623,29.174026,26.54567
Lithuania,LTU,2000,24.205473,24.036018,23.110535,25.823017,26.461922,28.061369,28.249325,28.558002,28.67743,28.658167,27.641842,26.341711
Lithuania,LTU,2001,21.455982,22.009062,23.330244,23.636915,23.971603,26.385853,25.718971,26.631372,25.534512,25.570726,25.543186,25.289885
Lithuania,LTU,2002,21.469149,21.046852,22.635645,24.57792,24.427223,25.040525,23.171728,24.113672,23.55071,24.674469,23.890913,23.236906
Lithuania,LTU,2003,23.354963,22.47858,23.789816,25.383608,24.336653,27.168547,24.394815,24.201326,24.160135,23.474573,22.42823,23.088488
Lithuania,LTU,2004,22.691114,22.946459,22.345263,23.915905,25.519508,26.819767,25.544676,23.121634,24.289854,24.517853,22.931044,24.123974
Lithuania,LTU,2005,22.112013,23.427223,23.209637,25.574179,25.243244,26.395796,25.037573,23.46448,24.047226,25.258816,23.868557,24.071035
Lithuania,LTU,2006,22.959871,24.714401,24.051355,26.676615,25.76049,26.849213,26.229715,24.7675,23.931372,24.167765,24.437685,22.99195
Lithuania,LTU,2007,24.361334,25.293964,25.02493,27.518497,27.584187,26.54951,25.017588,25.741314,23.601717,25.562613,24.403225,24.481548
Lithuania,LTU,2008,26.918491,26.843296,27.686031,27.898226,27.744743,30.0129,27.209724,26.865793,28.395254,23.356237,24.668835,25.499298
Lithuania,LTU,2009,27.5499,26.701511,26.77369,29.484055,29.328804,30.459433,28.956497,27.5138,28.106052,26.418644,26.129658,26.60476
Lithuania,LTU,2010,24.517279,25.685558,25.87685,27.917894,27.306751,30.093935,27.887661,28.239235,26.183434,28.238083,26.575508,26.54334
Lithuania,LTU,2011,23.536303,24.963165,25.483631,27.732443,27.94314,30.195795,29.522976,26.461134,27.361605,25.988228,30.081615,29.29003
Lithuania,LTU,2012,25.928898,27.062721,27.801855,28.817509,29.614906,29.516,28.682447,28.015364,26.446356,25.293493,25.351036,25.618788
Lithuania,LTU,2013,24.302324,24.6877,25.935951,27.310295,29.547693,30.00502,27.036549,27.167099,26.065207,26.43256,25.5923,25.88444
Lithuania,LTU,2014,24.816532,26.469927,26.447636,30.605543,29.41448,30.955683,28.603296,27.631742,27.936392,25.848188,24.68832,24.779545
Lithuania,LTU,2015,26.286713,25.602041,28.17261,31.297928,30.79425,30.115086,31.926657,27.798962,27.332342,26.781214,25.647806,27.099298
Lithuania,LTU,2016,24.969076,25.983492,26.803398,30.368689,28.204268,31.141285,28.40207,29.300476,28.193233,28.169588,26.8909,27.143497
Lithuania,LTU,2017,24.1192,25.334198,25.697863,28.816206,27.803461,29.21577,28.51203,27.509611,25.948427,26.45318,26.426178,26.256813
Lithuania,LTU,2018,23.102617,23.934217,25.451178,27.682785,25.80816,27.705168,27.567562,27.181301,25.86038,25.882912,25.401783,26.170216
Lithuania,LTU,2019,17.30651,22.734753,23.145475,27.146322,26.532644,29.016062,25.308153,24.547731,24.844124,23.75524,23.2826,23.81
Lithuania,LTU,2020,18.865885,20.878927,22.530714,26.40666,24.89851,24.80398,23.958025,24.133686,23.703932,21.28689,20.988995,21.946396
Lithuania,LTU,2021,15.509897,21.437214,22.741041,24.883936,25.317675,25.600893,24.932077,24.721003,23.051126,22.659882,21.832584,20.278833
Lithuania,LTU,2022,18.50618,18.168463,20.136703,23.64291,22.140755,24.041227,23.759771,23.01602,20.946146,20.91927,20.337027,20.671469
Lithuania,LTU,2023,17.573257,18.081463,17.691906,19.75677,20.616701,21.35263,21.02557,20.926739,18.186459,20.330387,20.129757,20.52224
Lithuania,LTU,2024,16.785913,15.779022,17.78385,19.336636,18.80464,19.856886,18.293869,18.05235,17.802198,18.459307,18.098316,17.581142
Luxembourg,LUX,1901,60.50184,68.26006,59.678684,58.47825,60.81052,59.267105,66.02726,64.000244,66.34623,78.096756,74.16106,65.85234
Luxembourg,LUX,1902,60.913414,66.77153,63.17709,66.45255,61.016308,60.193153,58.903545,69.14496,64.11343,68.93917,72.224434,66.4697
Luxembourg,LUX,1903,60.296047,62.412243,59.57579,57.096035,61.53078,59.472893,61.136353,70.79127,69.3233,66.98418,71.65485,63.69156
Luxembourg,LUX,1904,61.427887,64.64505,66.88128,65.70829,63.382877,56.79764,64.0071,68.52759,69.53596,73.363625,67.64412,66.263916
Luxembourg,LUX,1905,63.48577,57.62766,57.826588,61.455326,64.000244,62.76551,68.57904,66.36681,67.94109,69.55653,73.13579,67.189964
Luxembourg,LUX,1906,63.074196,59.116196,62.25104,66.55888,62.45683,60.707626,62.731213,63.17709,71.98141,72.12889,75.18632,69.65943
Luxembourg,LUX,1907,61.53078,66.02726,60.398945,65.81461,66.36681,61.016308,71.23714,67.189964,74.63951,75.6273,74.16106,68.3218
Luxembourg,LUX,1908,62.76551,61.242676,57.20922,61.136353,60.398945,66.67549,67.62212,68.630486,74.10789,75.00993,73.5836,70.89416
Luxembourg,LUX,1909,57.620796,61.56165,57.41501,59.75414,59.88447,61.016308,62.731213,66.36681,72.51303,70.379684,70.40173,62.868404
Luxembourg,LUX,1910,57.106327,57.41501,57.72369,58.265602,61.53078,59.987366,59.541492,68.21891,66.87785,62.76551,67.0981,64.720505
Luxembourg,LUX,1911,55.974487,60.923702,59.987366,58.797222,57.72369,62.76551,57.62766,66.05813,62.09327,68.93917,71.76876,65.23498
Luxembourg,LUX,1912,58.44395,60.073112,54.84265,62.09327,60.296047,55.25423,59.435165,60.193153,66.45255,72.746254,67.53413,60.50184
Luxembourg,LUX,1913,60.398945,54.11896,57.517902,57.41501,56.077385,62.868404,56.670742,64.30893,66.77153,73.05494,64.364044,61.427887
Luxembourg,LUX,1914,51.652927,52.5241,54.53397,54.33161,56.386066,59.267105,62.731213,63.89735,63.90078,64.103134,66.07283,62.25104
Luxembourg,LUX,1915,45.89085,46.676277,41.054817,42.954933,43.318493,44.759014,45.613033,49.80083,56.777065,60.707626,60.83257,60.296047
Luxembourg,LUX,1916,38.585354,33.704735,41.054817,41.57272,42.392445,43.112705,40.722126,47.84584,45.081413,47.434265,53.345364,43.93586
Luxembourg,LUX,1917,31.48565,35.937542,36.93905,34.76798,37.041943,33.44064,40.722126,44.24454,46.463627,48.25742,44.200443,40.540348
Luxembourg,LUX,1918,38.48246,37.9577,42.186657,38.808292,42.186657,34.1609,34.874302,41.15771,39.339912,41.775078,37.251404,34.36669
Luxembourg,LUX,1919,48.668995,47.420544,48.977676,41.253746,36.83615,32.103016,34.13003,35.189842,36.788136,41.15771,42.7195,41.260605
Luxembourg,LUX,1920,42.392445,48.59011,42.598232,39.127266,39.92298,47.12558,46.7826,53.505028,55.713825,55.7687,54.335278,62.148148
Luxembourg,LUX,1921,45.993744,46.56995,43.421387,44.018173,43.112705,48.5661,45.18774,52.1674,52.31145,53.09345,51.719074,50.21241
Luxembourg,LUX,1922,39.40851,41.998016,37.144836,40.29683,43.93586,41.56929,47.739517,48.463207,45.50671,49.697937,45.795303,52.681873
Luxembourg,LUX,1923,46.302425,42.954933,42.598232,42.210663,45.582165,48.77189,47.84584,54.53397,47.526867,57.003433,49.78246,48.154522
Luxembourg,LUX,1924,44.24454,43.805527,42.80402,46.7826,42.392445,49.49215,43.805527,53.505028,48.164814,51.241352,47.62586,47.53716
Luxembourg,LUX,1925,46.61111,48.271137,41.466396,47.420544,46.40532,46.508217,48.90908,51.550034,57.41501,53.710815,52.17475,49.28636
Luxembourg,LUX,1926,46.61111,49.65335,45.582165,46.25098,45.582165,47.022686,48.802757,55.04844,49.759674,56.694748,51.94691,48.5661
Luxembourg,LUX,1927,51.961613,48.696434,47.331367,49.12173,49.49215,48.668995,52.736748,55.974487,55.713825,53.710815,53.541775,48.25742
Luxembourg,LUX,1928,48.874783,48.37746,46.40532,50.92924,51.961613,57.312115,50.71659,52.47608,60.81738,56.79764,57.085037,57.826588
Luxembourg,LUX,1929,52.373188,46.995247,47.84584,54.54426,53.09345,55.04844,50.92924,57.003433,58.265602,59.678684,63.22486,52.88766
Luxembourg,LUX,1930,50.418198,52.5241,54.53397,56.564415,55.151333,52.681873,53.79999,58.341057,57.096035,63.48577,53.76961,60.09026
Luxembourg,LUX,1931,46.714005,44.868767,52.1674,50.92924,47.53716,49.595043,52.5241,54.739758,57.52133,62.04525,53.427856,55.871593
Luxembourg,LUX,1932,44.038754,39.871532,41.15771,41.891693,42.28955,44.24454,46.56995,51.035564,50.610268,47.331367,52.02548,52.88766
Luxembourg,LUX,1933,38.379566,33.59841,37.453518,39.446236,40.746136,44.553223,40.615803,50.72688,48.164814,49.389256,47.504086,42.906914
Luxembourg,LUX,1934,38.89404,39.552563,37.659306,35.937542,36.52747,39.92298,41.891693,42.701126,45.50671,42.08376,47.162327,41.980865
Luxembourg,LUX,1935,37.144836,35.08695,37.144836,36.681812,36.115894,38.48246,39.552563,40.540348,45.825684,43.73007,42.7195,41.56929
Luxembourg,LUX,1936,37.659306,36.575485,33.749325,36.788136,40.951923,37.55641,40.084183,40.951923,43.38023,44.656116,37.9467,41.672184
Luxembourg,LUX,1937,40.746136,35.2996,35.08695,37.532402,37.96799,40.025875,38.064026,40.64324,44.97509,43.421387,39.30194,40.231663
Luxembourg,LUX,1938,38.48246,34.02371,35.80721,41.679043,35.29274,41.15771,37.9577,40.951923,43.38023,41.15771,39.98545,40.64324
Luxembourg,LUX,1939,32.720383,36.788136,36.321682,34.23636,38.68825,40.025875,38.808292,41.260605,42.954933,47.228474,43.51693,40.746136
Luxembourg,LUX,1940,33.85222,32.747818,34.778267,31.790903,30.25092,26.44383,27.53794,31.588545,40.190506,42.49534,42.78628,39.92298
Luxembourg,LUX,1941,37.659306,38.48932,34.469585,41.360073,39.511402,35.704315,37.851376,38.17378,37.319756,29.119081,28.821423,32.51459
Luxembourg,LUX,1942,39.20272,36.788136,33.543537,43.16758,36.83615,36.733257,42.529636,44.553223,44.230824,42.28955,42.94734,42.08376
Luxembourg,LUX,1943,38.585354,38.595646,39.20272,37.63873,35.910103,36.424576,36.575485,41.054817,44.656116,43.421387,37.821,38.276672
Luxembourg,LUX,1944,29.530659,31.365606,30.868284,32.747818,37.453518,39.305614,39.339912,41.466396,41.679043,42.49534,39.48657,40.12877
Luxembourg,LUX,1945,35.60142,29.026476,30.971178,32.53517,37.659306,33.029064,34.55533,32.51459,33.27944,35.189842,38.50451,31.897226
Luxembourg,LUX,1946,35.29274,35.61857,32.411697,34.874302,33.543537,41.56929,39.658886,47.434265,38.064026,42.906914,38.960186,37.24773
Luxembourg,LUX,1947,36.21879,30.621338,30.456707,36.575485,37.144836,37.041943,40.403152,36.630363,42.63596,40.84903,42.263824,39.717194
Luxembourg,LUX,1948,37.041943,33.173115,33.749325,40.29683,35.704315,38.791145,37.319756,40.12877,37.9577,39.820087,41.906357,35.189842
Luxembourg,LUX,1949,32.51459,37.42608,35.498528,35.83122,35.29274,34.058006,39.552563,33.749325,42.742283,41.466396,40.8968,36.52747
Luxembourg,LUX,1950,37.350624,35.61857,36.115894,38.70197,37.041943,38.996933,39.23359,40.334557,37.213432,39.511402,42.491665,39.20272
Luxembourg,LUX,1951,36.733257,34.02371,39.099827,38.064026,39.40851,40.64324,39.020943,38.89404,39.76521,41.363503,42.94734,40.231663
Luxembourg,LUX,1952,39.717194,38.595646,40.231663,40.50948,40.12877,43.627174,44.230824,44.038754,43.273907,48.360313,42.23633,41.775078
Luxembourg,LUX,1953,37.96799,37.532402,39.6143,40.615803,40.231663,43.52428,41.891693,45.273483,43.6992,49.697937,47.162327,41.466396
Luxembourg,LUX,1954,39.92298,41.466396,42.28955,41.253746,42.08376,43.93586,46.888924,46.096638,47.101574,44.038754,43.51693,45.582165
Luxembourg,LUX,1955,41.56929,42.529636,41.87797,41.57272,42.49534,44.861908,41.466396,46.40532,45.50671,47.742947,43.061256,41.15771
Luxembourg,LUX,1956,38.276672,39.23359,38.17378,46.888924,42.186657,37.453518,43.6992,42.08376,44.762444,46.40532,43.996174,42.598232
Luxembourg,LUX,1957,41.15771,37.63873,38.996933,44.868767,42.392445,43.627174,45.294064,46.40532,43.486553,47.022686,43.63085,44.9648
Luxembourg,LUX,1958,39.305614,42.10434,43.93586,45.18774,36.52747,39.511402,38.382996,49.389256,46.888924,46.508217,45.22571,47.228474
Luxembourg,LUX,1959,39.717194,39.552563,43.52428,44.018173,41.363503,44.656116,43.16758,44.9648,43.486553,49.697937,47.618004,46.61111
Luxembourg,LUX,1960,40.89136,41.42219,42.767044,42.406353,37.15322,45.893677,48.18359,44.899536,44.39507,47.091354,41.671234,47.022686
Luxembourg,LUX,1961,43.917484,37.97453,42.574703,43.08801,43.77191,46.56274,42.57354,46.239395,45.712883,48.164593,47.367886,43.23286
Luxembourg,LUX,1962,37.96914,41.031944,42.456375,43.906574,44.035664,43.566593,47.140667,44.444378,44.7091,45.830833,46.97052,46.5124
Luxembourg,LUX,1963,43.260876,39.391838,42.037876,47.184116,41.30971,41.244312,43.480953,42.21354,47.4849,45.089806,46.076694,42.154396
Luxembourg,LUX,1964,39.362003,38.47088,44.261818,45.36978,37.427357,42.797844,48.250385,44.754993,48.84802,44.4377,47.544575,44.516743
Luxembourg,LUX,1965,43.048035,41.197063,38.829105,38.644318,42.413937,46.26502,46.128567,43.993084,46.410656,46.42447,48.61512,46.701244
Luxembourg,LUX,1966,39.732094,37.6991,42.50169,40.25818,40.24921,40.47585,43.561752,46.943695,43.232086,45.952217,47.042194,45.444023
Luxembourg,LUX,1967,37.89898,39.27668,36.584145,36.527927,39.591587,40.087666,40.14815,44.44827,42.96415,41.40185,45.00251,42.20502
Luxembourg,LUX,1968,34.969482,34.17234,35.66294,38.544598,36.357357,37.901306,38.287827,41.567074,38.116352,39.48734,42.73768,40.090183
Luxembourg,LUX,1969,29.332432,31.40096,30.777182,36.440388,34.130165,36.809277,42.777435,40.358925,36.094032,43.53048,40.278378,36.199062
Luxembourg,LUX,1970,33.893196,37.583393,32.67591,34.559296,30.7921,35.172935,37.828632,35.09607,36.373653,38.63523,36.568176,38.46487
Luxembourg,LUX,1971,33.8814,33.20182,37.90024,35.89598,34.20804,35.657948,33.956867,40.079075,36.373035,37.509056,34.956997,33.59968
Luxembourg,LUX,1972,28.200308,30.031996,29.091312,31.051453,33.617588,35.51445,35.5769,34.182514,31.395596,31.81605,35.945816,31.128021
Luxembourg,LUX,1973,26.354069,27.818249,28.226233,28.610027,27.33213,30.302673,32.18866,32.276283,32.03089,32.49501,29.534636,30.768023
Luxembourg,LUX,1974,28.018576,30.67183,32.631268,33.92636,29.546064,31.122433,34.359993,30.971645,29.83561,27.968487,29.452868,28.919218
Luxembourg,LUX,1975,30.291119,28.120342,27.228153,29.281006,29.992962,29.370934,34.2332,34.608147,31.910608,33.1836,32.80988,29.468025
Luxembourg,LUX,1976,26.765823,26.36277,29.145405,34.061897,31.710857,32.360943,30.36348,31.303898,27.766735,30.3356,32.540794,28.183506
Luxembourg,LUX,1977,30.610323,28.49449,31.906494,28.994432,32.665947,29.714725,32.02772,33.177563,30.389557,35.83659,28.200642,29.644917
Luxembourg,LUX,1978,31.877592,27.253885,32.45575,28.950397,31.606915,30.913597,33.166767,33.371216,30.806551,33.685394,28.88325,27.630957
Luxembourg,LUX,1979,31.349964,27.260645,31.361067,28.739408,29.861338,35.733288,31.235125,34.678913,29.95959,29.887812,28.860453,30.165365
Luxembourg,LUX,1980,32.16351,33.79154,30.403223,34.171116,31.922491,32.37215,31.71609,32.73964,28.0604,29.557024,28.849497,30.012499
Luxembourg,LUX,1981,29.629473,28.610594,32.91153,32.824867,33.186573,35.492657,33.38801,36.91954,29.554678,33.29923,38.245266,34.371952
Luxembourg,LUX,1982,31.180769,30.5804,30.127153,31.225979,31.017189,37.82552,33.70185,34.651245,31.607864,32.978683,31.523167,30.77481
Luxembourg,LUX,1983,31.501299,26.353327,29.123796,32.103626,36.101994,34.16298,32.38549,35.49316,28.741308,30.730648,28.746197,30.647552
Luxembourg,LUX,1984,29.447044,30.521812,31.655512,29.432535,31.307104,34.57247,33.44881,31.842798,28.622261,33.170464,30.650713,30.969234
Luxembourg,LUX,1985,29.541899,29.352695,32.371197,26.73035,30.274803,32.74702,30.207405,31.265783,29.858042,31.457294,32.299137,32.089787
Luxembourg,LUX,1986,32.859035,31.89416,28.956974,33.827236,34.06697,30.930586,37.595135,34.208775,29.01972,32.576675,29.471977,29.358896
Luxembourg,LUX,1987,29.523523,28.818132,32.68432,33.162685,28.890326,33.868465,32.40564,31.987148,31.719368,28.793034,32.958218,31.531542
Luxembourg,LUX,1988,34.852745,32.30442,33.699608,37.612694,33.492455,30.40828,35.555508,36.598072,29.25774,32.66848,33.743324,34.107574
Luxembourg,LUX,1989,32.306957,32.793186,34.151035,33.021736,35.060326,35.34489,33.896946,33.172436,36.25563,35.714996,35.102108,30.354565
Luxembourg,LUX,1990,36.605267,29.945303,35.3362,36.466923,34.315117,38.921978,38.68814,38.753418,33.071568,34.504738,35.51223,33.644245
Luxembourg,LUX,1991,32.12995,32.894604,37.61065,32.624172,37.611824,38.07161,38.175808,38.49222,33.933754,36.06323,33.18634,33.371048
Luxembourg,LUX,1992,35.24321,34.337147,36.468166,36.194595,37.780663,42.517754,34.265045,38.067154,32.971783,34.507732,35.77599,33.08919
Luxembourg,LUX,1993,36.79373,32.959892,39.14564,42.172802,34.035046,41.47356,34.91235,40.589138,36.087364,36.106407,35.13088,34.223312
Luxembourg,LUX,1994,36.706753,29.799835,36.867676,35.82221,36.548412,40.039112,42.581646,40.20832,36.936108,39.894707,36.98256,33.52158
Luxembourg,LUX,1995,37.28923,34.915512,32.804256,37.527702,34.226227,37.907463,39.790974,38.870777,34.879997,39.12305,35.786438,34.35483
Luxembourg,LUX,1996,38.597256,37.676765,38.29007,38.561886,38.917473,38.88084,37.55454,39.120308,34.55925,36.22448,35.491875,37.559345
Luxembourg,LUX,1997,35.593685,34.595833,34.590088,36.336117,34.42965,33.92512,40.355602,37.703117,35.003944,35.45793,35.17883,39.487354
Luxembourg,LUX,1998,31.447477,30.177265,35.687656,35.186863,32.184353,36.40618,37.027874,36.55693,36.708935,36.63182,35.08909,35.251
Luxembourg,LUX,1999,32.635403,32.914684,33.164707,36.635952,33.396427,37.495167,39.725693,36.759197,35.927277,37.529842,38.67266,33.308098
Luxembourg,LUX,2000,35.412987,31.685652,33.87299,32.37127,37.05991,39.251503,37.773064,37.191833,34.25317,36.98266,37.589302,37.518375
Luxembourg,LUX,2001,33.328003,31.46106,32.881104,31.747244,32.943825,36.923534,35.77077,37.067425,34.551174,34.055832,32.860558,33.238785
Luxembourg,LUX,2002,33.22142,30.853426,31.253319,33.440487,31.592337,36.175686,31.650043,31.59563,34.62344,33.388214,33.939022,32.64207
Luxembourg,LUX,2003,30.26555,31.165373,28.772335,32.714893,29.84196,36.16856,34.68361,35.468853,32.6187,32.75447,31.371733,30.746809
Luxembourg,LUX,2004,31.04228,31.533587,31.042757,34.43909,30.902449,36.6461,32.953373,31.856255,34.49041,32.0002,31.14,32.71248
Luxembourg,LUX,2005,29.35609,29.450323,31.16649,32.32235,29.03699,32.478638,34.470604,31.8749,32.76817,33.361546,30.875471,33.036854
Luxembourg,LUX,2006,28.769833,31.872742,32.040287,32.79857,34.645435,34.41655,31.511368,33.751633,29.467155,31.847822,32.337944,30.484724
Luxembourg,LUX,2007,31.7877,29.504997,33.01034,31.246164,30.345589,33.680073,29.771343,34.309288,27.898113,28.926737,32.96811,31.98619
Luxembourg,LUX,2008,29.071838,29.955214,31.336426,30.12297,31.572786,37.633728,32.529392,32.791492,29.278774,28.847233,28.468801,33.94655
Luxembourg,LUX,2009,30.112068,28.563606,29.875679,30.448399,30.349762,34.216892,33.061234,28.661324,31.475367,32.198765,31.72555,32.030716
Luxembourg,LUX,2010,28.719002,29.070621,32.167297,31.392433,33.28738,35.059063,30.030014,32.61924,29.79708,32.469055,35.65128,31.161385
Luxembourg,LUX,2011,29.52574,29.932457,27.353752,32.038513,28.95455,32.250126,31.716095,29.254606,28.15491,29.24746,30.5668,29.30327
Luxembourg,LUX,2012,28.371592,31.929802,30.656204,32.364403,31.683624,32.595562,28.70978,33.08692,29.8314,30.518013,31.701153,31.374249
Luxembourg,LUX,2013,28.247084,31.43841,30.364998,31.009863,31.372568,34.523525,27.930681,30.721354,30.139977,31.201221,30.758944,32.887333
Luxembourg,LUX,2014,31.37373,29.746855,29.824965,30.342688,29.53808,32.672653,32.567272,28.72473,27.690529,27.787058,27.970646,30.894535
Luxembourg,LUX,2015,29.691982,27.77744,30.145302,31.619078,27.886992,33.60906,31.45252,29.188906,27.570118,26.790373,29.529137,28.272552
Luxembourg,LUX,2016,26.988176,26.52859,29.574219,27.777699,29.090656,32.91309,29.441908,26.830091,29.105865,26.831879,26.412554,28.85041
Luxembourg,LUX,2017,26.466547,26.725096,29.02732,27.03248,28.254786,29.868753,30.29734,30.235134,27.2477,28.09891,28.321056,29.117523
Luxembourg,LUX,2018,28.111626,27.29784,27.833467,30.33876,28.560253,30.783028,29.554066,29.180145,24.194986,27.406431,26.95666,29.212221
Luxembourg,LUX,2019,27.355436,30.129864,26.979029,30.01437,27.743122,27.892881,28.708593,27.985039,27.074305,24.515697,25.851305,26.384212
Luxembourg,LUX,2020,27.783201,25.952032,28.968588,30.021141,28.676981,30.552135,26.788933,30.87868,27.964796,22.980902,29.435846,26.177177
Luxembourg,LUX,2021,28.380354,27.65781,28.459112,33.655556,28.739635,29.989334,29.154636,26.888924,28.242504,28.63687,28.209372,25.92185
Luxembourg,LUX,2022,27.929123,27.751698,27.007242,28.521444,26.472494,28.154606,29.91759,26.3319,25.466476,24.196012,29.32704,26.441732
Luxembourg,LUX,2023,23.74491,25.863962,26.414377,26.535135,25.28024,24.202522,26.246675,29.270676,24.160986,26.7249,27.309475,26.361448
Netherlands,NLD,1840,92.521576,90.991165,92.183754,94.74383,85.195015,77.08724,80.9877,83.2842,90.32572,102.02288,101.3061,91.97262
Netherlands,NLD,1841,95.75202,94.983826,92.66938,94.56928,87.02138,80.528824,82.00223,86.5991,96.02017,101.484474,104.33977,96.62825
Netherlands,NLD,1842,88.668274,87.587585,89.755646,91.18752,88.08764,74.49022,79.07864,84.79385,91.73297,100.608246,105.637146,103.20527
Netherlands,NLD,1843,92.01484,92.32205,97.990105,96.89288,85.80733,75.25032,73.74419,78.70246,86.39851,97.65228,105.18131,98.771324
Netherlands,NLD,1844,95.03415,94.42747,96.42767,98.18013,87.31698,76.39048,78.0423,84.08653,91.7657,102.160126,105.47029,100.09095
Netherlands,NLD,1845,88.615486,88.55848,94.147354,93.93657,87.62313,79.2092,82.18768,89.66063,95.86745,109.64504,107.89295,102.50851
Netherlands,NLD,1846,81.13057,79.29682,79.14586,81.17315,78.06904,72.93834,73.6351,81.647865,93.554756,103.31084,109.20202,100.94607
Netherlands,NLD,1847,78.70246,73.65692,77.023895,84.249466,72.92778,62.729713,60.838955,69.52843,81.620415,94.33739,95.04772,89.87177
Netherlands,NLD,1848,95.08693,84.62037,79.54702,86.61669,88.14042,76.85499,68.289734,74.50077,80.824066,83.51646,84.60419,83.231415
Netherlands,NLD,1849,93.79897,92.31114,91.729805,93.2384,86.51464,79.43089,81.46769,88.42546,95.87836,108.53655,108.50073,105.04218
Netherlands,NLD,1850,95.258606,95.49819,93.80777,99.35881,93.095345,85.40338,81.92466,88.215126,96.70751,99.22445,102.62265,96.75494
Netherlands,NLD,1851,90.633606,91.76696,93.5688,94.20066,88.36697,83.16146,83.749245,89.39939,100.22156,109.02751,111.040634,101.2229
Netherlands,NLD,1852,91.840454,94.51526,94.46272,98.853874,91.90585,85.05621,84.67818,92.83016,98.36001,110.86408,105.02259,98.699486
Netherlands,NLD,1853,88.26677,86.4962,90.223114,90.17687,83.83218,73.14871,76.615845,82.7094,92.56468,105.40976,108.9982,101.769356
Netherlands,NLD,1854,84.53286,84.07634,86.771835,89.14748,82.43417,73.351006,78.32592,91.20396,96.415955,104.81146,104.11134,95.10403
Netherlands,NLD,1855,82.83661,78.06439,89.080894,92.58562,87.60943,75.193634,76.69193,83.10331,89.374756,96.42753,102.62591,95.06764
Netherlands,NLD,1856,87.41187,87.99121,87.546425,89.73522,80.85501,73.77791,75.89555,85.38843,94.864456,104.64468,107.76051,95.50934
Netherlands,NLD,1857,95.97913,99.009094,100.07308,101.5452,91.927795,82.427246,81.88067,85.65922,96.4108,101.850525,103.683,98.909004
Netherlands,NLD,1858,90.69921,95.86906,88.874435,88.9432,79.02675,72.46311,70.31598,78.87512,88.93585,102.60362,107.97577,102.64517
Netherlands,NLD,1859,96.33979,98.4654,96.14924,99.06426,94.22258,81.52471,80.34145,89.077034,97.55295,105.181946,112.11116,100.27863
Netherlands,NLD,1860,88.84418,90.61009,92.957504,90.30394,81.411514,67.872765,64.85757,72.599945,86.57895,101.02927,108.70834,101.327934
Netherlands,NLD,1861,94.432434,93.32848,94.070145,99.317696,93.78378,87.7829,90.036415,99.70288,107.65101,106.91865,105.22404,96.3235
Netherlands,NLD,1862,93.14863,88.30671,89.62473,94.144264,86.3571,75.40702,74.78017,84.67614,95.862366,108.47866,108.07694,101.16135
Netherlands,NLD,1863,99.91364,102.406715,100.55276,101.740486,97.18148,87.7162,92.84566,97.28418,103.23725,108.742645,111.419464,100.54175
Netherlands,NLD,1864,98.95435,95.02783,93.06739,99.08714,95.600555,86.13301,86.12405,94.62385,100.62246,106.77344,112.95249,108.11542
Netherlands,NLD,1865,94.691376,95.47278,98.88303,100.45263,92.87703,87.89629,89.87004,97.53277,102.85288,108.659065,112.7625,107.94225
Netherlands,NLD,1866,96.47074,95.362915,99.25105,98.53567,91.202156,83.869095,81.468575,89.746735,96.985794,111.76081,113.21357,106.93384
Netherlands,NLD,1867,92.34359,93.55892,97.742294,101.62325,96.90614,86.40329,88.261024,95.532,96.64632,105.599594,107.57399,103.474976
Netherlands,NLD,1868,94.28571,92.505714,96.25863,98.99088,93.6288,87.94064,81.748634,91.80263,99.9692,103.39914,104.74231,100.02503
Netherlands,NLD,1869,97.55927,96.95687,101.4475,102.54696,94.95746,84.05365,77.36347,75.90921,86.118866,102.043144,104.89039,102.03985
Netherlands,NLD,1870,93.8136,90.495094,95.56484,100.018166,95.17208,87.183876,89.6568,95.146225,105.46093,110.297005,114.73233,106.565674
Netherlands,NLD,1871,94.18459,91.14373,95.67897,99.25098,95.16607,86.390366,84.41565,89.760124,99.90833,109.25848,110.494064,103.171745
Netherlands,NLD,1872,105.068275,98.99688,96.32938,98.0165,93.50115,86.46696,85.26539,93.33723,104.42956,109.390526,106.03399,100.42662
Netherlands,NLD,1873,99.6302,98.84758,100.089195,106.08331,95.41635,87.87801,83.52709,86.62699,98.12156,109.24916,113.953896,109.036156
Netherlands,NLD,1874,100.031204,102.208664,99.613556,105.62789,96.93497,88.39213,86.759865,92.46241,99.838036,107.89986,109.31975,104.48895
Netherlands,NLD,1875,95.88623,96.76143,103.786964,106.32774,99.646164,91.91021,90.44231,93.77961,98.21867,108.37652,113.490906,106.82535
Netherlands,NLD,1876,98.49,99.34128,102.350266,104.92015,99.58226,91.798706,88.35065,95.30208,102.95633,112.08149,117.178085,107.76057
Netherlands,NLD,1877,100.991035,97.60471,99.67094,105.39229,97.031876,91.87685,91.14087,95.05594,104.25471,111.17856,111.625015,105.06841
Netherlands,NLD,1893,93.359276,91.432594,91.31874,93.74566,91.2179,86.45646,83.937096,92.10534,95.499176,97.42548,100.5537,98.391426
Netherlands,NLD,1894,89.79439,84.883675,80.6758,82.69244,86.45061,84.42271,84.770905,84.323685,88.1343,96.66243,95.13963,96.31436
Netherlands,NLD,1895,84.32386,84.56139,88.61968,93.06182,85.68749,85.09073,85.99493,87.76009,91.42786,99.57375,99.97324,97.18416
Netherlands,NLD,1896,88.18249,87.47987,90.30893,92.421,87.799706,84.19877,83.13858,88.98158,93.15462,98.24557,97.57451,90.63701
Netherlands,NLD,1897,85.31701,85.995605,88.34532,93.291954,89.512184,83.99649,83.70302,88.69865,91.95948,94.481224,99.40808,92.74003
Netherlands,NLD,1898,82.03412,85.26112,87.16941,88.911095,88.85291,82.3886,84.3287,87.863884,92.02517,93.49985,95.24141,89.39577
Netherlands,NLD,1899,87.85477,85.24426,88.57119,90.04353,88.64204,83.0039,81.24904,86.44498,92.20633,93.016594,95.26444,89.4182
Netherlands,NLD,1900,85.55246,82.094284,80.917725,88.270195,85.722694,84.5521,81.3137,84.937836,89.94341,92.44556,97.59945,90.38208
Netherlands,NLD,1901,86.850395,85.78542,86.58161,92.121544,87.63216,83.76489,82.750916,84.55136,90.00407,95.74097,97.33573,92.99631
Netherlands,NLD,1902,86.04653,82.829765,84.14346,90.003555,87.23909,82.56067,84.96337,86.55934,89.3533,93.33842,98.02759,88.95403
Netherlands,NLD,1903,83.86604,82.192566,80.418846,86.652306,84.01881,82.70853,84.65763,90.40428,91.90417,94.014084,95.21348,91.265
Netherlands,NLD,1904,83.644066,82.67147,84.8402,86.95443,86.006256,81.36508,82.23051,87.04105,88.70894,91.36293,93.2687,89.53444
Netherlands,NLD,1905,83.087204,81.15369,81.58521,84.09447,82.94738,81.425095,81.75539,83.76776,88.83314,90.21178,93.67063,88.63384
Netherlands,NLD,1906,78.84482,78.11805,79.986824,86.05976,82.09328,80.84227,81.582985,83.178535,87.258484,91.174904,91.922005,87.38335
Netherlands,NLD,1907,77.797874,76.325424,82.702,86.79896,83.99442,82.24457,80.577415,84.86676,88.83343,90.5555,91.70559,86.39174
Netherlands,NLD,1908,75.885956,75.39398,77.068756,82.69009,80.70708,78.59682,80.81805,83.41223,86.597755,87.537056,89.2637,85.91454
Netherlands,NLD,1909,75.522804,77.05925,79.181244,81.54517,79.92168,76.565674,78.046005,81.51751,82.6258,86.32139,87.02592,81.296196
Netherlands,NLD,1910,75.38906,73.54305,75.65403,78.02328,76.395035,75.007866,75.409676,79.7375,82.68373,84.34895,85.478134,79.97698
Netherlands,NLD,1911,73.22931,70.801186,72.13688,76.64745,73.67428,74.33527,74.83557,78.30587,77.96179,79.34726,84.36572,79.21713
Netherlands,NLD,1912,74.78161,74.07072,75.19544,79.26098,77.08903,74.57955,73.00579,72.74111,77.50231,79.90349,82.46616,78.106995
Netherlands,NLD,1913,74.86634,71.44702,74.9048,76.62059,76.62612,75.91752,73.35774,78.621704,79.33544,81.56113,82.44,77.98923
Netherlands,NLD,1914,72.64694,72.13051,75.837715,77.11589,77.98569,74.6569,76.05335,79.00238,79.39693,81.78312,80.994,78.008514
Netherlands,NLD,1915,68.89041,67.11844,68.44943,71.69728,71.34079,68.938034,68.271515,67.1578,74.84044,79.52976,79.89972,76.93241
Netherlands,NLD,1916,67.99523,69.3221,69.28421,73.9477,72.2499,72.192505,72.97906,73.62413,73.8781,76.58824,78.77342,73.39954
Netherlands,NLD,1917,66.7697,68.25673,68.71812,72.952415,72.76877,72.30789,72.26065,74.19674,75.20141,77.73624,75.928535,69.80186
Netherlands,NLD,1918,62.71164,65.202965,66.03566,72.221565,71.595245,68.855354,67.98404,69.30803,71.759705,73.97216,71.947495,68.296844
Netherlands,NLD,1919,82.282745,83.14065,79.435814,69.7229,56.376163,56.37874,57.5302,57.120415,62.916576,68.46179,70.03475,62.387016
Netherlands,NLD,1920,71.03247,67.973915,69.56923,76.42335,75.596146,73.605316,75.29497,82.171234,81.310585,85.54946,87.27168,84.666824
Netherlands,NLD,1921,72.52344,71.73288,70.22324,73.10927,72.974045,74.3038,72.69486,78.133125,77.99998,80.95256,82.08118,74.827034
Netherlands,NLD,1922,68.85359,63.103428,61.3655,70.35619,72.38565,72.04646,71.68011,73.84046,73.23437,71.97723,75.579285,77.13574
Netherlands,NLD,1923,64.82524,64.33113,65.18412,69.594505,69.71934,71.18272,71.4666,74.95058,76.26925,75.803795,78.41826,74.46117
Netherlands,NLD,1924,64.31713,63.26763,65.22665,68.65654,67.68231,66.755394,69.88878,68.39953,69.275986,72.43971,71.58752,69.72312
Netherlands,NLD,1925,62.791878,60.710148,61.678177,65.03102,64.383934,66.03532,65.69042,67.940254,69.96807,69.77526,70.09296,66.521255
Netherlands,NLD,1926,62.646675,60.56411,63.529705,65.07888,63.532513,65.438644,63.48157,65.21652,67.18342,68.32611,70.58469,66.3742
Netherlands,NLD,1927,61.877007,58.80575,57.437855,61.87725,63.232174,64.494194,62.732414,66.0444,65.10933,66.84396,67.522606,64.82931
Netherlands,NLD,1928,59.171738,60.276794,60.02948,62.83485,63.767204,64.27858,62.67185,65.19116,66.4491,68.60807,66.78623,65.16242
Netherlands,NLD,1929,56.398174,57.902863,59.6825,63.523804,63.166912,62.879803,63.009293,64.57762,64.56794,64.89121,66.775734,62.35509
Netherlands,NLD,1930,61.144554,59.399742,60.24311,63.062557,64.8574,63.537495,63.449768,64.33923,66.073906,67.02436,66.779854,61.258373
Netherlands,NLD,1931,55.59958,55.089424,58.570705,61.81095,62.478348,61.20266,58.875614,63.480595,61.34421,64.5106,65.06856,62.646553
Netherlands,NLD,1932,56.527683,55.631588,55.847126,59.913673,60.58556,60.623463,61.16117,60.863384,62.977253,64.48903,64.34819,61.181797
Netherlands,NLD,1933,54.26339,52.448273,54.062473,58.01246,58.849457,58.136982,55.67494,58.09285,58.330772,60.571354,60.586323,58.784615
Netherlands,NLD,1934,54.854984,54.22698,53.710426,56.741066,55.402218,56.509434,57.83727,56.93738,58.03281,59.906322,60.75615,58.295727
Netherlands,NLD,1935,51.184834,51.91666,53.5331,54.44675,56.12467,55.09062,56.90617,56.668083,56.836555,59.63325,59.996,55.76192
Netherlands,NLD,1936,53.50043,51.58095,52.33699,55.39539,55.5088,56.15486,55.908592,57.610634,56.10271,59.12542,57.908222,52.454662
Netherlands,NLD,1937,54.792812,50.21785,49.421963,53.089104,53.807785,54.80048,54.669876,57.66102,55.681858,56.462444,56.26261,55.467266
Netherlands,NLD,1938,53.38493,51.744102,52.9471,55.50605,54.919697,56.49032,57.40976,58.933796,57.690647,59.350685,59.8567,57.934284
Netherlands,NLD,1939,53.44922,52.76022,55.03828,56.058105,56.919376,57.137302,57.133022,58.464653,58.745872,58.436913,58.09243,55.314697
Netherlands,NLD,1940,56.67003,54.996788,56.500042,59.01313,56.71794,53.259117,49.654373,57.566616,60.314552,61.225075,61.087284,56.09869
Netherlands,NLD,1941,48.634415,48.074604,51.065464,56.822083,56.567474,58.479355,59.891884,61.692253,60.51902,60.211937,51.645584,53.71976
Netherlands,NLD,1942,53.87903,54.581116,56.799454,60.44569,60.09808,56.992798,57.328735,57.61866,59.599155,61.783657,57.40283,54.530876
Netherlands,NLD,1943,62.75867,64.615456,65.00334,65.97001,63.56851,62.5045,60.175304,62.391846,61.598515,65.59194,63.950924,58.380466
Netherlands,NLD,1944,62.413887,62.38899,65.12604,68.901146,66.95828,64.30606,64.588066,65.78929,67.142426,68.79788,66.032486,63.98957
Netherlands,NLD,1945,52.144356,48.483448,49.49512,55.183247,59.12334,59.71835,61.798878,70.200165,74.71619,74.88663,72.38666,67.18056
Netherlands,NLD,1946,73.86615,71.47588,76.601845,82.04118,84.2216,88.7266,91.39628,97.03422,95.85412,93.291245,77.67077,61.213448
Netherlands,NLD,1947,70.363335,70.229614,68.86269,73.808105,72.61794,75.50397,77.26436,80.979515,79.13848,82.4372,83.68359,79.40447
Netherlands,NLD,1948,65.47973,63.32176,64.76521,68.49494,66.2159,69.65162,68.92252,71.10939,71.27967,74.73399,74.719376,71.699615
Netherlands,NLD,1949,61.323055,58.960495,59.53807,64.15107,64.000275,65.03241,65.53391,67.31195,67.71354,69.14662,70.72498,67.50799
Netherlands,NLD,1950,58.91119,59.45385,58.443542,61.157955,61.272877,59.998444,61.344425,65.2114,65.24087,66.94812,66.35327,63.39306
Netherlands,NLD,1951,58.682392,55.342712,56.9872,61.540535,61.504116,62.093014,61.186924,63.444557,62.353985,63.132324,64.45047,61.515854
Netherlands,NLD,1952,56.977493,56.812252,57.679535,61.432175,61.196552,62.72191,61.08948,63.399517,63.081085,63.215843,64.50839,60.723526
Netherlands,NLD,1953,55.057964,55.09038,56.314198,59.3162,58.465702,59.902546,60.690525,61.95875,61.70332,63.016663,62.666042,60.706078
Netherlands,NLD,1954,55.39992,57.320156,56.463417,58.542576,57.39159,58.966225,59.321556,61.689686,60.396805,60.708004,62.628178,58.584976
Netherlands,NLD,1955,55.194893,54.871517,55.866055,59.093956,58.01773,59.14962,59.0624,60.56088,60.660862,60.438404,59.502476,59.061962
Netherlands,NLD,1956,53.878746,55.49744,54.914364,58.932587,58.57606,58.13615,57.360252,60.628605,60.21224,62.533554,60.234768,56.60712
Netherlands,NLD,1957,55.23038,54.810173,56.541607,59.413612,57.07516,57.726,60.893044,60.723267,60.84845,59.91711,58.888996,55.845715
Netherlands,NLD,1958,56.628433,55.936893,57.27835,61.523056,58.006657,54.71763,56.40359,60.359894,57.74205,60.524662,60.078197,57.515842
Netherlands,NLD,1959,53.4635,53.88908,55.998413,59.149437,57.041565,59.550224,58.70218,61.113728,62.35542,61.650448,62.670246,57.819195
Netherlands,NLD,1960,51.826756,52.20592,55.16667,59.5675,57.964474,58.087048,58.561333,59.776413,58.17533,59.600445,58.23881,53.849792
Netherlands,NLD,1961,54.93101,54.870777,56.15997,57.649174,57.336613,58.163998,59.190636,60.799793,61.918236,61.593494,60.334843,56.596
Netherlands,NLD,1962,52.875988,54.838097,55.45988,59.153908,56.65057,55.174194,56.713757,60.977962,59.402195,60.4017,58.505432,55.94513
Netherlands,NLD,1963,52.784977,53.259586,56.739258,58.498062,56.39636,57.709694,57.42404,60.107025,60.37148,60.243233,57.764656,55.697422
Netherlands,NLD,1964,52.570263,52.706146,55.0969,58.30516,55.616222,56.777157,57.841393,59.5311,60.763,57.98481,57.34626,54.40349
Netherlands,NLD,1965,50.6695,51.11315,51.603466,56.45323,53.762833,56.1763,55.665714,56.52832,58.543407,57.07167,56.07183,52.675583
Netherlands,NLD,1966,48.216373,48.154747,50.58711,53.31118,52.101276,51.58152,54.71011,55.396645,57.124104,56.146305,53.832066,51.81204
Netherlands,NLD,1967,47.524822,48.129257,48.9574,51.827892,51.581768,51.788593,54.332676,55.742477,56.075813,53.96032,53.953476,49.53721
Netherlands,NLD,1968,48.15151,47.124187,48.573795,52.569294,50.97228,50.992676,52.503887,53.813213,53.853325,53.498154,50.744476,48.247185
Netherlands,NLD,1969,49.289814,47.7889,49.718307,53.714355,52.808376,53.779594,54.52331,56.2702,56.62491,54.533123,52.95413,50.490273
Netherlands,NLD,1970,47.22332,45.382687,46.634926,51.119297,48.389435,49.762955,52.631557,52.751553,54.343304,52.885796,52.065796,49.834236
Netherlands,NLD,1971,41.975864,42.839836,44.3152,46.43086,45.01728,47.42162,49.289177,50.402145,52.37254,50.699562,48.929592,46.92407
Netherlands,NLD,1972,39.573975,39.681522,39.999306,41.29816,43.015835,43.270233,46.422314,47.279854,48.408283,48.27948,46.96062,42.983864
Netherlands,NLD,1973,35.33807,34.96364,35.280373,36.960293,38.151146,39.6949,42.21578,43.293034,44.287827,44.49417,42.21014,40.523094
Netherlands,NLD,1974,34.068413,34.120525,35.43499,37.670128,37.9689,38.22274,39.73486,41.06586,40.009686,39.36565,37.515125,36.400913
Netherlands,NLD,1975,32.475582,31.5866,31.543566,34.442753,35.3845,37.09836,37.433426,39.047287,39.21522,37.535725,36.46138,35.988426
Netherlands,NLD,1976,31.507315,32.735233,32.85001,35.95387,35.248783,36.776653,37.747448,36.02245,36.645115,37.41873,34.84365,34.006927
Netherlands,NLD,1977,31.050009,32.242672,32.859493,34.957207,34.791275,35.07874,36.83182,36.9294,35.702442,34.789677,34.156113,32.024464
Netherlands,NLD,1978,31.623304,31.906944,32.411766,34.739815,34.15479,35.660576,36.846954,37.14332,36.84712,36.24064,34.287773,32.346127
Netherlands,NLD,1979,31.498592,32.84358,34.10016,34.224594,34.51931,35.076317,34.83755,35.78281,36.387165,34.578735,33.126007,32.972553
Netherlands,NLD,1980,33.515614,33.700275,35.222904,36.927975,36.075844,36.89882,35.25964,35.634575,36.241043,34.247932,33.12774,33.39553
Netherlands,NLD,1981,31.784172,31.739416,33.80295,36.184586,35.32055,35.651207,34.800503,34.586147,35.90272,35.19127,34.45588,32.890812
Netherlands,NLD,1982,31.1092,31.50321,32.406704,34.345356,32.892467,33.897488,33.664345,32.83286,33.980564,33.633457,32.992306,32.17649
Netherlands,NLD,1983,31.30661,32.121735,31.69434,33.4174,32.75595,33.242355,33.957493,32.769173,33.087257,31.553478,32.211433,31.596033
Netherlands,NLD,1984,29.809072,32.297153,32.925953,33.95882,33.42453,34.223133,33.792305,33.328804,33.160587,33.561996,33.230568,32.928204
Netherlands,NLD,1985,31.429974,32.90503,34.40078,35.073296,34.292595,33.94903,32.635704,33.84923,34.49518,34.326836,33.84438,33.077724
Netherlands,NLD,1986,32.49725,32.391415,34.091988,36.02041,34.92866,34.36134,35.240334,35.70255,36.862648,35.4759,35.094585,33.856613
Netherlands,NLD,1987,32.165825,32.530987,33.8207,36.26206,35.417755,36.465122,36.996853,36.013077,35.460754,35.20723,34.55622,33.770454
Netherlands,NLD,1988,32.952354,33.270035,33.291225,36.16475,35.157864,34.082783,33.837917,35.887424,35.082455,36.23048,34.78303,34.04635
Netherlands,NLD,1989,33.434906,34.685253,34.602627,35.5248,35.76398,35.57096,34.98916,36.191296,35.10035,35.12134,34.850048,32.74831
Netherlands,NLD,1990,34.368404,35.6439,36.547348,37.547512,37.537376,36.394558,36.092815,37.7385,36.432716,35.98582,36.214905,34.99106
Netherlands,NLD,1991,33.439453,35.077755,36.24833,38.274487,36.88036,37.067486,35.661068,36.006264,35.94114,36.39752,36.626217,36.039707
Netherlands,NLD,1992,32.892303,33.422108,35.041927,37.62633,36.07983,36.396816,34.825184,35.40252,35.35535,36.38009,35.83037,35.735203
Netherlands,NLD,1993,32.94155,33.270973,34.76224,37.419678,36.94125,36.229633,36.101227,35.017365,34.763374,34.195713,35.071976,34.371452
Netherlands,NLD,1994,32.597878,34.108257,33.47083,34.671124,35.282413,35.864326,36.54936,36.200516,35.89603,35.138004,34.73111,33.76237
Netherlands,NLD,1995,30.69042,32.72884,34.41384,34.958046,34.404324,34.849316,34.786186,33.766567,32.182735,33.8715,34.317726,34.380302
Netherlands,NLD,1996,32.337936,33.23822,34.054413,35.24198,34.637688,34.40408,33.430233,33.05896,32.431362,32.315117,33.313538,31.801245
Netherlands,NLD,1997,32.124954,31.493105,32.970066,35.316032,33.891117,35.57063,34.22659,34.097813,34.677692,32.71128,34.524303,33.941837
Netherlands,NLD,1998,32.75958,33.900238,35.314495,38.45206,36.01323,36.57167,34.271862,33.59423,34.312668,33.984196,34.61582,33.79591
Netherlands,NLD,1999,33.425205,33.62422,33.999588,36.994957,36.120968,35.98776,35.737423,33.455658,35.647877,34.390133,34.41029,33.199734
Netherlands,NLD,2000,33.707493,35.48615,34.685047,37.078976,37.078205,35.844143,35.133705,35.52336,34.868763,35.43125,36.076595,34.710506
Netherlands,NLD,2001,32.288155,33.87398,35.231644,35.57972,35.616516,36.072685,35.443737,35.30183,32.63384,33.928467,34.237637,34.9995
Netherlands,NLD,2002,32.916946,32.991077,35.57214,36.26925,35.85998,35.98013,33.282784,33.59142,33.062904,33.60594,34.244194,34.09122
Netherlands,NLD,2003,30.873676,32.549507,33.939247,35.597622,34.925926,35.615604,33.55142,32.971413,34.1086,33.357838,34.35122,34.173115
Netherlands,NLD,2004,31.309334,31.935385,32.152157,33.639206,33.514793,34.325397,33.74361,31.223867,32.374958,32.159317,32.190742,32.20275
Netherlands,NLD,2005,29.18665,30.06601,31.661156,33.068512,33.00858,32.42835,31.834969,31.065691,31.803526,31.401247,32.131687,31.01881
Netherlands,NLD,2006,29.202396,30.585114,31.849142,32.871975,32.089756,31.574625,30.942326,30.938795,29.668709,30.89303,31.233772,30.412746
Netherlands,NLD,2007,28.604824,29.539139,30.818789,32.584038,32.015137,31.485403,29.835913,29.836079,29.292612,29.982801,30.361324,29.618896
Netherlands,NLD,2008,29.068571,29.454847,30.728117,33.199192,32.05706,33.154854,31.262897,30.618176,30.04245,29.0204,29.910444,29.634054
Netherlands,NLD,2009,29.220589,30.095478,30.057579,32.729504,31.672382,32.52771,31.31323,29.793356,30.485374,30.123278,29.673923,30.11529
Netherlands,NLD,2010,29.844954,30.916336,31.148848,32.510853,31.274958,31.373034,30.878565,29.204828,29.63217,29.156551,29.948107,29.053707
Netherlands,NLD,2011,27.744703,28.357273,29.15521,31.273642,31.106754,30.496206,30.703596,29.24086,28.56373,28.59323,30.262615,29.267391
Netherlands,NLD,2012,26.256811,28.229713,29.068655,30.082664,30.21063,29.297703,29.0121,29.063433,28.35725,28.273941,28.44271,28.067867
Netherlands,NLD,2013,26.243523,27.136791,27.69302,29.72542,29.481695,30.36805,27.995201,27.240849,27.192993,27.042763,27.1217,27.940254
Netherlands,NLD,2014,26.903166,27.448532,29.08123,30.716927,29.560621,29.970804,28.918531,27.915154,27.761673,27.599657,28.14489,27.536732
Netherlands,NLD,2015,26.42242,27.215454,27.78947,30.14256,29.225256,29.150843,28.096746,27.338118,26.085375,25.932644,26.453533,27.057854
Netherlands,NLD,2016,25.864578,26.427553,27.498093,29.649061,29.540031,29.706367,28.471676,27.517757,27.096704,26.774809,27.082855,26.579435
Netherlands,NLD,2017,25.759356,27.184341,27.517887,28.818247,29.095377,28.326136,27.277454,27.079449,26.136696,25.839777,26.27952,26.62783
Netherlands,NLD,2018,24.488173,26.220354,26.962755,28.90132,28.313889,28.636633,27.467068,27.3942,25.992592,25.162704,25.49133,26.494184
Netherlands,NLD,2019,24.190142,26.23851,27.306538,29.045692,28.701866,28.782406,27.36952,26.71862,26.409138,25.259474,25.091337,26.490244
Netherlands,NLD,2020,24.516125,25.872139,26.806522,28.583784,27.93693,28.898476,26.62716,25.523027,25.586536,25.104393,25.555288,26.100986
Netherlands,NLD,2021,26.17737,27.840616,28.862057,30.812784,29.344181,29.636234,28.21557,27.270638,27.64478,27.48313,27.533808,25.756033
Netherlands,NLD,2022,23.577766,24.797716,26.30808,28.622616,27.775375,27.14269,26.576069,25.606752,24.3495,24.860453,25.88767,25.772472
Netherlands,NLD,2023,23.394875,24.981874,25.410177,25.94738,26.707293,26.880672,26.041838,25.84779,24.052668,24.826836,24.459827,23.962744
New Zealand,NZL,1980,45.516647,43.6167,46.030003,47.480408,43.83853,43.941242,43.19204,43.65459,43.02189,42.628963,43.012836,42.957283
New Zealand,NZL,1981,41.757233,41.46416,43.87572,46.465958,44.835247,44.15218,41.878605,42.171154,44.16777,44.665165,45.22668,43.72487
New Zealand,NZL,1982,41.896004,44.26751,45.36027,45.626972,43.43359,42.528564,41.627075,41.079067,42.484306,42.703186,43.198086,41.371193
New Zealand,NZL,1983,43.080227,43.505405,45.677757,47.77114,44.651558,40.966133,41.18976,40.861755,42.01401,43.472107,42.257404,42.163048
New Zealand,NZL,1984,41.757217,45.048748,47.338116,45.81339,43.917744,42.576424,42.33075,41.91582,41.21398,40.357998,42.786015,42.024178
New Zealand,NZL,1985,43.820404,44.80468,45.915733,45.74701,44.816452,44.059082,41.68416,43.105976,42.44233,43.42644,43.660934,41.37453
New Zealand,NZL,1986,44.823017,45.027336,46.15472,47.742672,45.3072,44.705997,44.324593,43.531666,43.078625,42.73943,43.182858,42.15285
New Zealand,NZL,1987,47.835663,47.06534,49.611435,50.866917,47.755592,45.72638,44.029667,44.862087,44.680935,43.173153,44.795273,43.657833
New Zealand,NZL,1988,46.44228,47.102814,50.758987,52.73965,49.275726,46.344536,45.582447,46.375435,44.707233,46.961617,46.59222,45.58932
New Zealand,NZL,1989,48.806812,49.47401,51.15047,52.345516,51.178326,47.14276,46.490314,46.962772,43.867973,46.229607,46.82823,47.125862
New Zealand,NZL,1990,47.274727,49.179028,51.954254,54.438587,50.63012,47.19988,46.390743,47.301105,46.839214,48.036583,46.996307,47.33314
New Zealand,NZL,1991,47.03579,47.306576,50.00025,50.914646,48.486507,47.865173,46.975624,46.226494,46.599457,46.843052,48.31311,48.332993
New Zealand,NZL,1992,45.052395,45.298813,47.073822,48.85661,46.338177,44.900932,42.58637,42.128376,43.71425,46.604454,47.451725,45.28479
New Zealand,NZL,1993,42.40671,45.453373,47.48756,47.72427,46.502453,43.896175,44.985622,43.66047,43.75865,43.6957,44.931416,45.311394
New Zealand,NZL,1994,44.56289,44.067226,45.438377,46.842037,44.128838,43.56533,42.830154,42.407597,41.461052,43.768536,43.09763,40.80258
New Zealand,NZL,1995,41.621296,42.90007,44.74365,46.29319,43.43555,42.094147,42.95255,41.777916,41.14854,42.836796,44.40493,42.335052
New Zealand,NZL,1996,41.799015,41.962494,45.18342,44.417408,42.828598,41.530155,41.381577,40.224854,39.758274,42.27775,43.349777,41.072525
New Zealand,NZL,1997,41.588978,41.905853,44.808365,43.568104,42.354607,41.90612,41.221653,41.931072,40.871864,38.894943,40.364967,40.177273
New Zealand,NZL,1998,38.39405,38.335667,42.87677,42.182476,40.28745,41.708385,39.68375,41.24928,41.071907,41.32377,40.72963,41.29647
New Zealand,NZL,1999,40.30654,40.469997,42.005196,43.033024,40.60288,39.812458,40.165478,39.897224,39.338043,38.970573,39.635212,38.2195
New Zealand,NZL,2000,39.438744,39.63494,41.80987,42.603504,41.400673,39.262753,39.294422,40.65967,40.243713,41.10354,40.92052,39.357582
New Zealand,NZL,2001,38.235992,38.882416,41.16269,39.880955,39.849674,37.797806,36.95912,39.715576,38.03613,40.21693,39.14314,39.568943
New Zealand,NZL,2002,37.895485,38.916748,39.81754,39.162926,37.542046,37.96774,36.88416,37.667484,36.922367,37.11873,36.647217,38.07572
New Zealand,NZL,2003,39.17912,39.47934,39.794807,40.237614,37.76945,37.655262,37.297222,37.739788,37.205124,37.07412,38.850513,38.15317
New Zealand,NZL,2004,38.495293,37.698467,38.672825,40.274017,37.47712,38.205387,37.804367,38.24065,38.673122,38.51425,38.946674,38.38325
New Zealand,NZL,2005,38.39035,39.44361,39.282925,40.77707,38.00274,37.407604,36.584652,37.97406,37.84622,39.48339,38.987667,38.524624
New Zealand,NZL,2006,40.168495,40.566578,39.93973,39.75491,38.853924,38.518024,38.927227,38.424503,38.324974,39.306927,39.152725,38.189877
New Zealand,NZL,2007,39.919964,42.15552,42.56516,41.934155,41.50542,40.687675,40.34383,40.955013,41.354095,41.062122,40.65291,41.376896
New Zealand,NZL,2008,39.84734,40.926308,42.062874,42.13841,40.742424,40.61478,39.627155,41.155598,40.582993,40.17061,43.26694,41.53443
New Zealand,NZL,2009,40.170746,41.36095,41.184185,42.014225,40.26764,39.920666,39.868134,38.909275,39.682312,40.875256,41.290943,39.477375
New Zealand,NZL,2010,39.52005,39.07979,39.9827,41.807884,38.910862,39.67692,40.018356,39.427635,39.851295,40.80902,41.35438,41.702354
New Zealand,NZL,2011,36.252457,38.119495,37.417603,38.777424,38.629494,39.225395,38.179104,37.875,37.64951,39.99881,39.328457,39.95444
New Zealand,NZL,2012,37.7825,38.20375,39.972496,39.084938,37.889233,37.537323,36.7904,38.414616,37.42254,39.007866,38.027077,38.060646
New Zealand,NZL,2013,35.95004,36.40349,35.894047,36.949394,35.598907,35.548717,34.74754,34.663685,35.878803,35.98007,38.182667,37.25817
New Zealand,NZL,2014,35.266666,35.99233,36.69606,35.44126,34.735516,34.917484,35.64963,35.240154,35.67109,35.177082,35.662422,35.113617
New Zealand,NZL,2015,34.442604,33.88846,35.14966,35.240913,33.6623,34.750793,34.213955,34.033215,35.20913,34.81112,35.82077,35.12798
New Zealand,NZL,2016,34.08866,34.677402,33.84397,35.056435,35.5654,34.069157,34.205795,33.84278,34.1385,34.524937,34.758194,33.738003
New Zealand,NZL,2017,32.20998,34.287228,34.976376,34.708538,33.00038,32.9129,33.273815,34.493015,33.653477,34.524254,33.81705,32.971134
New Zealand,NZL,2018,31.230566,32.47932,32.47911,32.815117,32.274837,32.2019,31.85047,32.3724,32.30987,32.90149,33.482662,32.975327
New Zealand,NZL,2019,30.205238,32.097996,33.235832,32.55907,32.178513,32.96679,32.09139,31.76732,32.838154,33.196396,32.89242,33.047836
New Zealand,NZL,2020,29.85248,30.547338,31.878105,32.46493,30.174221,30.512873,30.616512,31.15414,30.149494,30.589981,30.970684,31.426464
Northern Ireland,,1955,49.165363,52.158688,57.232895,59.516228,60.069748,59.413807,62.178265,59.469833,60.485825,58.3419,51.986782,54.3788
Northern Ireland,,1956,50.8868,55.294903,56.71441,57.884712,55.320057,59.104713,61.835606,61.17874,63.97999,57.980385,54.47858,58.065353
Northern Ireland,,1957,51.526028,56.348976,58.986828,57.52865,58.314632,62.592045,58.54004,65.168564,61.960823,58.093334,58.36792,58.756348
Northern Ireland,,1958,54.186962,54.35819,59.124283,58.679924,53.646366,57.629845,59.927555,63.610413,65.13811,59.82398,59.979973,61.864937
Northern Ireland,,1959,52.892822,54.464943,58.926083,60.08911,54.410316,63.60182,66.76105,61.778408,65.82094,57.27903,58.252773,62.330387
Northern Ireland,,1960,55.696377,60.269974,60.45841,63.061623,62.572735,60.963326,64.31191,67.534454,65.46817,61.92653,59.75501,56.46881
Northern Ireland,,1961,51.712116,56.11666,57.918144,61.345974,61.90097,61.2075,68.11106,67.211136,62.402737,62.930134,61.65982,62.491524
Northern Ireland,,1962,52.03909,61.415802,62.137405,58.322674,60.35632,63.91741,64.67541,70.06493,62.366257,64.53202,61.37517,63.579285
Northern Ireland,,1963,55.36721,58.144363,62.05977,60.95309,65.8105,66.320335,64.477646,67.83239,65.98978,63.701366,62.609787,65.0128
Northern Ireland,,1964,56.558933,61.352264,63.778046,67.203285,59.651882,68.96887,68.965485,67.71627,72.88095,58.554035,60.906727,64.89005
Northern Ireland,,1965,57.281574,59.725403,60.721905,64.30078,60.317684,65.154,64.92231,63.855297,63.89393,69.18638,63.63021,64.0629
Northern Ireland,,1966,51.409412,57.794838,58.502148,66.210915,62.719196,60.622253,67.69282,63.890526,62.949863,65.42205,58.92407,60.780697
Northern Ireland,,1967,49.179306,58.17122,60.55801,61.84615,61.363945,60.69973,69.4442,66.02469,62.78079,59.439457,62.33389,63.716824
Northern Ireland,,1968,49.382572,54.98672,61.916286,57.73048,61.29246,63.55776,58.619072,63.513233,62.749985,60.851772,58.96553,67.762344
Northern Ireland,,1969,50.37271,50.549217,60.77529,59.900284,54.160053,61.007576,61.97968,62.16206,62.007145,56.167866,58.2135,64.75604
Northern Ireland,,1970,49.380894,54.75159,57.22556,60.296387,52.436203,62.50501,61.808937,55.791973,67.79053,52.93336,55.26359,60.12057
Northern Ireland,,1971,48.484295,53.084957,51.26578,58.064,52.247574,60.408047,63.399113,54.468414,58.388645,63.62862,57.322582,58.965332
Northern Ireland,,1972,43.317837,50.6653,52.781075,54.268974,57.566853,48.479084,59.181995,55.671814,55.202217,52.48891,54.865456,53.49098
Northern Ireland,,1973,40.139217,48.167645,58.935062,48.21892,49.507126,53.77124,53.79875,56.954926,48.498276,54.604073,52.133118,56.514523
Northern Ireland,,1974,40.47922,45.537983,50.16371,49.11681,38.242207,52.477547,48.48817,48.801632,50.707672,47.54722,49.38219,57.020847
Northern Ireland,,1975,41.83671,41.675415,47.618168,47.10995,44.25171,48.6768,47.189957,47.377865,50.551537,41.86168,46.62217,51.398636
Northern Ireland,,1976,33.488495,50.283543,43.850773,40.36369,50.80371,50.36129,51.23743,45.799324,49.006554,49.49055,46.156277,49.12847
Northern Ireland,,1977,32.21166,49.328026,45.597263,45.555424,51.236263,42.612133,44.22236,52.767517,44.08325,39.43649,50.902493,44.968063
Northern Ireland,,1978,36.78881,42.038387,56.949577,46.68768,40.134823,54.097916,54.75319,43.250984,47.352257,37.575756,47.90449,52.582417
Northern Ireland,,1979,37.315773,49.20196,51.97048,49.595695,45.548893,55.975735,49.559097,50.998173,57.26525,47.464375,47.985466,58.273136
Northern Ireland,,1980,43.865093,44.723915,53.05257,53.48298,45.483437,54.272766,53.878902,49.569393,58.09984,46.14171,45.903355,59.288193
Northern Ireland,,1981,36.73356,53.694183,49.32598,50.68879,46.62678,49.743225,52.00617,47.169582,48.957684,49.093277,45.25159,49.971054
Northern Ireland,,1982,34.623417,52.54528,47.93805,51.726067,47.29007,48.21941,51.996674,44.498657,50.398663,47.884167,47.954887,47.716335
Northern Ireland,,1983,40.156902,46.645058,45.509808,51.751934,49.871143,46.182404,52.904163,47.548386,48.03061,49.291607,46.186165,49.66015
Northern Ireland,,1984,39.096962,48.3286,52.64728,47.104713,50.099636,49.20774,50.161335,52.213768,45.612556,46.027447,50.02083,48.537086
Northern Ireland,,1985,36.899906,45.67773,49.99067,51.87094,45.51901,51.622845,47.098244,50.07799,51.23613,45.782677,47.689262,53.28703
Northern Ireland,,1986,44.104416,42.63043,49.859207,51.564144,41.656265,53.390186,49.91146,50.51925,55.74949,44.745377,46.692074,54.307766
Northern Ireland,,1987,39.264824,45.11921,44.616123,52.235672,45.60362,48.70251,54.121357,49.591248,49.99241,46.983414,48.341084,51.638107
Northern Ireland,,1988,34.91288,47.039528,45.95879,47.7949,50.457096,47.37169,48.918587,51.13983,48.390965,48.816605,48.510883,50.447346
Northern Ireland,,1989,33.6147,43.026012,44.24624,43.991154,47.88251,45.82251,48.621178,45.723103,46.649708,43.52947,44.55772,47.273357
Northern Ireland,,1990,33.76851,44.445217,48.909016,43.022045,43.815887,46.828804,46.298786,47.55806,45.020634,45.22876,43.677402,52.589943
Northern Ireland,,1991,36.35337,41.731846,42.61946,46.745514,44.426575,46.266224,44.20701,45.18538,48.243492,40.414577,42.4329,54.454006
Northern Ireland,,1992,33.020966,39.85123,41.614494,47.924,39.824238,43.239113,47.65819,41.886116,44.902126,43.56535,40.92001,49.270348
Northern Ireland,,1993,34.48213,42.96784,39.8274,44.114906,40.600334,41.570545,46.923195,38.0921,43.208336,43.421307,40.155624,43.07059
Northern Ireland,,1994,32.835365,39.947453,38.88886,43.407547,41.334583,38.124958,44.83682,39.057705,42.16415,39.85397,37.248615,45.321476
Northern Ireland,,1995,28.359163,38.781685,40.322525,40.51489,39.285168,39.910236,43.343334,41.181732,37.14904,40.299538,39.77517,43.751587
Northern Ireland,,1996,33.229073,40.630085,43.6311,41.96051,40.804882,40.92528,37.067028,39.336864,41.677444,35.367508,38.724396,48.53703
Northern Ireland,,1997,33.8298,36.108494,38.72239,42.903324,36.86136,41.476646,40.958996,38.33891,44.992516,35.699284,39.11186,45.765823
Northern Ireland,,1998,30.737299,35.20779,39.909782,42.481827,36.05705,41.78333,41.57317,36.811703,40.67476,38.88914,39.180912,41.43102
Northern Ireland,,1999,27.615797,37.19317,35.19112,41.13318,38.831387,37.202866,41.148663,34.598125,39.530113,39.85551,38.19176,39.519363
Northern Ireland,,2000,25.18104,34.240734,36.65052,35.089565,36.803047,33.76375,36.50313,37.233543,30.37504,36.062286,34.967827,42.30179
Northern Ireland,,2001,25.64884,37.355007,38.5673,35.191845,35.99747,36.067543,35.742718,34.162304,34.602165,35.277008,33.731197,45.180527
Northern Ireland,,2002,29.02283,34.00478,36.909874,36.741158,34.619236,35.184246,31.829721,36.12525,35.75026,31.94377,32.152225,40.08954
Northern Ireland,,2003,29.823668,33.290768,38.411636,36.718636,32.711056,37.513153,35.179565,34.002068,35.22841,32.134518,32.463547,40.0166
Northern Ireland,,2004,29.233736,38.373085,35.390293,39.911583,35.448807,34.734867,36.749393,32.381546,35.583183,36.170845,32.555298,40.49732
Northern Ireland,,2005,27.50464,35.811386,34.307663,39.387814,38.087894,34.230247,36.65119,34.222095,38.133537,32.097786,34.316906,40.544273
Northern Ireland,,2006,35.47907,37.187,37.807297,39.462006,37.905735,38.288177,37.146988,37.10867,35.654854,35.2198,36.02168,34.18019
Northern Ireland,,2007,38.093056,37.509476,39.47363,40.59733,40.78568,39.446335,36.968407,37.072777,37.0316,36.97074,36.668568,36.96044
Northern Ireland,,2008,38.584225,37.861748,41.33912,40.89486,39.097137,39.797485,38.752396,37.53007,39.61794,37.85872,37.890568,40.065865
Northern Ireland,,2009,38.443512,38.22728,37.286026,40.335804,36.647476,38.847874,38.77113,36.155365,39.544933,38.942146,37.523205,37.14658
Northern Ireland,,2010,40.069546,39.949883,39.30508,40.57971,37.216347,40.328484,38.272655,36.87717,37.643883,38.47227,37.394974,38.47414
Northern Ireland,,2011,37.699207,38.533733,36.686504,40.717346,38.48017,39.671658,37.079075,36.789585,36.966366,37.589874,38.61758,37.767548
Northern Ireland,,2012,36.42155,38.909924,38.83596,40.986736,37.32863,37.148983,36.793404,37.90462,37.29874,37.988174,37.270557,37.664013
Northern Ireland,,2013,35.16741,34.68426,35.495827,39.148,36.70458,39.008415,34.284084,36.169533,35.31466,33.3964,36.287083,36.23053
Northern Ireland,,2014,34.738716,35.446415,37.86859,39.567146,38.04867,36.91365,34.581345,35.35838,36.483932,35.010067,34.623787,36.50469
Northern Ireland,,2015,35.291904,36.325188,37.04688,38.74995,37.27543,37.79865,34.816185,35.294582,34.7073,34.84218,33.05363,34.7727
Northern Ireland,,2016,33.630745,37.050957,35.060368,38.1382,36.198723,35.609932,36.205837,34.88081,34.485153,34.39292,34.261616,33.123737
Northern Ireland,,2017,32.623844,34.73788,34.30248,35.941463,35.090153,34.762108,31.580631,34.24285,32.570503,33.205692,33.23007,33.97763
Northern Ireland,,2018,31.1112,33.11703,34.267803,35.90492,34.52532,33.705193,34.22788,33.876934,31.85631,30.844616,32.173973,32.12874
Northern Ireland,,2019,30.91873,32.082417,32.791264,34.931774,34.13887,33.094772,30.93742,32.026146,32.541035,31.63764,31.698837,32.16922
Northern Ireland,,2020,28.203588,30.444365,32.723026,33.818043,31.051418,31.886856,30.463497,29.942818,28.997595,29.508902,30.259182,32.709114
Northern Ireland,,2021,31.479958,31.540014,31.62943,34.457672,32.337753,33.733627,30.857712,29.53015,29.97849,30.102726,30.951702,31.218452
Northern Ireland,,2022,28.75743,27.793406,30.143103,31.35047,30.501625,29.871014,28.74925,28.642239,28.839247,29.727036,30.059889,28.53026
Norway,NOR,1931,39.74258,36.32907,38.448395,44.749874,42.7346,44.515427,45.278618,48.29977,49.01303,51.508053,49.055298,46.1982
Norway,NOR,1932,38.811607,38.909218,40.666218,42.794014,40.834217,42.96739,44.66971,48.081482,49.05269,48.883514,46.85604,42.30762
Norway,NOR,1933,35.90341,35.81373,36.116875,41.159187,38.349728,39.9473,41.041317,45.338104,43.870106,43.43557,43.11517,40.646866
Norway,NOR,1934,37.346798,33.725758,38.536156,40.569286,38.022892,40.34123,40.406292,43.68155,42.97587,42.542343,39.65083,40.692028
Norway,NOR,1935,34.410957,33.292297,35.531517,39.554504,37.54654,38.43249,41.241383,42.22862,45.155342,41.68164,43.57816,38.056572
Norway,NOR,1936,35.687267,34.589676,37.0156,40.903248,37.65788,39.306683,40.427624,44.164806,44.93255,42.66732,41.4532,38.338894
Norway,NOR,1937,38.095997,36.60312,37.225777,43.103516,39.32458,41.375267,43.09364,43.878788,45.281975,44.83731,41.95254,38.84042
Norway,NOR,1938,37.575134,36.696007,37.756996,43.219616,39.981106,41.946133,44.264145,46.88292,47.879986,47.636555,44.355495,39.58826
Norway,NOR,1939,38.575245,37.8568,40.3491,42.752857,41.134132,43.29533,44.085506,46.390095,49.136967,47.949352,44.779728,42.438828
Norway,NOR,1940,39.6669,38.650494,38.213444,45.329037,40.61588,44.551937,44.39011,48.690804,52.921356,49.34973,44.981354,41.52453
Norway,NOR,1941,38.31905,38.890247,38.276516,45.804268,40.939495,43.944195,42.764107,46.248512,47.598675,46.731182,40.50134,33.202724
Norway,NOR,1942,44.667194,45.432198,49.181602,52.809143,46.7765,48.261955,48.63709,48.298016,51.468796,51.417496,48.653263,46.133118
Norway,NOR,1943,53.405716,51.083153,52.600746,55.248577,48.75431,50.02252,50.64907,55.162754,54.938835,53.268505,49.636494,46.178562
Norway,NOR,1944,52.37694,49.315582,50.47551,55.961704,53.137238,54.71898,57.85316,58.565685,62.924984,61.14582,54.9999,55.549217
Norway,NOR,1945,50.281452,50.111614,52.917168,54.825058,50.058937,53.377636,55.334023,58.851467,63.048878,59.895546,54.64368,53.907307
Norway,NOR,1946,50.03071,53.130524,57.813385,61.32192,57.693295,60.25814,63.247387,69.58935,74.90061,71.83316,68.85571,56.215786
Norway,NOR,1947,51.189175,47.051243,53.026882,57.770134,54.64777,57.911808,61.49273,66.03177,69.09206,65.99787,62.390953,56.77771
Norway,NOR,1948,48.976498,46.94021,49.66805,57.045532,50.684296,54.650387,58.764217,63.583477,65.010826,64.50829,58.003574,54.969475
Norway,NOR,1949,47.472694,45.889736,47.589615,53.208336,50.118668,53.660366,56.278164,60.671185,61.897526,59.139225,55.39482,50.285454
Norway,NOR,1950,47.05878,45.07279,47.44734,51.04442,48.044407,50.45284,55.51602,57.84367,62.714237,58.380043,54.05657,51.414375
Norway,NOR,1951,45.513065,42.873653,43.934925,47.75754,45.627678,50.283012,54.20658,55.6264,59.269733,55.773624,54.194645,49.893574
Norway,NOR,1952,45.504017,44.92283,47.908447,54.645397,49.023014,50.526676,52.24362,56.9296,61.114452,55.739452,50.383842,47.688255
Norway,NOR,1953,45.557766,42.648094,46.17928,52.381725,48.43296,49.989677,53.862797,56.40813,59.212036,57.71586,53.177017,51.109352
Norway,NOR,1954,45.531235,44.503174,47.159637,51.604286,48.75535,50.34385,53.577656,55.1752,57.67108,53.863728,52.28907,47.754387
Norway,NOR,1955,46.162685,43.49892,46.007145,52.66664,49.056324,52.65452,50.91485,54.80888,57.513023,56.83851,50.649685,48.936535
Norway,NOR,1956,46.987198,44.583893,44.831787,52.09049,48.88169,49.97907,53.744297,56.238224,57.20875,55.356316,52.20809,46.254295
Norway,NOR,1957,45.86961,44.266117,46.243813,51.66242,46.91451,48.834732,50.99793,54.16416,56.758785,53.15408,48.58762,46.58254
Norway,NOR,1958,46.5745,44.09481,46.631035,50.288372,42.872562,45.805157,49.912193,53.140583,56.8849,52.747627,50.119522,49.190643
Norway,NOR,1959,44.277283,42.557392,45.2539,50.13003,45.83405,47.4003,50.6198,53.221333,55.635445,52.312458,49.21274,46.988464
Norway,NOR,1960,41.357475,41.76929,44.366844,49.4346,45.736458,46.81886,49.313107,50.277355,54.764576,52.940872,47.992786,42.203297
Norway,NOR,1961,43.599197,43.886665,44.355255,48.82555,45.94389,46.67284,50.322746,49.628185,54.186676,50.57556,47.018845,45.118534
Norway,NOR,1962,43.29648,43.489353,44.61735,48.284096,44.577377,45.838272,47.86422,50.841324,53.00131,50.533752,47.01457,43.462223
Norway,NOR,1963,41.93182,42.63078,44.80235,49.411407,44.831303,46.680107,48.62979,51.512062,55.347755,50.720394,45.41278,45.820652
Norway,NOR,1964,46.17924,44.104572,45.3846,52.874634,46.394123,48.73778,49.455914,50.59286,55.684853,51.46355,46.677296,44.693317
Norway,NOR,1965,44.619724,44.252945,46.6146,51.641953,46.32896,48.178497,50.175224,52.049633,54.914055,52.456375,47.596466,46.680164
Norway,NOR,1966,44.97585,42.882915,47.394722,50.861004,45.88598,46.526848,49.496323,52.587963,56.869118,53.494263,48.189552,48.612316
Norway,NOR,1967,44.50871,42.520546,47.158104,49.64444,46.927372,47.063225,49.16044,51.970898,55.569042,50.70328,49.28074,46.110294
Norway,NOR,1968,45.558125,44.260418,47.66189,49.912373,46.77263,46.635624,48.19697,51.753048,55.37923,50.44254,47.176212,45.206978
Norway,NOR,1969,44.197216,42.19291,46.08901,49.40505,46.22632,47.456367,48.923836,51.04647,55.448757,51.67013,49.0297,47.640064
Norway,NOR,1970,44.5713,41.5156,41.19521,46.311638,43.918335,44.29155,46.506847,46.805748,52.983917,48.933296,45.99046,44.960964
Norway,NOR,1971,41.40326,42.725235,43.386147,47.215107,44.50673,45.25406,46.72383,50.12821,51.832066,48.600925,46.2044,44.588905
Norway,NOR,1972,41.55755,40.586567,39.818447,43.70328,43.427452,44.415237,46.239285,47.65943,49.865986,48.963066,45.644573,44.18498
Norway,NOR,1973,38.16569,38.42531,38.07528,41.483677,40.19082,40.895935,42.887463,44.697346,48.141747,46.588623,45.612885,43.483498
Norway,NOR,1974,35.193867,34.357254,37.105015,39.96584,39.675415,40.561913,42.320477,43.836678,48.06058,45.836613,42.77723,42.408657
Norway,NOR,1975,34.881912,33.518047,34.653023,38.61538,35.558346,38.422523,38.371346,42.602985,45.18205,41.39604,40.67026,38.791073
Norway,NOR,1976,31.053629,33.44,33.902023,37.535427,34.816433,35.758896,37.925465,36.9724,41.070442,40.41046,37.181194,35.72698
Norway,NOR,1977,30.292383,30.480843,30.766668,34.241455,34.065044,33.661396,36.0155,36.6935,39.57966,38.83483,36.196983,33.93598
Norway,NOR,1978,31.148987,30.720554,33.50263,35.688797,34.03162,34.026123,36.71561,37.593983,39.475544,38.380943,35.878643,32.296993
Norway,NOR,1979,28.447353,30.687016,32.625496,33.983616,34.598576,34.940315,35.26295,37.613583,40.155437,37.5857,36.100163,34.662018
Norway,NOR,1980,30.861681,30.660337,31.699074,33.40889,32.59264,34.71764,34.61975,36.877613,38.893063,37.806866,35.261234,32.37849
Norway,NOR,1981,29.47906,30.007885,31.28912,34.527668,33.30587,33.976795,34.363457,34.776596,38.225277,38.38982,35.911106,32.729336
Norway,NOR,1982,29.916977,30.276583,30.95389,35.096478,33.786854,33.444626,35.61563,36.03078,39.392277,38.41608,34.42579,32.337166
Norway,NOR,1983,30.414408,29.7982,30.147844,33.831554,32.716793,33.716984,34.889595,34.07709,36.68393,36.502388,33.900955,31.22226
Norway,NOR,1984,29.77737,30.672478,31.06032,32.561806,32.554787,33.863552,33.985683,34.954987,36.329933,36.11762,34.973324,31.499525
Norway,NOR,1985,31.459751,31.097723,31.251442,32.526432,32.86805,34.29072,33.805153,35.389473,37.984856,37.03379,34.363827,32.929626
Norway,NOR,1986,30.666115,31.466991,31.792015,35.772217,34.79209,35.600784,35.11916,35.48464,39.185604,36.779045,35.34198,32.576008
Norway,NOR,1987,33.05543,32.75023,33.308563,36.1208,34.85597,37.13701,36.918785,36.854603,38.714294,37.10428,35.199146,32.417603
Norway,NOR,1988,34.386055,34.03816,34.44711,38.649254,36.331356,36.95287,38.328323,39.018257,41.074196,40.28123,38.710606,36.152405
Norway,NOR,1989,36.27552,36.233307,36.735588,39.277866,38.401638,38.800262,39.006966,39.79662,41.314762,40.46546,39.431538,35.754246
Norway,NOR,1990,35.809494,36.63852,36.790333,38.79098,39.33871,39.032177,40.18139,40.146126,42.764523,42.007866,42.27307,39.002464
Norway,NOR,1991,35.335487,34.336452,36.033524,40.127712,37.761833,39.861027,39.573383,41.20891,42.99403,41.891953,41.37877,38.993458
Norway,NOR,1992,34.391068,34.25888,34.88355,39.89437,38.34828,38.690926,38.9423,39.874443,42.28329,41.241295,39.994305,37.31187
Norway,NOR,1993,34.015568,34.210087,35.96159,38.460724,37.358128,39.486362,39.399643,39.855026,41.8543,39.819626,38.004875,36.820232
Norway,NOR,1994,35.51435,35.617554,36.475113,36.794125,36.708935,38.99443,39.382,39.67015,40.726303,40.40672,38.870827,36.65422
Norway,NOR,1995,31.763597,35.217815,34.871838,38.432953,38.04437,39.99891,40.34704,39.63189,40.832,39.760906,39.310112,36.885582
Norway,NOR,1996,34.72248,36.168808,36.583466,37.54557,37.196495,39.340477,38.62185,39.69876,41.207405,39.888023,38.453175,36.726124
Norway,NOR,1997,32.321865,31.753265,34.3706,37.748127,37.140526,38.69588,39.02035,38.439125,41.26991,38.47537,38.68437,38.732
Norway,NOR,1998,30.117716,31.768415,33.732403,38.256535,36.87442,38.720882,37.435894,36.589718,40.05926,37.824368,37.284763,34.628925
Norway,NOR,1999,32.304676,32.17994,33.99005,37.50272,37.269215,37.65383,37.856613,39.01085,38.974,38.834667,37.01618,34.601387
Norway,NOR,2000,32.106308,31.710075,32.81746,36.225945,36.746502,37.359722,36.662453,38.97612,38.539825,38.328613,38.389603,34.849052
Norway,NOR,2001,29.110903,30.623642,32.516838,34.993504,34.663452,35.155514,36.607193,35.890438,37.034405,35.48839,35.635193,35.522694
Norway,NOR,2002,29.246607,30.36904,32.499046,33.84919,34.067284,36.053944,34.269215,34.376385,34.996265,34.027378,34.836365,33.256943
Norway,NOR,2003,30.007135,31.03623,34.113758,35.610027,35.070545,36.599026,34.4685,35.35255,34.96835,33.395786,33.140553,32.909378
Norway,NOR,2004,30.163872,30.837952,32.285686,34.45262,34.060886,36.600784,35.3567,34.24118,35.422974,35.17128,33.852,34.341515
Norway,NOR,2005,28.624592,30.186535,32.260193,34.940117,34.816856,35.452118,35.639004,34.706043,35.9643,33.85323,34.442604,33.012325
Norway,NOR,2006,29.288012,31.82671,32.894405,35.294083,35.57073,36.808006,35.958534,36.210396,35.60272,35.74987,35.086906,32.96604
Norway,NOR,2007,29.50105,31.071526,33.561665,34.220207,35.54431,36.01798,36.48321,35.176693,34.8519,33.850636,33.955433,34.138706
Norway,NOR,2008,30.636078,31.343452,33.25132,35.519978,35.76977,37.53373,36.63649,36.801758,36.470776,34.191242,34.65497,33.47601
Norway,NOR,2009,30.933409,33.04883,33.140755,36.712097,36.818615,36.836052,37.632816,36.355595,36.89953,34.209644,34.813713,33.748722
Norway,NOR,2010,30.22923,31.887583,33.864246,36.179764,35.30673,36.789,36.635998,34.79095,34.96291,34.328213,34.793503,33.71743
Norway,NOR,2011,28.498434,30.110573,31.689907,33.68883,36.183548,36.24955,36.327,34.939507,34.76672,32.249928,32.4967,32.734653
Norway,NOR,2012,28.173365,29.554,30.96368,33.713882,35.493267,35.91108,35.59926,34.430454,32.518364,33.39526,32.02756,32.064392
Norway,NOR,2013,26.915285,28.747318,30.100351,31.53263,33.246746,36.00862,33.93423,34.84928,33.117092,31.486563,31.856081,30.199217
Norway,NOR,2014,26.80016,27.91282,29.623203,31.772095,32.53818,34.451767,34.139317,33.779324,33.48016,30.74115,32.341347,30.842245
Norway,NOR,2015,25.799702,27.0708,29.857727,31.8964,33.089863,35.110565,34.68925,32.91148,33.017757,29.82649,31.217192,29.854078
Norway,NOR,2016,25.525486,27.531155,28.272438,30.354225,31.944397,33.71649,33.272354,33.208847,33.236412,31.10586,30.717054,30.067217
Norway,NOR,2017,24.087284,26.562195,27.978245,30.22756,30.815348,32.09275,32.24031,31.451256,30.873562,28.82299,29.289543,28.574863
Norway,NOR,2018,23.162907,24.86777,27.521881,29.550817,30.876133,30.667213,31.021309,30.04813,30.19832,27.930832,28.209322,27.23458
Norway,NOR,2019,21.8409,24.901937,27.141867,29.520494,29.580374,30.412811,29.712023,29.731466,28.47465,27.548859,28.315403,28.024712
Norway,NOR,2020,21.846985,23.598236,26.25365,27.29975,28.64074,29.448828,29.697834,28.204353,27.976633,26.86796,27.151741,26.028406
Norway,NOR,2021,22.796427,25.629002,27.358063,29.349901,31.040981,30.94388,30.764921,29.358189,28.834116,28.982506,28.569046,27.307665
Norway,NOR,2022,21.224247,22.178099,25.444235,27.281124,27.247597,27.593304,27.898857,26.421093,26.121593,26.443024,26.832062,25.739643
Norway,NOR,2023,20.80892,23.634262,25.637989,26.77019,27.536242,28.742224,28.790833,27.103296,26.00396,25.927567,25.117887,23.689634
Norway,NOR,2024,19.733374,23.990303,26.813837,27.552658,28.833565,28.794718,28.960115,28.25893,27.565905,26.363499,26.654354,24.4921
Poland,POL,1985,42.7816,44.044193,45.468445,49.52837,49.435738,52.387257,50.678894,52.3341,53.10177,54.430458,51.937737,51.480667
Poland,POL,1986,40.877785,40.145535,42.53994,45.89028,45.50023,48.865444,47.53367,48.073406,50.79872,49.68683,48.953636,47.50735
Poland,POL,1987,40.415306,40.209736,39.67783,42.648586,44.641216,48.021084,47.65739,45.161976,45.32649,45.09382,45.090286,44.063004
Poland,POL,1988,37.825584,38.169487,38.966328,42.1593,42.33047,44.2044,43.803974,45.39225,44.18935,46.157764,44.437004,43.97189
Poland,POL,1989,37.8946,36.83812,38.56462,40.859116,40.626904,42.62654,42.405224,41.81313,41.68574,42.205856,43.077957,41.832462
Poland,POL,1990,36.133286,36.095646,35.870956,39.73746,40.84058,41.52795,39.912533,40.30271,39.84736,41.52319,41.37319,41.090466
Poland,POL,1991,34.244114,34.748405,36.196175,39.374275,39.094852,41.35165,40.387085,40.52999,40.252014,41.55568,40.381195,41.786484
Poland,POL,1992,32.79479,33.097622,34.100105,37.156075,36.869804,39.208244,38.303986,36.70184,37.752213,38.82694,38.005405,37.04513
Poland,POL,1993,31.4478,31.820293,33.301636,36.022938,35.34751,37.530712,35.91171,34.913963,36.039234,37.145943,36.352013,36.593075
Poland,POL,1994,28.860847,29.45744,30.594076,33.70035,33.059822,34.953457,35.039818,35.376156,36.44339,36.52364,35.432198,35.126083
Poland,POL,1995,27.12122,28.95723,30.007174,32.233868,31.778057,34.173145,32.461193,31.220293,31.730604,33.51484,32.981632,32.44375
Poland,POL,1996,26.72568,27.681377,28.396032,31.107994,31.207468,33.198425,31.582188,31.70332,31.866436,31.436832,30.707405,30.681808
Poland,POL,1997,26.025537,24.936089,26.921316,30.145626,29.456476,31.198343,30.091997,30.532486,31.638632,29.732994,30.331738,31.158049
Poland,POL,1998,24.521498,25.354755,25.932789,29.755596,28.71152,30.59006,28.657068,28.773668,29.227531,29.450108,28.570814,28.186222
Poland,POL,1999,25.373133,23.82883,24.383766,29.115599,28.170998,29.109856,28.700283,27.707628,27.892094,28.308275,27.556036,27.506882
Poland,POL,2000,23.286343,23.8329,25.178698,28.249426,27.631474,28.140863,28.086609,27.67105,27.196213,27.646755,27.883654,28.658897
Poland,POL,2001,22.491781,23.281353,25.025566,27.077623,26.417278,27.631683,26.321907,27.004755,27.332321,27.024738,25.98068,27.872004
Poland,POL,2002,22.298653,22.745947,24.486681,26.628078,25.916553,26.763079,25.082193,25.058575,25.526114,26.103403,25.395271,25.767824
Poland,POL,2003,21.745749,22.259567,24.330734,27.305628,25.826893,27.552296,25.61755,24.719854,25.211647,24.750425,23.959305,24.833689
Poland,POL,2004,22.712616,22.751705,23.74306,26.702267,25.956795,27.384266,26.67725,24.843042,25.527004,25.516161,24.2724,25.988192
Poland,POL,2005,22.391476,23.54123,24.895443,27.631998,26.472834,27.760473,26.712675,26.505014,27.226137,27.086454,25.717293,25.82879
Poland,POL,2006,23.418152,25.633266,26.924267,28.893358,27.700558,28.186316,27.242805,27.057764,26.726908,26.318636,26.175049,26.189203
Poland,POL,2007,25.255503,25.628841,27.179325,30.258816,28.929117,29.855536,29.07251,27.599033,26.253624,27.889065,27.001678,27.993599
Poland,POL,2008,26.937197,26.573145,28.83977,32.71786,30.505018,32.052032,30.402094,29.031034,30.111483,27.633255,27.961298,29.77142
Poland,POL,2009,26.549757,26.5564,27.605684,32.107483,30.452572,32.48537,30.543877,29.853481,30.984322,30.228636,29.797209,29.653076
Poland,POL,2010,26.225496,27.374203,28.20613,30.69795,29.203684,31.159664,30.310307,29.604412,28.961777,30.694695,29.368076,30.144003
Poland,POL,2011,24.270956,25.40578,26.789915,30.457699,29.236189,30.307808,28.992428,26.557722,26.529564,27.299006,27.462076,28.020239
Poland,POL,2012,24.182997,25.594385,26.948105,29.207195,28.505234,29.491814,27.723726,27.929886,28.144924,27.379232,27.191328,28.217934
Poland,POL,2013,24.045776,24.203264,25.275604,28.107128,27.495384,28.825056,27.14368,26.020575,25.73305,25.875261,25.383884,26.976198
Poland,POL,2014,23.739403,24.506666,26.00161,29.462193,27.056984,29.965515,27.847065,26.205198,26.767462,25.291489,26.064384,26.97162
Poland,POL,2015,24.091642,24.11896,26.089417,29.437292,26.623323,28.64041,27.418062,25.615944,26.007822,25.84227,25.288754,27.014841
Poland,POL,2016,25.74812,26.756138,27.023836,30.615828,28.5087,28.59035,27.485508,25.525974,27.05052,27.143444,26.287655,26.06501
Poland,POL,2017,25.016659,27.007153,28.111961,31.11248,29.899796,30.292465,29.528801,29.199514,27.985722,28.583822,29.118809,28.971958
Poland,POL,2018,24.97479,25.659676,27.10682,29.63824,28.52388,30.016302,28.662941,27.448807,27.548716,27.525745,27.027573,28.981443
Poland,POL,2019,24.73684,24.803875,26.42352,29.194195,28.233442,30.100578,26.735233,25.630672,27.209505,25.428051,26.197681,27.450874
Poland,POL,2020,21.156998,23.168016,24.300331,28.2812,26.1899,27.797764,26.504253,25.221254,25.735142,23.971771,25.056597,27.863626
Poland,POL,2021,21.939327,22.85669,23.218077,26.338861,23.492653,23.837343,24.664246,23.496107,24.20135,24.862467,24.89266,23.14556
Poland,POL,2022,19.611124,19.635769,20.77823,23.881277,22.63893,23.58674,24.025429,22.925375,22.228178,22.326992,21.639158,21.808493
Poland,POL,2023,17.193527,18.141273,18.417662,20.300014,20.63234,21.051662,20.387728,19.27546,19.572163,20.49509,20.554243,21.568974
Portugal,PRT,1901,58.002995,63.35814,58.486248,57.430935,58.503056,50.623928,55.93285,63.327183,70.25367,59.385517,73.62948,63.78102
Portugal,PRT,1902,60.528515,66.33694,59.339294,62.276913,63.79363,50.53148,58.255966,63.117073,70.73132,67.07975,68.609505,64.058365
Portugal,PRT,1903,61.385765,67.64397,60.940334,62.428894,65.15934,53.6327,60.7658,69.64729,77.70936,58.92748,85.23731,63.01622
Portugal,PRT,1904,59.087162,60.566055,64.35672,58.78138,58.250923,57.011272,56.705772,64.71811,76.111404,56.061577,75.07494,68.8909
Portugal,PRT,1905,67.798325,59.910374,63.823044,61.143578,60.066273,57.76347,60.683296,63.28516,72.64192,66.12165,70.396034,66.71416
Portugal,PRT,1906,68.37403,62.22915,61.6463,68.89454,60.919323,61.73455,56.749195,61.268105,75.89429,55.927105,82.725,68.81946
Portugal,PRT,1907,66.97049,60.93949,60.3058,65.711655,58.687954,52.50651,58.07359,59.095566,73.36274,63.579315,73.2945,64.23066
Portugal,PRT,1908,59.978027,63.262608,59.591427,58.64677,61.629494,51.92241,56.514713,65.31483,71.49991,66.58809,70.47513,63.696976
Portugal,PRT,1909,60.747032,62.46363,63.079254,63.384193,65.117325,51.720703,55.57244,64.45338,66.87104,52.77125,78.26331,65.487114
Portugal,PRT,1910,84.384415,67.9349,69.43298,62.702457,58.608112,55.914497,56.058773,72.08457,68.05648,62.89856,69.65165,72.84517
Portugal,PRT,1918,56.645683,58.659798,61.92785,59.83221,56.85159,58.461033,61.690704,65.10892,72.047035,74.75717,74.26687,65.95356
Portugal,PRT,1919,71.65175,68.90757,64.93243,58.077934,45.316547,45.2283,50.296574,55.086666,62.606926,67.054535,66.56243,56.704514
Portugal,PRT,1920,69.80698,71.43477,68.48749,68.49939,67.26465,63.768414,66.397736,72.88299,77.36198,79.34598,84.59801,77.42137
Portugal,PRT,1921,73.8537,71.97321,71.17269,67.752525,64.07938,61.818592,63.00207,68.327805,69.91063,77.15663,80.23129,75.20681
Portugal,PRT,1922,75.513565,70.42302,72.5258,70.30578,67.51678,65.30642,66.80157,69.37415,75.41664,76.75322,82.84596,80.46376
Portugal,PRT,1923,72.68969,70.38394,72.08457,71.82992,68.80265,68.72281,67.43554,75.143776,79.67641,80.96382,83.35773,76.88769
Portugal,PRT,1924,71.24413,69.44601,72.61405,71.36964,67.65125,68.15551,70.89633,74.73196,80.59697,83.45153,81.60184,74.63951
Portugal,PRT,1925,72.10979,73.27155,71.31977,72.70706,70.697845,69.77336,71.83426,74.53866,80.09761,81.13191,81.53863,74.36217
Portugal,PRT,1929,75.084946,70.43605,67.89078,70.48381,66.01239,64.27688,68.030426,66.28553,73.571175,79.568695,83.059975,76.56412
Portugal,PRT,1930,73.82848,71.18726,70.794495,68.67309,68.563126,65.91574,66.79288,68.180725,73.445244,78.54336,80.570915,81.40505
Portugal,PRT,1931,71.30717,69.31574,66.85283,70.81817,67.9328,66.69735,68.29096,70.697845,78.19135,81.976555,81.93408,80.9134
Portugal,PRT,1932,72.20223,72.29454,69.56325,70.95278,69.23128,70.14316,67.84805,67.26885,82.76377,82.896835,81.494026,82.396774
Portugal,PRT,1933,70.89114,69.18981,70.756676,69.48075,67.474754,68.14291,66.36299,70.76508,78.39978,82.35475,81.808464,80.00572
Portugal,PRT,1934,72.70229,70.90067,70.06751,70.6879,66.6091,69.41197,64.90833,67.63024,74.48739,82.12784,79.547386,81.39245
Portugal,PRT,1935,72.19383,70.87896,70.97939,70.905014,68.80265,68.600945,67.396454,68.289986,77.67028,82.36736,80.82215,75.17739
Portugal,PRT,1936,68.210144,70.60105,72.22324,68.10859,69.17665,67.33188,68.1607,71.81983,79.268234,85.498,79.80054,78.21558
Portugal,PRT,1937,67.87817,66.93617,67.63444,70.81817,75.52197,59.154396,64.37857,69.58006,76.3676,80.62344,76.58378,73.488106
Portugal,PRT,1938,74.076416,70.961464,71.1811,70.64014,66.15947,67.7479,64.074615,66.73517,71.808205,80.106575,76.58843,74.48403
Portugal,PRT,1939,67.86556,69.87589,68.004234,67.292244,66.995705,66.94948,64.36555,67.945404,74.8478,79.253525,78.78903,80.12338
Portugal,PRT,1940,67.49134,65.13565,64.6384,69.20004,61.68682,60.36552,62.911556,64.48507,68.19883,72.295204,74.87897,69.20606
Portugal,PRT,1941,60.342087,60.544624,62.969776,66.439,64.52899,61.66598,61.108868,63.48025,71.08685,70.3137,71.06633,69.09271
Portugal,PRT,1942,65.83355,68.34036,66.99201,66.95434,62.040607,61.14992,62.386703,67.09042,69.59383,70.75867,64.61589,65.12915
Portugal,PRT,1943,70.898346,65.1489,64.419685,66.965675,62.15451,61.302937,65.090004,68.29971,76.61917,76.41195,78.68967,74.50726
Portugal,PRT,1944,68.32621,68.647835,69.290596,72.62898,67.385574,64.916306,63.21529,64.142075,67.35932,74.22046,72.898544,80.70158
Portugal,PRT,1945,76.63653,70.0493,67.16641,71.22722,68.28206,66.61722,68.89127,68.364914,69.817345,76.58449,76.548615,80.02877
Portugal,PRT,1946,69.2245,65.31396,62.495407,64.905136,63.710567,66.18067,67.54817,67.56447,72.78772,78.00288,79.48554,81.684784
Portugal,PRT,1947,65.120575,68.122055,69.40055,68.617,63.678055,63.36434,64.922714,63.19485,68.97469,71.763016,69.44561,72.108154
Portugal,PRT,1948,74.597176,72.0145,70.99615,70.90765,68.62987,68.811485,69.62287,73.52899,79.56599,82.318535,74.647415,73.14365
Portugal,PRT,1949,68.44785,68.77011,67.544525,66.72791,63.38969,63.060215,66.45641,66.67084,70.44902,76.674446,79.085625,80.19203
Portugal,PRT,1950,66.60633,66.983696,66.1284,66.5229,63.190342,61.84511,60.21652,62.369125,67.37555,72.49512,71.254425,76.90294
Portugal,PRT,1951,61.013687,60.769787,65.48379,65.71514,64.46768,64.09975,65.58817,66.384964,70.48748,75.35829,72.322174,75.47494
Portugal,PRT,1952,66.04602,66.52979,66.51727,65.4604,62.212086,61.278606,67.35209,65.31104,72.77847,75.21442,72.71625,71.642975
Portugal,PRT,1953,63.305435,61.34378,61.943577,63.60286,60.98537,60.080433,60.707607,61.367496,63.94466,71.300446,71.92003,75.286674
Portugal,PRT,1954,53.86814,60.717953,61.74836,63.48215,62.00666,59.626583,59.25709,60.801117,65.603905,66.87753,69.94709,70.37158
Portugal,PRT,1955,63.701084,61.88891,62.764194,64.96343,61.148365,61.39281,62.47595,63.533028,68.21998,72.282265,71.47573,82.60082
Portugal,PRT,1956,61.390026,59.817734,62.078484,60.859806,57.968044,58.613415,59.955456,63.253098,67.26484,72.287544,69.22999,70.754295
Portugal,PRT,1957,66.221054,63.788464,65.908646,65.94724,62.588085,62.280693,63.73764,66.149345,71.155174,70.49782,70.50849,66.64218
Portugal,PRT,1958,68.61175,67.63523,69.564995,65.801834,56.101788,56.39119,59.604984,62.03163,70.412,75.339745,73.01725,70.19613
Portugal,PRT,1959,65.77916,64.31642,65.86907,66.83733,63.696507,60.421722,61.049847,61.773132,67.54485,72.18259,71.166664,71.46345
Portugal,PRT,1960,63.303024,64.446396,67.56931,67.58366,64.15923,62.159096,61.795662,65.295395,68.03626,71.40324,68.06128,65.89241
Portugal,PRT,1961,70.43536,66.65854,64.60815,64.91335,62.382565,62.3989,63.97867,65.176735,68.17216,73.10951,70.34762,71.82724
Portugal,PRT,1962,66.53157,66.60637,68.80096,67.143654,63.03377,62.53844,62.430405,64.09438,69.59759,73.9083,75.45015,73.397125
Portugal,PRT,1963,61.48875,62.095623,65.54499,68.72325,62.513557,61.342003,60.64575,62.84837,67.265,71.22344,70.064995,69.63334
Portugal,PRT,1964,66.15586,65.388336,68.94009,67.64031,61.926003,62.157196,64.66637,65.839645,70.66109,72.861496,68.1054,65.217606
Portugal,PRT,1965,64.362206,62.711674,65.2218,66.36185,62.61528,59.501842,61.654446,63.206913,66.89421,68.3234,68.25114,68.06556
Portugal,PRT,1966,58.092007,61.1237,65.75727,67.47668,61.718853,59.308693,61.175068,63.83957,66.17483,67.72793,67.05558,66.7851
Portugal,PRT,1967,62.702515,60.981735,64.71464,65.205,60.636925,58.388416,58.1178,62.278572,64.11961,65.59708,65.34536,62.104546
Portugal,PRT,1968,55.675514,57.614212,62.744343,64.90432,57.766388,56.2147,58.303177,61.968174,62.94383,63.798706,61.742332,60.931423
Portugal,PRT,1969,57.427635,55.860477,60.681877,63.41609,57.158386,57.083004,56.373844,58.924084,60.926987,62.47824,61.081806,59.94994
Portugal,PRT,1970,55.32754,53.80725,58.416603,61.026123,54.989532,54.885952,54.18894,56.599815,58.535007,59.968067,58.63751,57.50346
Portugal,PRT,1971,51.482906,57.613686,58.003975,61.46493,54.536507,54.579212,55.901855,57.81364,57.735565,58.090893,59.053726,59.401134
Portugal,PRT,1972,52.99611,53.735043,55.134842,57.428493,51.320168,52.32381,52.988003,55.604904,53.937206,54.652584,53.72054,54.96468
Portugal,PRT,1973,50.708946,49.6657,51.918636,54.861126,50.511665,50.626812,51.889736,54.329987,53.871513,53.752514,53.725742,57.07013
Portugal,PRT,1974,47.584972,50.48641,53.10437,55.272247,50.15229,52.847633,50.027977,54.71342,52.968224,51.620014,51.61762,52.69024
Portugal,PRT,1975,52.034645,53.137592,55.42915,55.964764,51.612404,54.604893,55.172863,54.37431,53.957428,51.603855,52.36228,51.884163
Portugal,PRT,1976,52.648106,51.731075,53.379433,57.378895,53.32678,54.6228,56.995422,57.10604,54.801167,54.70328,54.06837,55.784786
Portugal,PRT,1977,49.561996,48.559734,51.274178,53.074547,51.321507,51.863613,54.728897,55.689312,53.756557,53.444817,52.957764,53.545517
Portugal,PRT,1978,46.648926,44.745216,46.627613,46.540066,47.121002,47.49302,49.23834,52.1939,49.452026,48.450718,47.60162,48.923878
Portugal,PRT,1979,40.804405,43.810753,42.322884,44.44303,44.272747,46.10455,47.45379,49.137554,47.17423,46.599773,45.99484,46.40674
Portugal,PRT,1980,41.186028,40.188282,42.15214,44.173187,44.95275,47.193707,45.962196,47.826477,45.188255,44.17534,42.61767,44.908
Portugal,PRT,1981,39.874672,41.4272,41.39233,43.665318,42.084923,43.549274,43.4299,44.735897,42.7286,41.623512,41.175488,41.603107
Portugal,PRT,1982,40.23755,40.546154,42.11268,43.337917,41.854935,43.027054,43.31667,44.669937,40.576702,40.414597,40.90699,40.25607
Portugal,PRT,1983,37.648952,38.054317,38.992558,39.794403,39.990665,41.163273,41.236298,42.238102,39.998047,39.58257,39.06316,39.315674
Portugal,PRT,1984,35.873524,37.805904,39.800816,40.192,39.00817,39.337585,39.512,41.25872,39.815014,39.87993,38.511337,38.373528
Portugal,PRT,1985,33.14967,33.33269,35.532356,36.861595,35.260994,36.48535,37.256287,38.864025,35.571556,35.552124,35.51632,35.63251
Portugal,PRT,1986,33.616135,34.06799,34.473553,36.022533,33.810593,35.22546,34.881638,36.857162,34.862274,34.466515,34.18353,33.677322
Portugal,PRT,1987,30.897633,31.283865,32.738567,35.517906,33.86521,34.472073,35.543026,35.19982,34.32543,32.733562,33.454597,34.172947
Portugal,PRT,1988,31.062357,32.530193,33.801296,35.559975,34.62218,34.19748,34.226772,34.474483,31.779364,33.448063,31.409859,32.1706
Portugal,PRT,1989,31.531252,32.24118,33.382477,33.758144,31.904432,32.65926,32.422207,34.387554,32.295696,31.641682,31.146091,31.277876
Portugal,PRT,1990,30.5475,31.480608,31.482462,32.96306,32.081524,32.853138,32.553963,33.322567,31.408085,30.969807,30.274363,32.057835
Portugal,PRT,1991,30.391993,30.891478,32.74649,34.59973,32.172142,32.27598,32.03411,33.600773,31.118141,31.24491,30.09495,31.526913
Portugal,PRT,1992,29.922506,31.5262,32.414707,33.88793,31.568344,32.7695,30.997545,31.958593,30.824083,30.513748,30.508055,30.70163
Portugal,PRT,1993,28.95374,30.167152,31.322023,32.664886,31.090252,32.900013,31.563297,32.37477,31.146486,31.632742,30.11627,30.96455
Portugal,PRT,1994,28.288067,29.531324,29.307053,30.238865,30.388292,30.618622,31.141848,31.559683,29.83324,29.552326,28.886387,29.097334
Portugal,PRT,1995,28.317759,28.41198,28.705708,30.247648,28.670578,30.000923,29.828768,31.103247,29.387587,29.482218,27.45525,28.605185
Portugal,PRT,1996,29.682062,31.064085,31.113102,31.288698,29.272514,29.876667,28.876059,30.734158,29.496532,29.357847,28.68096,28.937744
Portugal,PRT,1997,29.260324,29.271645,30.008131,31.67468,29.566662,32.44709,31.221064,32.529617,30.665512,29.26366,30.203995,30.444954
Portugal,PRT,1998,29.38132,30.448473,30.570398,33.212254,30.085796,30.3011,30.888449,30.246998,31.117409,30.551487,29.61654,29.87167
Portugal,PRT,1999,30.91691,31.539705,31.216442,33.661583,31.50708,31.862223,30.72371,31.254662,30.566507,30.383844,28.82765,30.137281
Portugal,PRT,2000,30.112654,32.06548,33.3729,34.13201,33.001587,32.110985,31.589645,32.502453,31.003595,30.348827,30.941048,30.88366
Portugal,PRT,2001,27.113146,28.307407,29.650518,30.587542,30.098192,30.446783,29.114943,31.79262,29.383785,29.747381,29.627419,31.613213
Portugal,PRT,2002,30.470778,29.18089,30.84271,33.052917,31.032915,30.71223,29.40958,30.292873,28.970863,28.804142,28.572567,29.073772
Portugal,PRT,2003,27.185324,28.686829,29.931852,31.863087,28.663406,29.40372,29.366728,30.549646,28.920076,28.561605,29.987833,30.15859
Portugal,PRT,2004,27.93751,28.3133,28.712975,31.601562,28.303848,28.963682,27.427593,27.303965,27.752983,28.615068,27.732378,28.534334
Portugal,PRT,2005,27.766682,28.449963,28.473886,31.713284,30.021078,28.490547,28.605627,27.754711,27.293617,26.963211,28.356058,27.873623
Portugal,PRT,2006,25.602558,28.203993,29.053696,30.106802,27.804995,27.161942,26.956953,27.003967,25.971188,26.726517,27.087856,27.027493
Portugal,PRT,2007,25.960487,26.597628,27.540567,29.856918,27.331064,27.381866,26.262625,26.29921,25.190247,25.609655,25.210806,25.429714
Portugal,PRT,2008,26.114641,26.707937,28.659636,30.659655,27.79457,28.205633,26.04826,26.548086,26.50079,25.008686,24.84999,26.653673
Portugal,PRT,2009,25.682993,26.070932,26.0448,28.763952,26.309448,25.917088,24.885355,25.478952,24.617636,25.110607,24.326653,25.168257
Portugal,PRT,2010,27.06003,27.503582,27.897766,29.978672,26.128435,26.302437,25.866247,25.33668,25.063433,25.192167,23.944082,23.877396
Portugal,PRT,2011,23.940992,24.82928,24.088163,26.963995,25.820946,26.136263,25.043533,25.428768,23.445179,24.615557,25.418026,25.20317
Portugal,PRT,2012,21.80225,23.891779,24.15364,25.267971,24.096296,23.504244,22.47144,23.781004,22.683006,22.479965,22.05707,23.322159
Portugal,PRT,2013,21.068533,21.135666,22.64234,23.952711,22.355803,21.406122,20.973911,21.883959,20.741056,20.587872,20.674587,22.201437
Portugal,PRT,2014,21.740366,22.363329,22.61254,24.774927,22.52048,22.44665,20.452581,21.30342,20.024494,20.08782,20.490755,20.868675
Portugal,PRT,2015,22.944723,23.06517,23.040522,26.031874,22.95915,23.333157,21.63484,22.391687,21.455536,21.267923,20.765911,21.64655
Portugal,PRT,2016,21.998676,22.907833,23.395195,25.921347,23.656977,23.393896,23.622076,23.232216,22.24937,21.717224,21.707396,21.923323
Portugal,PRT,2017,22.410635,24.513153,24.14493,24.34197,22.719124,23.341232,22.245218,22.539528,21.471899,22.118444,21.821766,22.121456
Portugal,PRT,2018,22.773579,23.667616,24.55454,25.311188,24.540958,22.948904,22.755644,23.481474,21.668001,21.20571,21.356121,22.368587
Portugal,PRT,2019,21.56286,23.250072,24.365206,25.751783,23.739805,23.663527,21.791204,22.423016,21.850681,21.648712,22.12118,22.677336
Portugal,PRT,2020,19.495697,21.93355,22.902514,24.530912,22.372015,23.0726,21.858234,22.425407,22.219488,22.150768,21.025475,22.695112
Portugal,PRT,2021,21.362226,20.955833,21.120409,23.122341,22.139515,21.66073,20.914011,21.071516,20.153788,20.581064,19.644587,18.585136
Portugal,PRT,2022,21.833958,23.115278,22.841543,24.612692,23.64282,22.499134,21.36769,21.376106,19.804585,20.69471,21.282335,19.726465
Portugal,PRT,2023,21.68344,23.319284,23.099651,23.873825,22.190762,22.489738,21.930855,22.288923,20.87997,21.566906,21.023943,22.026043
Russia,RUS,1956,54.087925,61.057938,59.893475,59.627266,61.363857,62.006603,61.66995,63.98915,67.88134,69.22438,70.75167,80.778145
Russia,RUS,1957,55.119114,65.02311,65.92123,64.39806,64.41326,63.220768,60.44338,64.835724,68.3346,70.861824,69.67703,79.60321
Russia,RUS,1958,58.268917,66.411545,66.20351,65.76552,60.159843,57.747425,60.356068,65.73249,67.593895,68.87928,70.690544,80.80366
Russia,RUS,1959,56.144585,59.028744,60.523373,62.38237,63.927895,63.279423,61.853592,64.05246,67.80083,69.05117,69.882744,79.48196
Russia,RUS,1960,52.54065,59.42771,59.529476,60.666195,61.090946,61.544514,60.839153,64.01093,66.370346,69.747246,68.948494,76.03923
Russia,RUS,1961,50.58149,56.936077,57.446877,57.688156,58.3022,57.93902,57.87094,60.83121,62.869125,64.583305,64.09789,70.7284
Russia,RUS,1962,48.842583,49.897484,49.379,51.136826,53.42854,55.015205,54.815037,57.058548,58.766125,59.424843,59.55859,65.75556
Russia,RUS,1963,43.440434,47.189426,46.7101,47.58794,49.511078,50.651154,50.999733,52.604774,54.64984,55.909126,56.087734,60.95594
Russia,RUS,1964,39.189137,42.079594,42.02768,42.896893,43.57415,44.9651,45.409554,47.512905,49.48605,51.181164,50.677174,55.081448
Russia,RUS,1965,37.68521,39.896797,40.317223,41.1363,41.927742,41.97462,42.79952,44.2124,45.74214,46.801426,46.14976,48.44356
Russia,RUS,1966,36.798668,38.79997,39.307564,39.96638,40.87271,41.608685,41.82827,44.839024,44.54224,45.487095,44.499702,46.417553
Russia,RUS,1967,35.5309,36.225803,36.280228,36.963688,38.668293,40.06124,39.499516,40.158787,41.911083,42.200245,42.336018,44.603905
Russia,RUS,1968,34.612587,36.743027,36.14851,36.72854,37.859634,38.663033,38.731342,39.22419,40.086494,41.156036,39.679096,41.996853
Russia,RUS,1969,35.37283,36.38896,36.8834,37.826416,38.98569,39.877438,39.841263,41.13636,40.91716,40.1889,39.982574,41.037903
Russia,RUS,1970,36.686775,37.464745,37.328354,38.712738,39.489147,40.729286,40.85023,41.747654,42.123802,41.759323,41.518017,42.071865
Russia,RUS,1971,38.44721,40.023575,39.43083,40.231495,40.357445,41.64555,42.339066,42.500347,42.707703,42.821426,41.745705,43.698456
Russia,RUS,1972,38.419506,40.45742,39.41085,39.61373,41.50927,42.548462,44.026356,42.771534,43.483665,43.71043,42.59253,43.246716
Russia,RUS,1973,39.149555,39.30236,37.925358,39.62082,41.355236,42.59447,42.690117,42.849598,41.81715,41.99458,42.529045,43.562267
Russia,RUS,1974,38.659893,40.721848,40.89021,41.492702,41.963196,43.95786,44.73343,44.692013,44.662148,43.949844,43.657295,44.19021
Russia,RUS,1975,40.503033,40.487396,40.22983,42.029984,43.36739,45.36214,46.00816,44.504333,44.03752,43.299038,43.03384,43.723587
Russia,RUS,1976,38.993504,40.492077,40.912937,42.9999,44.16804,45.829887,46.327705,45.25365,44.637325,43.75359,43.2588,44.8497
Russia,RUS,1977,40.798927,41.69222,41.48215,41.88827,43.458225,45.32732,45.06404,44.748028,45.363808,44.266552,43.452812,44.107487
Russia,RUS,1978,40.46652,41.770664,41.84694,42.51544,43.638096,45.600414,45.874153,44.72133,44.428032,44.10404,44.1666,44.353943
Russia,RUS,1979,40.106926,41.682526,41.457336,41.864902,43.68798,45.06079,45.929466,45.650005,44.683807,43.796383,42.65321,43.471355
Russia,RUS,1980,40.61965,41.405525,41.098145,41.685886,43.14148,46.06971,46.15032,45.58559,45.563053,44.54203,42.461395,43.308464
Russia,RUS,1981,41.11495,42.44128,41.701015,43.098553,43.787468,46.447388,47.128056,45.757603,44.97071,44.482265,43.733875,43.721634
Russia,RUS,1982,45.065834,45.525944,43.61821,44.741764,46.002457,47.075787,47.938465,45.93592,45.224186,45.115196,45.478943,45.045906
Russia,RUS,1983,44.230705,45.77688,45.346233,46.97596,48.310993,50.427547,50.79686,50.352543,49.559753,49.746647,48.334606,48.236572
Russia,RUS,1984,43.255634,43.570427,44.32644,46.312443,46.720325,48.229023,48.7476,47.73945,47.335873,47.412926,46.33631,46.55755
Russia,RUS,1985,42.214897,42.549057,43.323822,44.81732,45.92559,47.808342,47.695835,46.642727,46.149376,45.84486,46.312996,47.11267
Russia,RUS,1986,45.505882,45.137203,45.844894,47.177273,47.76671,50.775867,49.863224,48.350754,49.474335,46.946182,45.427254,45.023933
Russia,RUS,1987,43.11913,44.052208,44.00523,44.936634,45.25823,48.50454,50.478336,49.94743,49.96096,48.840298,48.4787,48.34166
Russia,RUS,1988,39.25799,39.245613,40.0498,42.046597,44.17077,46.45038,47.38189,46.319523,45.66568,45.94618,45.194923,44.245384
Russia,RUS,1989,36.370987,36.85391,37.727154,38.429367,40.35279,41.50822,42.910698,41.574997,40.764664,41.726093,42.23836,41.98167
Russia,RUS,1990,33.134823,33.724236,33.752117,34.668427,36.53888,38.122166,39.298145,38.385345,37.955456,38.39036,38.97696,39.280697
Russia,RUS,1991,28.368767,29.571877,30.205519,31.593285,32.14463,33.843624,34.805313,34.95686,35.197628,35.616055,35.79422,35.825607
Russia,RUS,1992,24.931997,26.08454,26.57657,27.567581,28.722197,30.610802,32.021347,30.600168,30.37152,31.294132,31.26574,32.087936
Russia,RUS,1993,22.964487,23.32922,23.763632,24.876593,25.343838,26.434978,26.77071,26.683636,27.091934,27.15183,26.916626,27.285458
Russia,RUS,1994,23.022179,23.788206,24.213646,25.807516,26.544727,27.228966,27.848047,26.904167,27.457788,27.859905,27.257866,27.127333
Russia,RUS,1995,22.487785,22.950655,23.46635,24.544493,25.488493,26.050083,26.486036,26.460836,26.403969,26.880873,26.576344,27.042135
Russia,RUS,1996,22.677946,22.982996,22.898973,22.90647,23.96619,25.395754,25.199696,25.441269,25.59647,24.765623,24.448248,24.830355
Russia,RUS,1997,22.02082,21.160448,21.423275,22.1622,23.49723,24.864958,24.731651,24.181103,24.267244,24.271885,24.36785,25.405195
Russia,RUS,1998,21.389633,21.324976,22.531622,23.677622,24.053865,25.49952,25.538816,24.418568,25.449982,24.68136,24.950611,24.59301
Russia,RUS,1999,20.605143,20.104387,20.65582,21.955164,22.623737,23.9722,24.677805,22.90852,23.900576,23.568638,24.36095,24.15687
Russia,RUS,2000,21.870775,22.353683,22.796345,23.967112,24.295673,24.72748,25.147575,24.025005,23.651663,24.16391,23.70098,24.686659
Russia,RUS,2001,22.912348,23.61488,24.090002,24.452162,25.523592,26.357145,26.055676,24.61085,24.801523,24.993845,24.769653,25.313362
Russia,RUS,2002,24.799011,25.180649,25.87626,26.855518,27.191103,28.554443,27.665976,25.595594,26.12195,26.106749,25.833519,27.495844
Russia,RUS,2003,25.209515,24.92193,26.38229,27.378942,27.881105,29.564993,28.951126,27.581108,27.702501,27.794582,27.372757,28.689894
Russia,RUS,2004,26.235134,26.967865,26.65749,28.405334,29.413109,30.287807,30.305727,27.951996,28.895258,29.38531,28.204185,29.308527
Russia,RUS,2005,25.371372,26.30729,26.43847,28.378054,28.619518,29.405699,28.811241,27.226946,27.567108,28.503035,28.25566,29.115107
Russia,RUS,2006,25.904842,27.199482,28.158978,29.69928,30.277157,29.798529,30.044533,27.269058,27.43208,28.19803,27.801308,28.397259
Russia,RUS,2007,30.181099,31.492596,32.226704,32.722534,33.22801,33.014256,31.017607,29.824718,28.701227,29.323109,28.88132,30.026602
Russia,RUS,2008,31.763618,31.665419,33.472843,35.041847,34.865685,35.779465,33.242958,30.690332,31.548521,30.837656,31.734768,33.06694
Russia,RUS,2009,32.26444,32.28933,33.62039,35.380875,35.256645,36.862194,35.01561,31.785564,32.85241,33.37017,33.382313,33.546425
Russia,RUS,2010,33.09683,33.326656,34.089935,35.3378,35.104973,36.46756,35.99723,33.297287,33.806778,33.786404,33.879074,33.529854
Russia,RUS,2011,34.1112,34.435432,34.592136,37.09725,37.304737,37.49252,35.952087,30.914944,31.550049,33.107895,32.95681,33.590004
Russia,RUS,2012,34.454712,36.19707,37.28215,37.9981,39.304523,38.9028,37.654995,34.29473,34.003014,35.386158,35.540092,34.483143
Russia,RUS,2013,34.708035,35.190544,36.73876,38.225273,38.703827,39.300297,37.4708,34.64023,34.70798,34.099064,34.92319,35.54523
Russia,RUS,2014,34.886623,33.89975,36.89636,38.296204,38.283398,39.896427,37.77838,35.424267,35.714497,35.06423,35.631916,35.584534
Scotland,,1954,47.245262,45.18981,47.5697,46.29459,47.73633,51.632225,50.32892,52.469418,52.786808,54.216953,50.108982,48.77196
Scotland,,1955,48.756973,46.3878,49.822674,47.142704,48.687332,49.10366,50.603508,50.668682,53.166542,52.108257,48.97573,49.55816
Scotland,,1956,49.277576,47.000824,51.202034,46.20939,48.465298,49.53484,51.549133,55.01449,53.67579,55.113514,51.393475,51.83981
Scotland,,1957,49.3026,49.967754,54.104305,48.133644,52.25561,52.73033,51.18216,54.240295,55.154278,53.554516,54.193798,53.371994
Scotland,,1958,53.573242,50.231194,56.019566,51.843433,48.331287,49.0491,50.35665,56.711346,56.972794,54.56857,54.022453,54.301815
Scotland,,1959,47.93037,46.26639,54.307583,49.68134,50.447803,53.65558,54.820972,55.01255,55.37664,54.632,54.129345,55.909767
Scotland,,1960,51.493538,50.741806,54.020935,51.608734,53.291748,52.858425,54.62969,55.924503,56.18154,55.83758,54.46542,50.554783
Scotland,,1961,49.65511,50.23309,54.388687,52.792953,52.658733,52.399677,53.775723,56.422493,54.37785,56.353287,54.95233,53.32729
Scotland,,1962,50.478436,51.555294,58.132328,51.420116,53.18938,54.4899,57.721138,58.166397,54.854645,58.858242,54.63338,56.319885
Scotland,,1963,49.443165,50.51895,54.86516,51.064243,54.092598,55.497055,54.0021,56.32958,56.969063,56.158195,54.712704,54.86467
Scotland,,1964,52.572422,50.008984,56.725357,52.502308,52.934795,57.06737,56.847824,55.431408,57.352085,55.077168,55.40897,54.84055
Scotland,,1965,51.708702,49.332294,51.051727,50.343624,52.135235,53.234245,53.751022,53.32034,55.350094,58.03752,53.92923,53.114834
Scotland,,1966,48.734955,47.67506,50.981586,52.1498,52.86143,49.991547,51.818817,50.76775,50.89172,52.578453,51.935623,49.59941
Scotland,,1967,46.72854,46.70671,51.767235,46.862526,49.584087,48.947502,52.079575,54.567497,48.649254,56.45784,51.33749,53.932556
Scotland,,1968,47.283535,45.44926,49.425117,48.38443,49.011547,50.290024,47.992138,51.82624,51.491642,51.00429,50.938858,53.06115
Scotland,,1969,45.589718,39.90471,49.11848,46.666218,44.836403,47.624672,46.81787,48.596718,49.491215,50.21815,49.047523,51.449482
Scotland,,1970,46.04567,42.99402,45.61345,44.154766,43.400593,47.737446,47.728466,45.25813,48.80924,47.75183,45.375706,45.48096
Scotland,,1971,42.221317,44.316734,44.379612,43.596447,45.274494,45.21928,46.4846,46.071587,46.338463,50.84452,46.06692,44.622128
Scotland,,1972,37.609367,38.98994,40.62942,39.906345,41.306564,39.092777,42.80978,43.179134,39.750935,43.93015,42.972366,42.067326
Scotland,,1973,35.82914,35.27636,40.363625,35.69659,38.553284,39.598198,39.157875,40.10463,38.70004,41.492756,40.60503,41.79625
Scotland,,1974,35.091488,35.01325,38.521477,35.67433,36.869843,38.396896,34.031,37.12103,37.307816,36.270195,36.725956,38.83139
Scotland,,1975,35.97941,32.216194,36.21013,35.3268,34.542973,36.95662,34.98429,35.77634,37.83925,33.629124,35.545914,37.580437
Scotland,,1976,30.058287,32.21187,32.996277,32.405773,32.961746,34.223793,35.126892,33.215115,35.51151,39.202755,33.773605,34.939545
Scotland,,1977,30.291803,32.700836,34.932873,33.33492,34.001785,31.428282,33.223335,32.91792,31.248947,33.96241,32.58939,31.558655
Scotland,,1978,31.19298,33.755722,37.30287,34.389313,35.14862,32.680244,34.696545,34.35036,30.997719,34.68407,33.54193,32.51496
Scotland,,1979,33.016197,35.611015,38.779274,32.58158,37.086575,37.551662,36.286617,37.242046,36.652584,36.02821,34.258945,36.51814
Scotland,,1980,37.28974,33.225338,39.0342,36.172703,34.825035,37.390003,36.164356,36.437763,38.318615,34.201385,36.327415,35.515858
Scotland,,1981,34.86142,35.081013,38.135815,35.882328,35.78819,36.92578,37.10541,34.92274,36.908024,38.266426,36.72965,37.63909
Scotland,,1982,33.20531,35.130306,36.93261,35.27354,35.570133,34.661434,34.62664,32.708088,36.492004,37.421047,35.26582,34.1274
Scotland,,1983,31.666204,33.220207,35.30717,35.69292,36.796097,34.439423,36.841904,33.623592,33.8121,35.243103,34.390102,34.402596
Scotland,,1984,31.78609,35.397915,38.6786,33.74459,36.750923,36.399654,34.480522,34.191242,33.41889,33.546463,33.10494,33.76135
Scotland,,1985,33.638054,34.01632,39.812767,35.224342,36.428165,37.968105,33.70604,35.31613,37.596478,33.238586,34.745888,35.712543
Scotland,,1986,35.09727,32.649727,37.54949,36.287174,33.694668,36.109592,36.28107,35.26641,39.0916,32.06017,33.902966,35.14499
Scotland,,1987,33.820496,33.97546,37.266376,36.15498,35.07376,37.690468,38.56966,33.930717,35.69223,34.95469,35.12021,35.004463
Scotland,,1988,32.80612,34.143364,35.16353,36.165577,36.98618,34.923798,37.353912,34.709126,35.237427,38.09056,36.85383,34.71767
Scotland,,1989,31.06479,33.56447,35.49301,34.04482,35.119537,33.830715,35.40538,35.45811,32.64318,35.592793,33.534298,35.09857
Scotland,,1990,30.708765,35.676334,39.834435,33.850048,36.924767,37.82206,35.62723,35.711765,34.692852,34.902874,34.63672,36.361217
Scotland,,1991,33.5068,34.08063,39.2958,35.63684,36.39207,39.134647,34.59111,35.824463,37.439526,34.106853,35.619194,37.72055
Scotland,,1992,33.095505,33.683952,35.71927,36.192204,34.120792,37.833332,37.347855,33.095264,36.23965,35.771263,33.56884,37.344177
Scotland,,1993,30.373491,33.855938,34.781094,35.126602,34.953705,35.350407,34.87026,31.76625,34.60978,35.867184,33.560974,33.802723
Scotland,,1994,29.681425,32.562393,33.324,33.295063,33.74891,32.500248,35.032043,32.823883,32.869118,35.020844,32.877426,33.788074
Scotland,,1995,27.468304,33.042854,34.346428,31.572514,33.50514,31.984108,33.25631,32.952023,30.225044,32.996513,32.091026,33.58461
Scotland,,1996,30.637823,31.437914,36.578793,30.792816,32.766006,33.23587,29.390738,30.800062,31.959064,28.334148,31.677162,33.988922
Scotland,,1997,31.081287,28.681973,33.847042,32.72101,31.032997,33.478176,32.52437,31.350473,36.04846,27.625721,32.161175,33.89527
Scotland,,1998,29.013393,29.419384,32.2939,32.250828,30.502182,32.310215,32.537174,28.492447,31.55303,31.243706,30.291746,31.269592
Scotland,,1999,26.812344,29.945456,28.669264,30.258251,30.48045,30.023787,31.782322,27.77495,30.91121,31.486511,30.180038,29.46751
Scotland,,2000,24.390558,28.356707,29.64552,29.13742,29.183737,27.978016,29.18567,30.40892,26.253258,29.998142,29.253084,29.912302
Scotland,,2001,24.534721,28.039637,30.723402,26.841866,28.729486,29.201487,27.18541,29.316998,27.456165,28.954508,28.670141,31.415506
Scotland,,2002,26.047653,27.272295,30.706348,27.372904,28.166395,29.562664,25.23595,28.417774,28.523245,25.590487,26.788225,29.065283
Scotland,,2003,27.28303,26.264246,30.02014,29.454044,28.578094,30.466137,28.86847,27.196484,27.922937,26.191946,28.114008,29.709492
Scotland,,2004,26.365463,30.318201,28.735348,30.404505,29.192747,29.126608,30.868713,26.524036,29.262047,29.827465,28.185442,29.35834
Scotland,,2005,25.819166,29.414816,29.2723,30.43616,32.352013,28.031006,30.936094,27.775082,28.934544,29.239857,28.362782,29.687408
Scotland,,2006,25.273382,29.699448,33.172848,29.093218,31.6105,29.301207,32.040504,30.852528,27.325253,29.498056,28.204266,30.49804
Scotland,,2007,26.449486,30.391455,33.68502,29.40098,33.049034,31.662796,30.18024,31.392254,29.555119,29.76937,29.504436,32.55344
Scotland,,2008,29.328157,28.810926,32.820385,32.759315,30.862667,33.67618,31.839964,31.082924,31.499474,30.069696,31.773966,34.163387
Scotland,,2009,28.25724,29.550062,31.90557,31.354494,30.81975,32.906765,32.852764,28.918613,32.105103,30.206612,30.070518,32.31354
Scotland,,2010,27.983685,31.07506,30.46233,31.216412,31.034657,30.113556,33.099186,28.071953,31.38395,31.52476,29.857807,31.682184
Scotland,,2011,27.496796,29.631678,29.386732,31.227358,32.900703,29.620275,32.591618,30.892868,28.219296,29.621054,29.864931,32.66761
Scotland,,2012,24.103096,30.873903,32.428074,28.427343,31.294619,30.460188,29.582764,30.438406,29.094702,29.978697,29.651314,32.140858
Scotland,,2013,24.547964,27.951836,31.66943,27.855587,29.661211,31.383575,27.149899,28.815792,30.302418,25.705772,29.12406,32.165314
Scotland,,2014,25.579515,26.776773,32.17667,31.152937,28.940758,31.205488,29.465723,28.038948,29.263266,27.17646,28.178316,31.767105
Scotland,,2015,25.648829,27.346033,28.86931,29.997007,28.36397,30.645779,30.238358,26.063583,28.325363,26.503195,27.654545,28.936506
Scotland,,2016,23.87662,27.295439,27.640846,28.973917,29.878752,27.677855,29.96225,27.922888,27.676064,26.683147,27.130451,27.968655
Scotland,,2017,22.601952,27.131538,27.83471,26.583181,29.921125,27.224848,27.852001,26.754057,24.696924,27.103941,26.502392,28.383165
Scotland,,2018,21.028864,26.76323,28.210373,24.371973,27.826693,26.732313,26.47357,26.80821,25.871876,24.288452,25.160667,28.904709
Scotland,,2019,20.422947,23.43509,27.630484,25.549385,26.339083,27.363012,23.94018,25.90985,24.656656,23.709816,25.19031,28.851013
Scotland,,2020,20.63482,27.52805,31.757936,35.919914,37.556107,55.006954,6.63658,0.30981246,0.11082018,16.331472,23.986712,26.902637
Scotland,,2021,20.716177,27.318052,25.831825,26.884295,24.72193,23.87215,24.606876,21.147753,23.888166,24.826506,23.867569,22.165222
Scotland,,2022,18.130037,27.445848,25.576658,24.751736,23.978346,21.227882,23.232517,23.822615,20.96732,24.287891,25.209944,24.902643
Slovakia,SVK,1925,74.48183,80.10557,80.49554,85.82532,79.52921,79.435394,77.42019,86.349754,84.32267,85.55231,84.67444,85.646126
Slovakia,SVK,1926,76.07672,78.94223,82.54076,86.775375,83.10366,79.98892,80.29945,82.024765,85.64112,89.16428,83.73962,85.78685
Slovakia,SVK,1927,73.57179,71.32236,72.28649,83.05269,76.97737,77.62472,79.611145,80.95524,79.485115,85.58983,88.39297,86.95019
Slovakia,SVK,1928,70.89799,76.43135,76.20807,82.49041,77.07119,77.28697,77.7595,79.72623,79.58206,82.65334,84.673004,85.99325
Slovakia,SVK,1929,67.14529,66.969536,72.774345,80.71632,78.67547,75.588875,73.3679,76.75221,75.30679,81.771454,81.27791,81.97785
Slovakia,SVK,1930,69.98796,75.54916,75.40124,79.92137,74.82895,73.56241,74.37612,78.39402,81.32707,83.094284,82.82556,77.85926
Slovakia,SVK,1931,64.44334,64.61377,65.76617,74.39551,72.098854,73.13085,73.04797,79.66994,79.66931,79.210236,81.97383,84.72671
Slovakia,SVK,1932,65.400276,67.17312,69.52825,76.95486,74.172226,72.01442,73.891396,74.84771,77.11966,78.975685,80.70161,77.76544
Slovakia,SVK,1933,63.18618,63.305016,61.591278,68.01654,66.910736,67.21095,66.02917,66.873215,69.34468,73.16837,73.06183,74.19099
Slovakia,SVK,1934,59.724308,60.454834,60.7563,65.224525,64.26508,66.72311,65.38933,66.338455,70.33352,73.62808,72.6879,73.252815
Slovakia,SVK,1935,53.044495,59.184856,64.668495,70.430466,64.72479,65.10006,65.23422,68.16789,66.1455,68.82462,71.25449,71.42337
Slovakia,SVK,1936,56.22491,61.172226,61.366116,67.25067,63.355053,65.2877,66.465416,68.768326,64.41019,68.00841,66.0295,63.486397
Slovakia,SVK,1937,58.12941,58.486855,61.84459,66.88228,62.069748,61.732006,63.498905,65.531624,64.30355,68.34615,66.34147,66.66682
Slovakia,SVK,1945,52.997585,58.787384,63.73032,67.657845,62.764,64.73417,60.706894,69.41567,70.05238,71.967514,68.86549,71.46089
Slovakia,SVK,1946,60.48423,64.41019,62.501312,68.14256,63.158035,61.778915,64.65255,69.07793,70.5468,70.147446,66.96468,64.47148
Slovakia,SVK,1947,59.255222,65.60261,68.48688,72.08823,66.64805,69.10607,68.00684,72.65238,71.244804,75.354324,72.89564,77.043045
Slovakia,SVK,1948,66.71372,67.405785,68.87153,76.363495,68.89967,68.22419,71.22541,76.07672,75.23893,78.32835,77.40214,75.11978
Slovakia,SVK,1949,68.64637,74.43429,70.89799,74.03681,67.56747,71.63915,69.03446,73.89077,74.63787,76.42385,76.51029,73.34663
Slovakia,SVK,1950,72.703735,73.990776,76.11068,80.7746,73.46524,75.693,77.15333,82.79782,81.43115,85.75746,82.62302,84.58598
Slovakia,SVK,1951,67.97307,69.58344,73.088684,79.334946,75.39355,77.75921,80.6059,81.83287,81.62116,86.28129,80.806984,85.760574
Slovakia,SVK,1952,68.247765,71.53764,73.37113,79.2398,73.21766,75.660164,76.64215,79.586266,78.900696,82.16335,81.3595,81.80957
Slovakia,SVK,1953,65.69102,68.193695,69.868805,78.075775,70.58715,75.35112,71.70727,76.07223,78.92279,80.283806,77.4479,79.54783
Slovakia,SVK,1954,64.13621,64.462715,66.16462,77.38913,73.03575,74.49643,75.43947,77.26616,75.444405,72.738846,72.90247,74.62057
Slovakia,SVK,1955,62.81145,67.518265,67.098816,74.16038,71.0395,75.5,69.66115,74.4567,75.70019,76.96352,73.31225,72.68497
Slovakia,SVK,1956,62.300083,64.406555,66.55877,71.62364,66.63811,73.0626,71.67814,74.22487,75.787094,76.54404,71.689095,69.67661
Slovakia,SVK,1957,59.644356,59.562344,63.156265,69.659134,64.33092,67.10057,70.740204,73.15624,73.83853,72.72728,70.600525,69.36208
Slovakia,SVK,1958,54.803722,55.78822,58.54939,64.17187,58.645195,60.39397,62.77628,70.04839,69.338394,72.51874,70.29103,70.1835
Slovakia,SVK,1959,52.38569,51.33164,56.457237,60.642605,56.354797,61.295616,61.00084,62.859272,62.884552,65.53103,61.801754,59.965546
Slovakia,SVK,1960,52.315914,52.670563,53.63703,59.516384,57.52698,60.257416,61.104923,61.598553,63.341404,63.79528,60.489338,57.35858
Slovakia,SVK,1961,52.56703,51.42778,51.510513,54.928314,55.16045,56.375385,59.114307,61.00066,63.12623,63.193104,59.75466,58.905483
Slovakia,SVK,1962,46.67253,45.708454,50.39309,54.989777,51.697624,55.09715,55.891605,58.586285,60.894585,58.128677,58.91331,55.11367
Slovakia,SVK,1963,49.3228,50.785862,51.26616,57.913948,54.806053,56.723896,59.196056,59.851963,61.494686,59.47968,55.74679,53.8224
Slovakia,SVK,1964,48.811558,47.768402,50.19007,55.872337,54.332417,57.035828,56.555977,58.808125,57.936382,59.81513,57.481075,54.921574
Slovakia,SVK,1965,46.34377,47.48956,47.134724,54.01249,51.259617,52.894154,56.807476,58.295258,57.557354,57.825245,55.705322,50.2106
Slovakia,SVK,1966,46.197845,45.75236,47.19577,50.571625,47.251328,51.131428,54.728172,54.223957,55.469223,53.62022,52.198185,50.733234
Slovakia,SVK,1967,44.39678,41.80205,44.617237,47.79913,45.267197,49.22302,50.089607,50.841183,51.03126,51.588142,49.725494,48.890617
Slovakia,SVK,1968,42.710903,41.892303,43.29648,48.38819,46.91668,47.59149,48.807568,49.442356,48.50703,50.276066,48.086857,45.27621
Slovakia,SVK,1969,42.439518,42.914906,45.216072,51.202778,48.256893,50.616276,50.401104,49.627895,52.63979,52.87582,50.138798,47.86812
Slovakia,SVK,1970,45.15187,42.759003,43.020573,48.9346,48.318275,53.796154,53.167263,52.35434,52.005806,52.631992,48.08964,46.289368
Slovakia,SVK,1971,44.863567,45.0771,46.187977,48.54835,51.540436,53.132088,51.500305,53.36645,53.672752,53.00532,49.83949,48.62818
Slovakia,SVK,1972,50.240616,49.6713,49.67419,53.085373,52.169884,55.634354,56.198254,53.977814,54.127068,51.8516,50.892643,48.88695
Slovakia,SVK,1973,49.973137,49.505,50.52619,57.02095,57.733536,58.99702,58.354214,56.47636,56.614212,57.75449,53.271248,52.373966
Slovakia,SVK,1974,55.006523,50.853153,52.247143,57.10132,56.78513,58.96715,59.768913,61.026928,59.45949,60.19428,57.200245,55.963043
Slovakia,SVK,1975,53.761963,53.728836,50.504807,54.922935,56.203556,58.389496,58.323822,59.464424,60.095196,59.75045,57.524822,55.472363
Slovakia,SVK,1976,50.478138,53.39977,52.562428,59.179386,58.242836,58.266773,60.052567,58.51731,58.398308,59.16097,59.114395,56.914097
Slovakia,SVK,1977,50.14971,50.42135,53.51969,56.773888,58.40049,58.095276,60.1505,60.650497,56.670815,59.88115,56.807533,55.489082
Slovakia,SVK,1978,51.495922,50.854183,51.14486,56.572468,55.293774,58.311253,58.41197,59.89517,59.889637,59.11847,58.54512,55.55137
Slovakia,SVK,1979,49.88192,50.177574,51.547413,55.872776,55.800056,57.924946,57.921627,59.950726,60.697865,58.931446,56.76854,53.307724
Slovakia,SVK,1980,46.090042,45.52477,48.116943,52.34955,52.13869,55.752018,53.818676,55.090157,55.459248,54.69316,54.58043,53.58553
Slovakia,SVK,1981,47.153008,44.60847,45.43177,53.119423,51.19327,54.468754,54.376045,52.912354,53.503998,53.11351,53.158245,49.387424
Slovakia,SVK,1982,46.60973,46.63049,45.44618,51.46657,51.023415,52.695564,52.905163,52.732033,52.24654,51.353138,50.26903,50.041523
Slovakia,SVK,1983,44.69224,44.067013,45.90634,50.095673,51.867725,52.904854,52.007633,51.189495,52.45806,52.383434,50.030643,48.053238
Slovakia,SVK,1984,41.712326,44.185272,44.08569,48.736217,50.888588,50.997322,50.690796,51.789585,50.92692,51.00999,49.31863,48.172794
Slovakia,SVK,1985,41.743687,43.36344,43.487457,49.99302,48.842957,51.950897,49.355087,51.080524,50.468098,50.133053,47.44897,48.1716
Slovakia,SVK,1986,42.53844,40.362198,42.886436,47.53963,47.50247,49.57353,48.277905,46.74703,48.764706,47.068512,46.228535,46.178295
Slovakia,SVK,1987,38.50445,40.32188,38.86313,43.741062,44.218933,47.455055,47.607403,45.158905,46.77248,47.93389,45.61243,45.093662
Slovakia,SVK,1988,38.957806,39.583076,39.436314,44.539455,45.43877,45.980057,45.92187,46.130943,44.67171,46.498436,43.568264,41.725075
Slovakia,SVK,1989,37.337757,37.28554,38.33562,41.853798,43.54595,44.763477,43.47807,43.4964,43.76319,44.234943,43.308643,40.927177
Slovakia,SVK,1990,38.774437,39.77249,40.746914,43.140804,42.469936,43.430145,42.47409,41.500004,42.310146,41.8631,41.656765,41.7538
Slovakia,SVK,1991,36.494373,36.1929,36.069393,42.236885,40.50458,43.347694,42.453575,43.055313,42.427677,43.10509,41.304092,42.144794
Slovakia,SVK,1992,35.19936,33.960724,35.47097,39.86911,39.902893,42.56813,41.309586,39.4297,38.667885,39.32694,38.092216,37.797714
Slovakia,SVK,1993,32.412285,34.07224,33.843155,39.44477,39.66254,41.032425,39.32467,37.770714,39.17343,39.6085,38.684185,37.70204
Slovakia,SVK,1994,29.927282,29.908777,30.06737,33.25437,33.69888,35.663864,36.29886,36.34461,36.04013,36.95339,35.73876,34.979485
Slovakia,SVK,1995,28.294222,28.5499,28.819706,31.951624,32.08228,32.436035,32.543266,32.281456,31.947004,33.315117,32.754852,32.599556
Slovakia,SVK,1996,26.848026,28.212889,28.359411,30.11079,30.20263,32.21717,32.19432,32.93014,32.457935,31.740276,31.003967,31.640202
Slovakia,SVK,1997,25.912825,25.997015,28.586308,31.15069,30.419415,32.634666,31.297003,31.210447,32.216846,30.290789,31.835075,30.772223
Slovakia,SVK,1998,26.06715,26.838408,27.84152,31.867455,30.198795,31.071375,29.819061,30.474504,31.045338,30.051687,28.930593,28.259068
Slovakia,SVK,1999,26.225292,25.401981,25.915884,30.836378,30.149197,30.576794,30.307644,28.70724,30.168013,29.016232,28.63757,28.016602
Slovakia,SVK,2000,24.46824,23.84613,25.80667,29.35756,29.760712,29.743143,28.993084,29.462038,28.39879,29.084929,28.66704,28.683798
Slovakia,SVK,2001,22.619635,23.205732,23.72861,26.93065,26.781292,27.434645,27.72242,27.12753,27.529078,26.502506,26.200083,26.927275
Slovakia,SVK,2002,25.096907,23.843248,25.024027,27.383131,25.65324,27.236967,25.763361,26.443966,27.064545,26.773064,25.289925,25.30813
Slovakia,SVK,2003,23.623222,23.294125,25.705425,28.875296,27.613508,29.167685,27.510216,26.412514,26.108217,26.29804,26.278315,25.42741
Slovakia,SVK,2004,24.936693,24.280508,24.325943,29.397314,28.599773,28.624521,28.822905,26.975666,28.725182,27.307158,27.106087,28.773039
Slovakia,SVK,2005,23.984097,25.292261,26.018543,29.130365,28.125105,28.98345,29.30526,28.840326,28.140587,28.271204,29.566967,27.366049
Slovakia,SVK,2006,23.33176,24.989973,26.733412,30.060822,28.671703,29.032063,28.146954,27.809284,28.358604,27.924147,28.352867,26.269331
Slovakia,SVK,2007,25.25723,24.742617,25.252224,29.137075,28.791422,29.175798,29.640753,28.64318,27.584396,27.420803,28.055166,28.9873
Slovakia,SVK,2008,26.845827,24.913538,27.04192,31.146969,30.072752,32.60443,30.250252,28.46756,30.416216,28.436201,29.303774,29.957893
Slovakia,SVK,2009,26.86684,28.1991,28.962582,34.13064,32.232494,33.21276,32.37011,31.450178,32.119583,31.153835,31.028488,31.803827
Slovakia,SVK,2010,27.506422,28.339334,27.720346,32.13585,30.151642,32.078876,31.68097,31.761639,30.790684,31.850872,31.962986,32.173363
Slovakia,SVK,2011,25.956532,26.63958,27.39439,33.571712,32.44442,32.871723,32.14476,30.663258,30.121243,32.712383,32.993805,32.719284
Slovakia,SVK,2012,26.957003,27.919882,28.780416,30.814587,29.883104,29.462658,27.33578,27.625519,26.435091,26.521387,27.135166,27.672117
Slovakia,SVK,2013,26.43936,25.408773,28.045132,30.582193,29.103357,29.784481,27.763067,27.733238,27.089714,26.581161,26.81202,27.413244
Slovakia,SVK,2014,26.718107,25.58817,27.924238,31.329212,28.529684,31.418444,28.80875,26.768501,27.140085,25.927313,26.248734,27.324713
Slovakia,SVK,2015,27.372921,26.856087,27.590803,31.694899,29.15251,30.046507,28.936398,26.666842,27.987885,25.998487,27.133062,27.548841
Slovakia,SVK,2016,27.300537,28.09784,28.952347,33.111794,31.947067,31.529734,28.657001,26.928429,27.940325,27.61908,28.155642,27.222397
Slovakia,SVK,2017,27.214844,27.965998,28.620108,31.200975,31.348257,30.978281,29.679672,29.508514,27.393978,28.429628,29.620226,28.430252
Slovakia,SVK,2018,26.889381,27.225946,28.375221,32.10186,31.15257,31.825127,29.658092,27.5672,27.987225,28.402601,28.293726,28.390963
Slovakia,SVK,2019,27.255741,26.725718,28.597956,31.21643,30.987476,31.233389,28.788055,27.685022,28.69661,26.744442,27.62151,28.295017
Slovenia,SVN,1970,38.201023,37.35005,38.251575,34.651096,35.285816,40.442196,39.422153,41.200485,43.32258,41.94193,41.137295,40.020924
Slovenia,SVN,1971,38.28528,38.290333,40.694958,42.434536,39.481693,39.582798,39.631104,39.98722,41.87733,40.00407,41.752956,43.761826
Slovenia,SVN,1972,35.40377,36.583897,39.07727,42.991737,41.722866,43.525913,42.643486,40.779213,43.566357,43.45851,41.411995,40.694958
Slovenia,SVN,1973,41.503803,37.64607,39.464844,40.292786,42.14414,42.615963,44.228035,42.31265,45.359856,46.508526,43.357403,42.076736
Slovenia,SVN,1974,35.52173,37.59383,39.481693,41.825096,41.925076,40.256836,40.170895,42.632816,43.879784,44.04829,41.883553,42.464306
Slovenia,SVN,1975,40.138878,41.024113,41.385845,44.99419,42.73392,42.86873,40.37985,42.413754,43.357403,44.924538,44.029034,43.407955
Slovenia,SVN,1976,38.201023,39.091312,42.93613,44.733,43.98089,43.323704,42.67831,46.18836,47.014053,44.250504,44.131966,43.155193
Slovenia,SVN,1977,39.26263,40.08383,41.166786,43.932022,41.75657,41.554356,43.566357,47.064606,45.18573,43.42481,43.805157,42.91928
Slovenia,SVN,1978,41.57121,39.14355,41.975628,44.715588,42.952984,45.649128,43.827545,44.72233,44.907127,43.744976,44.19694,43.930336
Slovenia,SVN,1979,41.672314,38.969425,43.222595,43.60118,44.23365,43.509064,44.820065,46.25576,45.621044,46.525375,42.31265,44.638073
Slovenia,SVN,1980,37.493286,39.961945,42.38005,43.287754,41.58806,44.284203,43.60118,43.879784,45.18573,43.879784,43.195286,43.47536
Slovenia,SVN,1981,37.24052,39.160965,40.18943,42.6609,41.790268,41.116234,39.94453,43.29,46.05636,45.733383,43.02159,41.75657
Slovenia,SVN,1982,46.643333,37.59383,38.554893,41.424603,39.43114,40.15573,41.807682,41.183636,43.705658,42.717068,42.741745,40.374794
Slovenia,SVN,1983,37.695427,35.068886,37.64509,37.98033,39.610462,40.21633,41.141075,39.848537,39.856236,39.480083,38.303055,39.06042
Slovenia,SVN,1984,34.65896,33.5516,36.507126,37.980873,38.542118,37.989105,38.752644,37.283367,37.244236,38.88764,37.699883,37.511047
Slovenia,SVN,1985,33.111763,32.993446,33.65392,36.525078,35.427784,38.154472,35.6581,38.48536,40.335323,39.66679,39.338207,36.780148
Slovenia,SVN,1986,38.92,33.422043,34.53997,36.225494,36.379333,35.783955,36.580517,34.257393,36.432426,35.433296,35.792873,34.724995
Slovenia,SVN,1987,34.422825,35.013844,32.03244,36.16203,35.056904,37.552605,36.922848,36.67049,36.58041,36.843475,33.191883,32.820618
Slovenia,SVN,1988,33.563404,30.189081,33.424572,35.54537,35.356934,34.049652,34.46904,34.849667,36.048412,36.6052,34.78931,35.738167
Slovenia,SVN,1989,31.195873,30.21641,31.700453,32.54178,32.965004,32.837482,32.747677,31.806242,31.78213,32.4728,33.142876,33.010124
Slovenia,SVN,1990,29.750185,29.26293,31.648224,31.073957,31.46492,31.84148,29.437227,30.28522,31.53359,31.054604,30.540869,30.175894
Slovenia,SVN,1991,26.870373,27.29796,27.110153,30.447071,28.882778,30.382105,31.210121,30.056862,32.00767,29.570353,30.39757,30.842188
Slovenia,SVN,1992,28.855204,26.736414,26.790367,27.978527,27.927162,29.165792,26.693098,25.907646,26.198547,25.897333,27.315481,28.614529
Slovenia,SVN,1993,25.696619,24.186312,27.274792,28.781206,28.041748,28.05248,27.174728,27.750126,27.013603,28.321943,26.190964,28.052074
Slovenia,SVN,1994,27.048073,25.871834,24.453444,27.279268,27.047873,27.46943,25.955376,27.063938,27.429821,27.61517,27.503925,26.966444
Slovenia,SVN,1995,25.320774,24.741732,25.711388,28.596277,25.275213,26.70272,27.208311,26.73677,25.31666,26.235733,24.972307,26.74002
Slovenia,SVN,1996,25.04839,25.276106,25.415043,26.577332,25.424551,27.805948,26.600323,26.257841,26.258158,25.39155,24.175642,25.482105
Slovenia,SVN,1997,22.263674,23.289293,24.11218,25.702858,25.943817,26.104057,25.427776,27.057865,26.128277,23.318432,24.736042,26.61033
Slovenia,SVN,1998,22.887466,23.845934,23.298437,26.778208,24.995361,25.704748,23.863508,26.09733,24.371399,25.025972,24.98192,24.394604
Slovenia,SVN,1999,23.153791,21.769611,23.837908,26.120209,25.547586,25.541199,24.569723,23.542141,23.848227,25.483011,23.64053,23.627565
Slovenia,SVN,2000,24.23753,23.456326,25.199205,26.812702,25.463856,24.768967,24.809347,25.1634,25.921005,24.69795,24.790571,24.443308
Slovenia,SVN,2001,24.079008,23.096144,23.76299,24.860167,23.284847,25.151024,23.365755,24.8837,23.590921,23.951775,23.274303,25.078016
Slovenia,SVN,2002,23.273531,21.526466,24.375,27.511648,24.295801,25.00839,24.355171,23.473269,23.520994,24.170559,23.411556,23.57358
Slovenia,SVN,2003,23.307812,22.566011,24.086185,25.642084,23.248028,26.078606,24.927689,24.173342,23.71052,20.650564,23.9207,23.175692
Slovenia,SVN,2004,23.90684,23.653408,24.006302,26.727676,24.735895,26.304487,24.945343,24.335846,24.396927,23.304121,23.720549,24.922861
Slovenia,SVN,2005,23.60064,23.910328,24.917515,26.470623,25.155273,25.677464,25.189447,25.673708,24.384336,24.491392,24.547476,24.470907
Slovenia,SVN,2006,23.342571,25.056969,27.918224,27.645191,27.725601,27.460392,27.253996,26.462988,23.611788,25.190777,23.13837,25.189432
Slovenia,SVN,2007,24.639923,25.60918,28.437176,28.644659,28.201557,28.283377,28.897518,26.958529,24.978098,27.313353,25.961657,25.101185
Slovenia,SVN,2008,29.093733,28.643509,29.713125,31.910704,30.714731,32.12236,29.322966,29.180216,28.220419,27.28558,27.18364,29.147865
Slovenia,SVN,2009,28.43605,27.330616,29.59144,31.053402,29.911709,32.065342,30.210064,30.203506,28.559862,28.020016,27.018091,29.832142
Slovenia,SVN,2010,28.031193,28.611565,30.825184,32.198593,30.030256,31.3572,30.014082,29.349066,28.898674,29.908392,29.871841,29.56958
Slovenia,SVN,2011,26.861622,28.963772,27.95701,31.362637,31.850266,31.637154,29.14143,28.757826,29.089094,28.550108,27.923042,29.396585
Slovenia,SVN,2012,26.062342,28.667873,30.349232,31.867481,31.03197,30.503084,28.493387,29.85274,29.036352,26.738453,28.016088,29.068926
Slovenia,SVN,2013,25.359074,27.048008,29.387526,30.693521,30.066326,30.648567,28.35529,28.83723,26.27235,27.103556,25.933746,27.061567
Slovenia,SVN,2014,25.508106,25.66536,28.98438,29.82343,30.255854,30.571001,28.568949,28.259678,29.009787,26.620619,26.546572,27.54805
Slovenia,SVN,2015,24.36567,25.97062,27.494467,29.18782,28.451036,29.859581,29.111809,28.54949,26.852991,25.003069,27.008268,27.03878
Slovenia,SVN,2016,24.064386,24.932835,26.176245,29.891335,29.08534,29.649765,27.605282,26.810413,26.317514,26.31416,25.541664,26.599174
Slovenia,SVN,2017,23.693089,24.96771,27.363186,28.46999,29.550865,29.41155,28.247566,27.056427,26.265408,25.590908,25.982851,25.389967
Slovenia,SVN,2018,23.126963,25.017849,25.948097,27.133167,27.578547,28.169605,27.018219,26.161406,24.55314,25.115244,25.283188,25.408958
Slovenia,SVN,2019,22.823555,24.378675,26.05798,26.862974,26.722107,27.618568,26.112715,25.919594,24.704927,24.526213,22.727709,25.671865
South Korea,KOR,1981,47.537395,48.55726,46.439045,47.08983,46.170143,45.299892,44.675446,46.114624,45.683914,47.10528,69.28555,58.965046
South Korea,KOR,1982,45.760773,45.996338,45.765453,44.291824,43.109215,42.85971,43.690475,43.121925,45.838055,47.39893,69.87061,62.302906
South Korea,KOR,1983,40.600136,43.5944,42.439636,40.942238,39.20546,38.563972,37.997005,38.515812,39.109158,40.91653,66.22401,58.009842
South Korea,KOR,1984,33.262196,36.6457,38.091724,36.503307,34.620083,33.88094,32.272434,32.208664,33.847694,34.010036,61.897545,52.62111
South Korea,KOR,1985,35.88633,37.59818,38.46163,35.75335,35.07561,33.561867,31.939962,31.696949,31.357277,32.401978,55.758892,48.77488
South Korea,KOR,1986,32.894966,36.37889,35.21006,34.6882,33.183266,32.706333,31.27364,31.973877,33.09497,32.504322,54.550266,46.62835
South Korea,KOR,1987,31.558485,34.85409,35.856895,34.891415,32.496964,31.395939,31.522474,31.741096,32.925625,30.974525,53.804504,44.800217
South Korea,KOR,1988,35.162567,37.943783,37.12448,36.2524,33.31638,31.520357,30.751087,31.274197,30.632893,29.03335,51.779713,46.404263
South Korea,KOR,1989,36.93384,36.641552,36.003387,36.717583,33.580597,32.256157,31.29576,32.244785,31.784441,30.061464,55.076077,44.857075
South Korea,KOR,1990,33.208015,35.16928,35.48498,36.5434,34.590652,34.17392,33.21524,34.569244,34.296978,30.508965,58.809334,44.2283
South Korea,KOR,1991,40.96469,41.44198,41.666378,40.474983,37.495056,36.920464,35.064217,36.300385,37.28368,35.99536,53.24537,47.71733
South Korea,KOR,1992,41.201485,41.805553,42.422245,41.609943,38.533875,37.742554,37.59818,37.825497,40.078228,38.55929,51.794014,48.1247
South Korea,KOR,1993,38.85495,39.736774,39.28974,39.98146,37.84891,37.326492,37.118484,37.681683,40.74801,42.00819,51.745697,46.573498
South Korea,KOR,1994,38.753277,39.9939,39.632893,40.61046,37.966637,37.65225,37.63136,39.587406,41.612015,42.188126,49.895733,46.868484
South Korea,KOR,1995,41.009506,40.806763,41.125896,41.388756,38.215473,36.311756,36.87794,37.129833,38.052303,43.595512,48.721176,44.832325
South Korea,KOR,1996,37.3392,38.310814,40.72054,39.86188,36.2355,35.1425,34.86031,36.485004,39.12229,42.250336,44.755863,45.07915
South Korea,KOR,1997,37.16261,37.22009,38.218815,38.335007,35.62211,35.699036,35.23633,36.97063,39.36352,41.57942,43.060192,42.32057
South Korea,KOR,1998,34.51239,34.673687,35.257553,36.96849,33.200657,33.546482,34.263798,34.814068,37.887794,40.293774,42.09522,40.366684
South Korea,KOR,1999,33.76187,34.946712,34.933132,35.29024,32.44345,32.62941,32.324276,33.790634,36.209545,38.458954,39.476532,39.20278
South Korea,KOR,2000,33.963882,36.2213,36.408077,36.57381,33.86221,32.359837,32.330494,35.1124,36.674038,40.052967,40.559284,41.23426
South Korea,KOR,2001,28.1631,29.551153,29.976513,31.569477,29.318306,28.36444,28.898655,31.306305,33.3915,36.488346,36.983746,38.09373
South Korea,KOR,2002,24.510853,26.211243,26.393833,27.382147,26.589825,26.997858,25.972086,28.078817,30.034998,31.942438,32.273666,32.659508
South Korea,KOR,2003,25.92959,28.09358,28.92488,28.724382,25.40754,25.383543,25.457266,27.484446,29.725891,30.734816,31.028677,30.383879
South Korea,KOR,2004,23.37541,25.703024,27.157793,26.961567,25.492785,25.306543,24.821213,25.924503,27.952812,30.266104,29.255749,30.524246
South Korea,KOR,2005,21.888937,24.440504,24.683542,25.603815,23.852037,22.968649,23.103062,23.86271,25.092768,27.242525,26.31882,27.46132
South Korea,KOR,2006,22.948006,25.270727,25.417664,26.21651,24.71106,23.200138,24.113838,24.924864,25.714523,27.235685,27.465885,26.913538
South Korea,KOR,2007,24.056576,28.355457,29.98283,30.419771,28.907421,25.953363,25.194872,26.234602,27.377932,28.670359,28.774294,28.780157
South Korea,KOR,2008,22.602926,24.567371,26.01155,26.992731,24.665304,24.843151,23.652946,24.575756,26.207376,27.032152,27.6342,30.612207
South Korea,KOR,2009,21.798641,23.57709,24.490034,25.618128,23.490778,23.246555,22.917906,23.319994,25.232634,25.92168,26.437716,28.752123
South Korea,KOR,2010,22.93261,27.577248,28.187769,28.248707,24.824142,24.00114,24.089212,23.952826,25.650625,26.541418,26.284935,27.831446
South Korea,KOR,2011,21.83679,24.791143,24.66451,25.89894,25.329594,24.57291,24.469673,25.102804,26.895128,27.898495,27.257797,30.70862
South Korea,KOR,2012,21.9482,25.509983,26.814644,27.616346,26.555573,25.713955,25.284145,25.258244,26.57741,27.728138,27.866741,28.887638
South Korea,KOR,2013,20.366425,22.274103,22.983341,24.421936,23.219452,23.092272,21.869057,22.749527,24.250067,24.627506,25.93456,28.29412
South Korea,KOR,2014,20.742416,21.236202,23.142612,24.85969,23.214289,23.127186,22.448168,22.734676,24.442852,24.195396,25.903576,26.254063
South Korea,KOR,2015,20.174898,21.871033,23.218243,23.83053,22.285578,23.181738,23.246824,23.145962,24.931702,25.56531,25.069336,26.585724
South Korea,KOR,2016,17.26725,19.786156,19.925663,22.408928,21.389544,21.4091,21.429277,21.685041,22.939207,24.08964,23.52728,24.906252
South Korea,KOR,2017,15.823615,17.602753,17.534071,19.570564,18.973549,18.524862,18.802881,19.087826,19.749151,20.916338,21.279121,21.954943
South Korea,KOR,2018,14.310973,16.43528,16.643862,16.934992,17.216904,16.99948,17.128265,17.57838,18.026075,18.863266,19.206076,20.257414
South Korea,KOR,2019,13.336612,15.404127,16.092802,15.6410475,15.313672,15.849038,15.57929,15.898697,16.952084,16.999815,17.890238,19.026308
South Korea,KOR,2020,12.338977,13.018392,13.748107,15.254793,14.073548,14.448611,14.357675,14.353141,15.125015,15.196875,15.28395,16.73983
South Korea,KOR,2021,10.798375,12.878921,13.041066,14.225821,14.003142,14.053953,13.963246,13.774777,14.740283,15.031827,14.819827,15.639034
South Korea,KOR,2022,10.643133,12.352731,13.000416,14.258721,13.710549,12.88543,12.298148,12.625782,13.755204,14.463542,14.410558,15.48712
South Korea,KOR,2023,10.292919,11.433067,11.912943,12.195711,11.969262,12.037141,12.110356,12.008901,12.0604515,13.357175,13.961726,14.615656
Spain,ESP,1900,81.02177,81.11924,83.58876,83.90026,77.9059,78.35019,78.72278,85.56543,93.756195,99.342804,108.47657,104.79954
Spain,ESP,1901,83.0386,84.01985,87.63815,89.0038,81.36756,80.98341,86.37273,91.90989,97.33237,108.329506,109.12674,95.620895
Spain,ESP,1902,90.44854,85.35209,89.0107,90.248085,85.82138,84.84666,88.00483,96.103615,99.17154,105.694984,109.152084,97.67322
Spain,ESP,1903,93.91737,90.769485,89.42066,92.06325,88.142525,86.15499,89.422035,95.23239,99.48825,108.87258,113.37394,106.426254
Spain,ESP,1904,83.33079,82.561325,84.8192,85.938126,83.39183,81.96096,85.11381,90.80282,96.74281,104.490425,107.07171,103.90168
Spain,ESP,1905,91.1503,87.48451,86.99988,87.81915,85.849365,85.12818,87.11094,95.85626,99.89226,107.23934,113.09351,101.067314
Spain,ESP,1906,84.597275,82.80324,85.308685,85.78191,81.156715,82.57028,85.12468,92.376755,100.23781,106.98182,105.708626,101.514786
Spain,ESP,1907,87.87648,83.89969,87.16922,88.472115,82.13613,82.20097,82.16335,90.97817,95.859535,104.061584,107.48612,95.04855
Spain,ESP,1908,88.738235,84.59373,84.80586,85.15196,79.33792,77.7053,82.39111,93.93893,101.080215,110.45937,111.13735,99.2843
Spain,ESP,1909,83.70438,84.48601,84.26421,86.41395,79.86269,78.92363,84.31956,90.647514,94.85654,103.63953,108.53422,100.612595
Spain,ESP,1910,83.40032,82.000015,84.14512,82.79758,78.31728,79.325584,82.39074,90.5122,98.66244,102.48238,106.29696,99.30948
Spain,ESP,1911,80.557,79.25824,79.14983,80.72183,77.97813,78.84976,81.30424,89.7981,93.51567,99.047646,100.42322,93.29007
Spain,ESP,1912,85.87485,83.59566,84.7045,83.48063,76.33982,74.630226,78.78418,86.858635,92.74608,99.52168,100.0418,89.623856
Spain,ESP,1913,78.04037,74.12317,76.660034,75.305466,71.36935,73.410286,78.55962,87.93231,89.911644,95.111115,101.342804,95.677574
Spain,ESP,1914,79.47266,76.59678,73.406654,75.5577,73.09701,74.53678,76.67227,83.07405,86.379166,92.217995,94.90825,87.380005
Spain,ESP,1915,73.51863,71.70292,72.71338,74.59898,70.31824,72.87025,78.749374,87.56635,91.17476,94.97771,96.54124,90.84183
Spain,ESP,1916,72.20835,72.10783,74.073975,74.259384,71.733086,71.728584,73.188866,81.03402,85.09091,89.968376,91.89566,81.743355
Spain,ESP,1917,72.200874,71.22785,73.164085,72.595825,69.893105,72.40549,74.348564,82.03845,87.082855,90.149376,91.11854,83.04143
Spain,ESP,1918,69.71163,68.33725,73.38388,72.31047,68.65299,71.25209,77.2501,84.26537,90.86599,95.79384,96.68498,84.59891
Spain,ESP,1919,81.90584,79.752815,81.89007,76.110214,61.84284,59.40061,65.471214,76.544945,78.838394,83.22695,86.546005,78.22931
Spain,ESP,1920,76.79752,77.459236,70.76065,72.00196,69.297,68.18489,73.41714,84.512314,87.8446,97.06279,97.60072,91.52642
Spain,ESP,1921,83.65266,80.2729,80.330826,79.96902,75.64721,74.38589,76.69373,83.053764,87.98233,91.75849,96.94401,89.42463
Spain,ESP,1922,81.16818,79.43734,79.252335,78.75096,74.444115,75.18602,77.43137,82.799065,86.51254,93.74872,97.245384,94.82042
Spain,ESP,1923,80.661514,78.80194,80.14842,78.46818,74.46794,75.773476,77.626015,83.31561,89.082115,92.8632,96.91484,92.201355
Spain,ESP,1924,77.30827,73.29862,76.026436,77.43347,72.12532,75.6218,76.51425,81.76991,87.88451,92.48703,93.6606,88.42568
Spain,ESP,1925,71.53692,73.299706,73.00223,72.94206,69.332344,71.88821,75.77057,81.183014,86.17044,92.64921,95.85709,89.78287
Spain,ESP,1926,80.97796,77.67197,74.56291,74.638435,71.5874,74.324104,77.51868,84.11045,86.83585,92.01331,92.29074,83.339584
Spain,ESP,1927,75.078674,70.67143,69.71276,70.85381,68.190765,68.31984,71.65405,78.96497,81.79811,87.81567,89.7661,86.74703
Spain,ESP,1928,79.3034,77.700615,75.41193,73.069336,69.59714,72.10613,74.033,80.053955,82.14443,86.50738,92.09442,87.28049
Spain,ESP,1929,73.41379,70.65096,70.4972,72.81525,70.33605,71.782616,72.55381,76.431786,82.12652,85.12585,90.01378,87.8926
Spain,ESP,1930,77.69456,72.20674,73.65024,74.12918,70.33716,71.50703,73.734344,78.49449,80.609474,84.03545,86.45204,83.00324
Spain,ESP,1931,70.33306,66.33946,68.18898,70.14024,68.09151,69.996994,72.95169,78.06928,80.38826,84.28389,88.74209,84.75746
Spain,ESP,1932,74.119385,71.678406,71.39024,72.27442,69.308044,69.462944,73.178535,76.46577,80.53733,86.29982,90.75499,81.640564
Spain,ESP,1933,68.716095,66.438774,69.22315,70.603134,70.22281,70.29806,72.516426,79.0483,79.87534,85.10566,87.64672,83.47543
Spain,ESP,1934,66.89789,65.80696,64.699936,64.61619,62.724884,63.83376,66.85731,71.2788,77.15691,80.37881,85.167496,81.80542
Spain,ESP,1935,65.49613,62.85212,64.88442,65.308784,62.59602,64.88533,67.97428,72.12889,73.71854,78.34669,81.64387,73.82074
Spain,ESP,1936,62.055958,60.69036,62.256226,62.15305,58.67956,57.053753,67.29077,68.1268,71.064835,78.18245,75.887436,72.75773
Spain,ESP,1937,56.141243,54.784847,55.444656,56.775375,55.874172,55.786484,58.37245,61.743103,66.4607,72.50252,69.70129,66.00379
Spain,ESP,1938,53.18916,49.840202,46.957584,47.813877,50.75659,50.25499,50.75004,55.007618,58.080616,61.74471,63.978416,60.473515
Spain,ESP,1939,47.285713,40.896122,38.70939,39.518913,39.91351,40.11137,42.03165,44.676563,45.695854,50.102512,53.840996,54.335293
Spain,ESP,1940,58.021378,55.080917,56.554985,58.713165,57.42877,59.858494,62.59731,73.42882,82.33923,85.57836,81.39167,67.01461
Spain,ESP,1941,45.679943,45.31044,47.72945,51.64818,49.40631,51.173138,53.41905,56.226894,59.806866,61.53883,61.99302,61.80994
Spain,ESP,1942,58.650944,56.6933,58.307236,59.797108,54.548576,54.07455,54.55445,54.428204,56.972267,57.80719,53.21754,48.907394
Spain,ESP,1943,62.87159,63.20918,61.907055,63.756104,59.910362,60.09297,59.05059,62.15318,64.30234,69.356445,68.61825,63.779785
Spain,ESP,1944,60.423492,60.021027,60.370274,59.77782,59.172012,58.27783,57.580948,63.633347,62.367268,67.781044,67.42407,66.78521
Spain,ESP,1945,63.363266,62.09795,62.154583,63.10079,60.52324,59.53277,61.146576,62.541634,66.07101,66.15157,67.28456,68.60867
Spain,ESP,1946,53.071175,53.094154,54.524223,56.64913,55.014683,57.167126,55.276573,59.843235,63.24147,65.295876,66.78952,68.0887
Spain,ESP,1947,61.910023,56.61959,60.551544,63.166557,57.00677,59.50372,59.447166,58.307915,57.947258,58.0814,56.13083,56.30709
Spain,ESP,1948,59.040905,58.67884,57.3895,60.556557,59.01971,60.2096,62.556892,63.827026,68.21973,71.0001,71.157295,68.36891
Spain,ESP,1949,53.55842,53.80176,56.61245,58.243202,56.88668,55.85594,57.154064,60.353683,62.10182,64.52776,64.66486,63.01817
Spain,ESP,1950,54.631172,53.794273,54.50378,55.002773,52.304344,52.535694,51.988895,55.06439,55.705925,58.6757,57.68285,57.079636
Spain,ESP,1951,52.441753,47.5337,51.346794,53.609497,52.27453,54.165173,53.957264,56.503967,57.89687,59.11018,60.357388,59.320465
Spain,ESP,1952,55.716614,53.277855,55.28439,57.18099,52.79583,53.78567,55.25304,57.838036,59.44994,60.277935,61.47466,59.345146
Spain,ESP,1953,52.19411,52.158085,54.2156,56.022373,53.38172,54.80794,54.91472,56.11157,57.956543,60.617325,61.683075,60.016438
Spain,ESP,1954,53.354443,51.913914,53.07532,55.30043,52.06828,52.095425,52.499195,54.856087,56.82064,58.602264,59.249374,56.0721
Spain,ESP,1955,52.740284,53.15329,54.503445,55.392067,53.523758,54.13041,56.145855,56.438248,58.184757,61.124214,61.069557,57.78261
Spain,ESP,1956,54.36593,53.370712,56.138092,54.948624,54.269154,54.132725,55.57709,56.29516,58.71802,59.10702,60.95335,59.133385
Spain,ESP,1957,59.12906,57.518517,60.15859,61.530396,56.606487,58.839977,57.803665,59.995888,61.808113,61.096485,61.977184,59.116875
Spain,ESP,1958,61.155094,59.268246,61.612698,62.189148,51.982803,52.972675,57.545807,59.364742,63.045307,62.937454,62.41896,61.964394
Spain,ESP,1959,58.819496,56.491943,58.752678,59.472763,56.637783,57.055706,58.12532,58.22379,62.61439,61.39585,62.966644,60.221752
Spain,ESP,1960,56.505978,55.326458,57.22776,59.803223,59.084934,58.993618,59.42212,62.61819,61.22177,60.86922,62.778442,59.251892
Spain,ESP,1961,56.935207,57.10677,56.60848,58.046318,56.73581,56.67233,57.1194,59.0772,60.80944,59.315475,60.804863,58.886055
Spain,ESP,1962,57.327652,56.024094,57.946995,57.210682,56.438946,56.660065,58.296757,56.967216,57.497044,59.682194,60.322914,60.461784
Spain,ESP,1963,56.685104,55.39683,57.572334,59.588734,57.21725,59.223892,55.753216,59.443226,61.1969,59.32126,60.492676,58.769062
Spain,ESP,1964,56.48305,56.430588,58.96745,61.64593,57.558567,62.614407,61.17227,59.027092,62.74258,60.613247,61.731316,58.976986
Spain,ESP,1965,54.252975,55.720615,56.896004,60.625977,57.35049,56.78628,57.653515,56.202503,59.53608,60.482224,58.756023,55.889362
Spain,ESP,1966,54.013657,53.745815,55.274,58.753468,57.41571,56.070103,57.101715,57.92912,56.741158,58.180546,56.428196,54.36912
Spain,ESP,1967,53.16313,54.58193,57.896893,59.385365,56.3141,56.894222,57.267883,59.19744,56.63002,57.150414,56.67101,53.97543
Spain,ESP,1968,50.504467,50.075397,54.553104,54.756496,54.688084,58.266373,53.68335,55.793343,57.50932,55.41551,56.71401,55.888794
Spain,ESP,1969,51.886967,50.417805,54.54748,57.545773,52.01755,57.13928,55.183258,55.858532,55.727837,55.146187,54.030052,52.905006
Spain,ESP,1970,52.546654,50.95095,53.669064,54.620415,50.30567,55.94222,56.127056,54.586697,55.60377,53.817917,53.191925,52.073967
Spain,ESP,1971,50.90113,52.83646,52.553043,56.525223,53.15085,56.13064,55.682793,53.820896,54.31526,55.08353,53.2622,50.886284
Spain,ESP,1972,49.22993,50.42109,53.054092,55.341053,52.712284,55.109604,54.353863,56.89804,54.36019,52.231655,52.512333,50.540188
Spain,ESP,1973,49.46888,49.008194,52.23926,51.90298,53.09933,54.806305,55.404243,55.628292,53.268597,53.01882,52.079235,52.03029
Spain,ESP,1974,53.98013,50.69901,54.407196,53.825073,52.845905,57.510307,50.614258,55.79015,54.651703,51.34236,51.35944,51.577003
Spain,ESP,1975,48.79289,48.90813,50.08413,52.402473,51.303257,53.30356,52.695282,54.647156,53.704086,51.096523,50.4458,47.560665
Spain,ESP,1976,47.94963,48.597157,50.96575,54.163998,50.963074,51.978397,53.047718,53.61206,51.68709,50.96709,50.032738,50.266254
Spain,ESP,1977,43.234764,46.292496,48.273243,50.641026,49.199997,50.400005,51.799923,52.29542,50.666363,50.81377,48.23148,48.647938
Spain,ESP,1978,40.76567,44.048862,46.275707,47.751125,46.883663,48.041477,48.999695,52.34214,50.1419,48.12826,46.606026,47.51959
Spain,ESP,1979,40.055786,41.31388,42.351818,44.40224,43.526447,45.628582,45.928963,47.8707,46.02637,44.821114,44.042446,45.96215
Spain,ESP,1980,39.536427,38.393215,41.146458,43.05584,41.474464,42.756447,42.1194,43.159615,42.6155,41.575367,41.33842,42.015182
Spain,ESP,1981,35.01869,36.237328,38.03277,39.823586,38.57006,39.54265,39.487324,41.74058,40.501873,38.44785,38.607483,37.896595
Spain,ESP,1982,35.36025,35.922535,36.54731,38.081177,36.306194,37.650482,37.837482,39.916073,38.476418,37.056015,36.874035,36.15711
Spain,ESP,1983,33.071777,32.584435,33.866985,35.86009,35.205692,36.305923,35.49755,36.87398,34.22997,34.864964,34.776875,34.50881
Spain,ESP,1984,31.585306,32.80384,34.2122,34.572952,33.378235,33.299564,34.489136,35.578403,34.04694,33.780712,33.829308,32.975662
Spain,ESP,1985,30.264868,30.712828,32.07271,33.08165,31.553066,33.441616,33.29014,34.496143,33.108192,33.626255,31.742682,32.228813
Spain,ESP,1986,30.787472,30.871227,31.383526,32.66444,30.660595,31.322418,30.833792,32.08837,31.582378,30.621935,30.429895,30.17367
Spain,ESP,1987,29.042341,28.556898,29.4002,32.05789,30.546824,29.915455,30.334051,31.076355,31.312128,30.124832,29.65357,30.297678
Spain,ESP,1988,28.766249,28.922678,29.399342,31.075184,29.660282,29.572062,28.451601,29.910572,29.587587,30.177727,28.777779,29.436773
Spain,ESP,1989,27.558216,29.181664,29.192356,29.290468,28.22683,29.065432,28.97707,29.112827,29.667849,28.637701,28.937199,27.559921
Spain,ESP,1990,27.318241,28.044806,28.65542,28.725605,28.534037,28.969765,28.340534,28.615288,27.975718,28.124647,27.858713,27.866219
Spain,ESP,1991,27.021677,27.34785,28.260616,29.508703,27.244993,27.768497,27.169594,28.014565,27.946495,27.679428,27.9107,27.7774
Spain,ESP,1992,27.12148,27.445005,27.79185,29.16619,27.599937,28.148958,26.72109,27.59306,28.094065,27.194378,27.877731,27.11512
Spain,ESP,1993,25.049927,25.493723,26.574902,28.159706,26.378368,27.34253,26.90701,27.273361,27.007038,27.927088,26.678196,26.965643
Spain,ESP,1994,24.548754,24.537703,24.784555,25.510368,25.02726,26.00479,25.75588,26.690416,26.70715,26.553576,25.628227,24.977669
Spain,ESP,1995,24.15885,24.440453,25.169634,25.7451,24.823803,25.889883,25.2431,25.453396,25.075699,25.135515,24.3936,24.608437
Spain,ESP,1996,25.287016,25.055363,24.656559,24.99495,23.568844,24.93743,24.837048,25.209505,24.85562,25.05228,23.99668,24.280493
Spain,ESP,1997,24.522898,24.285812,24.724808,25.331778,23.930302,26.17631,25.051825,26.134043,26.238298,24.64436,25.385172,25.077219
Spain,ESP,1998,24.79088,24.56444,24.905554,26.361582,23.87715,24.454897,24.24908,25.167778,25.652435,24.48985,24.342873,24.052017
Spain,ESP,1999,26.340246,25.581638,25.413448,27.301487,25.405493,26.19956,24.969246,25.685764,25.501648,25.407864,25.052612,24.673399
Spain,ESP,2000,26.617678,27.1438,26.822203,27.529032,26.553024,26.637579,25.98572,26.914688,26.324083,26.594234,25.966547,26.137463
Spain,ESP,2001,26.396738,27.794699,28.452803,27.688543,27.307068,27.308212,26.558971,27.879572,26.55569,26.30297,26.059828,26.942373
Spain,ESP,2002,27.709826,27.880754,28.669558,29.509361,27.432413,27.899733,26.448582,27.788668,27.9144,26.29074,27.101402,26.643366
Spain,ESP,2003,27.801645,28.27186,28.789593,30.328749,27.985172,28.813025,28.442528,29.473003,29.208103,28.225388,28.077791,27.786531
Spain,ESP,2004,29.189117,29.3736,29.844826,30.653378,28.371758,29.39558,28.663065,28.148287,28.289314,27.916407,27.817554,28.405804
Spain,ESP,2005,29.17281,29.783401,29.455627,30.556797,29.579937,28.731447,28.360725,29.099398,28.881899,28.722418,29.080545,28.630016
Spain,ESP,2006,28.1091,30.339596,31.143425,31.043123,29.214624,29.400398,29.693663,30.20544,28.8124,29.685043,29.473715,29.356482
Spain,ESP,2007,28.654823,29.918207,31.403076,31.565817,29.696405,30.433249,29.58212,29.535608,28.52704,28.976603,28.786997,30.003014
Spain,ESP,2008,30.072767,30.374216,31.306448,32.267002,31.036974,31.837755,30.682632,31.14938,31.70691,29.641418,29.798094,30.168814
Spain,ESP,2009,28.81932,28.723307,29.161686,30.764515,28.727764,29.854813,28.990194,28.948767,28.825138,29.08457,29.000772,29.288975
Spain,ESP,2010,30.085005,29.633762,30.025097,30.446602,28.251102,28.047031,27.2751,27.423635,27.587631,27.992449,27.745739,28.071983
Spain,ESP,2011,26.868292,28.253508,28.006567,28.466927,28.493732,27.83064,27.1929,27.163124,26.699926,27.57584,28.018635,26.62331
Spain,ESP,2012,25.040483,26.46191,27.565247,27.3458,27.013647,26.552355,26.071114,26.801708,25.993546,26.275053,26.39769,26.443666
Spain,ESP,2013,24.303335,25.194809,26.006144,26.294067,25.1673,25.53921,24.232988,24.150871,24.666138,23.82673,24.64922,25.473597
Spain,ESP,2014,25.031185,25.077595,25.815975,26.958355,24.958841,25.576159,24.823702,24.64508,24.635555,24.971088,24.298447,24.774273
Spain,ESP,2015,24.310226,24.986725,25.397709,26.227537,24.561674,25.190554,24.267994,24.31562,24.198593,24.369394,24.019556,24.562881
Spain,ESP,2016,22.864977,23.801273,24.669754,25.827972,25.02967,24.763788,24.445126,23.127789,22.699448,23.726593,23.746056,23.867619
Spain,ESP,2017,22.031067,23.725637,24.163477,24.018284,23.473534,23.460503,22.868385,22.60047,21.925674,22.68488,22.772537,22.5827
Spain,ESP,2018,20.973715,21.725533,22.638271,22.229765,22.651072,22.305063,21.661089,21.335876,20.91323,20.873363,21.498528,21.86808
Spain,ESP,2019,19.917212,20.889896,21.792223,21.960222,21.301813,21.450464,20.160582,20.385996,20.405546,20.141085,20.786621,21.218447
Spain,ESP,2020,15.9640255,18.801014,20.604086,21.312378,20.164175,20.43626,19.86193,19.380142,19.166527,19.94485,19.560139,20.66739
Spain,ESP,2021,19.382677,19.947578,20.439981,21.193386,20.104303,20.72612,19.324137,18.750576,19.166292,19.72446,18.366695,16.24542
Spain,ESP,2022,18.362186,19.665728,18.80557,19.539015,19.58123,19.389744,18.947495,18.212093,17.739624,18.474716,18.716883,18.81249
Spain,ESP,2023,17.830421,18.734446,19.045008,18.794786,18.482697,18.259125,18.10297,17.337553,17.178083,17.589638,18.090843,18.08685
Sweden,SWE,1911,64.20985,62.171494,64.98892,71.237785,63.22212,64.19087,63.631878,65.50834,67.18996,69.62344,68.39752,64.9635
Sweden,SWE,1912,62.447227,61.538536,62.38786,70.47674,62.622807,62.67984,63.723015,64.58163,67.51245,68.625565,67.091736,67.05424
Sweden,SWE,1913,63.84175,58.7021,59.535984,67.99041,60.64659,61.704815,62.477467,63.11804,65.855286,67.74824,66.797775,63.55315
Sweden,SWE,1914,62.11205,59.327263,60.053818,66.46959,59.545593,60.294117,61.78188,63.808224,65.4973,67.33087,64.07734,62.144478
Sweden,SWE,1915,58.653618,54.138702,53.882103,59.978096,57.743282,59.617233,59.404152,56.70539,60.13585,65.38395,61.710205,62.79574
Sweden,SWE,1916,54.898796,53.728573,54.57177,60.07797,54.019093,56.85489,58.788395,59.94172,62.149105,63.341095,59.165417,58.404995
Sweden,SWE,1917,54.34198,52.483955,54.370876,58.729492,53.992714,55.56677,56.364365,61.011745,60.329113,63.0856,58.16201,59.25487
Sweden,SWE,1918,55.316338,52.835854,54.68779,60.416424,53.19258,51.79202,51.99027,57.17271,56.098095,59.46738,58.95231,56.053875
Sweden,SWE,1919,65.193245,62.54339,61.333405,59.98172,45.573807,42.6085,45.204857,50.19553,54.635178,54.05065,55.738987,52.770836
Sweden,SWE,1920,59.131493,56.949932,57.998806,63.97238,59.983456,60.43745,64.52277,68.21473,70.93717,73.41762,70.34879,69.00678
Sweden,SWE,1921,57.39439,55.31281,53.89171,58.483418,55.266544,58.210377,58.30839,62.50878,63.629417,64.517044,61.706223,59.488884
Sweden,SWE,1922,48.071476,44.865963,47.414795,54.1435,51.26033,52.9967,55.777275,57.031242,58.14356,57.91247,59.69892,57.327225
Sweden,SWE,1923,49.934917,47.281403,47.950058,53.11653,49.119884,50.19205,52.078465,54.9159,55.080967,57.582283,53.499805,51.3893
Sweden,SWE,1924,45.02497,44.743626,45.394474,50.483913,47.938763,49.66253,49.417732,53.72565,55.40682,52.702946,51.339836,48.32709
Sweden,SWE,1925,45.2537,44.184467,44.561165,48.885002,45.863163,47.98206,49.41151,52.879604,52.19453,52.53678,47.95285,46.48102
Sweden,SWE,1926,43.294353,41.593464,43.728374,47.17103,44.50322,46.085125,46.645306,48.628963,49.615204,50.121315,46.602142,45.17345
Sweden,SWE,1927,38.583008,37.52152,39.387257,45.4853,42.074703,44.029144,46.37141,47.733284,48.77972,48.096127,47.416637,44.69443
Sweden,SWE,1928,41.735813,40.504635,40.624195,44.206818,42.25141,43.2349,44.183575,46.695934,46.753952,48.73043,44.153793,43.29647
Sweden,SWE,1929,39.27622,37.80972,38.47484,42.32708,39.40847,41.564095,42.947414,44.721928,44.67262,44.7877,42.520477,41.07083
Sweden,SWE,1930,39.604378,39.47582,40.069054,43.622643,40.81302,42.40324,42.823486,44.60736,45.569096,45.50782,42.337,38.562016
Sweden,SWE,1931,38.354034,34.27567,35.08617,41.615494,39.16287,41.36024,42.37174,43.83879,43.030247,43.627556,41.706577,42.381485
Sweden,SWE,1932,36.58942,35.9968,36.914314,40.380672,37.751255,39.37387,40.345413,42.73775,43.374096,43.38194,40.860157,39.034016
Sweden,SWE,1933,34.782837,34.244675,35.404728,38.35693,36.661728,37.831715,39.60885,40.230858,40.270664,40.685078,37.640327,35.158474
Sweden,SWE,1934,35.6932,35.133205,34.74002,38.044575,36.641384,36.812675,38.60268,39.920307,39.41315,40.503925,38.286755,35.99374
Sweden,SWE,1935,35.617596,33.985703,34.61676,37.57245,37.154232,38.180958,39.697853,39.6671,40.998867,39.71659,38.826668,36.65584
Sweden,SWE,1936,35.791435,34.31071,34.91603,39.723717,38.09517,38.79414,41.869926,41.177845,42.52778,42.640263,38.624905,37.580746
Sweden,SWE,1937,37.096695,34.98887,35.696743,41.41311,38.91512,39.263615,41.73487,42.897377,42.78055,43.05673,39.796143,35.97406
Sweden,SWE,1938,37.977936,37.56569,38.597168,41.981205,40.38469,41.62254,41.891453,44.111008,44.489475,44.038307,39.814987,38.027138
Sweden,SWE,1939,38.62908,39.11764,40.494133,42.745552,41.077763,42.69063,42.829693,44.629173,46.789898,46.26955,41.37631,39.565098
Sweden,SWE,1940,37.794174,35.362312,36.313183,40.257767,39.76064,41.405193,42.361443,45.393955,47.0147,46.898422,42.3309,39.345795
Sweden,SWE,1941,42.29027,39.194237,40.51364,46.433777,42.867054,46.309868,47.014122,47.78741,46.78541,43.56697,35.79629,34.311337
Sweden,SWE,1942,44.349216,44.63331,47.776924,51.027588,47.891113,50.20507,52.214172,53.195183,51.666466,50.58155,45.492798,43.51474
Sweden,SWE,1943,49.05386,48.391727,49.97794,55.408997,51.366913,53.57152,55.62427,57.22509,58.270546,56.811836,51.369965,48.40539
Sweden,SWE,1944,52.694508,53.069817,53.578552,57.409954,52.780926,56.440166,60.116188,58.89724,60.067307,61.901672,56.156853,52.094273
Sweden,SWE,1945,51.472168,50.25133,52.578987,55.907864,54.03973,54.884014,57.547363,62.149483,61.648186,61.29818,56.53643,52.90403
Sweden,SWE,1946,48.80934,47.430096,48.79346,53.20353,52.18249,54.25716,56.341915,59.92171,61.05756,60.18621,55.96541,51.384354
Sweden,SWE,1947,47.058983,43.79787,45.59341,51.378704,48.120415,49.859352,54.184875,57.361717,60.39218,59.13338,54.04835,52.13183
Sweden,SWE,1948,44.98274,44.710266,45.287594,50.28494,47.227535,50.69585,51.682106,54.328857,56.57513,56.89902,51.73637,49.564724
Sweden,SWE,1949,42.47904,41.600044,44.06827,46.197422,44.999454,46.44695,48.701805,52.873528,56.169815,53.90015,50.664326,45.73446
Sweden,SWE,1950,40.69224,39.942513,41.677517,42.51905,40.639626,44.09404,46.96593,49.802372,52.213818,50.51996,48.034782,44.285774
Sweden,SWE,1951,38.96769,37.667736,38.51438,40.104877,40.361797,42.105873,45.332672,47.171265,48.386272,47.027805,44.62246,42.260597
Sweden,SWE,1952,39.520145,38.668556,39.531826,41.921032,39.502808,41.56875,43.574978,46.397198,48.971256,46.961933,42.148197,38.639538
Sweden,SWE,1953,37.975803,37.632336,38.156315,42.25202,40.07262,41.320053,43.71328,46.34896,47.111897,47.28637,42.403793,40.93988
Sweden,SWE,1954,35.621628,34.97754,36.76826,39.674355,37.228786,38.785324,40.85597,44.673813,45.417305,44.54279,41.839947,38.997982
Sweden,SWE,1955,35.900402,36.39727,38.402122,40.71592,38.992542,39.976803,41.211666,43.817055,45.61921,43.592426,42.748627,38.881573
Sweden,SWE,1956,36.581116,35.967644,37.77684,40.246593,38.208527,39.998955,40.48092,44.513138,47.078075,45.170498,39.83292,38.231724
Sweden,SWE,1957,35.68374,36.569675,37.001755,39.7715,36.729897,39.667656,42.0235,42.74338,46.473984,43.96535,40.112988,37.900173
Sweden,SWE,1958,36.640785,35.349712,36.289597,38.460625,34.92013,37.33871,39.321728,42.68809,46.42416,43.13497,39.435825,38.123974
Sweden,SWE,1959,34.45602,33.327946,34.647427,38.5334,36.206223,39.025,39.90329,42.65515,45.12421,42.840557,38.792953,36.74454
Sweden,SWE,1960,32.9696,33.162388,34.130394,37.70884,35.383057,37.380524,38.68708,40.796844,42.802322,41.515972,38.59708,34.921738
Sweden,SWE,1961,34.169716,34.719814,35.676517,37.322117,36.320164,36.75828,37.953323,41.182537,44.844505,43.414837,39.00137,35.924046
Sweden,SWE,1962,34.40026,35.447803,36.389732,38.433743,35.666298,37.136402,39.81091,42.33059,45.592293,44.41839,40.053844,37.14282
Sweden,SWE,1963,35.937057,37.420647,38.40904,41.053867,37.39655,39.79963,40.993694,45.402966,47.36613,46.17184,39.830093,38.551224
Sweden,SWE,1964,40.76803,40.574474,41.26066,44.483356,39.895042,42.556004,44.289955,47.434296,51.30164,48.433403,43.54928,40.72748
Sweden,SWE,1965,37.232323,38.289948,40.48476,43.288555,40.204987,41.601936,43.882355,47.67849,52.45826,50.188316,45.701225,41.677162
Sweden,SWE,1966,39.041668,39.929977,41.342464,43.98015,41.13925,40.905178,41.77003,46.457924,50.301888,48.55369,45.68093,40.88818
Sweden,SWE,1967,35.76958,36.568035,39.334084,39.40219,38.53347,40.584724,43.84754,46.336178,51.031284,49.593437,45.190235,41.493927
Sweden,SWE,1968,32.805775,34.01834,36.21651,38.453552,37.31396,37.447506,39.259544,42.77867,46.336067,44.6801,41.422535,38.23473
Sweden,SWE,1969,31.946085,31.784803,34.955357,35.834717,34.013382,35.180935,37.42797,40.75696,43.631973,42.569416,38.460243,37.904587
Sweden,SWE,1970,34.91138,33.567074,35.262905,37.39831,34.87013,36.409946,38.437504,40.187897,44.13219,41.668365,38.421246,35.53681
Sweden,SWE,1971,33.975147,34.655357,36.127647,38.0647,36.88943,37.85429,39.02676,42.133877,45.95161,43.435688,40.463333,36.7838
Sweden,SWE,1972,33.855377,33.70133,35.219273,37.46133,36.13131,37.272617,38.8328,41.085766,42.84765,41.65056,39.767044,36.245075
Sweden,SWE,1973,31.936413,32.359066,34.20863,36.251095,35.003742,36.237953,38.11115,40.495937,42.725044,40.908768,39.12298,36.52861
Sweden,SWE,1974,31.267477,33.185173,33.720665,36.28078,35.177322,36.461758,37.473015,40.223785,43.148365,41.362576,38.208107,37.132084
Sweden,SWE,1975,29.727282,28.533808,30.721998,33.36648,32.158855,34.354534,35.20996,37.733624,41.854877,39.55582,38.184174,35.43113
Sweden,SWE,1976,27.482723,28.04641,29.79527,32.798668,31.074984,31.860542,33.398182,35.01494,37.15392,37.681934,35.319595,33.06596
Sweden,SWE,1977,25.737448,28.060127,29.354483,31.54548,31.26041,31.258453,32.387276,34.055317,36.657112,37.121845,35.012867,31.01952
Sweden,SWE,1978,25.956703,27.096266,28.369465,30.036913,29.536804,29.97071,31.740541,34.905872,35.45508,35.744957,32.381466,29.845968
Sweden,SWE,1979,26.742088,27.502108,29.648087,30.634047,29.814718,31.81557,32.745564,34.947964,37.305946,36.047005,33.796185,31.348999
Sweden,SWE,1980,26.770664,26.693077,27.915472,31.095778,30.101074,32.686836,33.07542,34.160423,38.169514,36.58257,34.331963,32.24613
Sweden,SWE,1981,25.902683,25.770163,27.296944,31.148493,30.436008,31.441692,32.11883,33.278896,35.952595,34.71707,33.47558,30.885204
Sweden,SWE,1982,25.113981,26.06435,27.797125,31.243155,29.980932,29.873768,31.327383,31.9728,35.81905,35.548714,32.622734,30.501816
Sweden,SWE,1983,25.41034,25.649918,27.25137,30.001434,29.774242,29.566015,32.21338,32.313904,34.436684,34.34555,32.460052,29.513336
Sweden,SWE,1984,25.178722,27.599756,28.29855,30.448586,30.14312,30.858723,31.43531,33.776665,34.906757,34.69068,32.692223,29.897474
Sweden,SWE,1985,27.379408,27.482607,29.152475,31.79296,31.88453,32.650486,33.3009,35.207134,37.01734,36.717834,34.27204,31.31592
Sweden,SWE,1986,27.71706,28.110481,29.63639,34.548393,33.241344,33.534286,34.636265,35.227207,39.084084,37.029724,34.961895,33.110336
Sweden,SWE,1987,29.499258,29.54892,30.182173,34.054344,33.26213,35.39707,36.49746,36.730644,38.702286,38.342865,35.904842,32.475304
Sweden,SWE,1988,31.288725,30.894493,32.748306,37.032692,36.392815,36.764492,37.93166,39.65963,40.62389,41.698044,37.285515,34.692253
Sweden,SWE,1989,32.578987,33.515156,34.62012,37.15419,37.6498,38.901794,38.81936,40.456177,40.385456,41.382526,39.307144,36.09527
Sweden,SWE,1990,33.81329,34.266514,37.210796,40.139767,39.467842,40.381737,41.10279,42.20915,44.517166,43.988194,42.837765,38.78049
Sweden,SWE,1991,33.25762,34.341442,34.52908,38.302982,38.609344,40.141644,39.759487,41.75327,45.135483,43.80712,42.8746,40.4353
Sweden,SWE,1992,31.46115,31.887573,33.68281,38.433212,37.459774,38.96567,40.798626,40.83803,44.20202,43.6497,41.386158,40.376007
Sweden,SWE,1993,30.17572,30.392227,32.855213,35.938477,37.14887,37.3712,39.16056,39.03511,42.688778,41.58111,39.16402,37.603928
Sweden,SWE,1994,29.823904,29.998228,30.524042,31.812986,34.07882,35.31422,37.917828,37.694378,40.68905,40.195175,38.83024,34.25516
Sweden,SWE,1995,25.427109,26.54402,29.115376,31.099792,31.933222,33.021355,34.48388,34.38722,36.371834,36.262585,35.210243,31.966429
Sweden,SWE,1996,24.77661,25.336496,26.921408,28.748062,29.657873,31.239843,30.443022,30.853373,33.739433,32.058216,31.056086,29.214966
Sweden,SWE,1997,23.136946,22.605108,24.968964,27.34706,28.850765,29.829025,30.398376,30.118927,32.039665,30.149895,29.484198,28.309608
Sweden,SWE,1998,23.057947,23.57579,25.407822,28.331495,29.146944,29.837717,28.581799,29.630121,30.947508,29.108925,29.387905,26.68783
Sweden,SWE,1999,23.563559,23.428856,25.76248,27.443363,27.925581,28.721447,29.375978,29.665127,30.181747,29.286629,28.752007,26.393969
Sweden,SWE,2000,23.855202,25.7516,26.69567,28.439888,28.469576,29.366154,29.599466,30.039978,30.066252,29.364223,29.181715,26.802094
Sweden,SWE,2001,23.441828,24.618525,27.175024,28.432358,29.001204,29.54869,29.34171,30.80412,31.021233,30.049726,29.490704,28.06702
Sweden,SWE,2002,25.291039,26.037321,29.437555,30.323265,30.155996,30.356485,30.465977,31.879051,33.138355,30.757925,30.203844,28.487566
Sweden,SWE,2003,26.523802,27.212402,29.966108,31.484514,30.853182,33.38051,32.01772,31.434595,33.02191,31.33963,31.47787,29.267176
Sweden,SWE,2004,26.669401,27.7674,28.726128,30.882568,31.829098,33.1095,33.42728,31.828457,33.375248,32.62903,31.495512,30.411442
Sweden,SWE,2005,27.036688,27.294682,29.763874,31.349253,32.362568,32.56994,32.666058,33.160282,33.338444,32.2989,31.147533,29.91126
Sweden,SWE,2006,26.47405,28.636452,31.392752,32.161633,33.34071,34.149467,33.593506,33.948673,34.28493,34.794437,33.515366,30.69312
Sweden,SWE,2007,27.549719,29.427525,31.650076,32.37283,33.293865,34.36242,33.477516,34.6004,34.308815,33.83136,32.909122,31.201843
Sweden,SWE,2008,27.666685,28.42392,30.961535,32.798374,33.30001,35.64553,34.09391,34.31944,35.592075,32.895092,33.408268,32.03256
Sweden,SWE,2009,28.75022,29.387802,31.213213,33.913895,34.737556,35.908714,35.436695,34.027645,34.86513,34.093132,32.41898,31.22076
Sweden,SWE,2010,28.703997,30.109467,32.3538,33.71719,34.397602,35.480026,36.10377,34.910763,35.753036,35.526497,35.320095,33.80912
Sweden,SWE,2011,27.214819,29.018522,30.559677,33.3413,34.00119,34.87149,34.435024,34.03108,34.030693,33.33924,32.266396,31.68982
Sweden,SWE,2012,27.460602,28.879578,31.141912,33.13434,34.626045,34.817642,34.34031,34.098763,33.991364,32.715508,33.73311,31.13819
Sweden,SWE,2013,27.116879,28.270836,30.444176,32.67936,34.245117,35.303204,33.762962,34.429,34.92205,33.424,32.55589,32.07153
Sweden,SWE,2014,27.05644,28.787964,30.873608,33.087357,33.557384,35.134052,35.029617,34.392838,35.42589,33.502094,32.573605,30.511023
Sweden,SWE,2015,27.571419,29.027367,31.566551,33.74773,32.773384,34.418694,33.983486,33.71768,34.046986,31.388758,32.128433,31.308712
Sweden,SWE,2016,27.483202,28.540497,30.335213,33.57929,32.86332,33.988922,34.51531,35.058834,34.154118,33.471516,32.687252,31.6898
Sweden,SWE,2017,26.29637,28.3199,29.995888,31.603325,32.512383,33.687943,32.82977,33.976494,33.06428,32.198483,32.51922,30.632526
Sweden,SWE,2018,26.363615,27.906664,29.724615,31.47231,32.99952,33.070465,33.295334,33.342957,33.595287,32.063686,30.753515,29.893616
Sweden,SWE,2019,25.245966,27.255695,29.277779,30.235487,32.114998,32.884182,32.50125,32.307575,32.715286,30.888525,30.771585,30.335295
Sweden,SWE,2020,24.9769,26.33771,28.548363,29.991596,31.01703,31.528492,31.813562,32.456028,31.311455,30.104963,29.88499,30.226973
Sweden,SWE,2021,25.139782,27.113628,28.801846,30.10855,31.206509,31.97736,32.71358,32.005527,31.491997,31.251463,30.912926,28.192604
Sweden,SWE,2022,23.074617,23.806116,25.019335,26.58827,28.803726,28.398155,30.311836,29.501087,28.068798,28.343645,29.18484,27.520048
Sweden,SWE,2023,21.869995,23.426138,25.135584,25.609676,26.34437,27.449759,28.352545,28.544125,26.548903,26.743614,26.907982,25.37981
Sweden,SWE,2024,21.275372,22.882269,24.92532,25.02594,26.397898,27.122608,26.615107,27.290718,26.996387,26.820438,25.852274,24.258528
Switzerland,CHE,1871,70.7749,74.298584,73.45141,76.21518,78.33487,78.64008,80.01199,76.92618,77.003654,82.83093,80.38543,80.16616
Switzerland,CHE,1872,75.63488,78.20456,79.4853,80.41229,77.26661,78.42878,79.92708,81.09355,83.35998,84.7444,82.5326,77.60704
Switzerland,CHE,1873,75.48227,77.85278,77.63052,82.013504,79.43834,78.311386,78.10752,79.896164,82.729195,85.343094,86.58492,81.17572
Switzerland,CHE,1874,79.039215,84.027145,83.230064,86.48962,83.67615,83.73484,83.40849,81.28137,81.54042,82.77224,81.51616,82.936584
Switzerland,CHE,1875,81.84485,81.26142,87.02178,89.35238,88.5596,92.62132,89.5586,87.46787,87.763306,88.57134,87.26076,86.48179
Switzerland,CHE,1876,84.5472,86.94299,86.71944,88.37925,88.10127,90.51327,87.79961,89.20755,93.503586,96.634895,96.32053,91.623505
Switzerland,CHE,1877,83.81696,85.86744,87.70356,90.7728,89.20564,90.963326,88.99992,89.49265,90.33714,86.981995,87.56695,85.83021
Switzerland,CHE,1878,79.88499,83.3279,84.39401,89.28996,84.58314,85.00701,85.890854,87.52092,89.635376,88.6164,89.41765,87.06114
Switzerland,CHE,1879,82.20951,82.46521,82.74254,85.314026,84.88352,83.635765,85.073746,84.64255,86.3391,85.70869,84.96983,81.06534
Switzerland,CHE,1880,81.123146,78.13709,74.45037,79.0326,82.815674,83.60238,83.440956,84.7793,82.43361,80.96153,82.06578,83.18024
Switzerland,CHE,1881,80.24686,79.7547,80.899155,81.761505,79.206375,81.25001,80.13026,80.65617,80.51065,85.96431,85.022606,88.62138
Switzerland,CHE,1882,75.41442,76.88813,77.633484,81.281204,78.86113,80.068504,80.097626,78.40503,78.7857,81.794685,81.478226,81.62388
Switzerland,CHE,1883,73.384155,74.34469,78.05344,79.30969,79.566795,77.510155,77.37387,77.57164,79.54299,80.73267,83.33265,80.243706
Switzerland,CHE,1884,73.4649,74.87774,75.680275,78.82219,77.708435,78.86937,78.20298,78.73714,76.84627,82.3542,78.58276,75.42757
Switzerland,CHE,1885,71.161964,73.84056,75.62773,77.10697,77.60815,76.48838,76.87608,74.403595,78.08087,78.78935,77.31187,77.49774
Switzerland,CHE,1886,71.72378,72.11187,75.26639,77.93412,75.674095,77.24193,75.396255,76.97154,78.70663,79.476,78.12853,78.0245
Switzerland,CHE,1887,71.35811,74.409584,75.3774,77.60164,75.77326,78.523705,76.999466,74.97995,81.53999,78.85331,76.97888,77.26218
Switzerland,CHE,1888,70.22995,70.43827,73.95472,77.461334,77.46333,79.41288,77.080956,75.935814,76.37709,79.097244,78.15145,76.04745
Switzerland,CHE,1889,70.78373,70.99164,72.567696,78.307594,75.68526,74.75396,76.906746,76.53972,79.52657,79.54295,79.63537,74.44436
Switzerland,CHE,1890,78.114044,69.55991,57.766163,64.57478,73.54912,74.03041,75.013405,74.06757,75.7944,79.01967,75.41659,75.67314
Switzerland,CHE,1891,69.78638,69.98912,73.37849,73.82313,76.60428,76.730286,78.14483,75.74946,80.69809,83.283485,83.430855,79.7375
Switzerland,CHE,1892,72.59145,69.9144,72.61458,76.0287,75.78945,75.333405,77.72634,75.47939,78.35353,78.25516,77.676315,74.310814
Switzerland,CHE,1893,73.13393,72.7238,76.29508,77.680595,75.8714,75.3627,75.356285,76.79154,80.00911,80.539925,78.30115,74.24977
Switzerland,CHE,1894,72.704094,70.59648,67.16934,72.19808,75.96658,77.48241,76.36584,79.29283,79.241974,79.32142,73.75684,75.03244
Switzerland,CHE,1895,69.341064,67.69298,71.1662,74.799675,75.580086,76.50541,76.91075,75.52205,78.481804,77.5351,79.25566,77.01965
Switzerland,CHE,1896,72.56151,73.49318,75.0121,78.17386,77.19585,76.64867,77.925644,77.33044,79.373024,80.64333,79.92967,75.066795
Switzerland,CHE,1897,73.711754,75.51619,76.874825,78.24299,80.71939,78.94665,80.780945,79.47471,78.26715,79.00717,76.741234,73.03864
Switzerland,CHE,1898,72.08706,73.657524,75.44752,81.243034,81.84348,79.62212,78.90897,77.32387,80.18971,81.01037,78.835526,77.54669
Switzerland,CHE,1899,78.1012,75.181755,76.85728,79.8914,82.54529,81.39682,78.46925,80.41105,81.939514,83.17651,80.47103,74.60354
Switzerland,CHE,1900,70.92236,69.07699,75.51792,80.09351,79.48592,81.10399,81.39799,78.287094,82.91656,81.709625,82.839584,77.24181
Switzerland,CHE,1901,72.49647,76.06004,76.4607,81.567215,80.09565,79.63583,81.05504,79.53563,82.46023,86.0594,83.14365,77.26327
Switzerland,CHE,1902,72.07446,73.98496,75.25896,79.16335,79.89458,79.04439,78.23703,80.75539,82.21116,81.9864,80.525764,74.189255
Switzerland,CHE,1903,71.87658,70.925186,69.907486,76.62538,76.65273,75.62308,74.462395,78.812805,78.91357,76.99482,74.37091,74.07216
Switzerland,CHE,1904,68.51626,69.286095,71.88573,74.61603,74.87014,76.84966,73.634674,76.346306,78.96229,79.30853,78.042305,73.53062
Switzerland,CHE,1905,68.20056,67.59515,71.39583,75.218445,74.08096,75.57419,75.378845,72.18116,76.27538,78.91446,79.26895,71.90696
Switzerland,CHE,1906,67.3227,68.5216,71.440704,73.66695,73.611694,74.70519,74.64337,74.49241,77.16114,78.5656,76.64592,73.0334
Switzerland,CHE,1907,63.70145,65.402054,67.326775,74.80062,74.94592,74.2868,73.04363,73.37716,75.07335,77.02039,74.62119,69.39466
Switzerland,CHE,1908,64.5234,66.73416,69.10877,70.85739,74.3227,72.89682,73.895966,74.13871,77.22157,76.04287,76.14631,69.92014
Switzerland,CHE,1909,62.952118,63.247005,66.39594,69.39271,70.3762,71.74252,70.35997,71.99611,75.12503,76.513565,72.11391,68.69228
Switzerland,CHE,1910,62.27192,64.52766,66.01443,67.92695,69.59071,70.343185,70.258865,71.1428,71.77058,71.26904,73.62038,65.633026
Switzerland,CHE,1911,62.17326,58.924454,62.027496,65.28379,67.615974,69.1212,68.201645,69.676025,71.16468,69.59703,67.2264,66.20301
Switzerland,CHE,1912,62.97556,63.429493,63.12698,67.518036,66.373825,67.53647,66.037895,65.27463,69.26103,71.143425,69.13531,65.90907
Switzerland,CHE,1913,58.100945,57.96668,61.99872,63.826664,64.40046,66.45259,66.24631,65.96876,66.522194,69.066444,69.08391,64.15891
Switzerland,CHE,1914,57.64882,56.443214,57.106754,59.766598,62.317486,62.951645,64.74159,65.32365,66.88047,67.455925,66.37171,61.518898
Switzerland,CHE,1915,51.62137,49.89907,50.78445,52.90454,53.569344,52.134304,48.357983,43.26767,56.869812,63.31563,61.795624,60.45447
Switzerland,CHE,1916,48.180027,46.274895,50.821518,52.028408,52.681396,51.918118,52.273155,53.51273,53.28213,55.593323,54.94074,53.34731
Switzerland,CHE,1917,45.644558,44.32732,46.981087,52.71657,51.61454,50.81465,51.78492,53.21958,53.943134,54.251526,54.225323,52.251163
Switzerland,CHE,1918,48.414818,48.124966,51.862766,50.05087,51.322033,52.614346,52.801807,52.898098,53.82713,55.120667,51.97106,47.98335
Switzerland,CHE,1919,58.826466,59.638515,55.81864,49.978706,41.897305,45.180485,48.21732,48.160343,48.2355,52.710598,53.87228,51.12648
Switzerland,CHE,1920,51.221397,48.52043,48.890366,54.076714,53.488007,54.769257,58.607944,62.44783,63.378025,65.61882,66.11084,60.33827
Switzerland,CHE,1921,53.7267,51.44021,51.940945,53.23971,53.867775,55.95906,58.532097,59.82509,61.252758,64.00659,62.159557,56.77282
Switzerland,CHE,1922,48.356148,47.085102,46.622055,50.985165,51.666245,53.977562,54.158363,56.05993,56.9571,58.121174,59.151085,57.651783
Switzerland,CHE,1923,49.20109,47.944523,48.153957,50.620342,50.09996,51.991413,53.08222,55.83728,56.47297,57.959743,56.922512,52.720333
Switzerland,CHE,1924,46.13788,45.282745,46.36902,49.581535,48.814938,50.41397,51.609585,53.493515,54.68311,55.68058,54.78104,52.01783
Switzerland,CHE,1925,45.337063,44.86803,46.644062,47.84129,50.22195,49.625763,50.856136,52.545033,53.135582,54.933083,55.321526,48.78509
Switzerland,CHE,1926,46.556923,45.00047,45.0899,49.061127,47.77279,49.567657,50.83306,51.26477,52.33678,55.760464,52.202904,47.850372
Switzerland,CHE,1927,46.1123,42.10971,39.222794,43.801926,46.01467,47.971992,49.262066,50.27485,51.500996,52.114075,51.374397,49.803833
Switzerland,CHE,1928,43.80282,42.742302,43.14347,44.91817,45.538937,47.99409,47.864647,49.07386,49.972824,50.812008,52.646015,47.862362
Switzerland,CHE,1929,42.964176,42.580387,43.2014,45.6906,45.750717,46.727337,46.220394,49.926662,49.41895,50.94217,51.429214,46.400276
Switzerland,CHE,1930,44.548973,42.85392,44.06572,45.214893,47.774754,47.021637,48.828526,48.487057,50.286,50.241035,51.608734,45.16648
Switzerland,CHE,1931,42.69662,39.71176,41.35325,43.73023,45.16743,46.065186,46.690357,49.27946,49.36623,50.329517,49.37842,46.50649
Switzerland,CHE,1932,39.89004,40.318542,42.796448,43.768997,45.251293,46.409344,46.673843,47.429237,48.589737,50.759014,50.379982,46.919266
Switzerland,CHE,1933,41.159225,40.06073,41.241333,43.680077,44.177563,44.74832,44.751686,48.154896,47.50292,49.577377,48.491856,45.14054
Switzerland,CHE,1934,42.597363,41.98409,41.22321,42.625008,43.297916,45.15329,43.632824,45.77108,48.87181,47.80026,46.706593,43.929638
Switzerland,CHE,1935,37.676647,36.69547,39.861225,42.52364,42.94635,43.75938,45.97079,46.86635,45.780933,47.777035,48.246452,45.866074
Switzerland,CHE,1936,39.048203,38.10941,38.295063,40.71681,40.674236,41.383877,42.6612,44.81678,45.97083,48.617832,46.2663,42.349243
Switzerland,CHE,1937,37.437492,37.465412,38.13104,39.756836,38.794937,40.580097,40.87816,43.578903,44.215214,42.63562,44.525295,40.676735
Switzerland,CHE,1938,38.496815,37.021507,37.19735,39.420483,39.59705,41.237118,42.563736,44.291588,44.78142,45.492783,45.338856,41.302433
Switzerland,CHE,1939,36.978626,36.29479,37.953396,39.67949,40.487305,41.823986,42.188,44.104572,45.897167,45.39113,44.421017,39.747627
Switzerland,CHE,1940,40.337315,37.545887,38.31293,41.846573,38.25393,37.584618,35.836617,42.45723,47.175507,45.78191,45.6717,42.92834
Switzerland,CHE,1941,45.98496,44.016876,42.01059,45.9068,46.3018,47.00456,50.240696,51.47393,51.72916,46.848854,38.00651,42.28185
Switzerland,CHE,1942,49.428734,46.555878,47.171963,50.73466,50.80959,49.582752,51.018356,52.450672,52.14004,52.20553,51.42773,48.243023
Switzerland,CHE,1943,49.9905,49.785072,49.604076,51.5288,47.16842,51.56593,52.429173,55.128696,54.85105,57.487236,57.65052,52.09093
Switzerland,CHE,1944,49.31182,47.27103,49.555023,52.13523,52.428333,51.936638,52.67146,55.526394,56.824417,59.501595,60.711895,54.12211
Switzerland,CHE,1945,51.0246,50.311256,52.355988,53.533817,51.534847,54.19524,53.271584,57.96686,59.7578,59.680614,60.651665,56.302616
Switzerland,CHE,1946,49.2294,47.841316,50.042328,51.315277,51.46595,55.37391,55.774418,58.293972,60.322147,61.63461,62.37296,54.56695
Switzerland,CHE,1947,48.359863,46.839287,48.052242,50.863243,49.2689,53.12647,54.94242,57.390797,58.251373,58.555683,59.736404,53.75598
Switzerland,CHE,1948,48.8358,46.788754,46.43204,50.110165,49.13894,52.814022,53.506443,54.69735,58.519226,57.45225,57.56952,53.178722
Switzerland,CHE,1949,44.90069,45.772095,45.33892,47.52903,48.18909,51.499283,51.52283,52.65697,55.051823,54.943424,55.554054,52.426212
Switzerland,CHE,1950,45.816082,44.057457,46.245434,47.566177,47.012825,48.63488,48.892212,52.700054,55.24501,55.21356,53.76047,49.48493
Switzerland,CHE,1951,42.726273,41.59785,43.936,45.715862,45.43601,46.95277,47.27738,50.506832,50.8033,52.47285,53.053364,47.499626
Switzerland,CHE,1952,43.626064,43.689598,43.630775,47.098995,46.079792,45.22008,47.647217,51.16168,51.272602,52.779648,51.23681,46.534485
Switzerland,CHE,1953,41.925842,40.660435,42.47738,45.857376,45.337826,47.24572,46.785713,49.223965,50.473824,52.134373,51.30177,47.21297
Switzerland,CHE,1954,42.117535,41.61228,43.008316,43.99782,45.44268,46.79767,47.646004,49.35929,51.249027,49.721375,51.320217,45.9896
Switzerland,CHE,1955,42.157345,41.677483,43.409622,45.48239,46.180996,46.30071,46.900738,49.558746,50.756927,52.11825,49.90438,46.998356
Switzerland,CHE,1956,42.536186,41.876907,43.145542,46.133987,46.301853,47.178154,48.176132,51.150505,50.884655,53.393875,52.319077,46.521774
Switzerland,CHE,1957,44.892384,44.32247,46.078243,48.118618,46.276787,47.300636,48.669277,50.545753,52.716602,53.223835,53.432762,47.282135
Switzerland,CHE,1958,46.8545,45.9263,45.736107,46.13372,42.541927,43.940872,48.65214,50.660564,52.53445,54.64762,53.209614,48.41222
Switzerland,CHE,1959,43.925114,43.499947,44.498737,46.24456,46.231915,48.394413,48.15758,50.202526,52.66058,54.670784,53.20433,49.85111
Switzerland,CHE,1960,44.05232,43.099,44.050316,47.56234,47.94933,49.462772,50.04215,51.516075,50.984177,53.024525,51.860428,47.656227
Switzerland,CHE,1961,46.716366,46.504257,47.534725,47.301056,49.254765,49.669548,51.522156,51.828533,54.277874,53.851604,53.510227,49.52651
Switzerland,CHE,1962,46.39298,47.955227,48.989635,51.751667,50.55536,50.61364,52.50502,53.571865,54.22727,55.077732,54.97833,49.79702
Switzerland,CHE,1963,47.79815,47.266308,49.806263,52.745304,51.29003,53.882183,53.675117,56.216053,58.87812,57.111214,56.61851,50.764973
Switzerland,CHE,1964,50.190296,49.154644,50.73849,53.202236,50.170593,53.783024,54.0893,55.096573,56.97575,57.944286,56.986217,51.66029
Switzerland,CHE,1965,46.32608,47.294662,49.70035,51.6924,50.44352,50.928875,53.66421,54.400692,56.959534,58.043568,56.434307,52.600857
Switzerland,CHE,1966,44.42446,45.702457,48.020557,48.98315,48.60846,51.60391,52.338146,55.040077,54.845432,55.71552,53.83791,51.103424
Switzerland,CHE,1967,44.30281,44.816204,46.11159,47.034893,47.21313,48.691643,50.982685,52.98025,53.969524,53.735382,52.319,47.92598
Switzerland,CHE,1968,42.53883,42.71469,43.232937,46.385098,45.0185,47.381157,48.943424,50.298943,51.906357,52.23569,50.148796,47.810783
Switzerland,CHE,1969,40.215004,40.595856,41.80573,44.028706,43.286484,45.73193,47.498943,49.250805,50.697605,50.482147,49.352432,46.96721
Switzerland,CHE,1970,40.853428,39.810852,38.966755,42.251266,41.783394,45.24668,47.077705,46.801212,47.470238,47.526913,46.35702,43.934383
Switzerland,CHE,1971,36.894028,38.294445,38.93483,41.085163,40.056496,43.31782,44.839836,45.06457,46.88768,47.05967,44.510998,42.8089
Switzerland,CHE,1972,35.658176,35.365673,35.257137,37.245438,38.489742,40.501106,42.6539,42.82473,43.708008,44.225014,42.65517,40.149487
Switzerland,CHE,1973,34.022068,33.976597,34.95514,36.53977,36.963573,39.3144,39.260056,41.412197,41.353397,41.377216,38.94216,38.279594
Switzerland,CHE,1974,32.194862,32.351913,34.2167,36.111572,35.631466,38.305832,37.247402,39.46068,39.549843,39.450565,37.67321,36.14141
Switzerland,CHE,1975,30.490795,29.632517,29.381872,31.731552,30.820938,34.476093,35.729614,36.859253,37.902122,37.79526,36.996284,35.318935
Switzerland,CHE,1976,28.6734,28.846214,28.7376,31.968218,31.285461,32.037975,35.22558,34.32831,34.235226,34.48895,34.671627,31.617653
Switzerland,CHE,1977,28.566725,28.359472,29.641338,30.86069,30.510181,30.934235,33.852264,34.70926,33.799553,34.77606,33.576706,31.788248
Switzerland,CHE,1978,28.23209,27.939835,28.894413,30.5235,29.141045,31.254383,33.180134,33.694756,33.918724,33.777985,32.35497,30.834799
Switzerland,CHE,1979,28.435286,27.961786,28.884483,31.220274,29.902868,32.898113,32.81644,33.801273,34.433037,32.812298,32.121357,30.893347
Switzerland,CHE,1980,29.302631,29.507229,30.249722,32.557034,30.208443,32.9776,33.04081,33.383026,33.554134,32.86872,32.804226,31.939032
Switzerland,CHE,1981,29.460613,29.148682,29.849678,32.95114,31.361,31.828386,33.173317,33.28293,33.8262,32.87845,32.846596,31.266306
Switzerland,CHE,1982,28.958805,30.412146,30.488533,32.42137,32.172543,32.541294,32.410625,33.300068,34.442265,33.847897,33.616062,31.071
Switzerland,CHE,1983,28.67928,27.888498,30.309984,32.08558,31.30911,32.045246,32.01476,33.543694,31.931107,32.623814,33.280975,31.763458
Switzerland,CHE,1984,29.038744,30.637611,30.89562,32.061104,31.528675,32.942284,32.52034,32.6654,31.284992,32.899662,32.167316,31.734015
Switzerland,CHE,1985,28.21811,29.313576,30.858759,32.37287,30.896631,32.747936,31.687391,32.752327,33.278973,33.960136,31.932924,31.611792
Switzerland,CHE,1986,30.083378,29.121836,30.241833,33.282764,32.51258,32.647686,32.94752,33.17152,34.160736,32.975742,33.24034,31.675152
Switzerland,CHE,1987,30.633823,30.569529,30.810265,33.467648,31.164444,33.015263,33.854305,32.65202,33.718243,32.19905,31.630081,30.800491
Switzerland,CHE,1988,31.859379,31.496185,32.546684,35.219444,34.292027,33.2288,33.651173,33.425396,32.987183,35.432926,33.960747,31.663425
Switzerland,CHE,1989,32.603436,32.597504,31.49944,33.853615,33.467598,35.038536,34.94114,34.57079,33.928066,34.25751,32.890675,32.052494
Switzerland,CHE,1990,32.345455,32.88652,33.336926,35.873974,33.933643,35.37916,34.734226,35.21103,34.656437,34.931282,34.786522,33.383938
Switzerland,CHE,1991,33.683987,33.233555,33.24265,37.320507,34.04172,36.144424,35.170986,35.43967,35.785637,34.946354,35.097633,33.280014
Switzerland,CHE,1992,32.195908,32.241413,33.094215,36.30649,33.653015,35.857365,34.922066,35.025734,35.959446,35.575695,35.4452,34.594784
Switzerland,CHE,1993,30.314999,30.710938,31.635246,34.138783,33.089466,34.076286,34.208637,32.58435,34.614998,34.409092,34.345894,33.23092
Switzerland,CHE,1994,31.566353,30.098139,31.065184,32.896076,32.55484,33.206417,33.527607,33.204613,33.620327,33.688427,33.57493,31.432123
Switzerland,CHE,1995,30.094553,29.979296,32.01994,33.818634,32.011536,33.425854,32.5913,32.322353,31.234982,32.640324,32.442287,31.533747
Switzerland,CHE,1996,30.732702,30.63853,31.088757,32.811058,32.11117,34.048653,32.82889,32.699314,31.735147,31.901358,32.77127,31.678392
Switzerland,CHE,1997,29.669579,28.43143,29.693789,32.287674,30.555399,32.964195,32.267292,31.773834,32.55645,30.291101,31.741848,31.728142
Switzerland,CHE,1998,28.336685,29.107943,29.461067,31.633835,31.036028,31.667696,30.636887,30.366508,31.750214,30.30872,30.476877,30.487299
Switzerland,CHE,1999,28.328735,28.58349,28.752495,31.715996,31.000906,30.90271,31.046776,29.399492,30.487396,30.613068,30.981905,29.342247
Switzerland,CHE,2000,28.255371,29.025087,28.092516,31.24931,30.192091,29.99465,29.977673,29.900436,30.38594,30.499008,30.45649,30.315006
Switzerland,CHE,2001,24.721552,25.987232,26.24104,28.724796,27.549505,29.104519,27.6576,28.495987,28.056475,27.282091,27.663448,27.664778
Switzerland,CHE,2002,25.44166,26.21591,27.475521,28.753496,28.137001,28.138126,27.193144,26.768652,27.844767,27.080233,27.5296,26.586985
Switzerland,CHE,2003,25.546703,25.632929,26.16001,28.528067,26.471254,28.272913,27.55769,27.37119,26.764688,26.114567,26.583862,27.323359
Switzerland,CHE,2004,26.260101,27.227608,25.97614,28.404646,27.949688,28.520798,28.110277,26.90851,26.387432,25.910141,26.152851,26.909243
Switzerland,CHE,2005,26.237755,26.247885,26.623407,28.483685,27.474234,27.457342,27.596407,26.988838,26.7338,25.979887,27.326933,25.661438
Switzerland,CHE,2006,25.627333,25.819836,27.46931,28.854925,27.288246,27.691673,27.604332,27.061262,25.906248,26.208889,26.948973,26.320148
Switzerland,CHE,2007,25.939104,26.405949,27.130423,28.762287,28.480011,28.510859,27.130873,27.15866,26.516836,26.368084,26.07113,26.305733
Switzerland,CHE,2008,26.318905,25.712387,26.620779,28.56802,27.236217,29.363064,28.520914,27.853714,27.870373,26.2396,27.660255,27.46322
Switzerland,CHE,2009,27.06191,26.546305,26.603205,29.71301,28.69296,28.998299,28.365788,27.713747,28.084406,27.03147,27.060476,27.021843
Switzerland,CHE,2010,27.221981,27.617956,29.216082,29.79437,28.190157,28.807611,28.76503,27.310953,27.261982,27.737581,27.964111,27.709608
Switzerland,CHE,2011,26.004347,27.289673,27.518616,29.735582,28.284616,29.932655,29.191021,28.540106,27.426584,27.019814,27.80127,27.244507
Switzerland,CHE,2012,26.523708,27.28632,28.139324,30.113983,29.337336,29.988346,28.419718,27.587679,27.244848,27.032864,27.779028,27.611715
Switzerland,CHE,2013,26.968493,26.582438,28.224625,29.845236,29.318563,30.262096,28.274609,28.32997,27.262094,27.28702,27.03699,26.97421
Switzerland,CHE,2014,26.853853,27.679289,28.966024,30.798548,29.059332,30.069565,29.154722,28.5268,28.188114,27.282475,28.07875,28.019222
Switzerland,CHE,2015,27.035122,27.516186,28.354261,31.447483,29.214985,29.591972,29.961323,28.71663,28.191053,27.967144,27.737854,28.08058
Switzerland,CHE,2016,26.722464,26.968176,28.25877,31.318165,29.831541,30.753044,29.846691,28.91447,27.27071,28.469141,28.102024,27.871042
Switzerland,CHE,2017,26.864286,27.545364,28.37311,29.577948,29.218191,29.782785,29.086178,29.06419,27.89834,27.494125,28.02578,27.123287
Switzerland,CHE,2018,25.655838,27.19471,27.857386,29.894173,30.49966,30.582209,29.465633,28.429672,27.51205,27.229149,27.400116,27.58487
Switzerland,CHE,2019,25.516928,26.472473,26.918188,28.802837,28.142336,29.728012,28.52019,28.019789,27.744417,26.51487,26.72893,27.358574
Switzerland,CHE,2020,25.596037,24.99895,27.025652,28.676153,27.525742,29.1674,28.281685,27.55466,27.296177,26.473286,26.983124,26.644993
Switzerland,CHE,2021,25.776413,27.367344,29.00598,30.114899,29.003326,29.48935,28.465157,27.642979,27.89252,28.002676,28.306381,27.678703
Switzerland,CHE,2022,23.997364,24.319223,25.33786,26.982744,26.858551,27.3008,27.155817,26.000868,25.646362,24.619722,24.798464,25.593426
Switzerland,CHE,2023,22.775274,23.973244,24.659367,25.19103,25.009966,25.697697,26.26425,25.63412,24.190567,24.417036,24.513718,23.873825
Ukraine,UKR,1968,34.119114,37.135143,38.364605,39.451946,41.612427,41.878696,41.327137,41.725895,42.745068,42.685226,42.601883,43.91597
Ukraine,UKR,1969,34.122974,35.53936,37.55231,39.087536,41.361546,41.52723,41.267975,43.06881,43.225197,40.62719,41.458218,42.78653
Ukraine,UKR,1970,35.16566,36.58934,38.00349,39.579605,42.194542,44.010666,43.760845,45.06223,45.087173,43.486965,43.15182,44.271748
Ukraine,UKR,1971,37.343903,39.554447,40.312733,41.628384,41.926384,43.985607,43.595055,44.69484,44.239563,43.912968,43.48863,44.467533
Ukraine,UKR,1972,36.89009,38.909466,39.88528,40.57026,43.137962,45.276375,44.056183,45.274002,45.37503,44.03196,43.578876,42.88871
Ukraine,UKR,1973,37.155163,37.503963,37.03736,38.483646,41.439034,43.446198,42.58892,42.87386,42.124805,41.376194,42.149933,43.797653
Ukraine,UKR,1974,36.646675,37.87523,39.19556,39.87744,41.50639,43.250027,44.673508,44.925674,43.46312,42.165207,41.705738,43.16612
Ukraine,UKR,1975,38.445946,37.661312,38.25137,39.96691,42.793453,43.45579,44.227234,43.97266,43.136086,41.694458,41.466473,41.87985
Ukraine,UKR,1976,35.918602,37.76583,38.558426,42.26278,43.977886,44.926796,44.392265,44.373955,42.351654,40.794044,40.728897,42.44449
Ukraine,UKR,1977,35.9655,37.135876,37.015125,38.452316,40.331272,42.574253,42.48895,43.028187,42.920685,41.70861,40.915386,41.34141
Ukraine,UKR,1978,37.65246,37.691147,37.70487,39.162983,41.21616,43.628716,42.80854,42.202915,42.27772,41.0089,40.681477,39.997482
Ukraine,UKR,1979,35.966232,37.497124,38.291965,39.752956,42.022346,41.958775,44.301308,43.441128,42.47026,41.03621,39.836525,39.47515
Ukraine,UKR,1980,36.025143,37.842247,38.56139,39.660713,41.80742,43.98709,43.575016,43.576958,43.4648,40.308105,38.74011,39.63444
Ukraine,UKR,1981,36.24585,37.42275,37.0129,38.753216,40.482094,42.995163,43.38216,42.373642,41.432644,40.009747,40.10449,40.18784
Ukraine,UKR,1982,38.81427,39.663185,37.656063,39.37911,41.1437,42.68758,42.574635,42.56277,41.445404,39.75745,40.21623,40.775192
Ukraine,UKR,1983,39.13728,40.414497,41.386196,42.96249,45.55337,47.303898,45.598537,46.094013,46.054768,45.024258,42.580837,42.66162
Ukraine,UKR,1984,37.41308,38.76262,39.537216,42.67779,45.02977,46.951973,44.95907,44.90451,43.71877,43.242134,42.665447,41.81018
Ukraine,UKR,1985,35.20316,37.1063,38.77087,40.394955,43.07023,44.39272,42.96974,43.30188,43.050266,41.898064,41.140293,41.266296
Ukraine,UKR,1986,37.925575,39.269005,39.75556,41.63215,43.611862,46.13189,43.96589,44.586037,45.91982,43.003597,41.943985,42.4632
Ukraine,UKR,1987,36.79458,37.84512,38.64217,39.861298,40.458084,44.02446,43.915195,42.49944,42.588253,40.183437,41.20865,40.34866
Ukraine,UKR,1988,35.5946,35.037888,36.62827,38.730927,40.874577,43.405045,43.16501,42.21183,40.50394,40.111984,40.106327,38.561108
Ukraine,UKR,1989,33.19579,33.29495,34.43938,35.025047,38.102715,39.109432,39.341164,37.765064,37.42414,37.159447,38.5243,37.928658
Ukraine,UKR,1990,31.329762,31.845385,31.887688,33.155006,35.80633,37.22897,36.569138,36.01125,35.936516,35.349068,36.928894,36.927986
Ukraine,UKR,1991,29.219635,30.05606,30.965149,32.737686,33.760284,35.684082,35.512947,35.152176,34.590473,34.22208,34.620525,34.952183
Ukraine,UKR,1992,27.239676,29.013695,29.879253,30.80416,32.83566,34.268738,34.144035,32.38306,30.995184,31.955887,31.83211,32.533188
Ukraine,UKR,1993,25.120657,26.000696,27.12724,28.93478,29.932632,32.210564,30.925713,30.223501,30.713255,30.182117,31.048283,31.592758
Ukraine,UKR,1994,23.086805,24.051937,25.49112,27.733124,27.853596,29.34468,29.255518,28.763767,29.971228,29.30158,29.233892,28.925116
Ukraine,UKR,1995,24.626934,25.878082,26.57582,27.481388,26.536808,26.018255,27.719093,27.952885,24.32019,26.95826,28.940287,24.453836
Ukraine,UKR,1996,23.52119,24.376863,25.825247,25.71957,26.154531,26.999125,26.371248,26.74232,24.33775,23.688877,25.870413,22.966629
Ukraine,UKR,1997,22.382067,22.141693,24.886023,25.464567,24.060198,27.384884,23.576359,25.70524,22.583204,22.7037,25.903198,23.215496
Ukraine,UKR,1998,21.855452,21.430233,23.510729,24.384527,22.320974,25.167454,23.92891,23.36919,23.87832,21.960756,24.069729,21.240114
Ukraine,UKR,1999,20.837128,21.05381,21.4375,23.466707,21.54327,23.797276,22.182606,20.446394,21.538916,21.919516,21.973408,19.261526
Ukraine,UKR,2000,19.83811,22.113628,22.663038,23.097803,22.100985,22.640268,21.80486,21.282898,19.593407,21.907412,23.367235,17.974344
Ukraine,UKR,2001,19.412283,21.758001,22.03467,21.444233,22.153774,23.38352,19.91231,22.11983,20.057524,21.140535,22.592258,19.610163
Ukraine,UKR,2002,21.818027,22.616053,24.251772,22.89503,22.804565,24.996199,19.6593,20.738947,22.137922,21.415726,23.756983,20.640965
Ukraine,UKR,2003,22.929537,22.444954,25.018526,25.205276,23.695438,26.591536,22.194176,23.40504,22.547058,21.78231,23.899723,22.376022
Ukraine,UKR,2004,23.072165,23.509306,23.810663,26.45506,25.616877,27.02103,26.095434,23.310474,25.340136,24.592995,25.686888,21.952518
Ukraine,UKR,2005,25.007847,25.65771,24.598724,26.450588,26.430256,26.428034,23.541756,23.561888,25.502146,24.27302,25.261597,21.910002
Ukraine,UKR,2006,26.22296,28.105488,28.736805,29.171068,29.549795,28.28227,26.424248,27.253338,24.794376,25.814013,27.747164,22.76316
Ukraine,UKR,2007,25.08435,28.071905,31.060652,28.93542,30.43561,31.434057,26.687044,27.491125,25.390886,26.438047,28.63937,25.77386
Ukraine,UKR,2008,30.621214,30.17564,34.805195,33.966923,31.817364,34.817738,26.999098,29.611221,26.559969,24.929901,29.693829,29.239367
Ukraine,UKR,2009,28.980757,28.398354,31.960306,33.56732,30.590227,34.8324,28.746428,28.599817,30.290377,29.735453,32.256496,29.4958
Ukraine,UKR,2010,28.863668,29.944029,29.903212,31.82169,30.258247,33.066616,31.249546,26.398684,28.585594,29.540876,31.012814,27.660114
Ukraine,UKR,2011,29.864315,32.511436,30.743698,33.2842,34.123882,33.355865,27.700912,26.321444,26.255747,29.266232,30.486048,29.066877
Ukraine,UKR,2012,27.774008,31.592033,34.2794,31.92098,34.529152,35.38679,29.536722,31.262493,28.17899,29.54895,32.57959,29.328447
Ukraine,UKR,2013,28.558638,30.400879,35.280785,31.59435,32.788795,35.363113,27.017036,28.20065,28.737112,27.033478,29.463375,30.780584
United Kingdom,GBR,1938,34.166145,33.577896,34.016407,35.485676,34.280384,36.171276,37.33727,38.662937,38.39364,37.343464,35.72904,35.27331
United Kingdom,GBR,1939,33.245556,32.688343,33.521008,35.85097,35.152905,36.597694,37.16829,38.43136,38.106964,37.010048,35.35713,34.855255
United Kingdom,GBR,1940,32.79306,30.318727,32.48934,36.67207,34.492176,34.57744,34.410957,36.94313,37.5373,37.099503,36.80356,34.64631
United Kingdom,GBR,1941,35.67,34.40161,35.406925,37.565044,35.465675,34.619705,33.777405,35.385612,35.24011,35.167065,35.174973,34.68531
United Kingdom,GBR,1942,39.813263,38.54498,39.880222,41.480396,40.894382,40.56007,42.19715,41.531975,41.258694,41.185276,38.056217,37.68119
United Kingdom,GBR,1943,40.93948,39.717365,40.097427,42.717518,41.378437,43.3542,44.426094,45.080853,44.725025,44.72808,43.183533,42.232647
United Kingdom,GBR,1944,46.491314,44.975002,45.094055,45.47829,43.57163,47.81919,50.171947,51.11713,49.79357,49.435905,46.11124,43.011223
United Kingdom,GBR,1945,40.217777,39.511353,39.256004,41.086613,40.70396,41.89678,43.123947,44.69035,42.346077,41.558365,44.67652,43.7261
United Kingdom,GBR,1946,53.42155,51.196445,49.729645,52.21543,49.1422,48.66291,49.06039,49.618355,47.00956,46.34412,44.011814,41.405357
United Kingdom,GBR,1947,43.32057,42.775253,43.80527,47.915134,46.890312,50.1881,52.115307,54.104927,54.75366,56.155586,55.303856,56.32103
United Kingdom,GBR,1948,39.95345,39.074837,39.966,42.14799,41.104107,44.080677,44.097366,45.159065,46.146126,46.02834,45.807774,45.307972
United Kingdom,GBR,1949,36.046738,36.623203,37.963543,40.21271,39.120926,40.232956,42.12795,42.715088,43.513474,43.172676,42.286057,40.174862
United Kingdom,GBR,1950,35.16144,34.760345,35.72573,38.077404,36.51143,36.856125,39.1846,40.07026,40.66981,41.510628,39.932808,39.13333
United Kingdom,GBR,1951,34.52257,32.48089,32.82257,35.7889,35.587063,37.42399,38.98377,40.03095,39.722507,39.71972,38.43723,37.01524
United Kingdom,GBR,1952,34.10992,33.555443,34.588806,36.59754,35.474495,36.510574,36.794468,38.391422,38.835835,38.791046,37.777843,36.141457
United Kingdom,GBR,1953,34.14571,33.19797,34.372997,37.127144,36.098576,37.86613,39.23825,39.81534,38.91768,39.240257,37.79189,35.844368
United Kingdom,GBR,1954,33.47146,33.205433,34.163544,35.592678,34.536568,36.31208,37.153908,39.08558,38.050037,38.65174,38.300293,36.254116
United Kingdom,GBR,1955,41.167778,39.639908,40.540318,41.56617,40.8525,42.4165,43.483067,43.787113,44.263443,44.408062,42.246693,42.64683
United Kingdom,GBR,1956,41.88431,40.393326,41.66919,43.40133,42.354965,43.885937,44.6283,45.976948,46.825638,47.28824,44.42387,43.605827
United Kingdom,GBR,1957,42.86636,42.141823,44.736336,44.96128,43.72781,44.362553,46.05891,47.567635,47.267918,47.364277,46.567757,44.411373
United Kingdom,GBR,1958,45.000996,43.85226,45.198597,46.111267,43.35086,43.07026,44.892323,48.074005,48.43292,49.599514,47.30699,46.276016
United Kingdom,GBR,1959,42.611706,41.39918,44.463646,45.34347,44.15895,46.366386,47.055645,48.3944,48.735474,49.24279,48.321873,47.1254
United Kingdom,GBR,1960,45.67138,45.602116,46.704193,48.19262,46.50675,47.865597,48.571487,49.95166,49.046432,50.253487,49.33218,45.44728
United Kingdom,GBR,1961,47.211197,45.58119,47.51303,49.098816,48.29394,48.78415,49.686775,50.639187,50.638233,51.847565,49.418095,48.38113
United Kingdom,GBR,1962,47.034706,47.041218,47.876583,49.127342,49.311676,49.79602,51.384903,53.20264,51.74281,54.413677,51.611427,49.718597
United Kingdom,GBR,1963,46.70375,46.73225,48.715954,49.734306,49.139107,50.835796,51.563923,53.13217,52.830887,54.716583,51.944447,50.858234
United Kingdom,GBR,1964,48.208073,47.409378,49.481155,51.500935,49.351578,52.71892,52.73138,53.10874,54.214783,54.15124,52.73845,50.56543
United Kingdom,GBR,1965,46.775978,47.136402,48.24899,50.489002,49.134205,50.8384,51.206364,51.293312,52.312145,54.28848,52.161434,49.586
United Kingdom,GBR,1966,46.49593,44.99457,47.21878,50.12952,49.169086,49.561382,50.037457,49.915897,49.99202,52.556812,50.453957,48.80521
United Kingdom,GBR,1967,44.75301,43.93783,45.678787,47.34742,46.307625,47.227566,48.593193,50.281216,49.52355,52.632454,50.777256,48.606934
United Kingdom,GBR,1968,43.907555,43.600063,45.02212,45.838886,46.649162,47.019978,47.289337,48.919678,48.469116,50.279343,48.222225,47.224693
United Kingdom,GBR,1969,41.236404,40.573364,43.537804,44.70536,43.68763,45.065197,46.30733,47.540413,47.911972,50.03541,47.87646,47.428658
United Kingdom,GBR,1970,43.90729,43.16306,42.70597,43.64405,43.03492,45.134197,45.66231,45.457005,46.207554,46.85856,44.986965,43.335457
United Kingdom,GBR,1971,39.770245,40.851406,41.91788,43.57247,41.93434,44.693115,45.40039,46.046944,46.195667,48.678337,46.526302,45.12335
United Kingdom,GBR,1972,37.254646,38.184044,38.505726,40.6051,40.262257,40.670067,42.033585,42.198627,41.086414,43.7804,42.147835,40.954147
United Kingdom,GBR,1973,35.210064,35.524372,37.0413,36.285927,36.65649,38.000496,39.034027,39.69285,38.563404,41.795437,39.769417,38.552235
United Kingdom,GBR,1974,32.236126,33.25274,35.37415,36.404705,35.876884,37.039593,35.81967,37.264755,36.80262,37.766945,36.164707,36.85708
United Kingdom,GBR,1975,31.25763,30.681421,32.49615,33.939514,33.226494,35.118397,34.54467,35.448383,35.701733,35.664803,34.869644,34.822517
United Kingdom,GBR,1976,29.275902,30.257719,31.178493,33.15739,32.177788,33.228683,34.573288,33.560566,33.87773,36.16325,34.040173,32.485184
United Kingdom,GBR,1977,29.363468,30.77857,32.154762,33.639088,32.328705,32.107487,32.643158,33.621983,31.59484,32.78931,32.205673,31.109777
United Kingdom,GBR,1978,32.727547,32.96588,34.60107,35.711845,33.79615,33.55232,34.000675,33.712547,33.102848,33.82459,32.579773,31.18321
United Kingdom,GBR,1979,33.0161,34.707615,35.76335,35.68556,35.44779,36.89633,37.030846,37.439453,36.614563,36.88831,35.326553,34.471703
United Kingdom,GBR,1980,34.188908,34.146614,36.750423,37.688915,35.84473,38.119694,37.215622,37.859062,38.007442,36.745785,36.161526,36.08144
United Kingdom,GBR,1981,32.86962,34.20712,35.34401,36.382736,35.627422,37.105732,36.415485,35.805084,35.981125,36.380417,35.337944,35.025085
United Kingdom,GBR,1982,33.20177,33.934135,35.047188,36.762314,35.150494,35.734123,34.765923,35.039886,35.6601,35.838627,34.775127,33.94845
United Kingdom,GBR,1983,33.00448,33.74705,33.979927,36.80147,35.53646,36.152817,36.777294,35.75996,35.550648,35.27243,34.648685,33.872402
United Kingdom,GBR,1984,32.888245,35.566177,36.582256,37.100117,36.65769,36.63795,36.10519,35.5984,33.899628,34.82538,34.33465,33.803326
United Kingdom,GBR,1985,32.995865,34.928295,36.83808,38.210022,37.14253,38.075756,36.476734,37.439514,36.254658,36.29167,35.866684,35.97247
United Kingdom,GBR,1986,35.244106,34.149864,36.570442,38.024025,36.882214,37.022247,37.42367,37.729637,37.559925,36.454163,35.673237,35.255836
United Kingdom,GBR,1987,35.83094,35.741165,37.409008,39.135178,37.439175,38.70528,39.556816,38.401176,37.642952,37.18096,36.333786,35.60956
United Kingdom,GBR,1988,35.344868,35.751472,35.831112,39.274273,38.47526,38.565838,38.755142,38.760147,38.46145,39.2723,38.143177,37.059036
United Kingdom,GBR,1989,35.563442,36.30324,36.470764,37.435272,37.733322,38.272884,39.04762,38.768463,37.462597,37.721893,36.982334,36.022728
United Kingdom,GBR,1990,35.780407,37.889236,38.63875,39.305702,38.980404,39.884666,39.844948,39.103348,37.66908,37.599457,37.356556,36.599182
United Kingdom,GBR,1991,35.5396,36.257786,37.599216,38.94459,38.38467,39.569057,38.581112,38.206482,37.599243,37.074825,38.06156,37.943542
United Kingdom,GBR,1992,33.805153,34.942924,35.934795,38.262238,37.090736,38.763977,38.55013,37.405872,37.854454,37.3539,37.46282,37.38661
United Kingdom,GBR,1993,34.810146,34.59346,35.928867,38.432163,36.538647,37.299625,37.74986,36.08815,35.93101,35.863815,35.481064,35.2285
United Kingdom,GBR,1994,33.144966,34.077843,34.9602,36.47576,35.096317,35.912212,37.278442,36.41599,36.066994,36.52562,35.485897,35.182854
United Kingdom,GBR,1995,31.65945,33.498955,34.69267,35.695602,34.966015,35.391968,36.229153,35.642403,33.719044,34.864445,34.585453,33.96557
United Kingdom,GBR,1996,33.66035,34.694378,35.612663,36.200516,35.066544,36.033947,34.446514,33.702305,32.95372,33.124756,33.79462,34.095325
United Kingdom,GBR,1997,33.0195,32.512897,33.339096,34.75422,34.09985,35.30543,34.80464,34.52258,35.319237,33.38245,34.301823,34.4723
United Kingdom,GBR,1998,31.827957,32.123596,33.50843,35.554394,33.71054,35.101723,34.311005,32.80068,33.819786,33.45063,33.60393,33.430367
United Kingdom,GBR,1999,31.431633,31.959194,31.525728,33.720993,32.85191,33.65605,34.077435,32.823376,32.68226,33.217888,32.745308,31.876753
United Kingdom,GBR,2000,29.880568,31.571478,31.450514,32.064255,32.016937,32.213543,31.842726,32.07338,30.93361,31.67612,31.121367,31.556284
United Kingdom,GBR,2001,28.774963,30.749187,31.75048,31.880281,31.304752,31.559168,31.280308,31.614454,30.343117,30.716286,30.763855,31.666704
United Kingdom,GBR,2002,30.046751,30.571384,32.04941,32.54463,31.181135,31.795986,30.347883,31.062622,30.42498,29.767853,30.439747,30.423744
United Kingdom,GBR,2003,30.858715,31.438406,32.92878,33.801517,32.209286,33.663708,32.267433,31.948277,31.809723,30.714205,30.954557,31.118368
United Kingdom,GBR,2004,31.737411,33.019276,33.19569,34.580017,32.67944,33.39605,33.333717,31.583437,32.122883,32.040752,31.79291,32.28418
United Kingdom,GBR,2005,31.614027,32.312958,33.12519,34.808292,34.393787,33.560604,33.549286,32.015877,32.3452,32.14747,31.918951,31.849194
United Kingdom,GBR,2006,32.2233,33.942734,34.841843,35.924553,34.698997,34.06724,34.74116,33.79833,32.43374,33.20911,32.988995,32.02413
United Kingdom,GBR,2007,33.71551,34.57151,35.529064,36.3921,36.00619,35.490437,34.35021,34.719315,33.107704,33.282154,33.60499,33.57088
United Kingdom,GBR,2008,34.078354,34.30286,35.094437,36.394104,35.248856,36.259438,35.37963,35.28252,35.18595,34.431377,34.6947,35.32272
United Kingdom,GBR,2009,34.583237,35.190216,35.58029,35.955715,34.458427,35.826683,35.289917,34.11766,34.660786,34.0872,34.135315,33.62851
United Kingdom,GBR,2010,34.925194,35.939144,36.801163,37.203327,34.809055,35.64939,35.49014,34.022324,34.167873,34.669685,34.742844,34.837124
United Kingdom,GBR,2011,34.432076,35.43735,34.91173,35.9226,35.363552,35.754406,35.879017,34.787216,33.9766,34.14998,34.771317,34.665318
United Kingdom,GBR,2012,33.131897,34.79758,35.85749,36.445316,35.054207,34.960564,34.760826,35.432087,33.946213,34.57529,34.371513,35.24106
United Kingdom,GBR,2013,31.90515,32.767025,34.021564,34.72298,33.786415,34.60943,32.863518,32.940437,32.30905,32.44773,33.300926,33.539745
United Kingdom,GBR,2014,31.460102,32.02515,34.21057,35.234352,32.947357,33.845745,32.946114,32.770687,32.05065,32.0108,32.863525,32.84584
United Kingdom,GBR,2015,31.745884,32.79197,33.386925,34.34453,32.742447,34.03768,33.496742,32.62964,31.975628,31.34126,32.030727,32.13349
United Kingdom,GBR,2016,30.613817,31.690065,32.174908,34.00809,32.55038,33.444042,33.349663,32.5068,32.110355,31.565481,32.176373,31.47321
United Kingdom,GBR,2017,29.473629,31.506207,31.86653,32.854267,32.1765,31.970478,31.707138,31.663143,30.583584,30.904987,30.93104,30.86688
United Kingdom,GBR,2018,28.645294,30.246933,30.809925,31.21405,30.836937,30.787441,30.781557,30.712679,29.51624,29.117016,29.307768,30.673521
United Kingdom,GBR,2019,27.527122,28.78226,29.939426,30.673452,29.927319,30.512882,29.640738,29.735563,28.563011,28.481407,28.848093,29.317385
United Kingdom,GBR,2020,25.29445,27.85328,29.391605,30.35775,28.878984,31.21872,27.11469,26.05272,25.476826,26.860435,27.783817,28.655035
United Kingdom,GBR,2021,27.201391,29.13415,29.730904,30.599781,29.009853,29.523045,28.822964,27.26103,27.810463,28.1581,27.508072,25.71611
United Kingdom,GBR,2022,25.646486,27.742065,28.06401,28.564157,27.642685,27.385006,27.273788,27.219643,26.414248,27.3213,27.466204,26.649567
United States,USA,1933,44.096783,43.94361,42.832993,44.436665,46.673576,46.445797,44.93144,44.931377,45.533222,47.278343,47.303642,46.496254
United States,USA,1934,45.261814,46.169106,47.834087,50.679565,49.832096,47.91392,46.18149,45.732456,44.549397,45.79438,47.15577,46.77532
United States,USA,1935,43.43067,43.814167,45.031376,48.461174,48.75588,48.64075,46.856266,44.334362,45.174385,47.09443,48.140125,47.318844
United States,USA,1936,42.60184,43.24122,44.93326,47.792927,47.95518,48.103573,45.918873,42.982353,44.440407,47.58009,47.69937,46.036896
United States,USA,1937,45.028122,44.611565,45.924606,49.722202,50.341442,48.897724,45.946472,45.35045,45.51239,47.566425,47.427464,45.7586
United States,USA,1938,45.182327,46.055096,47.60291,50.416008,51.068455,50.4668,47.21121,46.76029,47.38752,48.85656,49.67822,48.51779
United States,USA,1939,44.183502,45.04253,47.485386,50.29497,50.16812,49.413506,46.31987,45.094246,46.684196,48.45362,48.42112,47.602604
United States,USA,1940,46.783398,46.757298,48.46363,51.96514,52.171825,51.342808,48.614296,47.500072,47.2509,48.53959,49.35232,47.665596
United States,USA,1941,50.56626,49.94647,50.197468,53.846626,55.580925,56.781498,52.915867,48.121784,50.386776,51.487545,51.38621,49.881332
United States,USA,1942,60.22572,61.422813,63.939793,64.068436,60.114788,57.63005,54.21143,51.512886,52.19399,54.7876,55.63715,54.15951
United States,USA,1943,55.180035,56.16891,58.807705,62.58161,62.909092,62.327263,59.702618,56.977345,58.624977,61.405796,63.145054,62.999054
United States,USA,1944,56.80618,57.478592,57.280277,59.489418,61.241585,61.510067,57.617367,53.70604,53.20777,55.092716,57.60501,56.882202
United States,USA,1945,52.677147,53.55567,55.01865,58.33118,58.179626,57.78055,55.75711,53.470154,53.641254,55.889034,57.640915,57.496567
United States,USA,1946,77.311554,78.58216,77.99062,77.51553,72.29907,66.425385,58.27509,54.514896,53.418407,53.671272,53.892513,52.705364
United States,USA,1947,64.49349,66.61544,69.09649,71.896065,71.84118,71.664795,70.35522,68.55476,68.37187,73.846725,75.91676,77.45635
United States,USA,1948,64.88604,65.904724,67.646774,71.09469,70.76755,68.011,61.173813,60.299274,63.63003,66.73946,67.93651,65.83166
United States,USA,1949,63.14273,64.86194,67.2936,69.89197,69.93389,69.04591,64.09093,61.275814,60.97221,65.49517,66.103386,65.49652
United States,USA,1950,63.90302,64.188156,66.32405,69.386154,69.306046,67.355286,64.906395,59.021465,57.321365,63.090195,64.841896,63.950188
United States,USA,1951,65.22338,65.804634,68.96847,71.25435,70.206276,69.01791,66.74494,65.97355,64.53807,66.10262,66.082756,64.29792
United States,USA,1952,66.523094,67.08825,69.33944,73.356255,72.48924,71.544975,66.7181,62.373016,62.74648,66.03994,66.90892,65.0576
United States,USA,1953,68.71528,66.96168,67.78185,72.98317,72.50207,72.20196,67.714386,62.792538,60.66276,64.562225,67.30827,66.261246
United States,USA,1954,67.799034,68.84469,70.05675,73.88808,72.557526,71.79977,67.702896,63.90365,63.347084,65.157425,67.486855,66.95997
United States,USA,1955,67.27726,67.85367,69.2331,73.20305,71.98068,69.549835,66.002846,64.17297,63.020184,65.668015,67.12494,65.17427
United States,USA,1956,67.954956,68.030945,70.93858,74.40536,73.72201,71.386955,66.55448,60.940094,61.726677,66.881165,67.433266,65.94988
United States,USA,1957,66.84257,67.709625,70.91705,73.53439,72.10736,71.94315,68.18829,65.45684,65.08059,66.34348,67.01534,66.17456
United States,USA,1958,65.81895,65.99526,69.006805,72.257706,68.156715,66.996765,65.00534,63.806103,62.902534,64.948784,66.35537,64.59825
United States,USA,1959,64.75169,64.68956,66.77039,70.78342,69.11364,68.05912,64.59247,61.64537,62.565556,65.583206,65.506905,64.138336
United States,USA,1960,65.05882,64.40778,66.10709,71.5042,70.164566,67.03279,61.672012,59.834393,60.813393,63.023514,63.553116,62.376053
United States,USA,1961,62.0635,62.795303,64.98571,68.60516,67.86238,65.843094,62.376347,60.517048,61.284866,63.85245,64.33977,62.77174
United States,USA,1962,60.35015,60.47761,62.875607,66.03164,65.73496,63.02034,58.929455,58.34018,59.044346,61.194496,61.51655,60.166332
United States,USA,1963,57.832706,57.849224,60.845886,64.3833,62.77096,61.675438,58.766617,57.325188,57.300854,58.536777,59.235775,58.451004
United States,USA,1964,55.546917,56.185547,58.58015,61.88224,59.838646,60.438583,58.065,55.322975,54.828465,56.34796,57.791035,56.442703
United States,USA,1965,51.13717,51.803577,53.28742,57.362286,56.086746,55.487396,53.149204,51.232983,50.662903,53.115337,53.45546,52.42482
United States,USA,1966,49.662144,50.359142,51.487064,54.31799,52.95054,51.220783,49.89768,48.37747,49.02188,50.21155,50.225033,48.70901
United States,USA,1967,47.546333,47.810787,49.419712,51.989166,51.126102,50.56161,48.97592,47.53961,45.78317,48.650784,48.777565,48.0958
United States,USA,1968,49.09084,48.57305,49.094593,51.01718,50.369568,49.880646,48.079247,46.73463,45.83528,45.787117,46.19546,45.091335
United States,USA,1969,50.102093,48.94241,49.788628,51.60326,51.33065,50.950092,48.270447,46.35852,46.873104,47.63853,48.205696,47.308117
United States,USA,1970,51.740234,50.26299,51.01942,54.092625,52.22848,52.158012,49.522602,47.161762,46.9805,48.761528,49.475014,48.04194
United States,USA,1971,44.37228,45.145416,47.06916,50.021927,48.7079,47.588177,46.002705,44.470146,46.227345,48.22985,49.237362,49.03477
United States,USA,1972,42.436886,41.92776,42.325813,44.92194,44.359627,42.82915,41.41944,41.676746,40.681778,42.271393,43.447,42.79095
United States,USA,1973,39.627415,39.634216,40.445667,42.65291,42.921085,42.01779,40.125824,38.930775,39.138863,41.183506,40.9129,40.77711
United States,USA,1974,40.058304,40.199398,42.293835,44.2748,43.300453,42.296314,39.18821,38.933083,38.615154,39.141567,39.771843,39.128674
United States,USA,1975,39.653374,38.5584,40.02499,42.306107,41.90091,41.90625,39.618874,39.248222,38.947968,39.318016,39.66036,39.016052
United States,USA,1976,40.525764,40.25761,41.179276,43.22377,41.79418,41.1259,39.357174,37.38306,37.43298,38.418533,38.669453,38.338207
United States,USA,1977,39.87244,40.67914,41.865093,44.29546,43.896194,42.742928,41.50796,40.41656,39.91914,41.40926,41.362217,40.072205
United States,USA,1978,41.208183,41.085808,41.866425,44.0413,43.951546,42.814705,40.675995,39.416412,38.3239,40.329304,40.3792,39.542988
United States,USA,1979,41.686512,42.636158,43.570103,45.44225,45.647964,44.704575,41.94674,41.32997,40.370834,41.626156,41.70982,41.10204
United States,USA,1980,42.8682,42.359673,44.109848,46.973557,45.867912,45.726173,43.05886,41.803288,42.219524,42.396572,42.71525,41.71741
United States,USA,1981,42.5646,42.130756,43.366226,46.423676,46.352783,45.870956,43.329617,41.73819,41.598633,42.56201,42.711456,41.63249
United States,USA,1982,41.653984,42.474903,43.637074,46.94312,45.821106,45.765858,44.34835,42.72676,42.052174,42.73501,42.87427,41.684177
United States,USA,1983,41.12894,41.377743,42.11555,44.78943,44.685974,43.89207,43.38859,41.918762,42.01812,43.047634,42.487946,41.28447
United States,USA,1984,41.16016,41.843483,43.875626,46.08885,45.833496,44.53896,42.289795,41.024895,40.500328,41.712845,41.333134,40.15655
United States,USA,1985,41.991283,42.130272,43.703667,46.353825,45.609436,45.22462,43.260395,43.135006,42.384712,42.25933,42.38891,41.423374
United States,USA,1986,41.872612,40.60234,42.79261,46.340813,44.83657,44.95418,42.758755,42.528717,42.327072,42.11022,42.196354,41.335403
United States,USA,1987,42.496178,42.033554,43.37199,45.904873,44.09726,44.8004,44.213585,42.654232,42.4519,42.40852,41.957653,40.81468
United States,USA,1988,42.322037,42.732197,43.610573,47.227802,46.70349,45.716976,44.882313,43.08274,42.261272,42.615475,42.267925,41.129444
United States,USA,1989,43.698673,43.8112,44.861145,48.17351,47.865433,46.61764,45.81492,44.02791,43.159836,44.57494,43.650555,42.091732
United States,USA,1990,43.27962,44.298027,45.491943,47.791683,48.083313,47.506744,46.425774,45.84973,45.05219,45.490578,44.952106,43.590557
United States,USA,1991,43.279972,42.46523,44.357437,46.81869,46.731396,46.289852,44.10648,45.143497,44.385826,44.08551,43.900806,43.04136
United States,USA,1992,42.261677,41.675564,43.085888,45.091305,43.862156,45.190556,44.21789,43.404057,43.497192,42.91856,42.674297,42.32266
United States,USA,1993,40.919853,40.438225,41.224773,44.57433,43.53945,43.790646,43.0871,41.820522,42.107883,42.68138,42.115734,40.38203
United States,USA,1994,39.890324,40.332844,40.388824,42.922054,43.166325,42.43523,41.84725,40.606575,40.361454,41.851246,41.13821,39.586464
United States,USA,1995,38.00837,38.794712,39.900166,42.40676,42.487686,41.332623,41.363506,40.643517,38.844143,39.987038,39.807495,38.541363
United States,USA,1996,38.46265,38.170486,40.195534,41.575893,41.467445,41.369286,39.487625,39.11361,38.827976,38.813633,38.850697,37.889084
United States,USA,1997,38.82347,37.467697,38.81912,40.756138,40.13347,41.04744,39.438213,39.20804,38.578,38.200554,38.42447,37.798965
United States,USA,1998,38.909775,37.755608,38.855103,41.46809,40.327038,40.82415,39.614323,38.77546,38.80075,38.722866,38.910774,37.60861
United States,USA,1999,38.408237,37.583614,38.44715,41.727043,40.64494,40.501682,39.781204,38.107006,38.01733,38.68993,38.319763,37.159626
United States,USA,2000,38.407684,39.37164,39.289913,41.07089,41.20807,39.972244,40.420586,39.151196,37.64049,39.144978,39.031307,38.011322
United States,USA,2001,36.879623,37.810024,38.91928,40.072483,40.99081,39.80453,38.823902,39.07072,38.009354,38.52757,38.25966,38.193104
United States,USA,2002,37.411476,36.87188,38.762245,40.431644,40.34657,40.18005,38.055637,38.14002,37.7449,37.351353,37.947487,37.313095
United States,USA,2003,38.114742,36.72019,39.33416,41.31826,40.066074,40.55482,38.851788,38.66667,38.065487,37.625893,38.01679,36.88589
United States,USA,2004,38.036255,38.156155,38.358776,40.529564,39.183716,39.6575,39.35168,37.31295,38.09352,38.333717,37.394844,36.903618
United States,USA,2005,37.92009,37.79718,37.58478,40.980145,40.338627,39.029568,39.664066,37.91058,37.642544,38.303703,37.617344,36.40406
United States,USA,2006,38.407738,39.24221,39.68324,41.860474,41.958313,39.84078,40.117283,38.548927,36.99124,38.757015,38.424084,37.02496
United States,USA,2007,37.87549,39.071774,39.517395,40.599243,41.836464,40.715424,39.775677,38.92208,37.574696,38.82369,38.971703,38.251446
United States,USA,2008,37.46095,35.44561,37.94201,40.3426,39.64072,39.888653,38.304863,37.767662,38.12194,37.371365,38.598366,38.05018
United States,USA,2009,35.790108,34.751793,36.537655,39.33623,37.845074,38.808952,37.7916,36.417717,36.787453,36.738487,37.056805,35.751774
United States,USA,2010,35.299427,35.126415,35.119488,37.816235,36.515934,36.06452,36.138912,34.340836,35.15764,35.468685,35.045044,33.90355
United States,USA,2011,33.84011,34.364624,34.001453,36.98166,37.24605,35.832798,36.16166,33.912216,33.628235,34.31714,34.310116,33.351612
United States,USA,2012,33.284115,34.508904,35.507057,36.140347,37.156204,35.781033,34.829193,34.030567,32.6871,33.470154,33.61234,32.68285
United States,USA,2013,34.204132,33.563713,34.753246,35.663277,36.114338,35.69321,33.79941,33.725296,32.978436,32.84372,33.117096,33.206814
United States,USA,2014,34.459904,33.266994,34.782543,36.495,35.93119,36.082,34.207634,34.0018,33.515495,32.920635,33.633717,33.24612
United States,USA,2015,33.719387,33.109295,34.090767,36.13331,35.419445,35.60465,34.431213,33.07619,33.46069,33.21822,33.346638,32.958763
United States,USA,2016,32.391376,32.93933,33.050255,35.67824,35.774548,34.28427,34.37127,32.811543,32.459904,32.93884,32.8166,31.790228
United States,USA,2017,31.325508,32.446743,32.741207,34.59875,34.98687,33.291553,33.287235,32.083508,30.871157,31.832891,31.888212,31.281916
United States,USA,2018,30.660065,31.484766,32.266487,32.94693,34.069267,32.527164,32.174786,31.724281,30.52173,31.297266,31.177643,31.200768
United States,USA,2019,30.225407,30.16964,31.858492,33.01772,33.535397,32.768787,30.88282,31.116165,30.401915,29.96236,30.546835,30.657845
United States,USA,2020,28.19057,28.41345,29.700539,31.372944,31.148281,31.361197,30.46055,29.426771,29.313288,29.47179,29.538364,29.805744
United States,USA,2021,30.135128,30.212372,30.573153,32.636345,32.03292,31.63975,31.4489,29.21233,29.422295,29.40322,28.654455,26.940815
United States,USA,2022,30.292866,30.558062,29.556404,31.099977,32.397995,30.960552,30.508183,28.750591,28.835554,29.740004,29.54537,28.552893
United States,USA,2023,28.426945,29.414719,29.527288,30.177982,30.838522,29.831142,30.029408,28.720404,27.626322,28.745363,28.815924,28.79925
West Germany,OWID_GFR,1946,37.770214,37.58277,39.060333,41.626976,39.946724,41.25914,41.74964,41.512825,38.05973,33.500343,27.024519,21.634972
West Germany,OWID_GFR,1947,37.48941,36.75338,37.03808,41.092728,37.651505,39.041653,39.034824,39.39175,39.224735,40.13714,40.698227,40.77467
West Germany,OWID_GFR,1948,41.8569,40.547897,40.000355,43.32,39.635193,40.585457,40.48999,41.10669,41.76396,42.16843,42.0833,40.238373
West Germany,OWID_GFR,1949,39.837658,39.597713,39.843082,42.667446,41.823154,42.681225,43.050385,43.611004,44.107048,45.57782,46.11007,42.84995
West Germany,OWID_GFR,1950,39.004894,39.773304,40.012405,41.090862,39.20435,40.178116,41.80319,43.1657,43.30319,45.33739,44.53495,42.052135
West Germany,OWID_GFR,1951,38.392677,37.085262,38.51319,39.901573,38.995255,40.524597,41.26396,43.009632,42.69111,43.73634,43.5269,41.1796
West Germany,OWID_GFR,1952,38.24203,38.773926,37.661144,40.619503,38.733734,40.46856,40.785133,42.29196,43.106426,44.182247,43.65499,41.072342
West Germany,OWID_GFR,1953,38.960907,36.24342,37.529785,41.04852,38.699387,40.39926,41.62635,42.490208,42.935192,44.059322,43.49955,41.64901
West Germany,OWID_GFR,1954,39.206158,39.154377,38.104645,41.574673,40.028675,41.250103,42.547894,44.316624,43.718506,44.195507,44.922558,42.435375
West Germany,OWID_GFR,1955,39.679783,39.5205,39.881645,41.98314,40.78009,41.19105,42.879776,43.456745,43.615143,45.052372,44.40686,41.461006
West Germany,OWID_GFR,1956,41.85403,42.018616,41.084404,43.7787,42.20329,43.39026,43.166443,45.83593,45.453316,47.54533,46.217823,42.52757
West Germany,OWID_GFR,1957,43.74172,42.55241,43.278267,45.94709,43.233746,44.572517,46.641678,47.23743,48.13303,48.22747,48.34844,44.72291
West Germany,OWID_GFR,1958,45.103775,43.68073,43.67269,47.62261,42.812683,41.949234,43.62468,47.480415,46.84161,50.14604,48.162006,45.898396
West Germany,OWID_GFR,1959,44.9097,43.89913,44.54977,47.5454,45.082115,46.66237,47.7959,49.038963,50.339287,50.9504,51.05984,47.679207
West Germany,OWID_GFR,1960,44.615395,43.361546,43.166714,48.85599,47.1396,47.772945,48.751522,49.45152,49.738308,50.926983,50.714657,46.91172
West Germany,OWID_GFR,1961,46.854984,46.983696,46.994453,49.096,47.787106,47.984516,49.17671,50.799603,51.38215,53.355183,52.058205,49.535477
West Germany,OWID_GFR,1962,46.745647,46.150124,46.487007,49.39543,48.213257,47.9674,49.352207,50.97951,50.683884,52.157967,51.60357,49.053837
West Germany,OWID_GFR,1963,45.776237,46,46.96625,50.62074,48.362633,50.45239,50.110134,52.89114,53.209396,54.548523,52.363987,51.239433
West Germany,OWID_GFR,1964,47.233875,45.314068,45.984745,50.299095,47.188965,50.14679,50.809002,51.601467,53.720608,53.994934,53.387905,50.774555
West Germany,OWID_GFR,1965,44.53508,45.904762,44.112396,48.454315,47.238636,48.236782,49.282547,50.17984,51.2992,52.867973,52.451122,48.633278
West Germany,OWID_GFR,1966,44.24548,44.928726,45.189125,48.27398,47.50708,48.16687,49.800934,50.581154,51.041584,52.057552,50.575127,47.98915
West Germany,OWID_GFR,1967,42.91687,42.99656,44.052624,46.34055,45.188824,46.255085,47.452606,49.252956,48.738277,50.064278,50.32139,46.565678
West Germany,OWID_GFR,1968,40.252766,39.300037,39.026386,43.239918,42.826702,43.304527,44.88625,46.411427,47.13389,47.73596,47.336285,47.063873
West Germany,OWID_GFR,1969,35.733727,35.652077,36.813305,39.86804,38.49367,41.433067,41.158623,42.915653,43.46707,45.254387,44.133118,43.94563
West Germany,OWID_GFR,1970,35.863216,34.071907,32.207695,33.70569,34.62333,37.094433,37.81381,37.650578,38.420776,39.244602,38.78148,36.94614
West Germany,OWID_GFR,1971,31.277878,32.326683,32.257034,34.381073,33.197803,35.02906,35.79057,36.144302,36.612186,37.789135,37.33428,36.187096
West Germany,OWID_GFR,1972,27.931099,28.038456,28.310066,29.86117,29.844505,31.801228,32.69907,32.715717,32.52856,33.64587,33.493732,32.275333
West Germany,OWID_GFR,1973,25.918097,26.00499,26.321281,27.565823,27.822338,29.02313,29.26278,28.729685,28.801556,29.64887,29.558048,28.869522
West Germany,OWID_GFR,1974,25.010311,25.297733,26.185287,28.691172,27.982561,28.701675,27.999441,29.20208,28.348309,28.941954,27.97413,27.58534
West Germany,OWID_GFR,1975,25.295033,24.332804,24.785877,26.990541,26.229326,27.527487,27.020658,27.240065,27.639511,27.485535,27.765781,27.094606
West Germany,OWID_GFR,1976,24.766962,25.120794,25.427006,28.301365,27.024366,27.455717,27.402487,26.986462,26.60326,27.849287,27.277813,26.971605
West Germany,OWID_GFR,1977,24.270859,24.66734,25.199127,27.054274,25.936201,26.10179,27.173862,27.035904,25.610271,26.822054,26.358105,25.653751
West Germany,OWID_GFR,1978,23.949482,23.551922,24.457056,26.406044,25.416872,26.453428,26.68511,26.841288,26.60883,26.69639,26.670769,25.356894
West Germany,OWID_GFR,1979,24.592527,25.103193,25.823381,27.212912,26.481716,26.847569,26.083715,26.682703,26.276844,25.654703,25.577148,25.417274
West Germany,OWID_GFR,1980,26.90743,26.322552,27.306984,28.614103,27.774076,29.308512,28.303791,28.013952,27.252386,26.849072,27.033052,26.987106
West Germany,OWID_GFR,1981,26.339573,26.21569,26.720411,29.585426,28.66138,29.381556,28.412554,27.170568,27.736124,27.454937,28.498213,26.853025
West Germany,OWID_GFR,1982,26.204931,26.391207,27.314653,29.484058,28.289333,28.766659,28.218088,26.448254,27.094503,28.058212,27.917957,27.2405
West Germany,OWID_GFR,1983,24.772917,24.868656,25.404476,27.81496,27.514713,27.203232,27.227352,26.869556,26.151815,26.663254,27.461102,26.14637
West Germany,OWID_GFR,1984,24.592106,25.395765,26.184885,27.238476,27.276882,27.31419,26.407772,25.962164,25.450666,26.168728,26.423395,24.670485
West Germany,OWID_GFR,1985,23.96097,24.800133,26.64464,28.062607,26.708973,27.798897,25.742517,26.611994,26.532808,26.54524,26.463642,25.92465
West Germany,OWID_GFR,1986,27.813105,26.59632,28.327547,30.509811,28.795324,28.971224,28.394173,27.592676,28.653122,26.768755,27.705534,26.911375
West Germany,OWID_GFR,1987,27.235239,26.990612,27.977121,31.027554,30.07699,30.819134,30.34712,28.799236,27.953436,27.811787,27.95659,28.010101
West Germany,OWID_GFR,1988,28.832983,28.79671,29.173712,32.487305,31.508793,30.92621,29.868534,30.405603,28.78545,30.763197,30.228315,29.748573
West Germany,OWID_GFR,1989,29.3859,28.932924,28.994722,31.10391,31.564466,31.96089,30.22809,29.882391,29.444002,29.81948,30.50388,29.20841
West Germany,OWID_GFR,1990,29.685936,30.586973,32.031937,34.49842,33.93492,33.50188,30.66774,30.926834,30.284239,30.834671,31.66204,30.77554
West Germany,OWID_GFR,1991,28.370733,28.768715,29.150402,33.014084,31.98127,32.770767,31.378803,31.075127,30.998905,30.990679,31.747261,31.649101
West Germany,OWID_GFR,1992,28.146069,28.166527,28.767904,32.568035,31.691807,32.205963,30.97135,30.16465,29.964714,30.722406,31.736614,30.893682
West Germany,OWID_GFR,1993,27.437172,27.579342,28.84207,32.08192,31.423029,31.938473,30.937168,29.24026,29.938055,30.613668,31.271368,30.992632
West Germany,OWID_GFR,1994,27.40622,27.20079,27.3733,29.99758,29.584192,29.984564,29.830196,29.229881,29.274218,29.087885,29.37629,28.65907
West Germany,OWID_GFR,1995,26.436684,27.335478,28.668343,30.355467,29.898212,30.315,29.398718,27.117867,26.375328,28.133512,28.82003,28.092087
West Germany,OWID_GFR,1996,28.723198,28.530022,29.229086,31.672405,30.69051,30.97196,29.385813,27.669254,27.512693,28.325285,28.844578,27.83085
West Germany,OWID_GFR,1997,27.212708,26.481884,28.266935,31.05788,30.283792,31.413004,30.796741,29.676554,29.868124,28.233244,30.794945,30.348593
West Germany,OWID_GFR,1998,26.17659,26.506424,27.340826,30.758091,29.384684,30.311184,27.79881,27.53325,28.307796,27.759298,28.913883,28.656046
West Germany,OWID_GFR,1999,25.676273,24.897217,26.000458,29.651735,28.759657,29.534094,28.336609,27.42189,26.914627,26.999512,28.127327,27.767393
West Germany,OWID_GFR,2000,25.284657,25.081598,26.109293,28.36098,28.315311,28.0675,27.274822,27.039555,26.409073,26.920073,27.981771,27.546295
West Germany,OWID_GFR,2001,23.664951,24.386944,25.297935,26.962862,27.133228,27.37765,26.312351,26.19514,25.154627,25.224022,25.52708,26.57259
West Germany,OWID_GFR,2002,23.622492,23.469984,25.227453,26.965775,26.118046,26.73149,25.15404,24.261345,24.706884,25.195974,25.537516,25.139217
West Germany,OWID_GFR,2003,22.97763,22.816696,24.133612,26.736519,25.692293,26.968018,25.065903,24.355799,24.162218,23.523773,24.510885,24.419146
West Germany,OWID_GFR,2004,23.239347,23.005148,23.810505,26.3556,26.126331,26.424168,25.32522,23.127916,23.380354,23.139338,24.055157,24.378452
West Germany,OWID_GFR,2005,22.313154,22.0883,22.98726,25.533846,24.978483,24.948261,24.396605,23.164114,23.405079,23.28689,23.954855,23.395638
West Germany,OWID_GFR,2006,21.068398,21.945686,23.362463,25.133945,24.464071,24.61316,23.699345,23.615303,21.83268,22.553135,23.199165,22.584831
West Germany,OWID_GFR,2007,22.38181,22.792286,24.061138,25.73212,25.290218,24.815279,23.903927,22.752031,21.36631,22.841764,23.033432,23.257553
West Germany,OWID_GFR,2008,21.354279,21.45085,22.865755,25.380306,24.522425,25.417593,24.312607,23.217981,23.052069,21.409306,23.03851,23.625286
West Germany,OWID_GFR,2009,21.729628,21.520712,22.098225,24.724981,24.034914,24.957254,23.5624,21.911894,22.062807,21.64806,22.422163,22.293142
West Germany,OWID_GFR,2010,22.28769,22.689829,23.743137,25.444366,23.961428,24.887949,23.775873,22.593668,21.62019,22.357347,22.516342,22.279404
West Germany,OWID_GFR,2011,21.15455,21.446257,22.522678,25.043234,24.302132,24.633093,23.573826,22.199474,20.751312,21.51742,22.62644,22.200092
West Germany,OWID_GFR,2012,21.477453,22.22547,23.32004,24.779148,24.749939,24.527517,22.98431,22.800297,22.06877,22.2981,21.960457,22.00893
West Germany,OWID_GFR,2013,21.764193,22.088684,23.391773,25.97589,25.005016,25.747463,23.645311,22.91354,22.211979,21.82676,22.224995,22.570784
West Germany,OWID_GFR,2014,23.181448,23.312172,24.6428,26.798222,25.797468,26.775204,24.931778,23.809717,23.208529,22.6979,23.77713,23.100012
West Germany,OWID_GFR,2015,24.434198,24.606348,25.974781,28.346632,27.31837,27.645945,26.485073,24.612143,23.553398,23.491547,23.79009,23.811184
West Germany,OWID_GFR,2016,25.805138,25.677334,27.097828,29.414064,28.813822,28.876686,27.257479,25.508347,24.542185,24.881165,25.328955,24.806816
West Germany,OWID_GFR,2017,24.488014,25.462248,26.392576,28.364986,28.1428,28.223711,26.919563,26.743725,25.01704,25.031656,25.741697,25.220064
West Germany,OWID_GFR,2018,23.69817,24.575562,26.529566,28.625772,28.262354,28.976412,27.868782,26.699371,25.331068,25.157566,25.553349,25.90005
West Germany,OWID_GFR,2019,23.762363,24.86809,26.54367,28.61644,28.261461,28.780613,27.280802,25.648657,25.632412,24.433632,25.085102,25.050722
West Germany,OWID_GFR,2020,24.123295,24.417122,26.32314,28.489294,27.796034,28.247192,27.081469,25.774712,25.094257,24.726719,24.934435,25.219566