Entity,Code,Year,Birth rate,Month with peak value
Australia,AUS,1921,25.070463,
Australia,AUS,1922,24.919743,
Australia,AUS,1923,23.988203,
Australia,AUS,1924,23.434467,
Australia,AUS,1925,23.090712,
Australia,AUS,1926,22.181227,
Australia,AUS,1927,21.828491,
Australia,AUS,1928,21.460918,
Australia,AUS,1929,20.381004,
Australia,AUS,1930,19.961052,
Australia,AUS,1931,18.235384,
Australia,AUS,1932,16.922365,
Australia,AUS,1933,16.841515,
Australia,AUS,1934,16.44455,
Australia,AUS,1935,16.600792,
Australia,AUS,1936,17.178246,
Australia,AUS,1937,17.487328,
Australia,AUS,1938,17.520687,
Australia,AUS,1939,17.710457,
Australia,AUS,1940,18.026264,
Australia,AUS,1941,18.999765,
Australia,AUS,1942,19.117384,
Australia,AUS,1943,20.696074,
Australia,AUS,1944,21.069567,
Australia,AUS,1945,21.825392,
Australia,AUS,1946,23.727512,
Australia,AUS,1947,24.232134,
Australia,AUS,1948,23.268166,
Australia,AUS,1949,23.19881,
Australia,AUS,1950,23.679127,
Australia,AUS,1951,23.273787,
Australia,AUS,1952,23.6286,
Australia,AUS,1953,23.16217,
Australia,AUS,1954,22.70792,
Australia,AUS,1955,22.822554,
Australia,AUS,1956,22.761618,
Australia,AUS,1957,23.099445,
Australia,AUS,1958,22.824429,
Australia,AUS,1959,22.79457,
Australia,AUS,1960,22.639528,
Australia,AUS,1961,23.07683,
Australia,AUS,1962,22.34027,3
Australia,AUS,1963,21.799719,9
Australia,AUS,1964,20.787561,3
Australia,AUS,1965,19.826256,9
Australia,AUS,1966,19.489773,9
Australia,AUS,1967,19.585781,9
Australia,AUS,1968,20.222467,9
Australia,AUS,1969,20.600578,9
Australia,AUS,1970,20.774914,12
Australia,AUS,1971,21.594065,2
Australia,AUS,1972,20.082956,3
Australia,AUS,1973,18.466791,3
Australia,AUS,1974,18.000843,3
Australia,AUS,1975,16.850145,2
Australia,AUS,1976,16.277567,3
Australia,AUS,1977,16.087337,3
Australia,AUS,1978,15.754555,3
Australia,AUS,1979,15.465474,3
Australia,AUS,1980,15.503508,5
Australia,AUS,1981,16.045004,3
Australia,AUS,1982,15.859823,3
Australia,AUS,1983,15.894623,3
Australia,AUS,1984,15.643819,3
Australia,AUS,1985,15.562446,3
Australia,AUS,1986,15.341569,9
Australia,AUS,1987,15.13522,3
Australia,AUS,1988,15.332021,9
Australia,AUS,1989,15.275287,9
Australia,AUS,1990,15.521218,9
Australia,AUS,1991,15.041634,4
Australia,AUS,1992,15.205834,9
Australia,AUS,1993,14.898654,9
Australia,AUS,1994,14.8005295,3
Australia,AUS,1995,14.532887,3
Australia,AUS,1996,14.238344,9
Australia,AUS,1997,13.946154,9
Australia,AUS,1998,13.696836,9
Australia,AUS,1999,13.70642,9
Australia,AUS,2000,13.530565,9
Australia,AUS,2001,13.145612,9
Australia,AUS,2002,13.08416,9
Australia,AUS,2003,12.954248,9
Australia,AUS,2004,12.837021,9
Australia,AUS,2005,13.422846,9
Australia,AUS,2006,13.607216,9
Australia,AUS,2007,14.088467,3
Australia,AUS,2008,13.976873,9
Australia,AUS,2009,13.806255,9
Australia,AUS,2010,13.593349,3
Australia,AUS,2011,13.516311,3
Australia,AUS,2012,13.697031,3
Australia,AUS,2013,13.323882,2
Australia,AUS,2014,13.213746,2
Australia,AUS,2015,12.860574,9
Australia,AUS,2016,12.878443,3
Australia,AUS,2017,12.270583,3
Australia,AUS,2018,11.968048,2
Australia,AUS,2019,11.727481,5
Australia,AUS,2020,11.183255,3
Australia,AUS,2021,12.078085,3
Austria,AUT,1947,18.602758,1
Austria,AUT,1948,17.701601,2
Austria,AUT,1949,16.31931,2
Austria,AUT,1950,15.545829,3
Austria,AUT,1951,14.818016,2
Austria,AUT,1952,14.873703,4
Austria,AUT,1953,14.847516,3
Austria,AUT,1954,14.99352,2
Austria,AUT,1955,15.636005,2
Austria,AUT,1956,16.669212,2
Austria,AUT,1957,17.068914,4
Austria,AUT,1958,17.167406,3
Austria,AUT,1959,17.773748,2
Austria,AUT,1960,17.917093,2
Austria,AUT,1961,18.625237,3
Austria,AUT,1962,18.74934,2
Austria,AUT,1963,18.852436,3
Austria,AUT,1964,18.591925,3
Austria,AUT,1965,17.92845,2
Austria,AUT,1966,17.630543,2
Austria,AUT,1967,17.336525,2
Austria,AUT,1968,17.037268,2
Austria,AUT,1969,16.34653,2
Austria,AUT,1970,15.067188,3
Austria,AUT,1971,14.512092,3
Austria,AUT,1972,13.834503,2
Austria,AUT,1973,12.961065,2
Austria,AUT,1974,12.813478,3
Austria,AUT,1975,12.352221,3
Austria,AUT,1976,11.561582,1
Austria,AUT,1977,11.316887,3
Austria,AUT,1978,11.2828245,2
Austria,AUT,1979,11.440228,4
Austria,AUT,1980,12.046152,9
Austria,AUT,1981,12.440326,2
Austria,AUT,1982,12.509944,9
Austria,AUT,1983,11.91826,7
Austria,AUT,1984,11.808461,7
Austria,AUT,1985,11.565803,7
Austria,AUT,1986,11.497265,9
Austria,AUT,1987,11.426336,7
Austria,AUT,1988,11.625341,9
Austria,AUT,1989,11.689207,7
Austria,AUT,1990,11.831194,7
Austria,AUT,1991,12.270513,9
Austria,AUT,1992,12.219451,9
Austria,AUT,1993,12.081174,9
Austria,AUT,1994,11.656614,2
Austria,AUT,1995,11.163964,7
Austria,AUT,1996,11.168159,7
Austria,AUT,1997,10.55322,6
Austria,AUT,1998,10.19225,9
Austria,AUT,1999,9.789929,9
Austria,AUT,2000,9.782143,9
Austria,AUT,2001,9.409222,9
Austria,AUT,2002,9.727354,9
Austria,AUT,2003,9.501218,7
Austria,AUT,2004,9.699399,9
Austria,AUT,2005,9.534867,9
Austria,AUT,2006,9.440171,9
Austria,AUT,2007,9.206504,9
Austria,AUT,2008,9.359187,9
Austria,AUT,2009,9.159681,9
Austria,AUT,2010,9.428391,9
Austria,AUT,2011,9.326201,9
Austria,AUT,2012,9.389932,7
Austria,AUT,2013,9.3863535,9
Austria,AUT,2014,9.606531,9
Austria,AUT,2015,9.829969,9
Austria,AUT,2016,10.077879,9
Austria,AUT,2017,9.989806,7
Austria,AUT,2018,9.695912,7
Austria,AUT,2019,9.590061,7
Austria,AUT,2020,9.392858,7
Austria,AUT,2021,9.636618,9
Austria,AUT,2022,9.2025175,9
Austria,AUT,2023,8.523596,7
Belarus,BLR,1959,25.523142,1
Belarus,BLR,1960,24.531324,
Belarus,BLR,1961,23.463192,
Belarus,BLR,1962,22.075666,
Belarus,BLR,1963,20.477215,
Belarus,BLR,1964,18.86083,1
Belarus,BLR,1965,17.759745,1
Belarus,BLR,1966,17.555414,4
Belarus,BLR,1967,16.734127,1
Belarus,BLR,1968,16.439617,1
Belarus,BLR,1969,15.93595,1
Belarus,BLR,1970,16.280996,4
Belarus,BLR,1971,16.4372,5
Belarus,BLR,1972,16.167633,4
Belarus,BLR,1973,15.723443,6
Belarus,BLR,1974,15.854357,5
Belarus,BLR,1975,15.712487,5
Belarus,BLR,1976,15.767046,7
Belarus,BLR,1977,15.786543,5
Belarus,BLR,1978,15.912937,5
Belarus,BLR,1979,15.921576,4
Belarus,BLR,1980,16.09338,5
Belarus,BLR,1981,16.330927,8
Belarus,BLR,1982,16.357796,12
Belarus,BLR,1983,17.698036,7
Belarus,BLR,1984,17.09504,7
Belarus,BLR,1985,16.619316,4
Belarus,BLR,1986,17.184092,7
Belarus,BLR,1987,16.223333,10
Belarus,BLR,1988,16.17287,5
Belarus,BLR,1989,15.1343975,5
Belarus,BLR,1990,13.953217,1
Belarus,BLR,1991,12.957422,
Belarus,BLR,1992,12.545585,
Belarus,BLR,1993,11.471948,
Belarus,BLR,1994,10.797437,
Belarus,BLR,1995,9.912417,
Belarus,BLR,1996,9.419067,
Belarus,BLR,1997,8.839234,1
Belarus,BLR,1998,9.183052,1
Belarus,BLR,1999,9.250903,1
Belarus,BLR,2000,9.364576,1
Belarus,BLR,2001,9.212217,1
Belarus,BLR,2002,8.959716,1
Belarus,BLR,2003,9.001844,1
Belarus,BLR,2004,9.1087055,1
Belarus,BLR,2005,9.310283,1
Belarus,BLR,2006,10.041571,8
Belarus,BLR,2007,10.815828,7
Belarus,BLR,2008,11.300592,7
Belarus,BLR,2009,11.484519,7
Belarus,BLR,2010,11.37018,6
Belarus,BLR,2011,11.512951,7
Belarus,BLR,2012,12.239895,8
Belarus,BLR,2013,12.468868,7
Belarus,BLR,2014,12.516644,7
Belarus,BLR,2015,12.548409,7
Belarus,BLR,2016,12.3986845,7
Belarus,BLR,2017,10.789422,
Belarus,BLR,2018,9.907395,
Belgium,BEL,1841,33.177162,
Belgium,BEL,1842,32.12747,
Belgium,BEL,1843,31.39442,
Belgium,BEL,1844,31.400337,
Belgium,BEL,1845,31.826754,
Belgium,BEL,1846,27.589905,
Belgium,BEL,1847,27.244858,
Belgium,BEL,1848,27.78785,
Belgium,BEL,1849,30.647823,
Belgium,BEL,1850,30.1863,
Belgium,BEL,1851,30.582182,
Belgium,BEL,1852,30.362545,
Belgium,BEL,1853,28.628622,
Belgium,BEL,1854,29.397043,
Belgium,BEL,1855,27.97104,
Belgium,BEL,1856,29.832912,
Belgium,BEL,1857,31.662941,
Belgium,BEL,1858,31.821733,
Belgium,BEL,1859,32.640858,
Belgium,BEL,1860,31.301575,
Belgium,BEL,1861,31.590893,
Belgium,BEL,1862,30.960857,
Belgium,BEL,1863,32.813755,
Belgium,BEL,1864,32.59512,
Belgium,BEL,1865,32.473007,
Belgium,BEL,1866,32.653786,
Belgium,BEL,1867,32.549965,
Belgium,BEL,1868,31.990793,
Belgium,BEL,1869,32.187496,
Belgium,BEL,1870,33.045795,
Belgium,BEL,1871,31.591728,
Belgium,BEL,1872,33.215214,
Belgium,BEL,1873,33.559807,
Belgium,BEL,1874,33.812,
Belgium,BEL,1875,33.69215,
Belgium,BEL,1876,33.605328,
Belgium,BEL,1877,32.887844,
Belgium,BEL,1878,32.093197,
Belgium,BEL,1879,32.135494,
Belgium,BEL,1880,31.339148,
Belgium,BEL,1881,31.7708,
Belgium,BEL,1882,31.609253,
Belgium,BEL,1883,30.935503,
Belgium,BEL,1884,31.030397,
Belgium,BEL,1885,30.442146,
Belgium,BEL,1886,30.152637,
Belgium,BEL,1887,29.971022,
Belgium,BEL,1888,29.693758,
Belgium,BEL,1889,29.755888,
Belgium,BEL,1890,29.317526,
Belgium,BEL,1891,29.967737,
Belgium,BEL,1892,28.99445,
Belgium,BEL,1893,29.704239,
Belgium,BEL,1894,29.18068,
Belgium,BEL,1895,29.359917,
Belgium,BEL,1896,29.975294,
Belgium,BEL,1897,30.021461,
Belgium,BEL,1898,29.644968,
Belgium,BEL,1899,29.824717,
Belgium,BEL,1900,29.45456,2
Belgium,BEL,1901,30.115086,2
Belgium,BEL,1902,29.103792,2
Belgium,BEL,1903,28.231377,3
Belgium,BEL,1904,27.84257,3
Belgium,BEL,1905,26.916147,2
Belgium,BEL,1906,26.493002,3
Belgium,BEL,1907,26.072128,2
Belgium,BEL,1908,25.635807,2
Belgium,BEL,1909,24.380638,2
Belgium,BEL,1910,24.175655,2
Belgium,BEL,1911,23.33141,2
Belgium,BEL,1912,23.096386,2
Belgium,BEL,1913,22.896563,3
Belgium,BEL,1914,20.61073,12
Belgium,BEL,1919,16.956686,10
Belgium,BEL,1920,22.47422,2
Belgium,BEL,1921,22.239317,3
Belgium,BEL,1922,20.700233,1
Belgium,BEL,1923,20.769957,2
Belgium,BEL,1924,20.245317,3
Belgium,BEL,1925,20.063751,3
Belgium,BEL,1926,19.334398,2
Belgium,BEL,1927,18.58143,5
Belgium,BEL,1928,18.673906,3
Belgium,BEL,1929,18.441174,2
Belgium,BEL,1930,18.99124,2
Belgium,BEL,1931,18.490717,3
Belgium,BEL,1932,17.911694,2
Belgium,BEL,1933,16.7058,2
Belgium,BEL,1934,16.238823,2
Belgium,BEL,1935,15.545316,2
Belgium,BEL,1936,15.407193,3
Belgium,BEL,1937,15.4681015,5
Belgium,BEL,1938,16.008577,5
Belgium,BEL,1939,15.522102,2
Belgium,BEL,1940,13.491583,2
Belgium,BEL,1941,12.088337,5
Belgium,BEL,1942,13.068708,3
Belgium,BEL,1943,14.852988,5
Belgium,BEL,1944,15.149837,5
Belgium,BEL,1945,15.547507,6
Belgium,BEL,1946,18.181948,5
Belgium,BEL,1947,17.749292,2
Belgium,BEL,1948,17.671387,7
Belgium,BEL,1949,17.278227,2
Belgium,BEL,1950,16.94422,2
Belgium,BEL,1951,16.475853,2
Belgium,BEL,1952,16.839598,2
Belgium,BEL,1953,16.758177,2
Belgium,BEL,1954,16.947983,5
Belgium,BEL,1955,16.92952,5
Belgium,BEL,1956,16.956484,3
Belgium,BEL,1957,17.164694,6
Belgium,BEL,1958,17.308357,3
Belgium,BEL,1959,17.553427,4
Belgium,BEL,1960,17.051891,5
Belgium,BEL,1961,17.35791,2
Belgium,BEL,1962,16.874557,5
Belgium,BEL,1963,17.217335,4
Belgium,BEL,1964,17.286953,4
Belgium,BEL,1965,16.593353,4
Belgium,BEL,1966,16.02574,4
Belgium,BEL,1967,15.419074,5
Belgium,BEL,1968,14.898345,5
Belgium,BEL,1969,14.818559,5
Belgium,BEL,1970,14.794767,6
Belgium,BEL,1971,14.663298,4
Belgium,BEL,1972,14.078711,6
Belgium,BEL,1973,13.330996,6
Belgium,BEL,1974,12.7133465,5
Belgium,BEL,1975,12.283842,4
Belgium,BEL,1976,12.409846,6
Belgium,BEL,1977,12.478693,6
Belgium,BEL,1978,12.530651,5
Belgium,BEL,1979,12.635203,5
Belgium,BEL,1980,12.665127,4
Belgium,BEL,1981,12.576901,9
Belgium,BEL,1982,12.197667,4
Belgium,BEL,1983,11.873012,6
Belgium,BEL,1984,11.717193,7
Belgium,BEL,1985,11.551528,7
Belgium,BEL,1986,11.851919,6
Belgium,BEL,1987,11.866038,6
Belgium,BEL,1988,12.092314,3
Belgium,BEL,1989,12.182547,6
Belgium,BEL,1990,12.445886,5
Belgium,BEL,1991,12.626574,7
Belgium,BEL,1992,12.451826,2
Belgium,BEL,1993,12.004908,7
Belgium,BEL,1994,11.537607,6
Belgium,BEL,1995,11.407485,6
Belgium,BEL,1996,11.48238,7
Belgium,BEL,1997,11.428994,7
Belgium,BEL,1998,11.2141485,9
Belgium,BEL,1999,11.111343,9
Belgium,BEL,2000,11.221676,8
Belgium,BEL,2001,11.125385,7
Belgium,BEL,2002,10.789751,7
Belgium,BEL,2003,10.831029,7
Belgium,BEL,2004,11.122463,7
Belgium,BEL,2005,11.298199,9
Belgium,BEL,2006,11.549596,9
Belgium,BEL,2007,11.833255,8
Belgium,BEL,2008,12.008504,7
Belgium,BEL,2009,11.8407955,9
Belgium,BEL,2010,11.969604,9
Belgium,BEL,2011,11.703481,8
Belgium,BEL,2012,11.565273,7
Belgium,BEL,2013,11.28092,7
Belgium,BEL,2014,11.184173,7
Belgium,BEL,2015,10.883973,7
Belgium,BEL,2016,10.77928,9
Belgium,BEL,2017,10.546167,8
Belgium,BEL,2018,10.382451,7
Belgium,BEL,2019,10.276252,7
Belgium,BEL,2020,9.926115,7
Belgium,BEL,2021,10.24445,9
Belgium,BEL,2022,9.822772,9
Belgium,BEL,2023,9.436122,8
Bulgaria,BGR,1947,24.213575,2
Bulgaria,BGR,1948,24.83032,2
Bulgaria,BGR,1949,24.894716,2
Bulgaria,BGR,1950,25.346516,2
Bulgaria,BGR,1951,20.983362,1
Bulgaria,BGR,1952,21.005398,3
Bulgaria,BGR,1953,20.735762,3
Bulgaria,BGR,1954,20.110699,3
Bulgaria,BGR,1955,20.100494,3
Bulgaria,BGR,1956,19.546589,3
Bulgaria,BGR,1957,18.51894,3
Bulgaria,BGR,1958,17.984661,3
Bulgaria,BGR,1959,17.63059,2
Bulgaria,BGR,1960,17.897207,3
Bulgaria,BGR,1961,17.446926,3
Bulgaria,BGR,1962,16.818832,2
Bulgaria,BGR,1963,16.434113,3
Bulgaria,BGR,1964,16.152985,3
Bulgaria,BGR,1965,15.388597,4
Bulgaria,BGR,1966,14.943973,3
Bulgaria,BGR,1967,15.0323925,3
Bulgaria,BGR,1968,16.966059,9
Bulgaria,BGR,1969,17.018194,3
Bulgaria,BGR,1970,16.38759,4
Bulgaria,BGR,1971,15.900228,4
Bulgaria,BGR,1972,15.336699,4
Bulgaria,BGR,1973,16.248709,12
Bulgaria,BGR,1974,17.242985,1
Bulgaria,BGR,1975,16.59926,5
Bulgaria,BGR,1976,16.595322,5
Bulgaria,BGR,1977,16.12146,3
Bulgaria,BGR,1978,15.459124,4
Bulgaria,BGR,1979,15.367304,5
Bulgaria,BGR,1980,14.485312,5
Bulgaria,BGR,1981,14.015318,6
Bulgaria,BGR,1982,13.948644,6
Bulgaria,BGR,1983,13.783972,8
Bulgaria,BGR,1984,13.678575,5
Bulgaria,BGR,1985,13.273491,8
Bulgaria,BGR,1986,13.414144,7
Bulgaria,BGR,1987,13.010118,7
Bulgaria,BGR,1988,13.08243,7
Bulgaria,BGR,1989,12.49454,6
Bulgaria,BGR,1990,11.846088,1
Bulgaria,BGR,1991,10.949779,7
Bulgaria,BGR,1992,10.333664,6
Bulgaria,BGR,1993,9.944925,7
Bulgaria,BGR,1994,9.410713,6
Bulgaria,BGR,1995,8.578813,8
Bulgaria,BGR,1996,8.671487,7
Bulgaria,BGR,1997,7.7657237,5
Bulgaria,BGR,1998,7.9934206,7
Bulgaria,BGR,1999,8.924695,7
Bulgaria,BGR,2000,9.168793,7
Bulgaria,BGR,2001,8.55853,7
Bulgaria,BGR,2002,8.4268055,9
Bulgaria,BGR,2003,8.599038,7
Bulgaria,BGR,2004,8.9868,7
Bulgaria,BGR,2005,9.202241,8
Bulgaria,BGR,2006,9.647491,7
Bulgaria,BGR,2007,9.89536,7
Bulgaria,BGR,2008,10.276846,9
Bulgaria,BGR,2009,10.776584,9
Bulgaria,BGR,2010,10.113489,7
Bulgaria,BGR,2011,9.559651,7
Bulgaria,BGR,2012,9.403121,9
Bulgaria,BGR,2013,9.139535,9
Bulgaria,BGR,2014,9.327551,7
Bulgaria,BGR,2015,9.15691,7
Bulgaria,BGR,2016,9.083847,9
Bulgaria,BGR,2017,9.005384,7
Bulgaria,BGR,2018,8.822239,7
Bulgaria,BGR,2019,8.7911,7
Bulgaria,BGR,2020,8.4997835,7
Bulgaria,BGR,2021,8.483734,9
Canada,CAN,1921,29.501408,3
Canada,CAN,1922,28.51636,3
Canada,CAN,1923,26.821198,3
Canada,CAN,1924,26.92453,3
Canada,CAN,1925,26.270834,3
Canada,CAN,1926,24.810268,4
Canada,CAN,1927,24.512785,4
Canada,CAN,1928,24.29181,3
Canada,CAN,1929,23.68069,5
Canada,CAN,1930,24.047579,3
Canada,CAN,1931,23.350145,4
Canada,CAN,1932,22.557089,3
Canada,CAN,1933,21.074896,4
Canada,CAN,1934,20.702501,4
Canada,CAN,1935,20.514849,4
Canada,CAN,1936,20.220846,3
Canada,CAN,1937,20.026531,5
Canada,CAN,1938,20.674637,4
Canada,CAN,1939,20.47247,3
Canada,CAN,1940,21.578226,7
Canada,CAN,1941,22.30992,4
Canada,CAN,1942,23.510704,5
Canada,CAN,1943,24.181461,5
Canada,CAN,1944,23.937275,6
Canada,CAN,1945,24.037943,6
Canada,CAN,1946,27.135565,7
Canada,CAN,1947,28.90184,6
Canada,CAN,1948,27.370626,4
Canada,CAN,1949,27.516579,5
Canada,CAN,1950,27.3665,6
Canada,CAN,1951,27.431366,5
Canada,CAN,1952,28.276579,6
Canada,CAN,1953,28.441805,6
Canada,CAN,1954,28.867243,6
Canada,CAN,1955,28.510447,4
Canada,CAN,1956,28.291576,6
Canada,CAN,1957,28.599394,5
Canada,CAN,1958,27.82118,5
Canada,CAN,1959,27.6576,6
Canada,CAN,1960,27.0048,9
Canada,CAN,1961,26.284988,4
Canada,CAN,1962,25.458117,9
Canada,CAN,1963,24.781261,5
Canada,CAN,1964,23.65467,6
Canada,CAN,1965,21.460043,6
Canada,CAN,1966,19.510424,4
Canada,CAN,1967,18.326029,5
Canada,CAN,1968,17.7042,5
Canada,CAN,1969,17.697945,5
Canada,CAN,1970,17.561804,4
Canada,CAN,1971,16.700119,3
Canada,CAN,1972,15.723052,5
Canada,CAN,1973,15.360218,5
Canada,CAN,1974,15.481684,9
Canada,CAN,1975,15.639421,9
Canada,CAN,1976,15.452108,6
Canada,CAN,1977,15.321892,3
Canada,CAN,1978,15.0504465,5
Canada,CAN,1979,15.200811,5
Canada,CAN,1980,15.220345,9
Canada,CAN,1981,15.054585,4
Canada,CAN,1982,14.944415,9
Canada,CAN,1983,14.806578,5
Canada,CAN,1984,14.795384,9
Canada,CAN,1985,14.607951,4
Canada,CAN,1986,14.361197,4
Canada,CAN,1987,14.077362,4
Canada,CAN,1988,14.160789,9
Canada,CAN,1989,14.531517,6
Canada,CAN,1990,14.762654,5
Canada,CAN,1991,14.455012,4
Canada,CAN,1992,14.144174,4
Canada,CAN,1993,13.622699,4
Canada,CAN,1994,13.360231,6
Canada,CAN,1995,12.973692,5
Canada,CAN,1996,12.438144,5
Canada,CAN,1997,11.7192955,5
Canada,CAN,1998,11.406314,4
Canada,CAN,1999,11.141326,6
Canada,CAN,2000,10.739435,5
Canada,CAN,2001,10.823041,5
Canada,CAN,2002,10.549578,9
Canada,CAN,2003,10.649822,9
Canada,CAN,2004,10.61286,9
Canada,CAN,2005,10.673654,9
Canada,CAN,2006,10.955708,9
Canada,CAN,2007,11.253653,9
Canada,CAN,2008,11.441628,9
Canada,CAN,2009,11.403502,9
Canada,CAN,2010,11.168125,9
Canada,CAN,2011,11.063397,9
Canada,CAN,2012,11.072254,8
Canada,CAN,2013,10.908598,9
Canada,CAN,2014,10.903506,9
Canada,CAN,2015,10.758113,9
Canada,CAN,2016,10.675659,9
Canada,CAN,2017,10.391248,9
Canada,CAN,2018,10.18294,8
Canada,CAN,2019,9.995347,7
Canada,CAN,2020,9.548181,7
Canada,CAN,2021,9.712391,9
Canada,CAN,2022,9.113857,8
Canada,CAN,2023,8.896661,9
Chile,CHL,1992,21.020433,9
Chile,CHL,1993,20.458988,9
Chile,CHL,1994,19.993845,9
Chile,CHL,1995,19.135431,1
Chile,CHL,1996,18.793186,9
Chile,CHL,1997,18.205305,1
Chile,CHL,1998,17.776457,9
Chile,CHL,1999,17.122665,9
Chile,CHL,2000,16.816795,9
Chile,CHL,2001,16.45416,1
Chile,CHL,2002,15.842974,1
Chile,CHL,2003,15.394369,1
Chile,CHL,2004,14.957484,9
Chile,CHL,2005,14.831824,9
Chile,CHL,2006,14.714028,9
Chile,CHL,2007,15.14413,9
Chile,CHL,2008,15.364924,9
Chile,CHL,2009,15.551033,9
Chile,CHL,2010,15.291571,9
Chile,CHL,2011,14.938133,3
Chile,CHL,2012,14.56383,3
Chile,CHL,2013,14.327727,1
Chile,CHL,2014,14.721983,1
Chile,CHL,2015,14.214963,1
Chile,CHL,2016,13.346324,3
Chile,CHL,2017,12.528061,3
Chile,CHL,2018,12.59234,5
Chile,CHL,2019,11.859391,1
Chile,CHL,2020,10.937694,
Croatia,HRV,2001,9.543424,9
Croatia,HRV,2002,9.312609,9
Croatia,HRV,2003,9.213656,9
Croatia,HRV,2004,9.361472,9
Croatia,HRV,2005,9.85702,9
Croatia,HRV,2006,9.6106615,9
Croatia,HRV,2007,9.715762,9
Croatia,HRV,2008,10.146433,9
Croatia,HRV,2009,10.342879,9
Croatia,HRV,2010,10.077223,9
Croatia,HRV,2011,9.604127,9
Croatia,HRV,2012,9.768697,9
Croatia,HRV,2013,9.370457,9
Croatia,HRV,2014,9.316469,9
Croatia,HRV,2015,8.875615,9
Croatia,HRV,2016,8.957101,9
Croatia,HRV,2017,8.799612,9
Croatia,HRV,2018,8.998826,9
Croatia,HRV,2019,8.864748,9
Croatia,HRV,2020,8.832819,9
Czechia,CZE,1950,21.218512,3
Czechia,CZE,1951,20.717867,3
Czechia,CZE,1952,19.934246,4
Czechia,CZE,1953,18.927624,5
Czechia,CZE,1954,18.330328,5
Czechia,CZE,1955,17.924927,4
Czechia,CZE,1956,17.42895,5
Czechia,CZE,1957,16.550934,4
Czechia,CZE,1958,15.008689,3
Czechia,CZE,1959,13.589216,4
Czechia,CZE,1960,13.5350685,4
Czechia,CZE,1961,13.70946,4
Czechia,CZE,1962,13.9354725,4
Czechia,CZE,1963,15.49721,5
Czechia,CZE,1964,16.012785,4
Czechia,CZE,1965,15.221155,4
Czechia,CZE,1966,14.52428,4
Czechia,CZE,1967,14.20775,4
Czechia,CZE,1968,14.07601,4
Czechia,CZE,1969,14.644209,4
Czechia,CZE,1970,15.105448,4
Czechia,CZE,1971,15.728503,4
Czechia,CZE,1972,16.648354,6
Czechia,CZE,1973,18.410582,4
Czechia,CZE,1974,19.561367,4
Czechia,CZE,1975,19.190712,4
Czechia,CZE,1976,18.629448,3
Czechia,CZE,1977,17.964737,5
Czechia,CZE,1978,17.589264,4
Czechia,CZE,1979,16.839853,4
Czechia,CZE,1980,14.987931,4
Czechia,CZE,1981,14.052857,4
Czechia,CZE,1982,13.775409,4
Czechia,CZE,1983,13.345542,4
Czechia,CZE,1984,13.297621,3
Czechia,CZE,1985,13.191061,4
Czechia,CZE,1986,12.942988,4
Czechia,CZE,1987,12.708719,4
Czechia,CZE,1988,12.877615,3
Czechia,CZE,1989,12.454741,4
Czechia,CZE,1990,12.67265,3
Czechia,CZE,1991,12.559621,4
Czechia,CZE,1992,11.8077965,6
Czechia,CZE,1993,11.733604,6
Czechia,CZE,1994,10.324331,4
Czechia,CZE,1995,9.312481,3
Czechia,CZE,1996,8.777834,5
Czechia,CZE,1997,8.812714,5
Czechia,CZE,1998,8.814902,7
Czechia,CZE,1999,8.723245,6
Czechia,CZE,2000,8.876852,5
Czechia,CZE,2001,8.869532,4
Czechia,CZE,2002,9.067924,4
Czechia,CZE,2003,9.145887,7
Czechia,CZE,2004,9.526325,6
Czechia,CZE,2005,9.953224,6
Czechia,CZE,2006,10.284862,6
Czechia,CZE,2007,11.109495,7
Czechia,CZE,2008,11.545712,7
Czechia,CZE,2009,11.3794,7
Czechia,CZE,2010,11.219322,7
Czechia,CZE,2011,10.363372,6
Czechia,CZE,2012,10.336236,7
Czechia,CZE,2013,10.157635,7
Czechia,CZE,2014,10.488362,7
Czechia,CZE,2015,10.527515,7
Czechia,CZE,2016,10.70326,7
Czechia,CZE,2017,10.858265,7
Czechia,CZE,2018,10.814677,7
Czechia,CZE,2019,10.636979,7
Czechia,CZE,2020,10.439581,7
Czechia,CZE,2021,10.605406,7
Denmark,DNK,1835,32.08324,
Denmark,DNK,1836,30.783207,
Denmark,DNK,1837,30.264599,
Denmark,DNK,1838,30.016054,
Denmark,DNK,1839,29.164019,
Denmark,DNK,1840,30.585794,
Denmark,DNK,1841,29.952738,
Denmark,DNK,1842,30.312008,
Denmark,DNK,1843,30.028885,
Denmark,DNK,1844,30.595297,
Denmark,DNK,1845,30.831642,
Denmark,DNK,1846,30.273228,
Denmark,DNK,1847,30.844376,
Denmark,DNK,1848,30.939663,
Denmark,DNK,1849,31.306732,
Denmark,DNK,1850,31.81707,
Denmark,DNK,1851,30.439146,
Denmark,DNK,1852,33.586376,
Denmark,DNK,1853,31.898695,
Denmark,DNK,1854,33.056114,
Denmark,DNK,1855,32.13775,
Denmark,DNK,1856,32.640907,
Denmark,DNK,1857,33.139973,
Denmark,DNK,1858,33.420425,
Denmark,DNK,1859,33.842484,
Denmark,DNK,1860,32.84002,
Denmark,DNK,1861,31.867422,
Denmark,DNK,1862,31.03763,
Denmark,DNK,1863,31.111427,
Denmark,DNK,1864,30.18486,
Denmark,DNK,1865,31.408867,
Denmark,DNK,1866,32.279243,
Denmark,DNK,1867,30.501184,
Denmark,DNK,1868,31.208328,
Denmark,DNK,1869,29.488068,
Denmark,DNK,1870,30.50559,
Denmark,DNK,1871,30.222246,
Denmark,DNK,1872,30.414629,
Denmark,DNK,1873,30.851456,
Denmark,DNK,1874,30.921888,
Denmark,DNK,1875,31.970238,
Denmark,DNK,1876,32.770252,
Denmark,DNK,1877,32.44061,
Denmark,DNK,1878,31.776049,
Denmark,DNK,1879,32.013718,
Denmark,DNK,1880,31.818363,
Denmark,DNK,1881,32.35984,
Denmark,DNK,1882,32.477253,
Denmark,DNK,1883,31.86543,
Denmark,DNK,1884,33.440823,
Denmark,DNK,1885,32.62999,
Denmark,DNK,1886,32.547398,
Denmark,DNK,1887,31.88786,
Denmark,DNK,1888,31.57475,
Denmark,DNK,1889,31.285505,
Denmark,DNK,1890,30.580261,
Denmark,DNK,1891,31.02799,
Denmark,DNK,1892,29.631132,
Denmark,DNK,1893,30.76046,
Denmark,DNK,1894,30.355215,
Denmark,DNK,1895,30.27963,
Denmark,DNK,1896,30.549078,
Denmark,DNK,1897,29.860413,
Denmark,DNK,1898,30.413555,
Denmark,DNK,1899,29.88901,
Denmark,DNK,1900,29.88838,
Denmark,DNK,1901,29.992918,3
Denmark,DNK,1902,29.486202,3
Denmark,DNK,1903,28.927582,4
Denmark,DNK,1904,29.1157,3
Denmark,DNK,1905,28.519823,4
Denmark,DNK,1906,28.662113,3
Denmark,DNK,1907,28.351583,3
Denmark,DNK,1908,28.742914,4
Denmark,DNK,1909,28.393068,3
Denmark,DNK,1910,27.659595,3
Denmark,DNK,1911,26.819485,2
Denmark,DNK,1912,26.780737,4
Denmark,DNK,1913,25.700115,4
Denmark,DNK,1914,25.710741,3
Denmark,DNK,1915,24.325024,3
Denmark,DNK,1916,24.496777,4
Denmark,DNK,1917,23.773424,4
Denmark,DNK,1918,24.239227,4
Denmark,DNK,1919,22.70216,11
Denmark,DNK,1920,25.553856,2
Denmark,DNK,1921,24.144485,3
Denmark,DNK,1922,22.355425,2
Denmark,DNK,1923,22.405478,3
Denmark,DNK,1924,21.90038,3
Denmark,DNK,1925,21.110289,5
Denmark,DNK,1926,20.566153,3
Denmark,DNK,1927,19.620235,3
Denmark,DNK,1928,19.644836,3
Denmark,DNK,1929,18.600004,2
Denmark,DNK,1930,18.778805,4
Denmark,DNK,1931,18.078825,3
Denmark,DNK,1932,18.011478,3
Denmark,DNK,1933,17.342527,3
Denmark,DNK,1934,17.839144,3
Denmark,DNK,1935,17.711668,3
Denmark,DNK,1936,17.899008,3
Denmark,DNK,1937,18.044596,4
Denmark,DNK,1938,18.184969,3
Denmark,DNK,1939,17.901724,4
Denmark,DNK,1940,18.32616,3
Denmark,DNK,1941,18.524557,4
Denmark,DNK,1942,20.487967,5
Denmark,DNK,1943,21.474138,4
Denmark,DNK,1944,22.811829,4
Denmark,DNK,1945,23.625324,4
Denmark,DNK,1946,23.585169,3
Denmark,DNK,1947,22.239262,3
Denmark,DNK,1948,20.375729,3
Denmark,DNK,1949,18.978294,4
Denmark,DNK,1950,18.71281,3
Denmark,DNK,1951,17.866781,3
Denmark,DNK,1952,17.830923,4
Denmark,DNK,1953,17.995022,4
Denmark,DNK,1954,17.399334,3
Denmark,DNK,1955,17.370777,4
Denmark,DNK,1956,17.226898,3
Denmark,DNK,1957,16.804422,4
Denmark,DNK,1958,16.592833,4
Denmark,DNK,1959,16.312351,3
Denmark,DNK,1960,16.662607,3
Denmark,DNK,1961,16.639858,3
Denmark,DNK,1962,16.806105,4
Denmark,DNK,1963,17.662807,3
Denmark,DNK,1964,17.722906,4
Denmark,DNK,1965,18.096184,4
Denmark,DNK,1966,18.491594,4
Denmark,DNK,1967,16.898048,4
Denmark,DNK,1968,15.359956,4
Denmark,DNK,1969,14.619679,4
Denmark,DNK,1970,14.429231,4
Denmark,DNK,1971,15.222749,4
Denmark,DNK,1972,15.175164,4
Denmark,DNK,1973,14.357699,3
Denmark,DNK,1974,14.1635895,3
Denmark,DNK,1975,14.257095,4
Denmark,DNK,1976,12.88507,3
Denmark,DNK,1977,12.180986,3
Denmark,DNK,1978,12.17116,5
Denmark,DNK,1979,11.633385,4
Denmark,DNK,1980,11.185536,4
Denmark,DNK,1981,10.360837,4
Denmark,DNK,1982,10.286413,5
Denmark,DNK,1983,9.932964,4
Denmark,DNK,1984,10.132666,4
Denmark,DNK,1985,10.51603,4
Denmark,DNK,1986,10.810893,4
Denmark,DNK,1987,10.970291,6
Denmark,DNK,1988,11.472079,9
Denmark,DNK,1989,11.9595785,5
Denmark,DNK,1990,12.351845,7
Denmark,DNK,1991,12.505098,4
Denmark,DNK,1992,13.1195545,7
Denmark,DNK,1993,13.003814,7
Denmark,DNK,1994,13.40572,7
Denmark,DNK,1995,13.376791,8
Denmark,DNK,1996,12.88075,8
Denmark,DNK,1997,12.823859,7
Denmark,DNK,1998,12.497689,7
Denmark,DNK,1999,12.462262,7
Denmark,DNK,2000,12.585935,4
Denmark,DNK,2001,12.23681,7
Denmark,DNK,2002,11.935615,9
Denmark,DNK,2003,11.999418,7
Denmark,DNK,2004,11.969881,7
Denmark,DNK,2005,11.878981,8
Denmark,DNK,2006,11.973244,8
Denmark,DNK,2007,11.764538,9
Denmark,DNK,2008,11.877512,7
Denmark,DNK,2009,11.39794,7
Denmark,DNK,2010,11.457111,6
Denmark,DNK,2011,10.610174,8
Denmark,DNK,2012,10.378339,7
Denmark,DNK,2013,9.97267,7
Denmark,DNK,2014,10.106181,7
Denmark,DNK,2015,10.283973,9
Denmark,DNK,2016,10.795609,7
Denmark,DNK,2017,10.679916,9
Denmark,DNK,2018,10.633703,7
Denmark,DNK,2019,10.534879,8
Denmark,DNK,2020,10.465215,8
Denmark,DNK,2021,10.868521,7
Denmark,DNK,2022,9.94817,7
Denmark,DNK,2023,9.686897,7
Denmark,DNK,2024,9.5750065,7
East Germany,OWID_GDR,1956,15.779212,3
East Germany,OWID_GDR,1957,15.532459,2
East Germany,OWID_GDR,1958,15.593939,9
East Germany,OWID_GDR,1959,16.872742,4
East Germany,OWID_GDR,1960,16.956177,2
East Germany,OWID_GDR,1961,17.509443,2
East Germany,OWID_GDR,1962,17.455315,3
East Germany,OWID_GDR,1963,17.601883,3
East Germany,OWID_GDR,1964,16.99569,2
East Germany,OWID_GDR,1965,16.532797,2
East Germany,OWID_GDR,1966,15.728698,3
East Germany,OWID_GDR,1967,14.812433,2
East Germany,OWID_GDR,1968,14.347493,3
East Germany,OWID_GDR,1969,13.98464,2
East Germany,OWID_GDR,1970,13.87945,4
East Germany,OWID_GDR,1971,13.762668,3
East Germany,OWID_GDR,1972,11.754844,1
East Germany,OWID_GDR,1973,10.601762,1
East Germany,OWID_GDR,1974,10.567723,1
East Germany,OWID_GDR,1975,10.763673,4
East Germany,OWID_GDR,1976,11.621956,3
East Germany,OWID_GDR,1977,13.30856,5
East Germany,OWID_GDR,1978,13.853058,5
East Germany,OWID_GDR,1979,14.042464,3
East Germany,OWID_GDR,1980,14.642931,4
East Germany,OWID_GDR,1981,14.191144,3
East Germany,OWID_GDR,1982,14.373283,3
East Germany,OWID_GDR,1983,13.995917,3
East Germany,OWID_GDR,1984,13.659614,3
East Germany,OWID_GDR,1985,13.664168,3
East Germany,OWID_GDR,1986,13.357327,9
East Germany,OWID_GDR,1987,13.578842,3
East Germany,OWID_GDR,1988,12.946673,3
East Germany,OWID_GDR,1989,11.935833,2
East Germany,OWID_GDR,1990,10.87293,3
East Germany,OWID_GDR,1991,6.7362237,1
East Germany,OWID_GDR,1992,5.6083164,7
East Germany,OWID_GDR,1993,5.151744,7
East Germany,OWID_GDR,1994,5.0664725,9
East Germany,OWID_GDR,1995,5.425834,9
East Germany,OWID_GDR,1996,6.066383,9
East Germany,OWID_GDR,1997,6.542822,7
East Germany,OWID_GDR,1998,6.7451425,9
East Germany,OWID_GDR,1999,7.04187,9
East Germany,OWID_GDR,2000,7.38376,9
East Germany,OWID_GDR,2001,7.210279,7
East Germany,OWID_GDR,2002,7.192506,7
East Germany,OWID_GDR,2003,7.272778,9
East Germany,OWID_GDR,2004,7.5351977,7
East Germany,OWID_GDR,2005,7.4433284,9
East Germany,OWID_GDR,2006,7.5088806,9
East Germany,OWID_GDR,2007,7.8654475,9
East Germany,OWID_GDR,2008,8.074332,9
East Germany,OWID_GDR,2009,8.032671,7
East Germany,OWID_GDR,2010,8.302221,9
East Germany,OWID_GDR,2011,8.141958,8
East Germany,OWID_GDR,2012,8.275323,7
East Germany,OWID_GDR,2013,8.275345,9
East Germany,OWID_GDR,2014,8.58562,9
East Germany,OWID_GDR,2015,8.678174,9
East Germany,OWID_GDR,2016,9.304837,9
East Germany,OWID_GDR,2017,9.060817,7
East Germany,OWID_GDR,2018,8.889034,7
East Germany,OWID_GDR,2019,8.596427,9
East Germany,OWID_GDR,2020,8.348726,9
England and Wales,,1841,32.321655,
England and Wales,,1842,32.315525,
England and Wales,,1843,32.547733,
England and Wales,,1844,32.973446,
England and Wales,,1845,32.729546,
England and Wales,,1846,34.025574,
England and Wales,,1847,31.681435,
England and Wales,,1848,32.743027,
England and Wales,,1849,33.22815,
England and Wales,,1850,33.757523,
England and Wales,,1851,34.469807,
England and Wales,,1852,34.50618,
England and Wales,,1853,33.50151,
England and Wales,,1854,34.380295,
England and Wales,,1855,34.079582,
England and Wales,,1856,34.912582,
England and Wales,,1857,34.739227,
England and Wales,,1858,33.9297,
England and Wales,,1859,35.35708,
England and Wales,,1860,34.648506,
England and Wales,,1861,34.815536,
England and Wales,,1862,35.17824,
England and Wales,,1863,35.433403,
England and Wales,,1864,35.626335,
England and Wales,,1865,35.585957,
England and Wales,,1866,35.429653,
England and Wales,,1867,35.68761,
England and Wales,,1868,36.057087,
England and Wales,,1869,34.97271,
England and Wales,,1870,35.443035,
England and Wales,,1871,35.216637,
England and Wales,,1872,36.035385,
England and Wales,,1873,35.700035,
England and Wales,,1874,36.270203,
England and Wales,,1875,35.601284,
England and Wales,,1876,36.707817,
England and Wales,,1877,36.169617,
England and Wales,,1878,35.784866,
England and Wales,,1879,34.876095,
England and Wales,,1880,34.50399,
England and Wales,,1881,34.14536,
England and Wales,,1882,33.895054,
England and Wales,,1883,33.54687,
England and Wales,,1884,33.74527,
England and Wales,,1885,32.881958,
England and Wales,,1886,32.844784,
England and Wales,,1887,31.851904,
England and Wales,,1888,31.290417,
England and Wales,,1889,31.178598,
England and Wales,,1890,30.315182,
England and Wales,,1891,31.589699,
England and Wales,,1892,30.711624,
England and Wales,,1893,30.925093,
England and Wales,,1894,29.759827,
England and Wales,,1895,30.432463,
England and Wales,,1896,29.853857,
England and Wales,,1897,29.687073,
England and Wales,,1898,29.381262,
England and Wales,,1899,29.223398,
England and Wales,,1900,28.880054,
England and Wales,,1901,28.669647,
England and Wales,,1902,28.691273,
England and Wales,,1903,28.60541,
England and Wales,,1904,28.181398,
England and Wales,,1905,27.409853,
England and Wales,,1906,27.283253,
England and Wales,,1907,26.506367,
England and Wales,,1908,26.877907,
England and Wales,,1909,25.857935,
England and Wales,,1910,25.11837,
England and Wales,,1911,24.456945,
England and Wales,,1912,24.098963,
England and Wales,,1913,24.188192,
England and Wales,,1914,23.901985,
England and Wales,,1915,21.942108,
England and Wales,,1916,21.03908,
England and Wales,,1917,17.843996,
England and Wales,,1918,17.693586,
England and Wales,,1919,18.611765,
England and Wales,,1920,25.6788,
England and Wales,,1921,22.482656,
England and Wales,,1922,20.483288,
England and Wales,,1923,19.761473,
England and Wales,,1924,18.880287,
England and Wales,,1925,18.266815,
England and Wales,,1926,17.755224,
England and Wales,,1927,16.627934,
England and Wales,,1928,16.718996,
England and Wales,,1929,16.224184,
England and Wales,,1930,16.314342,
England and Wales,,1931,15.8275385,
England and Wales,,1932,15.312582,
England and Wales,,1933,14.40496,
England and Wales,,1934,14.788322,
England and Wales,,1935,14.7610235,
England and Wales,,1936,14.853601,
England and Wales,,1937,14.911439,
England and Wales,,1938,15.105718,5
England and Wales,,1939,14.901284,5
England and Wales,,1940,14.237142,4
England and Wales,,1941,13.843097,9
England and Wales,,1942,15.584785,6
England and Wales,,1943,16.264679,5
England and Wales,,1944,17.752909,5
England and Wales,,1945,15.992381,5
England and Wales,,1946,19.30869,12
England and Wales,,1947,20.663002,3
England and Wales,,1948,18.044024,4
England and Wales,,1949,16.889221,4
England and Wales,,1950,15.992763,3
England and Wales,,1951,15.483084,5
England and Wales,,1952,15.342352,4
England and Wales,,1953,15.504768,5
England and Wales,,1954,15.182702,5
England and Wales,,1955,14.976855,3
England and Wales,,1956,15.637675,3
England and Wales,,1957,16.07066,3
England and Wales,,1958,16.362978,3
England and Wales,,1959,16.44019,3
England and Wales,,1960,17.139309,3
England and Wales,,1961,17.592155,3
England and Wales,,1962,18.053558,3
England and Wales,,1963,18.231623,3
England and Wales,,1964,18.569822,3
England and Wales,,1965,18.153448,3
England and Wales,,1966,17.763897,3
England and Wales,,1967,17.291008,3
England and Wales,,1968,16.927357,3
England and Wales,,1969,16.402641,3
England and Wales,,1970,16.072372,3
England and Wales,,1971,15.978628,3
England and Wales,,1972,14.734304,3
England and Wales,,1973,13.686968,3
England and Wales,,1974,12.937385,3
England and Wales,,1975,12.19958,3
England and Wales,,1976,11.811847,3
England and Wales,,1977,11.513271,9
England and Wales,,1978,12.0639305,9
England and Wales,,1979,12.896198,5
England and Wales,,1980,13.243433,7
England and Wales,,1981,12.788552,7
England and Wales,,1982,12.619405,9
England and Wales,,1983,12.687519,9
England and Wales,,1984,12.826631,9
England and Wales,,1985,13.188501,9
England and Wales,,1986,13.245081,9
England and Wales,,1987,13.619718,6
England and Wales,,1988,13.824663,9
England and Wales,,1989,13.668481,6
England and Wales,,1990,13.992262,6
England and Wales,,1991,13.805768,7
England and Wales,,1992,13.575226,7
England and Wales,,1993,13.226069,9
England and Wales,,1994,13.025865,6
England and Wales,,1995,12.66285,6
England and Wales,,1996,12.654768,9
England and Wales,,1997,12.493222,7
England and Wales,,1998,12.318476,9
England and Wales,,1999,12.005539,6
England and Wales,,2000,11.628486,7
England and Wales,,2001,11.388251,9
England and Wales,,2002,11.367509,9
England and Wales,,2003,11.795199,9
England and Wales,,2004,12.079321,9
England and Wales,,2005,12.111258,9
England and Wales,,2006,12.463394,9
England and Wales,,2007,12.745811,9
England and Wales,,2008,12.984904,9
England and Wales,,2009,12.839412,9
England and Wales,,2010,13.044896,9
England and Wales,,2011,12.948523,9
England and Wales,,2012,12.947234,9
England and Wales,,2013,12.303915,9
England and Wales,,2014,12.211075,9
England and Wales,,2015,12.103804,9
England and Wales,,2016,11.980999,9
England and Wales,,2017,11.603275,9
England and Wales,,2018,11.162109,9
England and Wales,,2019,10.824526,9
England and Wales,,2020,10.338909,9
England and Wales,,2021,10.493344,9
England and Wales,,2022,10.099507,9
Estonia,EST,1959,16.57158,5
Estonia,EST,1960,16.672585,4
Estonia,EST,1961,16.525743,3
Estonia,EST,1962,16.085796,4
Estonia,EST,1963,15.35722,4
Estonia,EST,1964,15.467131,4
Estonia,EST,1965,14.71897,5
Estonia,EST,1966,14.350403,5
Estonia,EST,1967,14.2410145,4
Estonia,EST,1968,14.916622,3
Estonia,EST,1969,15.553385,5
Estonia,EST,1970,15.896101,4
Estonia,EST,1971,16.166122,4
Estonia,EST,1972,15.750068,4
Estonia,EST,1973,15.237918,5
Estonia,EST,1974,15.26557,5
Estonia,EST,1975,15.059646,4
Estonia,EST,1976,15.248724,3
Estonia,EST,1977,15.25141,3
Estonia,EST,1978,15.029947,7
Estonia,EST,1979,14.940031,4
Estonia,EST,1980,15.07556,4
Estonia,EST,1981,15.486343,4
Estonia,EST,1982,15.517851,3
Estonia,EST,1983,16.09994,4
Estonia,EST,1984,16.037611,6
Estonia,EST,1985,15.534494,4
Estonia,EST,1986,15.751555,5
Estonia,EST,1987,16.272741,4
Estonia,EST,1988,16.128878,4
Estonia,EST,1989,15.535228,3
Estonia,EST,1990,14.200475,2
Estonia,EST,1991,12.360347,4
Estonia,EST,1992,11.5586405,3
Estonia,EST,1993,10.034183,2
Estonia,EST,1994,9.522519,3
Estonia,EST,1995,9.2356825,3
Estonia,EST,1996,9.178131,4
Estonia,EST,1997,8.816734,5
Estonia,EST,1998,8.590047,4
Estonia,EST,1999,8.838389,5
Estonia,EST,2000,9.326172,6
Estonia,EST,2001,9.071154,5
Estonia,EST,2002,9.398194,3
Estonia,EST,2003,9.480528,7
Estonia,EST,2004,10.241743,6
Estonia,EST,2005,10.561811,9
Estonia,EST,2006,11.015551,7
Estonia,EST,2007,11.748115,8
Estonia,EST,2008,11.976598,7
Estonia,EST,2009,11.801855,7
Estonia,EST,2010,11.868474,7
Estonia,EST,2011,11.040169,7
Estonia,EST,2012,10.607178,7
Estonia,EST,2013,10.250073,9
Estonia,EST,2014,10.299217,7
Estonia,EST,2015,10.590314,7
Estonia,EST,2016,10.678814,8
Estonia,EST,2017,10.4764805,8
Estonia,EST,2018,10.890666,7
Estonia,EST,2019,10.641694,8
Finland,FIN,1878,35.647858,1
Finland,FIN,1879,38.17945,7
Finland,FIN,1880,36.79169,6
Finland,FIN,1881,35.152412,3
Finland,FIN,1882,36.520084,9
Finland,FIN,1883,36.14626,9
Finland,FIN,1884,36.41265,7
Finland,FIN,1885,34.45899,6
Finland,FIN,1886,35.584587,1
Finland,FIN,1887,36.513996,7
Finland,FIN,1888,35.19935,1
Finland,FIN,1889,33.65935,1
Finland,FIN,1890,33.168266,7
Finland,FIN,1891,34.514122,1
Finland,FIN,1892,31.741858,1
Finland,FIN,1893,30.157967,1
Finland,FIN,1894,31.28936,6
Finland,FIN,1895,33.185085,7
Finland,FIN,1896,32.679844,7
Finland,FIN,1897,32.54338,1
Finland,FIN,1898,34.71762,1
Finland,FIN,1899,33.85861,7
Finland,FIN,1900,32.774845,1
Finland,FIN,1901,33.3846,7
Finland,FIN,1902,32.522358,1
Finland,FIN,1903,31.606718,7
Finland,FIN,1904,33.228374,7
Finland,FIN,1905,31.93023,1
Finland,FIN,1906,32.972305,7
Finland,FIN,1907,32.98875,1
Finland,FIN,1908,32.47223,7
Finland,FIN,1909,32.965836,1
Finland,FIN,1910,31.91203,1
Finland,FIN,1911,31.00993,6
Finland,FIN,1912,30.97492,1
Finland,FIN,1913,28.942595,1
Finland,FIN,1914,28.854313,7
Finland,FIN,1915,27.14598,1
Finland,FIN,1916,25.732475,7
Finland,FIN,1917,26.032059,3
Finland,FIN,1918,25.36991,3
Finland,FIN,1919,20.518076,9
Finland,FIN,1920,27.181622,7
Finland,FIN,1921,26.119537,1
Finland,FIN,1922,25.111029,2
Finland,FIN,1923,25.407864,7
Finland,FIN,1924,23.968493,1
Finland,FIN,1925,23.828861,7
Finland,FIN,1926,23.156906,7
Finland,FIN,1927,22.55255,7
Finland,FIN,1928,22.949804,7
Finland,FIN,1929,22.295355,4
Finland,FIN,1930,21.920664,5
Finland,FIN,1931,20.775368,7
Finland,FIN,1932,19.890982,7
Finland,FIN,1933,18.513914,7
Finland,FIN,1934,19.158344,6
Finland,FIN,1935,19.648264,6
Finland,FIN,1936,19.201424,6
Finland,FIN,1937,20.02808,6
Finland,FIN,1938,21.076736,7
Finland,FIN,1939,21.294643,4
Finland,FIN,1940,17.807451,5
Finland,FIN,1941,24.253468,3
Finland,FIN,1942,16.647308,2
Finland,FIN,1943,20.539629,4
Finland,FIN,1944,21.303291,4
Finland,FIN,1945,25.64503,9
Finland,FIN,1946,28.09698,3
Finland,FIN,1947,28.244495,3
Finland,FIN,1948,27.756163,6
Finland,FIN,1949,26.303139,4
Finland,FIN,1950,24.59847,4
Finland,FIN,1951,23.09286,6
Finland,FIN,1952,23.201271,4
Finland,FIN,1953,22.073462,6
Finland,FIN,1954,21.581703,4
Finland,FIN,1955,21.307291,4
Finland,FIN,1956,20.871956,4
Finland,FIN,1957,20.203543,4
Finland,FIN,1958,18.681717,4
Finland,FIN,1959,19.021236,6
Finland,FIN,1960,18.60793,3
Finland,FIN,1961,18.439621,4
Finland,FIN,1962,18.196323,3
Finland,FIN,1963,18.245354,3
Finland,FIN,1964,17.712738,4
Finland,FIN,1965,17.0853,4
Finland,FIN,1966,16.998705,4
Finland,FIN,1967,16.827513,4
Finland,FIN,1968,15.937553,3
Finland,FIN,1969,14.554273,4
Finland,FIN,1970,13.990095,4
Finland,FIN,1971,13.278881,3
Finland,FIN,1972,12.723973,4
Finland,FIN,1973,12.202771,3
Finland,FIN,1974,13.351862,4
Finland,FIN,1975,13.975553,4
Finland,FIN,1976,14.160884,3
Finland,FIN,1977,13.8793,3
Finland,FIN,1978,13.47893,3
Finland,FIN,1979,13.330713,3
Finland,FIN,1980,13.217567,3
Finland,FIN,1981,13.256604,4
Finland,FIN,1982,13.737428,3
Finland,FIN,1983,13.815777,4
Finland,FIN,1984,13.363034,3
Finland,FIN,1985,12.831903,4
Finland,FIN,1986,12.346921,4
Finland,FIN,1987,12.145834,4
Finland,FIN,1988,12.820344,3
Finland,FIN,1989,12.785942,3
Finland,FIN,1990,13.176878,3
Finland,FIN,1991,13.082493,4
Finland,FIN,1992,13.26875,4
Finland,FIN,1993,12.82364,4
Finland,FIN,1994,12.845436,4
Finland,FIN,1995,12.368576,4
Finland,FIN,1996,11.866826,4
Finland,FIN,1997,11.559458,4
Finland,FIN,1998,11.094346,7
Finland,FIN,1999,11.15837,7
Finland,FIN,2000,10.972301,7
Finland,FIN,2001,10.844844,6
Finland,FIN,2002,10.694012,9
Finland,FIN,2003,10.877125,7
Finland,FIN,2004,11.065256,7
Finland,FIN,2005,11.026562,9
Finland,FIN,2006,11.195672,6
Finland,FIN,2007,11.129305,8
Finland,FIN,2008,11.231082,7
Finland,FIN,2009,11.345589,7
Finland,FIN,2010,11.395181,9
Finland,FIN,2011,11.15506,9
Finland,FIN,2012,11.014701,8
Finland,FIN,2013,10.71269,7
Finland,FIN,2014,10.498886,9
Finland,FIN,2015,10.137558,7
Finland,FIN,2016,9.624756,9
Finland,FIN,2017,9.143742,7
Finland,FIN,2018,8.629705,8
Finland,FIN,2019,8.266294,9
Finland,FIN,2020,8.409122,8
Finland,FIN,2021,8.962029,9
Finland,FIN,2022,8.101805,8
Finland,FIN,2023,7.7971654,7
Finland,FIN,2024,7.8018084,7
France,FRA,1816,32.241447,
France,FRA,1817,31.186625,
France,FRA,1818,30.022003,
France,FRA,1819,32.258224,
France,FRA,1820,31.161144,
France,FRA,1821,31.068329,
France,FRA,1822,31.072153,
France,FRA,1823,30.577742,
France,FRA,1824,31.014032,
France,FRA,1825,30.452997,
France,FRA,1826,30.748848,
France,FRA,1827,30.262964,
France,FRA,1828,30.025675,
France,FRA,1829,29.58199,
France,FRA,1830,29.544785,
France,FRA,1831,29.915833,
France,FRA,1832,28.268385,
France,FRA,1833,29.259209,
France,FRA,1834,29.60956,
France,FRA,1835,29.76247,
France,FRA,1836,29.12316,
France,FRA,1837,27.892902,
France,FRA,1838,28.411505,
France,FRA,1839,28.16495,
France,FRA,1840,27.856379,
France,FRA,1841,28.386993,
France,FRA,1842,28.42678,
France,FRA,1843,28.174658,
France,FRA,1844,27.497616,
France,FRA,1845,28.008509,
France,FRA,1846,27.299662,
France,FRA,1847,25.39858,
France,FRA,1848,26.442713,
France,FRA,1849,27.642971,
France,FRA,1850,26.749338,
France,FRA,1851,27.062138,
France,FRA,1852,26.778267,
France,FRA,1853,25.914925,
France,FRA,1854,25.466583,
France,FRA,1855,24.949665,
France,FRA,1856,26.299957,
France,FRA,1857,25.90929,
France,FRA,1858,26.643284,
France,FRA,1859,27.90579,
France,FRA,1860,26.20944,
France,FRA,1861,26.866255,4
France,FRA,1862,26.522272,3
France,FRA,1863,26.87954,2
France,FRA,1864,26.59779,2
France,FRA,1865,26.5111,2
France,FRA,1866,26.414474,2
France,FRA,1867,26.351048,3
France,FRA,1868,25.622389,3
France,FRA,1869,25.685894,2
France,FRA,1870,25.466484,2
France,FRA,1871,22.26683,2
France,FRA,1872,26.353865,4
France,FRA,1873,25.698877,2
France,FRA,1874,25.864824,3
France,FRA,1875,25.660612,2
France,FRA,1876,25.953033,2
France,FRA,1877,25.28392,3
France,FRA,1878,25.010864,2
France,FRA,1879,24.943306,2
France,FRA,1880,24.466686,3
France,FRA,1881,24.842436,3
France,FRA,1882,24.73307,2
France,FRA,1883,24.737968,2
France,FRA,1884,24.67998,3
France,FRA,1885,24.289963,2
France,FRA,1886,23.874775,3
France,FRA,1887,23.492395,2
France,FRA,1888,23.026781,3
France,FRA,1889,22.95478,4
France,FRA,1890,21.808638,3
France,FRA,1891,22.53531,2
France,FRA,1892,22.258541,4
France,FRA,1893,22.753138,2
France,FRA,1894,22.246283,3
France,FRA,1895,21.67144,2
France,FRA,1896,22.437012,3
France,FRA,1897,22.268805,2
France,FRA,1898,21.869059,2
France,FRA,1899,22.161558,3
France,FRA,1900,21.616432,2
France,FRA,1901,22.414814,2
France,FRA,1902,22.057388,2
France,FRA,1903,21.519817,3
France,FRA,1904,21.254028,3
France,FRA,1905,20.93986,2
France,FRA,1906,20.907904,3
France,FRA,1907,19.991383,3
France,FRA,1908,20.474884,4
France,FRA,1909,19.84079,3
France,FRA,1910,19.929497,4
France,FRA,1911,19.044756,4
France,FRA,1912,19.23395,2
France,FRA,1913,19.067413,12
France,FRA,1914,18.156902,4
France,FRA,1915,11.770151,3
France,FRA,1916,9.616715,5
France,FRA,1917,10.598515,7
France,FRA,1918,12.382176,4
France,FRA,1919,12.519089,12
France,FRA,1920,21.848902,2
France,FRA,1921,21.07633,2
France,FRA,1922,19.57052,1
France,FRA,1923,19.472767,2
France,FRA,1924,19.120073,3
France,FRA,1925,19.397226,3
France,FRA,1926,19.187164,3
France,FRA,1927,18.514025,4
France,FRA,1928,18.554388,2
France,FRA,1929,17.97938,2
France,FRA,1930,18.397947,3
France,FRA,1931,17.876917,3
France,FRA,1932,17.599262,2
France,FRA,1933,16.529354,3
France,FRA,1934,16.518003,2
France,FRA,1935,15.606717,2
France,FRA,1936,15.39592,3
France,FRA,1937,15.094715,5
France,FRA,1938,14.962424,2
France,FRA,1939,14.968214,4
France,FRA,1940,13.716177,3
France,FRA,1941,12.853825,6
France,FRA,1942,14.282011,9
France,FRA,1943,15.423649,3
France,FRA,1944,15.9153185,2
France,FRA,1945,16.433004,2
France,FRA,1946,21.031506,4
France,FRA,1947,21.520382,5
France,FRA,1948,21.284903,2
France,FRA,1949,21.121073,4
France,FRA,1950,20.702927,3
France,FRA,1951,19.67824,5
France,FRA,1952,19.4357,4
France,FRA,1953,18.879606,5
France,FRA,1954,18.903135,5
France,FRA,1955,18.640686,4
France,FRA,1956,18.493507,5
France,FRA,1957,18.52981,2
France,FRA,1958,18.224546,5
France,FRA,1959,18.419992,4
France,FRA,1960,18.02973,5
France,FRA,1961,18.268362,5
France,FRA,1962,17.929665,5
France,FRA,1963,18.266596,5
France,FRA,1964,18.266565,5
France,FRA,1965,17.827839,5
France,FRA,1966,17.640945,5
France,FRA,1967,17.02597,5
France,FRA,1968,16.81051,5
France,FRA,1969,16.810823,5
France,FRA,1970,16.83281,5
France,FRA,1971,17.278017,5
France,FRA,1972,17.046429,5
France,FRA,1973,16.514002,5
France,FRA,1974,15.31637,5
France,FRA,1975,14.1673155,5
France,FRA,1976,13.645682,6
France,FRA,1977,14.047752,5
France,FRA,1978,13.836231,5
France,FRA,1979,14.161265,5
France,FRA,1980,14.89569,5
France,FRA,1981,14.908614,5
France,FRA,1982,14.672911,5
France,FRA,1983,13.697184,5
France,FRA,1984,13.844072,7
France,FRA,1985,13.932344,5
France,FRA,1986,14.0499935,5
France,FRA,1987,13.790554,6
France,FRA,1988,13.78207,5
France,FRA,1989,13.604764,5
France,FRA,1990,13.476502,7
France,FRA,1991,13.355435,7
France,FRA,1992,13.02293,7
France,FRA,1993,12.405931,7
France,FRA,1994,12.352965,7
France,FRA,1995,12.635526,7
France,FRA,1996,12.677382,7
France,FRA,1997,12.508059,7
France,FRA,1998,12.663106,9
France,FRA,1999,12.73534,7
France,FRA,2000,13.167751,7
France,FRA,2001,13.0126,7
France,FRA,2002,12.765911,7
France,FRA,2003,12.675659,7
France,FRA,2004,12.697241,7
France,FRA,2005,12.710706,9
France,FRA,2006,12.989428,9
France,FRA,2007,12.728525,9
France,FRA,2008,12.820103,7
France,FRA,2009,12.709804,7
France,FRA,2010,12.788621,10
France,FRA,2011,12.5813875,7
France,FRA,2012,12.475957,10
France,FRA,2013,12.277877,7
France,FRA,2014,12.20844,9
France,FRA,2015,11.83179,9
France,FRA,2016,11.555683,7
France,FRA,2017,11.305648,7
France,FRA,2018,11.106049,7
France,FRA,2019,10.974636,7
France,FRA,2020,10.678247,7
France,FRA,2021,10.717572,9
France,FRA,2022,10.428706,7
France,FRA,2023,9.688138,7
Germany,DEU,1990,11.468193,9
Germany,DEU,1991,10.434711,9
Germany,DEU,1992,10.114766,9
Germany,DEU,1993,9.903658,9
Germany,DEU,1994,9.511692,9
Germany,DEU,1995,9.442843,9
Germany,DEU,1996,9.79811,9
Germany,DEU,1997,9.98216,7
Germany,DEU,1998,9.651988,9
Germany,DEU,1999,9.487175,9
Germany,DEU,2000,9.435248,9
Germany,DEU,2001,9.032764,7
Germany,DEU,2002,8.834051,9
Germany,DEU,2003,8.677821,7
Germany,DEU,2004,8.6728325,7
Germany,DEU,2005,8.434419,9
Germany,DEU,2006,8.28738,9
Germany,DEU,2007,8.4573345,9
Germany,DEU,2008,8.44712,9
Germany,DEU,2009,8.252302,7
Germany,DEU,2010,8.431267,9
Germany,DEU,2011,8.251523,9
Germany,DEU,2012,8.385868,8
Germany,DEU,2013,8.471279,9
Germany,DEU,2014,8.852544,9
Germany,DEU,2015,9.084532,9
Germany,DEU,2016,9.640188,9
Germany,DEU,2017,9.511793,9
Germany,DEU,2018,9.512397,7
Germany,DEU,2019,9.37269,7
Germany,DEU,2020,9.296456,9
Greece,GRC,1981,14.474619,6
Greece,GRC,1982,13.979342,5
Greece,GRC,1983,13.401322,7
Greece,GRC,1984,12.618242,6
Greece,GRC,1985,11.615875,5
Greece,GRC,1986,11.19858,7
Greece,GRC,1987,10.513055,7
Greece,GRC,1988,10.580866,6
Greece,GRC,1989,9.96575,7
Greece,GRC,1990,9.985168,7
Greece,GRC,1991,9.984818,6
Greece,GRC,1992,10.07133,9
Greece,GRC,1993,9.808338,7
Greece,GRC,1994,9.940994,7
Greece,GRC,1995,9.673176,9
Greece,GRC,1996,9.554558,7
Greece,GRC,1997,9.631036,7
Greece,GRC,1998,9.475011,7
Greece,GRC,1999,9.407448,7
Greece,GRC,2000,9.60754,7
Greece,GRC,2001,9.46524,7
Greece,GRC,2002,9.525949,9
Greece,GRC,2003,9.577332,7
Greece,GRC,2004,9.665735,7
Greece,GRC,2005,9.808922,9
Greece,GRC,2006,10.182619,7
Greece,GRC,2007,10.139581,9
Greece,GRC,2008,10.684582,9
Greece,GRC,2009,10.612694,7
Greece,GRC,2010,10.299499,7
Greece,GRC,2011,9.54642,7
Greece,GRC,2012,9.035019,7
Greece,GRC,2013,8.539076,9
Greece,GRC,2014,8.419944,9
Greece,GRC,2015,8.447585,7
Greece,GRC,2016,8.605265,9
Greece,GRC,2017,8.216747,9
Greece,GRC,2018,8.043142,7
Greece,GRC,2019,7.8082347,7
Hong Kong,HKG,1986,13.059021,11
Hong Kong,HKG,1987,12.634596,10
Hong Kong,HKG,1988,13.492468,11
Hong Kong,HKG,1989,12.337009,1
Hong Kong,HKG,1990,11.917648,10
Hong Kong,HKG,1991,11.941422,11
Hong Kong,HKG,1992,12.300427,11
Hong Kong,HKG,1993,12.057515,10
Hong Kong,HKG,1994,12.022532,11
Hong Kong,HKG,1995,11.278501,10
Hong Kong,HKG,1996,10.072825,11
Hong Kong,HKG,1997,9.187423,1
Hong Kong,HKG,1998,8.141904,10
Hong Kong,HKG,1999,7.807252,9
Hong Kong,HKG,2000,8.165908,11
Hong Kong,HKG,2001,7.2178006,1
Hong Kong,HKG,2002,7.1757593,11
Hong Kong,HKG,2003,6.9823084,10
Hong Kong,HKG,2004,7.382334,10
Hong Kong,HKG,2005,8.413877,11
Hong Kong,HKG,2006,9.620233,10
Hong Kong,HKG,2007,10.313179,11
Hong Kong,HKG,2008,11.3863945,11
Hong Kong,HKG,2009,11.811341,10
Hong Kong,HKG,2010,12.683065,11
Hong Kong,HKG,2011,13.571636,8
Hong Kong,HKG,2012,12.902821,10
Hong Kong,HKG,2013,7.983687,1
Hong Kong,HKG,2014,8.6646805,10
Hong Kong,HKG,2015,8.261564,1
Hong Kong,HKG,2016,8.33281,11
Hong Kong,HKG,2017,7.6875343,9
Hong Kong,HKG,2018,7.242635,1
Hong Kong,HKG,2019,7.0679193,9
Hong Kong,HKG,2020,5.7431836,1
Hong Kong,HKG,2021,4.963909,11
Hong Kong,HKG,2022,4.4039063,9
Hong Kong,HKG,2023,4.466837,10
Hungary,HUN,1950,21.045874,3
Hungary,HUN,1951,20.318108,2
Hungary,HUN,1952,19.636333,9
Hungary,HUN,1953,21.679922,9
Hungary,HUN,1954,23.159485,5
Hungary,HUN,1955,21.548964,3
Hungary,HUN,1956,19.512241,3
Hungary,HUN,1957,17.014893,5
Hungary,HUN,1958,16.08647,3
Hungary,HUN,1959,15.255004,3
Hungary,HUN,1960,14.703529,3
Hungary,HUN,1961,14.030483,3
Hungary,HUN,1962,12.943952,2
Hungary,HUN,1963,13.144766,3
Hungary,HUN,1964,13.084383,3
Hungary,HUN,1965,13.131241,5
Hungary,HUN,1966,13.640876,5
Hungary,HUN,1967,14.614357,3
Hungary,HUN,1968,15.100663,5
Hungary,HUN,1969,15.036817,3
Hungary,HUN,1970,14.740334,3
Hungary,HUN,1971,14.5810795,5
Hungary,HUN,1972,14.79456,7
Hungary,HUN,1973,15.030656,7
Hungary,HUN,1974,17.865364,8
Hungary,HUN,1975,18.519224,7
Hungary,HUN,1976,17.570784,7
Hungary,HUN,1977,16.744234,3
Hungary,HUN,1978,15.788646,5
Hungary,HUN,1979,15.0168495,5
Hungary,HUN,1980,13.886426,7
Hungary,HUN,1981,13.365653,7
Hungary,HUN,1982,12.5169935,9
Hungary,HUN,1983,11.959398,7
Hungary,HUN,1984,11.825402,7
Hungary,HUN,1985,12.328634,9
Hungary,HUN,1986,12.181454,7
Hungary,HUN,1987,11.9998255,7
Hungary,HUN,1988,11.892819,7
Hungary,HUN,1989,11.836867,7
Hungary,HUN,1990,12.111092,7
Hungary,HUN,1991,12.261398,7
Hungary,HUN,1992,11.73277,7
Hungary,HUN,1993,11.290938,7
Hungary,HUN,1994,11.169526,2
Hungary,HUN,1995,10.841927,9
Hungary,HUN,1996,10.201883,7
Hungary,HUN,1997,9.745155,7
Hungary,HUN,1998,9.469884,7
Hungary,HUN,1999,9.236434,9
Hungary,HUN,2000,9.555831,7
Hungary,HUN,2001,9.523285,7
Hungary,HUN,2002,9.523141,9
Hungary,HUN,2003,9.34195,7
Hungary,HUN,2004,9.415366,7
Hungary,HUN,2005,9.668132,9
Hungary,HUN,2006,9.925063,9
Hungary,HUN,2007,9.711489,9
Hungary,HUN,2008,9.884546,7
Hungary,HUN,2009,9.62882,7
Hungary,HUN,2010,9.032738,2
Hungary,HUN,2011,8.829218,9
Hungary,HUN,2012,9.087168,9
Hungary,HUN,2013,8.949233,9
Hungary,HUN,2014,9.263351,7
Hungary,HUN,2015,9.302253,9
Hungary,HUN,2016,9.465872,9
Hungary,HUN,2017,9.346018,9
Hungary,HUN,2018,9.183576,7
Hungary,HUN,2019,9.126248,9
Hungary,HUN,2020,9.451321,9
Iceland,ISL,1838,32.588642,
Iceland,ISL,1839,32.350002,
Iceland,ISL,1840,35.21155,
Iceland,ISL,1841,37.069416,
Iceland,ISL,1842,36.554745,
Iceland,ISL,1843,34.179504,
Iceland,ISL,1844,33.41635,
Iceland,ISL,1845,35.30557,
Iceland,ISL,1846,35.30709,
Iceland,ISL,1847,33.435627,
Iceland,ISL,1848,36.85953,
Iceland,ISL,1849,36.39956,
Iceland,ISL,1850,38.295963,
Iceland,ISL,1851,38.210922,
Iceland,ISL,1852,39.095142,
Iceland,ISL,1853,40.04476,
Iceland,ISL,1854,39.261795,
Iceland,ISL,1855,38.041164,
Iceland,ISL,1856,37.247,
Iceland,ISL,1857,40.46419,
Iceland,ISL,1858,42.717644,
Iceland,ISL,1859,38.39647,
Iceland,ISL,1860,35.278225,
Iceland,ISL,1861,36.599144,
Iceland,ISL,1862,38.886593,
Iceland,ISL,1863,38.213696,
Iceland,ISL,1864,39.641953,
Iceland,ISL,1865,39.07444,
Iceland,ISL,1866,37.511322,
Iceland,ISL,1867,39.05245,
Iceland,ISL,1868,34.236866,
Iceland,ISL,1869,30.395075,
Iceland,ISL,1870,31.522867,
Iceland,ISL,1871,31.340935,
Iceland,ISL,1872,31.194036,
Iceland,ISL,1873,33.80352,
Iceland,ISL,1874,32.129013,
Iceland,ISL,1875,32.113914,
Iceland,ISL,1876,33.097145,
Iceland,ISL,1877,30.800388,
Iceland,ISL,1878,33.025036,8
Iceland,ISL,1879,31.241383,10
Iceland,ISL,1880,31.496412,10
Iceland,ISL,1881,32.007233,8
Iceland,ISL,1882,31.459394,7
Iceland,ISL,1883,29.360844,8
Iceland,ISL,1884,32.77795,9
Iceland,ISL,1885,31.515602,9
Iceland,ISL,1886,29.582003,8
Iceland,ISL,1887,27.707184,9
Iceland,ISL,1888,27.094044,9
Iceland,ISL,1889,31.082136,9
Iceland,ISL,1890,31.02206,6
Iceland,ISL,1891,33.420452,6
Iceland,ISL,1892,31.628706,8
Iceland,ISL,1893,31.930666,9
Iceland,ISL,1894,29.744465,7
Iceland,ISL,1895,33.847477,8
Iceland,ISL,1896,31.584202,9
Iceland,ISL,1897,31.469076,6
Iceland,ISL,1898,29.904009,8
Iceland,ISL,1899,29.074986,9
Iceland,ISL,1900,28.697927,9
Iceland,ISL,1901,27.865665,9
Iceland,ISL,1902,28.234652,10
Iceland,ISL,1903,28.350634,8
Iceland,ISL,1904,28.811234,7
Iceland,ISL,1905,28.264154,8
Iceland,ISL,1906,28.966925,9
Iceland,ISL,1907,28.082365,9
Iceland,ISL,1908,27.381031,7
Iceland,ISL,1909,27.316624,8
Iceland,ISL,1910,25.674002,9
Iceland,ISL,1911,25.877985,8
Iceland,ISL,1912,26.08299,6
Iceland,ISL,1913,25.739168,9
Iceland,ISL,1914,26.838331,8
Iceland,ISL,1915,27.780327,9
Iceland,ISL,1916,26.701385,9
Iceland,ISL,1917,27.034231,8
Iceland,ISL,1918,26.71844,8
Iceland,ISL,1919,25.482811,11
Iceland,ISL,1920,28.281916,7
Iceland,ISL,1921,27.54645,6
Iceland,ISL,1922,26.763449,9
Iceland,ISL,1923,27.117607,7
Iceland,ISL,1924,25.857666,9
Iceland,ISL,1925,25.95137,7
Iceland,ISL,1926,26.747225,9
Iceland,ISL,1927,25.97785,7
Iceland,ISL,1928,24.598783,8
Iceland,ISL,1929,25.21925,9
Iceland,ISL,1930,26.392416,9
Iceland,ISL,1931,25.814575,5
Iceland,ISL,1932,24.548084,6
Iceland,ISL,1933,22.699993,10
Iceland,ISL,1934,22.916628,10
Iceland,ISL,1935,22.236168,9
Iceland,ISL,1936,22.071608,6
Iceland,ISL,1937,20.512657,10
Iceland,ISL,1938,20.17592,6
Iceland,ISL,1939,19.880245,6
Iceland,ISL,1940,20.622578,11
Iceland,ISL,1941,21.670153,9
Iceland,ISL,1942,24.552738,10
Iceland,ISL,1943,25.58712,7
Iceland,ISL,1944,25.500093,12
Iceland,ISL,1945,26.866888,3
Iceland,ISL,1946,26.339222,9
Iceland,ISL,1947,27.91713,9
Iceland,ISL,1948,28.112377,5
Iceland,ISL,1949,28.046467,8
Iceland,ISL,1950,29.0204,4
Iceland,ISL,1951,27.72117,2
Iceland,ISL,1952,27.809164,6
Iceland,ISL,1953,28.555605,6
Iceland,ISL,1954,28.070745,6
Iceland,ISL,1955,28.875015,1
Iceland,ISL,1956,28.871475,6
Iceland,ISL,1957,29.049364,2
Iceland,ISL,1958,27.829044,1
Iceland,ISL,1959,28.434418,2
Iceland,ISL,1960,28.285479,8
Iceland,ISL,1961,25.744898,3
Iceland,ISL,1962,26.0684,5
Iceland,ISL,1963,26.193428,7
Iceland,ISL,1964,25.543234,2
Iceland,ISL,1965,24.758022,9
Iceland,ISL,1966,24.206274,8
Iceland,ISL,1967,22.34144,5
Iceland,ISL,1968,21.111902,4
Iceland,ISL,1969,20.8199,6
Iceland,ISL,1970,19.725483,4
Iceland,ISL,1971,20.878725,5
Iceland,ISL,1972,22.55184,5
Iceland,ISL,1973,21.804153,5
Iceland,ISL,1974,20.011444,5
Iceland,ISL,1975,20.234184,7
Iceland,ISL,1976,19.570187,6
Iceland,ISL,1977,18.079716,5
Iceland,ISL,1978,18.70257,8
Iceland,ISL,1979,19.932117,3
Iceland,ISL,1980,19.952873,5
Iceland,ISL,1981,18.946745,4
Iceland,ISL,1982,18.679714,4
Iceland,ISL,1983,18.557358,9
Iceland,ISL,1984,17.25107,7
Iceland,ISL,1985,16.025734,7
Iceland,ISL,1986,16.02336,6
Iceland,ISL,1987,17.173306,4
Iceland,ISL,1988,18.87658,5
Iceland,ISL,1989,18.101313,8
Iceland,ISL,1990,18.78768,5
Iceland,ISL,1991,17.716494,5
Iceland,ISL,1992,17.746126,8
Iceland,ISL,1993,17.619255,5
Iceland,ISL,1994,16.758554,7
Iceland,ISL,1995,16.031506,2
Iceland,ISL,1996,16.156084,11
Iceland,ISL,1997,15.381558,5
Iceland,ISL,1998,15.338929,7
Iceland,ISL,1999,14.870705,8
Iceland,ISL,2000,15.463389,6
Iceland,ISL,2001,14.437101,8
Iceland,ISL,2002,14.128691,9
Iceland,ISL,2003,14.362058,8
Iceland,ISL,2004,14.57151,7
Iceland,ISL,2005,14.578749,9
Iceland,ISL,2006,14.72177,6
Iceland,ISL,2007,14.821605,9
Iceland,ISL,2008,15.327165,9
Iceland,ISL,2009,15.73674,8
Iceland,ISL,2010,15.448647,9
Iceland,ISL,2011,14.347318,8
Iceland,ISL,2012,14.419562,8
Iceland,ISL,2013,13.65487,6
Iceland,ISL,2014,13.626484,7
Iceland,ISL,2015,12.712888,9
Iceland,ISL,2016,12.347345,9
Iceland,ISL,2017,12.209461,8
Iceland,ISL,2018,12.314544,9
Iceland,ISL,2019,12.701801,10
Iceland,ISL,2020,12.72394,9
Iceland,ISL,2021,13.58883,8
Iceland,ISL,2022,12.010185,9
Iceland,ISL,2023,11.503937,8
Ireland,IRL,1950,21.92825,
Ireland,IRL,1951,21.485123,
Ireland,IRL,1952,21.926205,
Ireland,IRL,1953,21.300442,
Ireland,IRL,1954,21.386621,
Ireland,IRL,1955,21.179518,
Ireland,IRL,1956,21.000385,
Ireland,IRL,1957,21.284601,
Ireland,IRL,1958,20.786531,
Ireland,IRL,1959,21.137451,
Ireland,IRL,1960,21.432852,
Ireland,IRL,1961,21.183287,
Ireland,IRL,1962,21.852911,
Ireland,IRL,1963,22.286083,
Ireland,IRL,1964,22.473558,
Ireland,IRL,1965,22.160881,
Ireland,IRL,1966,21.580853,
Ireland,IRL,1967,21.15819,
Ireland,IRL,1968,20.921137,
Ireland,IRL,1969,21.4528,
Ireland,IRL,1970,21.777094,
Ireland,IRL,1971,22.712656,
Ireland,IRL,1972,22.722168,
Ireland,IRL,1973,22.42934,
Ireland,IRL,1974,22.142916,
Ireland,IRL,1975,21.260668,
Ireland,IRL,1976,21.11098,
Ireland,IRL,1977,21.160995,
Ireland,IRL,1978,21.265749,5
Ireland,IRL,1979,21.604326,5
Ireland,IRL,1980,21.791996,5
Ireland,IRL,1981,20.993866,4
Ireland,IRL,1982,20.438368,3
Ireland,IRL,1983,19.22839,3
Ireland,IRL,1984,18.24991,3
Ireland,IRL,1985,17.687,5
Ireland,IRL,1986,17.402773,3
Ireland,IRL,1987,16.468836,4
Ireland,IRL,1988,15.433032,6
Ireland,IRL,1989,14.78726,5
Ireland,IRL,1990,15.114698,5
Ireland,IRL,1991,14.964279,5
Ireland,IRL,1992,14.39391,4
Ireland,IRL,1993,13.806538,9
Ireland,IRL,1994,13.460523,3
Ireland,IRL,1995,13.554714,5
Ireland,IRL,1996,13.9703045,9
Ireland,IRL,1997,14.440855,9
Ireland,IRL,1998,14.611875,9
Ireland,IRL,1999,14.448016,6
Ireland,IRL,2000,14.50755,9
Ireland,IRL,2001,15.102098,9
Ireland,IRL,2002,15.524931,9
Ireland,IRL,2003,15.530922,7
Ireland,IRL,2004,15.391608,9
Ireland,IRL,2005,14.938044,7
Ireland,IRL,2006,15.558521,9
Ireland,IRL,2007,16.465183,9
Ireland,IRL,2008,16.873217,9
Ireland,IRL,2009,16.710691,7
Ireland,IRL,2010,16.519156,9
Ireland,IRL,2011,16.193586,9
Ireland,IRL,2012,15.608933,7
Ireland,IRL,2013,14.946533,9
Ireland,IRL,2014,14.500978,9
Ireland,IRL,2015,14.005915,9
Ireland,IRL,2016,13.503348,9
Ireland,IRL,2017,12.898181,9
Ireland,IRL,2018,12.540074,9
Ireland,IRL,2019,12.002882,8
Ireland,IRL,2020,11.163622,9
Ireland,IRL,2021,11.958648,9
Ireland,IRL,2022,10.569826,1
Israel,ISR,1983,24.3666,8
Israel,ISR,1984,23.881475,8
Israel,ISR,1985,23.625734,9
Israel,ISR,1986,23.247066,9
Israel,ISR,1987,22.820393,9
Israel,ISR,1988,22.746052,8
Israel,ISR,1989,22.455175,8
Israel,ISR,1990,22.60025,8
Israel,ISR,1991,21.904156,8
Israel,ISR,1992,21.75396,8
Israel,ISR,1993,21.62693,8
Israel,ISR,1994,21.511484,9
Israel,ISR,1995,21.385572,9
Israel,ISR,1996,21.601194,8
Israel,ISR,1997,21.570337,7
Israel,ISR,1998,21.96683,8
Israel,ISR,1999,21.737246,9
Israel,ISR,2000,21.831964,8
Israel,ISR,2001,21.306772,8
Israel,ISR,2002,21.281115,9
Israel,ISR,2003,21.69512,10
Israel,ISR,2004,21.357916,10
Israel,ISR,2005,20.798822,9
Israel,ISR,2006,21.04481,8
Israel,ISR,2007,21.166777,8
Israel,ISR,2008,21.520525,9
Israel,ISR,2009,21.70489,9
Israel,ISR,2010,22.01444,
Israel,ISR,2011,21.610464,
Israel,ISR,2012,21.813692,
Israel,ISR,2013,21.47242,
Israel,ISR,2014,21.68895,
Israel,ISR,2015,21.541046,
Israel,ISR,2016,21.434206,
Italy,ITA,1872,38.146122,
Italy,ITA,1873,36.54949,
Italy,ITA,1874,35.08986,
Italy,ITA,1875,37.99908,
Italy,ITA,1876,39.48991,
Italy,ITA,1877,37.11451,
Italy,ITA,1878,36.195873,
Italy,ITA,1879,37.76392,
Italy,ITA,1880,33.722572,
Italy,ITA,1881,38.031902,
Italy,ITA,1882,37.28446,
Italy,ITA,1883,37.395157,
Italy,ITA,1884,39.194622,
Italy,ITA,1885,38.67227,
Italy,ITA,1886,37.013397,
Italy,ITA,1887,39.054,
Italy,ITA,1888,37.643124,
Italy,ITA,1889,38.388042,
Italy,ITA,1890,35.850315,
Italy,ITA,1891,37.251434,
Italy,ITA,1892,36.27157,
Italy,ITA,1893,36.542435,
Italy,ITA,1894,35.504013,
Italy,ITA,1895,34.913002,
Italy,ITA,1896,34.806007,
Italy,ITA,1897,34.76318,
Italy,ITA,1898,33.46799,
Italy,ITA,1899,33.850746,
Italy,ITA,1900,32.97149,2
Italy,ITA,1901,32.55924,2
Italy,ITA,1902,33.436337,3
Italy,ITA,1903,31.654043,1
Italy,ITA,1904,32.80602,2
Italy,ITA,1905,32.540394,1
Italy,ITA,1906,31.937277,1
Italy,ITA,1907,31.471191,2
Italy,ITA,1908,33.527092,2
Italy,ITA,1909,32.64079,1
Italy,ITA,1910,33.26341,2
Italy,ITA,1911,31.544851,1
Italy,ITA,1912,32.47372,1
Italy,ITA,1913,31.621117,1
Italy,ITA,1914,30.915735,1
Italy,ITA,1915,30.31369,1
Italy,ITA,1916,23.905838,1
Italy,ITA,1917,18.734272,1
Italy,ITA,1918,17.447252,1
Italy,ITA,1919,21.391838,11
Italy,ITA,1920,32.01469,1
Italy,ITA,1921,30.446384,1
Italy,ITA,1922,31.635447,1
Italy,ITA,1923,30.794966,1
Italy,ITA,1924,28.498692,1
Italy,ITA,1925,27.90465,1
Italy,ITA,1926,27.390032,1
Italy,ITA,1927,27.222488,1
Italy,ITA,1928,26.526262,1
Italy,ITA,1929,25.533003,1
Italy,ITA,1930,26.778996,2
Italy,ITA,1931,24.962133,1
Italy,ITA,1932,23.963444,2
Italy,ITA,1933,23.952871,1
Italy,ITA,1934,23.728348,1
Italy,ITA,1935,23.664015,1
Italy,ITA,1936,22.723576,1
Italy,ITA,1937,23.24551,1
Italy,ITA,1938,24.114622,1
Italy,ITA,1939,23.968716,2
Italy,ITA,1940,23.884941,2
Italy,ITA,1941,21.191494,1
Italy,ITA,1942,20.800865,9
Italy,ITA,1943,19.715225,1
Italy,ITA,1944,18.16627,1
Italy,ITA,1945,18.145851,1
Italy,ITA,1946,22.958063,2
Italy,ITA,1947,22.60228,1
Italy,ITA,1948,22.237196,1
Italy,ITA,1949,20.490156,1
Italy,ITA,1950,19.677738,1
Italy,ITA,1951,18.472883,1
Italy,ITA,1952,18.008022,1
Italy,ITA,1953,17.808094,1
Italy,ITA,1954,18.259521,1
Italy,ITA,1955,18.11733,1
Italy,ITA,1956,18.095348,2
Italy,ITA,1957,18.110977,1
Italy,ITA,1958,17.840498,1
Italy,ITA,1959,18.362114,1
Italy,ITA,1960,18.432362,1
Italy,ITA,1961,18.722158,1
Italy,ITA,1962,18.756323,1
Italy,ITA,1963,19.071505,9
Italy,ITA,1964,20.019714,7
Italy,ITA,1965,19.329847,1
Italy,ITA,1966,18.966776,3
Italy,ITA,1967,18.210852,1
Italy,ITA,1968,17.72098,1
Italy,ITA,1969,17.649485,7
Italy,ITA,1970,16.954287,7
Italy,ITA,1971,16.945078,7
Italy,ITA,1972,16.51092,7
Italy,ITA,1973,16.136652,7
Italy,ITA,1974,15.924317,7
Italy,ITA,1975,15.068717,7
Italy,ITA,1976,14.147341,6
Italy,ITA,1977,13.346407,6
Italy,ITA,1978,12.713388,5
Italy,ITA,1979,11.971871,5
Italy,ITA,1980,11.403424,7
Italy,ITA,1981,11.028267,7
Italy,ITA,1982,10.9447775,5
Italy,ITA,1983,10.633565,7
Italy,ITA,1984,10.384788,7
Italy,ITA,1985,10.194696,7
Italy,ITA,1986,9.806348,7
Italy,ITA,1987,9.738116,7
Italy,ITA,1988,10.056033,9
Italy,ITA,1989,9.890444,7
Italy,ITA,1990,10.033813,7
Italy,ITA,1991,9.911717,9
Italy,ITA,1992,9.995529,7
Italy,ITA,1993,9.664274,7
Italy,ITA,1994,9.371177,7
Italy,ITA,1995,9.239698,9
Italy,ITA,1996,9.283789,7
Italy,ITA,1997,9.390805,5
Italy,ITA,1998,9.335572,9
Italy,ITA,1999,9.193378,9
Italy,ITA,2000,9.464391,9
Italy,ITA,2001,9.28165,5
Italy,ITA,2002,8.934807,9
Italy,ITA,2003,8.979284,9
Italy,ITA,2004,9.489718,9
Italy,ITA,2005,9.455303,9
Italy,ITA,2006,9.541252,9
Italy,ITA,2007,9.641374,10
Italy,ITA,2008,9.647083,9
Italy,ITA,2009,9.498803,9
Italy,ITA,2010,9.326744,9
Italy,ITA,2011,9.02285,9
Italy,ITA,2012,8.781764,10
Italy,ITA,2013,8.359594,9
Italy,ITA,2014,8.156323,9
Italy,ITA,2015,7.8533745,9
Italy,ITA,2016,7.7393165,9
Italy,ITA,2017,7.613478,10
Italy,ITA,2018,7.3309774,10
Italy,ITA,2019,7.0232263,9
Italy,ITA,2020,6.7891207,9
Italy,ITA,2021,6.7570534,9
Italy,ITA,2022,6.66334,9
Japan,JPN,1947,35.458595,1
Japan,JPN,1948,34.5882,1
Japan,JPN,1949,33.96371,1
Japan,JPN,1950,28.83392,1
Japan,JPN,1951,25.93307,1
Japan,JPN,1952,23.987226,1
Japan,JPN,1953,22.007572,1
Japan,JPN,1954,20.583511,1
Japan,JPN,1955,19.865477,1
Japan,JPN,1956,18.891779,1
Japan,JPN,1957,17.602072,1
Japan,JPN,1958,18.419983,1
Japan,JPN,1959,17.930393,1
Japan,JPN,1960,17.532314,1
Japan,JPN,1961,17.18047,1
Japan,JPN,1962,17.313198,1
Japan,JPN,1963,17.566833,1
Japan,JPN,1964,17.973204,1
Japan,JPN,1965,18.881203,2
Japan,JPN,1966,13.944929,12
Japan,JPN,1967,19.68765,1
Japan,JPN,1968,18.780981,4
Japan,JPN,1969,18.75385,1
Japan,JPN,1970,18.948214,1
Japan,JPN,1971,19.380138,7
Japan,JPN,1972,19.476048,8
Japan,JPN,1973,19.519373,2
Japan,JPN,1974,18.671007,7
Japan,JPN,1975,17.261675,2
Japan,JPN,1976,16.42421,7
Japan,JPN,1977,15.571352,7
Japan,JPN,1978,15.016815,7
Japan,JPN,1979,14.308225,8
Japan,JPN,1980,13.624101,9
Japan,JPN,1981,13.118776,9
Japan,JPN,1982,12.906217,8
Japan,JPN,1983,12.759505,7
Japan,JPN,1984,12.516553,8
Japan,JPN,1985,11.951684,7
Japan,JPN,1986,11.481829,7
Japan,JPN,1987,11.128032,7
Japan,JPN,1988,10.8091135,9
Japan,JPN,1989,10.216536,8
Japan,JPN,1990,9.977413,7
Japan,JPN,1991,9.962503,7
Japan,JPN,1992,9.814097,9
Japan,JPN,1993,9.618877,7
Japan,JPN,1994,9.999002,7
Japan,JPN,1995,9.558114,7
Japan,JPN,1996,9.6962185,7
Japan,JPN,1997,9.554114,7
Japan,JPN,1998,9.625448,9
Japan,JPN,1999,9.4034,7
Japan,JPN,2000,9.494176,9
Japan,JPN,2001,9.322468,9
Japan,JPN,2002,9.173304,9
Japan,JPN,2003,8.921452,7
Japan,JPN,2004,8.811916,9
Japan,JPN,2005,8.42622,9
Japan,JPN,2006,8.667242,9
Japan,JPN,2007,8.637468,10
Japan,JPN,2008,8.646126,9
Japan,JPN,2009,8.47416,9
Japan,JPN,2010,8.484056,9
Japan,JPN,2011,8.32736,9
Japan,JPN,2012,8.230517,9
Japan,JPN,2013,8.182278,9
Japan,JPN,2014,7.988353,9
Japan,JPN,2015,8.023148,9
Japan,JPN,2016,7.816589,9
Japan,JPN,2017,7.580641,9
Japan,JPN,2018,7.376463,8
Japan,JPN,2019,6.9700418,9
Japan,JPN,2020,6.797832,9
Japan,JPN,2021,6.5879,9
Japan,JPN,2022,6.2884555,9
Japan,JPN,2023,5.9700966,8
Latvia,LVA,1959,16.637114,4
Latvia,LVA,1960,16.742323,3
Latvia,LVA,1961,16.77745,3
Latvia,LVA,1962,16.132275,9
Latvia,LVA,1963,15.394021,4
Latvia,LVA,1964,14.866659,4
Latvia,LVA,1965,13.874992,4
Latvia,LVA,1966,14.069835,6
Latvia,LVA,1967,14.038126,4
Latvia,LVA,1968,14.0947895,4
Latvia,LVA,1969,14.054213,3
Latvia,LVA,1970,14.52436,5
Latvia,LVA,1971,14.884002,3
Latvia,LVA,1972,14.6637745,4
Latvia,LVA,1973,14.136475,3
Latvia,LVA,1974,14.385447,5
Latvia,LVA,1975,14.216912,4
Latvia,LVA,1976,14.052681,3
Latvia,LVA,1977,13.815975,6
Latvia,LVA,1978,13.736409,5
Latvia,LVA,1979,13.8512745,3
Latvia,LVA,1980,14.156973,4
Latvia,LVA,1981,14.203353,6
Latvia,LVA,1982,14.837291,3
Latvia,LVA,1983,15.974868,6
Latvia,LVA,1984,15.98145,4
Latvia,LVA,1985,15.457471,4
Latvia,LVA,1986,16.208588,2
Latvia,LVA,1987,16.128345,2
Latvia,LVA,1988,15.629408,4
Latvia,LVA,1989,14.605698,5
Latvia,LVA,1990,14.224795,6
Latvia,LVA,1991,13.047981,3
Latvia,LVA,1992,11.949869,3
Latvia,LVA,1993,10.35165,4
Latvia,LVA,1994,9.552411,3
Latvia,LVA,1995,8.640102,3
Latvia,LVA,1996,8.014474,4
Latvia,LVA,1997,7.706975,4
Latvia,LVA,1998,7.6102824,7
Latvia,LVA,1999,8.0894985,6
Latvia,LVA,2000,8.527644,6
Latvia,LVA,2001,8.383326,5
Latvia,LVA,2002,8.672437,7
Latvia,LVA,2003,9.199304,7
Latvia,LVA,2004,9.028621,7
Latvia,LVA,2005,9.724669,8
Latvia,LVA,2006,10.266631,9
Latvia,LVA,2007,10.847259,8
Latvia,LVA,2008,11.13222,7
Latvia,LVA,2009,10.193966,6
Latvia,LVA,2010,9.328568,3
Latvia,LVA,2011,9.075887,7
Latvia,LVA,2012,9.731414,7
Latvia,LVA,2013,10.178829,7
Latvia,LVA,2014,10.867402,7
Latvia,LVA,2015,11.067229,7
Latvia,LVA,2016,11.157786,6
Latvia,LVA,2017,10.680692,7
Latvia,LVA,2018,9.984602,6
Latvia,LVA,2019,9.784311,7
Latvia,LVA,2020,9.20051,4
Latvia,LVA,2021,9.201404,9
Latvia,LVA,2022,8.505737,6
Latvia,LVA,2023,7.6582584,6
Latvia,LVA,2024,6.872079,9
Lithuania,LTU,1959,22.972368,3
Lithuania,LTU,1960,22.735008,2
Lithuania,LTU,1961,22.489605,4
Lithuania,LTU,1962,21.063623,4
Lithuania,LTU,1963,19.843891,4
Lithuania,LTU,1964,19.192291,4
Lithuania,LTU,1965,18.249739,4
Lithuania,LTU,1966,18.18901,4
Lithuania,LTU,1967,17.81793,5
Lithuania,LTU,1968,17.758337,4
Lithuania,LTU,1969,17.568047,5
Lithuania,LTU,1970,17.793438,5
Lithuania,LTU,1971,17.769033,5
Lithuania,LTU,1972,17.115019,4
Lithuania,LTU,1973,16.11165,3
Lithuania,LTU,1974,15.960043,5
Lithuania,LTU,1975,15.760105,4
Lithuania,LTU,1976,15.783676,5
Lithuania,LTU,1977,15.60818,6
Lithuania,LTU,1978,15.372999,5
Lithuania,LTU,1979,15.299553,4
Lithuania,LTU,1980,15.136982,4
Lithuania,LTU,1981,15.18696,6
Lithuania,LTU,1982,15.335592,6
Lithuania,LTU,1983,16.499172,6
Lithuania,LTU,1984,16.35728,5
Lithuania,LTU,1985,16.478798,4
Lithuania,LTU,1986,16.696442,4
Lithuania,LTU,1987,16.445162,2
Lithuania,LTU,1988,15.5738,2
Lithuania,LTU,1989,15.189993,1
Lithuania,LTU,1990,15.405371,1
Lithuania,LTU,1991,15.19666,1
Lithuania,LTU,1992,14.476266,7
Lithuania,LTU,1993,12.859419,3
Lithuania,LTU,1994,11.550855,4
Lithuania,LTU,1995,11.317209,3
Lithuania,LTU,1996,10.812834,5
Lithuania,LTU,1997,10.545208,4
Lithuania,LTU,1998,10.3970585,7
Lithuania,LTU,1999,10.301298,5
Lithuania,LTU,2000,9.726486,4
Lithuania,LTU,2001,8.935898,5
Lithuania,LTU,2002,8.546059,7
Lithuania,LTU,2003,8.7325325,7
Lithuania,LTU,2004,8.757885,7
Lithuania,LTU,2005,8.794099,7
Lithuania,LTU,2006,8.998588,7
Lithuania,LTU,2007,9.235111,8
Lithuania,LTU,2008,9.814379,7
Lithuania,LTU,2009,10.102058,7
Lithuania,LTU,2010,9.760846,7
Lithuania,LTU,2011,9.914527,7
Lithuania,LTU,2012,9.966889,8
Lithuania,LTU,2013,9.697896,7
Lithuania,LTU,2014,9.95429,7
Lithuania,LTU,2015,10.262882,6
Lithuania,LTU,2016,10.178078,7
Lithuania,LTU,2017,9.746235,7
Lithuania,LTU,2018,9.462658,7
Lithuania,LTU,2019,8.861933,7
Lithuania,LTU,2020,8.3643265,9
Lithuania,LTU,2021,8.295397,7
Lithuania,LTU,2022,7.860765,7
Lithuania,LTU,2023,7.2167954,7
Lithuania,LTU,2024,6.6129456,7
Luxembourg,LUX,1960,16.009218,6
Luxembourg,LUX,1961,16.235065,3
Luxembourg,LUX,1962,16.137169,6
Luxembourg,LUX,1963,15.905456,4
Luxembourg,LUX,1964,16.107409,4
Luxembourg,LUX,1965,16.144571,2
Luxembourg,LUX,1966,15.668359,2
Luxembourg,LUX,1967,14.80712,2
Luxembourg,LUX,1968,14.211874,2
Luxembourg,LUX,1969,13.507503,3
Luxembourg,LUX,1970,13.019121,3
Luxembourg,LUX,1971,13.275861,5
Luxembourg,LUX,1972,12.027229,2
Luxembourg,LUX,1973,11.0521145,3
Luxembourg,LUX,1974,11.206197,6
Luxembourg,LUX,1975,11.339424,5
Luxembourg,LUX,1976,11.033843,9
Luxembourg,LUX,1977,11.3557205,3
Luxembourg,LUX,1978,11.324386,3
Luxembourg,LUX,1979,11.249101,7
Luxembourg,LUX,1980,11.475697,9
Luxembourg,LUX,1981,12.121783,2
Luxembourg,LUX,1982,11.788167,7
Luxembourg,LUX,1983,11.458386,8
Luxembourg,LUX,1984,11.465852,7
Luxembourg,LUX,1985,11.215909,7
Luxembourg,LUX,1986,11.741713,6
Luxembourg,LUX,1987,11.47521,7
Luxembourg,LUX,1988,12.384001,9
Luxembourg,LUX,1989,12.435483,4
Luxembourg,LUX,1990,13.033185,7
Luxembourg,LUX,1991,12.992517,5
Luxembourg,LUX,1992,13.237253,7
Luxembourg,LUX,1993,13.58641,9
Luxembourg,LUX,1994,13.649422,6
Luxembourg,LUX,1995,13.395276,6
Luxembourg,LUX,1996,13.857591,5
Luxembourg,LUX,1997,13.234315,6
Luxembourg,LUX,1998,12.795039,6
Luxembourg,LUX,1999,13.099318,6
Luxembourg,LUX,2000,13.233097,7
Luxembourg,LUX,2001,12.444616,5
Luxembourg,LUX,2002,12.045941,7
Luxembourg,LUX,2003,11.837377,7
Luxembourg,LUX,2004,11.993062,7
Luxembourg,LUX,2005,11.65396,6
Luxembourg,LUX,2006,11.7627,8
Luxembourg,LUX,2007,11.506016,5
Luxembourg,LUX,2008,11.569571,7
Luxembourg,LUX,2009,11.42503,7
Luxembourg,LUX,2010,11.69959,2
Luxembourg,LUX,2011,11.016076,7
Luxembourg,LUX,2012,11.491957,5
Luxembourg,LUX,2013,11.397234,7
Luxembourg,LUX,2014,11.052138,7
Luxembourg,LUX,2015,10.87117,7
Luxembourg,LUX,2016,10.506592,7
Luxembourg,LUX,2017,10.455759,6
Luxembourg,LUX,2018,10.424958,7
Luxembourg,LUX,2019,10.150564,11
Luxembourg,LUX,2020,10.317777,5
Luxembourg,LUX,2021,10.541044,9
Luxembourg,LUX,2022,10.064104,6
Luxembourg,LUX,2023,9.564324,5
Netherlands,NLD,1850,35.058163,2
Netherlands,NLD,1851,35.301727,2
Netherlands,NLD,1852,35.73006,3
Netherlands,NLD,1853,33.49415,2
Netherlands,NLD,1854,33.176064,3
Netherlands,NLD,1855,32.453148,2
Netherlands,NLD,1856,33.335323,2
Netherlands,NLD,1857,35.348537,2
Netherlands,NLD,1858,33.07353,2
Netherlands,NLD,1859,35.603024,2
Netherlands,NLD,1860,32.298473,2
Netherlands,NLD,1861,36.012733,4
Netherlands,NLD,1862,33.93972,3
Netherlands,NLD,1863,37.179806,2
Netherlands,NLD,1864,36.484703,2
Netherlands,NLD,1865,36.975746,2
Netherlands,NLD,1866,36.135796,2
Netherlands,NLD,1867,36.204292,2
Netherlands,NLD,1868,35.664246,2
Netherlands,NLD,1869,34.70377,2
Netherlands,NLD,1870,36.768005,2
Netherlands,NLD,1871,35.946163,2
Netherlands,NLD,1872,36.69793,3
Netherlands,NLD,1873,36.942654,2
Netherlands,NLD,1874,37.153744,2
Netherlands,NLD,1875,37.304718,2
Netherlands,NLD,1876,38.053066,2
Netherlands,NLD,1877,37.655674,2
Netherlands,NLD,1878,37.19736,
Netherlands,NLD,1879,37.838367,
Netherlands,NLD,1880,36.47991,
Netherlands,NLD,1881,35.89407,
Netherlands,NLD,1882,36.296936,
Netherlands,NLD,1883,35.277832,
Netherlands,NLD,1884,35.929863,
Netherlands,NLD,1885,35.4375,
Netherlands,NLD,1886,35.677643,
Netherlands,NLD,1887,34.884792,
Netherlands,NLD,1888,34.8879,
Netherlands,NLD,1889,34.32406,
Netherlands,NLD,1890,33.654343,
Netherlands,NLD,1891,34.47312,
Netherlands,NLD,1892,32.787174,
Netherlands,NLD,1893,34.710976,2
Netherlands,NLD,1894,33.34889,3
Netherlands,NLD,1895,33.66991,2
Netherlands,NLD,1896,33.68611,3
Netherlands,NLD,1897,33.45757,2
Netherlands,NLD,1898,32.84635,2
Netherlands,NLD,1899,32.915188,2
Netherlands,NLD,1900,31.86169,2
Netherlands,NLD,1901,32.597218,2
Netherlands,NLD,1902,32.246178,2
Netherlands,NLD,1903,32.05489,2
Netherlands,NLD,1904,31.849848,2
Netherlands,NLD,1905,31.274265,2
Netherlands,NLD,1906,30.872608,2
Netherlands,NLD,1907,30.537714,2
Netherlands,NLD,1908,30.175102,2
Netherlands,NLD,1909,29.586237,2
Netherlands,NLD,1910,28.826696,2
Netherlands,NLD,1911,27.98505,2
Netherlands,NLD,1912,28.22063,2
Netherlands,NLD,1913,28.297308,2
Netherlands,NLD,1914,28.362673,3
Netherlands,NLD,1915,26.40793,2
Netherlands,NLD,1916,26.82341,2
Netherlands,NLD,1917,26.521503,3
Netherlands,NLD,1918,25.610561,3
Netherlands,NLD,1919,24.880386,11
Netherlands,NLD,1920,28.8742,2
Netherlands,NLD,1921,27.885181,2
Netherlands,NLD,1922,26.331518,1
Netherlands,NLD,1923,26.4827,2
Netherlands,NLD,1924,25.350859,3
Netherlands,NLD,1925,24.43024,2
Netherlands,NLD,1926,23.934048,2
Netherlands,NLD,1927,23.2797,2
Netherlands,NLD,1928,23.492453,3
Netherlands,NLD,1929,22.932114,2
Netherlands,NLD,1930,23.29958,3
Netherlands,NLD,1931,22.353722,2
Netherlands,NLD,1932,22.216185,3
Netherlands,NLD,1933,21.039625,2
Netherlands,NLD,1934,20.898438,2
Netherlands,NLD,1935,20.428541,2
Netherlands,NLD,1936,20.342474,3
Netherlands,NLD,1937,19.939423,5
Netherlands,NLD,1938,20.670834,2
Netherlands,NLD,1939,20.709509,4
Netherlands,NLD,1940,20.92554,3
Netherlands,NLD,1941,20.392935,5
Netherlands,NLD,1942,21.091856,3
Netherlands,NLD,1943,23.0705,9
Netherlands,NLD,1944,24.093088,9
Netherlands,NLD,1945,22.734596,3
Netherlands,NLD,1946,30.574257,5
Netherlands,NLD,1947,28.015642,2
Netherlands,NLD,1948,25.516554,3
Netherlands,NLD,1949,23.893398,2
Netherlands,NLD,1950,22.909836,3
Netherlands,NLD,1951,22.392054,2
Netherlands,NLD,1952,22.450895,2
Netherlands,NLD,1953,21.84443,3
Netherlands,NLD,1954,21.625761,2
Netherlands,NLD,1955,21.461893,4
Netherlands,NLD,1956,21.390497,3
Netherlands,NLD,1957,21.345167,6
Netherlands,NLD,1958,21.345337,9
Netherlands,NLD,1959,21.50218,2
Netherlands,NLD,1960,20.942593,5
Netherlands,NLD,1961,21.409107,4
Netherlands,NLD,1962,20.999445,5
Netherlands,NLD,1963,21.015396,4
Netherlands,NLD,1964,20.835476,4
Netherlands,NLD,1965,20.078411,4
Netherlands,NLD,1966,19.358019,4
Netherlands,NLD,1967,19.03936,4
Netherlands,NLD,1968,18.726347,4
Netherlands,NLD,1969,19.3443,4
Netherlands,NLD,1970,18.436779,4
Netherlands,NLD,1971,17.31551,4
Netherlands,NLD,1972,16.13596,4
Netherlands,NLD,1973,14.564083,3
Netherlands,NLD,1974,13.78439,5
Netherlands,NLD,1975,13.0788765,4
Netherlands,NLD,1976,12.89569,6
Netherlands,NLD,1977,12.545836,5
Netherlands,NLD,1978,12.633074,5
Netherlands,NLD,1979,12.513443,4
Netherlands,NLD,1980,12.868474,9
Netherlands,NLD,1981,12.570537,9
Netherlands,NLD,1982,12.048004,9
Netherlands,NLD,1983,11.872698,6
Netherlands,NLD,1984,12.118682,7
Netherlands,NLD,1985,12.325394,9
Netherlands,NLD,1986,12.700456,4
Netherlands,NLD,1987,12.773298,6
Netherlands,NLD,1988,12.685564,3
Netherlands,NLD,1989,12.766238,5
Netherlands,NLD,1990,13.293948,5
Netherlands,NLD,1991,13.2368,9
Netherlands,NLD,1992,13.004368,9
Netherlands,NLD,1993,12.846294,9
Netherlands,NLD,1994,12.75198,6
Netherlands,NLD,1995,12.353781,9
Netherlands,NLD,1996,12.233965,9
Netherlands,NLD,1997,12.364166,7
Netherlands,NLD,1998,12.740238,9
Netherlands,NLD,1999,12.720208,9
Netherlands,NLD,2000,13.025975,9
Netherlands,NLD,2001,12.674188,7
Netherlands,NLD,2002,12.548737,9
Netherlands,NLD,2003,12.370311,7
Netherlands,NLD,2004,11.933844,7
Netherlands,NLD,2005,11.525136,9
Netherlands,NLD,2006,11.33001,9
Netherlands,NLD,2007,11.085967,9
Netherlands,NLD,2008,11.2544,9
Netherlands,NLD,2009,11.216414,9
Netherlands,NLD,2010,11.124651,9
Netherlands,NLD,2011,10.810381,9
Netherlands,NLD,2012,10.516733,8
Netherlands,NLD,2013,10.210999,7
Netherlands,NLD,2014,10.409389,9
Netherlands,NLD,2015,10.08907,9
Netherlands,NLD,2016,10.16083,7
Netherlands,NLD,2017,9.942787,8
Netherlands,NLD,2018,9.808866,9
Netherlands,NLD,2019,9.818264,9
Netherlands,NLD,2020,9.690092,7
Netherlands,NLD,2021,10.26821,9
Netherlands,NLD,2022,9.522325,9
Netherlands,NLD,2023,9.235004,7
New Zealand,NZL,1948,27.028585,
New Zealand,NZL,1949,26.360804,
New Zealand,NZL,1950,26.107834,
New Zealand,NZL,1951,25.841965,
New Zealand,NZL,1952,26.30974,
New Zealand,NZL,1953,25.661182,
New Zealand,NZL,1954,26.102917,
New Zealand,NZL,1955,26.27578,
New Zealand,NZL,1956,26.163746,
New Zealand,NZL,1957,26.467566,
New Zealand,NZL,1958,26.818033,
New Zealand,NZL,1959,26.758295,
New Zealand,NZL,1960,26.654783,
New Zealand,NZL,1961,27.23008,
New Zealand,NZL,1962,26.487011,
New Zealand,NZL,1963,25.726208,
New Zealand,NZL,1964,24.33851,
New Zealand,NZL,1965,23.010662,
New Zealand,NZL,1966,22.61352,
New Zealand,NZL,1967,22.594137,
New Zealand,NZL,1968,22.704147,
New Zealand,NZL,1969,22.588264,
New Zealand,NZL,1970,22.191805,
New Zealand,NZL,1971,22.656044,
New Zealand,NZL,1972,21.852703,
New Zealand,NZL,1973,20.591694,
New Zealand,NZL,1974,19.698046,
New Zealand,NZL,1975,18.42853,
New Zealand,NZL,1976,17.676008,
New Zealand,NZL,1977,17.264296,
New Zealand,NZL,1978,16.22948,
New Zealand,NZL,1979,16.63649,
New Zealand,NZL,1980,16.082571,9
New Zealand,NZL,1981,16.116524,9
New Zealand,NZL,1982,15.755432,9
New Zealand,NZL,1983,15.763983,9
New Zealand,NZL,1984,15.948026,10
New Zealand,NZL,1985,15.874948,10
New Zealand,NZL,1986,16.135073,9
New Zealand,NZL,1987,16.797028,9
New Zealand,NZL,1988,17.38892,9
New Zealand,NZL,1989,17.483568,9
New Zealand,NZL,1990,17.98373,9
New Zealand,NZL,1991,17.366224,9
New Zealand,NZL,1992,16.840818,9
New Zealand,NZL,1993,16.550076,9
New Zealand,NZL,1994,15.941995,9
New Zealand,NZL,1995,15.817481,9
New Zealand,NZL,1996,15.474574,10
New Zealand,NZL,1997,15.340074,10
New Zealand,NZL,1998,14.579685,10
New Zealand,NZL,1999,14.921998,9
New Zealand,NZL,2000,14.728708,9
New Zealand,NZL,2001,14.430768,10
New Zealand,NZL,2002,13.8106,10
New Zealand,NZL,2003,14.087077,9
New Zealand,NZL,2004,14.324202,9
New Zealand,NZL,2005,14.059682,9
New Zealand,NZL,2006,14.24345,11
New Zealand,NZL,2007,15.2465105,10
New Zealand,NZL,2008,15.181591,2
New Zealand,NZL,2009,14.620829,9
New Zealand,NZL,2010,14.779802,9
New Zealand,NZL,2011,14.068257,3
New Zealand,NZL,2012,13.924131,10
New Zealand,NZL,2013,13.274286,2
New Zealand,NZL,2014,12.781594,10
New Zealand,NZL,2015,13.379306,2
New Zealand,NZL,2016,12.749414,8
New Zealand,NZL,2017,12.513389,10
New Zealand,NZL,2018,11.945018,2
New Zealand,NZL,2019,12.072138,10
New Zealand,NZL,2020,11.435023,9
New Zealand,NZL,2021,11.498174,
Northern Ireland,,1922,24.300524,
Northern Ireland,,1923,24.574453,
Northern Ireland,,1924,23.074905,
Northern Ireland,,1925,22.282343,
Northern Ireland,,1926,22.546717,
Northern Ireland,,1927,21.21526,
Northern Ireland,,1928,20.594065,
Northern Ireland,,1929,20.108917,
Northern Ireland,,1930,20.477499,
Northern Ireland,,1931,20.266659,
Northern Ireland,,1932,19.783312,
Northern Ireland,,1933,19.351458,
Northern Ireland,,1934,19.929224,
Northern Ireland,,1935,19.39214,
Northern Ireland,,1936,20.281746,
Northern Ireland,,1937,19.869856,
Northern Ireland,,1938,20.105858,
Northern Ireland,,1939,19.652636,
Northern Ireland,,1940,19.693216,
Northern Ireland,,1941,20.845226,
Northern Ireland,,1942,22.93155,
Northern Ireland,,1943,24.231232,
Northern Ireland,,1944,23.579512,
Northern Ireland,,1945,21.98002,
Northern Ireland,,1946,22.6937,
Northern Ireland,,1947,23.392225,
Northern Ireland,,1948,21.948109,
Northern Ireland,,1949,21.481346,
Northern Ireland,,1950,21.11991,
Northern Ireland,,1951,20.786007,
Northern Ireland,,1952,20.951921,
Northern Ireland,,1953,21.028603,
Northern Ireland,,1954,20.812706,
Northern Ireland,,1955,20.857557,6
Northern Ireland,,1956,21.16466,4
Northern Ireland,,1957,21.52281,5
Northern Ireland,,1958,21.57077,4
Northern Ireland,,1959,21.83802,6
Northern Ireland,,1960,22.570658,5
Northern Ireland,,1961,22.40918,6
Northern Ireland,,1962,22.736181,5
Northern Ireland,,1963,23.149696,5
Northern Ireland,,1964,23.611795,4
Northern Ireland,,1965,23.104649,3
Northern Ireland,,1966,22.48052,6
Northern Ireland,,1967,22.457308,6
Northern Ireland,,1968,22.086937,1
Northern Ireland,,1969,21.420591,1
Northern Ireland,,1970,21.048887,4
Northern Ireland,,1971,20.707579,3
Northern Ireland,,1972,19.466404,6
Northern Ireland,,1973,18.911997,10
Northern Ireland,,1974,17.572939,1
Northern Ireland,,1975,16.91082,1
Northern Ireland,,1976,17.06945,6
Northern Ireland,,1977,16.48509,5
Northern Ireland,,1978,17.026676,10
Northern Ireland,,1979,18.290562,1
Northern Ireland,,1980,18.542828,1
Northern Ireland,,1981,17.615288,11
Northern Ireland,,1982,17.426231,11
Northern Ireland,,1983,17.481333,6
Northern Ireland,,1984,17.698313,10
Northern Ireland,,1985,17.581142,1
Northern Ireland,,1986,17.839792,4
Northern Ireland,,1987,17.545147,6
Northern Ireland,,1988,17.392181,5
Northern Ireland,,1989,16.28858,6
Northern Ireland,,1990,16.504704,1
Northern Ireland,,1991,16.279064,1
Northern Ireland,,1992,15.722781,1
Northern Ireland,,1993,15.197296,6
Northern Ireland,,1994,14.720376,1
Northern Ireland,,1995,14.410223,1
Northern Ireland,,1996,14.745308,1
Northern Ireland,,1997,14.46791,1
Northern Ireland,,1998,14.14531,9
Northern Ireland,,1999,13.68595,6
Northern Ireland,,2000,12.805211,1
Northern Ireland,,2001,13.033855,1
Northern Ireland,,2002,12.637546,1
Northern Ireland,,2003,12.733362,1
Northern Ireland,,2004,13.062188,1
Northern Ireland,,2005,12.980319,1
Northern Ireland,,2006,13.416041,9
Northern Ireland,,2007,13.9588,8
Northern Ireland,,2008,14.483518,10
Northern Ireland,,2009,13.951829,9
Northern Ireland,,2010,14.076064,9
Northern Ireland,,2011,13.970481,9
Northern Ireland,,2012,13.890626,9
Northern Ireland,,2013,13.281356,9
Northern Ireland,,2014,13.278189,9
Northern Ireland,,2015,13.097165,9
Northern Ireland,,2016,12.943508,9
Northern Ireland,,2017,12.337588,9
Northern Ireland,,2018,12.139603,9
Northern Ireland,,2019,11.862839,9
Northern Ireland,,2020,10.958487,9
Northern Ireland,,2021,11.602225,9
Northern Ireland,,2022,10.924147,9
Norway,NOR,1846,31.217253,
Norway,NOR,1847,30.891579,
Norway,NOR,1848,29.826595,
Norway,NOR,1849,32.185722,
Norway,NOR,1850,31.077415,
Norway,NOR,1851,32.026176,
Norway,NOR,1852,31.133783,
Norway,NOR,1853,32.076714,
Norway,NOR,1854,34.426136,
Norway,NOR,1855,33.628983,
Norway,NOR,1856,32.3779,
Norway,NOR,1857,33.16291,
Norway,NOR,1858,33.70717,
Norway,NOR,1859,35.001793,
Norway,NOR,1860,33.46503,
Norway,NOR,1861,30.760233,
Norway,NOR,1862,32.197704,
Norway,NOR,1863,32.94105,
Norway,NOR,1864,32.033833,
Norway,NOR,1865,32.113335,
Norway,NOR,1866,31.803423,
Norway,NOR,1867,30.126696,
Norway,NOR,1868,29.554476,
Norway,NOR,1869,28.896555,
Norway,NOR,1870,29.199228,
Norway,NOR,1871,29.359781,
Norway,NOR,1872,29.99221,
Norway,NOR,1873,29.90279,
Norway,NOR,1874,31.081156,
Norway,NOR,1875,31.632517,
Norway,NOR,1876,31.727205,
Norway,NOR,1877,31.930414,
Norway,NOR,1878,31.680307,
Norway,NOR,1879,32.341553,
Norway,NOR,1880,30.98418,
Norway,NOR,1881,30.03981,
Norway,NOR,1882,30.56393,
Norway,NOR,1883,31.00709,
Norway,NOR,1884,31.752796,
Norway,NOR,1885,31.620495,
Norway,NOR,1886,30.984657,
Norway,NOR,1887,31.461496,
Norway,NOR,1888,30.416887,
Norway,NOR,1889,29.722897,
Norway,NOR,1890,30.534248,
Norway,NOR,1891,30.889294,
Norway,NOR,1892,29.660889,
Norway,NOR,1893,30.438051,
Norway,NOR,1894,29.78723,
Norway,NOR,1895,30.607006,
Norway,NOR,1896,30.162592,
Norway,NOR,1897,30.26444,
Norway,NOR,1898,30.565886,
Norway,NOR,1899,30.122787,
Norway,NOR,1900,29.868887,
Norway,NOR,1901,30.007387,
Norway,NOR,1902,29.340904,
Norway,NOR,1903,28.666544,
Norway,NOR,1904,28.00036,
Norway,NOR,1905,27.180979,
Norway,NOR,1906,26.843674,
Norway,NOR,1907,26.37454,
Norway,NOR,1908,26.444466,
Norway,NOR,1909,26.857798,
Norway,NOR,1910,25.873503,
Norway,NOR,1911,25.82199,
Norway,NOR,1912,25.472975,
Norway,NOR,1913,25.172333,
Norway,NOR,1914,25.263603,
Norway,NOR,1915,23.752008,
Norway,NOR,1916,24.360361,
Norway,NOR,1917,25.233692,
Norway,NOR,1918,24.736183,
Norway,NOR,1919,22.973253,
Norway,NOR,1920,26.500633,
Norway,NOR,1921,24.350891,
Norway,NOR,1922,23.45055,
Norway,NOR,1923,22.802443,
Norway,NOR,1924,21.338436,
Norway,NOR,1925,19.741938,
Norway,NOR,1926,19.657293,
Norway,NOR,1927,18.108358,
Norway,NOR,1928,17.950567,
Norway,NOR,1929,17.333317,
Norway,NOR,1930,17.090128,
Norway,NOR,1931,16.33504,3
Norway,NOR,1932,16.04593,4
Norway,NOR,1933,14.773349,5
Norway,NOR,1934,14.593573,5
Norway,NOR,1935,14.33361,4
Norway,NOR,1936,14.581028,4
Norway,NOR,1937,15.044824,4
Norway,NOR,1938,15.479297,4
Norway,NOR,1939,15.818131,4
Norway,NOR,1940,16.16849,4
Norway,NOR,1941,15.3414,4
Norway,NOR,1942,17.747375,9
Norway,NOR,1943,18.963871,9
Norway,NOR,1944,20.43092,4
Norway,NOR,1945,20.093174,4
Norway,NOR,1946,22.753405,4
Norway,NOR,1947,21.492844,4
Norway,NOR,1948,20.611355,4
Norway,NOR,1949,19.5911,4
Norway,NOR,1950,19.203072,4
Norway,NOR,1951,18.46378,4
Norway,NOR,1952,18.884714,4
Norway,NOR,1953,18.832384,4
Norway,NOR,1954,18.571873,4
Norway,NOR,1955,18.63004,4
Norway,NOR,1956,18.61872,4
Norway,NOR,1957,18.140772,4
Norway,NOR,1958,17.952608,4
Norway,NOR,1959,17.806705,4
Norway,NOR,1960,17.343132,4
Norway,NOR,1961,17.40137,4
Norway,NOR,1962,17.173754,4
Norway,NOR,1963,17.325045,4
Norway,NOR,1964,17.816584,4
Norway,NOR,1965,17.870031,4
Norway,NOR,1966,17.940655,4
Norway,NOR,1967,17.722834,4
Norway,NOR,1968,17.721628,4
Norway,NOR,1969,17.679827,4
Norway,NOR,1970,16.710724,4
Norway,NOR,1971,16.860231,4
Norway,NOR,1972,16.403118,4
Norway,NOR,1973,15.503134,4
Norway,NOR,1974,15.002523,4
Norway,NOR,1975,14.095313,4
Norway,NOR,1976,13.311845,4
Norway,NOR,1977,12.608572,4
Norway,NOR,1978,12.774027,4
Norway,NOR,1979,12.685711,4
Norway,NOR,1980,12.513322,4
Norway,NOR,1981,12.391334,3
Norway,NOR,1982,12.477694,4
Norway,NOR,1983,12.113666,4
Norway,NOR,1984,12.160471,4
Norway,NOR,1985,12.334247,4
Norway,NOR,1986,12.626569,4
Norway,NOR,1987,12.939514,4
Norway,NOR,1988,13.702614,4
Norway,NOR,1989,14.050952,4
Norway,NOR,1990,14.396231,4
Norway,NOR,1991,14.3088455,4
Norway,NOR,1992,14.065579,4
Norway,NOR,1993,13.88182,4
Norway,NOR,1994,13.895277,4
Norway,NOR,1995,13.865862,4
Norway,NOR,1996,13.942912,4
Norway,NOR,1997,13.614445,4
Norway,NOR,1998,13.20976,4
Norway,NOR,1999,13.340097,5
Norway,NOR,2000,13.226894,5
Norway,NOR,2001,12.590004,4
Norway,NOR,2002,12.253543,7
Norway,NOR,2003,12.402655,7
Norway,NOR,2004,12.441882,7
Norway,NOR,2005,12.3214,4
Norway,NOR,2006,12.617019,7
Norway,NOR,2007,12.488322,6
Norway,NOR,2008,12.770778,7
Norway,NOR,2009,12.878535,6
Norway,NOR,2010,12.6470375,7
Norway,NOR,2011,12.239077,6
Norway,NOR,2012,12.084995,7
Norway,NOR,2013,11.678936,7
Norway,NOR,2014,11.564131,7
Norway,NOR,2015,11.432082,7
Norway,NOR,2016,11.294323,7
Norway,NOR,2017,10.770006,6
Norway,NOR,2018,10.40847,6
Norway,NOR,2019,10.227567,7
Norway,NOR,2020,9.870174,6
Norway,NOR,2021,10.398093,8
Norway,NOR,2022,9.488885,6
Norway,NOR,2023,9.469859,6
Norway,NOR,2024,9.731762,6
Poland,POL,1958,26.614841,
Poland,POL,1959,25.01259,
Poland,POL,1960,22.800514,
Poland,POL,1961,21.068665,
Poland,POL,1962,19.870758,
Poland,POL,1963,19.318937,
Poland,POL,1964,18.28412,
Poland,POL,1965,17.576017,
Poland,POL,1966,16.903387,
Poland,POL,1967,16.458796,
Poland,POL,1968,16.45378,
Poland,POL,1969,16.545418,
Poland,POL,1970,16.88611,
Poland,POL,1971,17.289135,
Poland,POL,1972,17.565464,
Poland,POL,1973,18.106354,
Poland,POL,1974,18.626436,
Poland,POL,1975,19.121693,
Poland,POL,1976,19.717117,
Poland,POL,1977,19.299704,
Poland,POL,1978,19.238745,
Poland,POL,1979,19.704664,
Poland,POL,1980,19.644089,
Poland,POL,1981,19.074926,
Poland,POL,1982,19.556774,
Poland,POL,1983,19.878777,
Poland,POL,1984,19.095787,
Poland,POL,1985,18.348621,3
Poland,POL,1986,17.066294,4
Poland,POL,1987,16.17812,7
Poland,POL,1988,15.621758,3
Poland,POL,1989,14.903239,2
Poland,POL,1990,14.412066,7
Poland,POL,1991,14.37292,1
Poland,POL,1992,13.487537,7
Poland,POL,1993,12.916658,7
Poland,POL,1994,12.559021,3
Poland,POL,1995,11.288245,7
Poland,POL,1996,11.162007,7
Poland,POL,1997,10.757752,4
Poland,POL,1998,10.318532,7
Poland,POL,1999,9.97056,9
Poland,POL,2000,9.883681,1
Poland,POL,2001,9.538315,1
Poland,POL,2002,9.167804,7
Poland,POL,2003,9.1040125,7
Poland,POL,2004,9.243571,7
Poland,POL,2005,9.463776,7
Poland,POL,2006,9.725545,9
Poland,POL,2007,10.090135,9
Poland,POL,2008,10.787517,9
Poland,POL,2009,10.864256,7
Poland,POL,2010,10.739801,7
Poland,POL,2011,10.084853,9
Poland,POL,2012,10.026727,7
Poland,POL,2013,9.601492,7
Poland,POL,2014,9.758551,7
Poland,POL,2015,9.613351,9
Poland,POL,2016,9.963211,9
Poland,POL,2017,10.484461,9
Poland,POL,2018,10.162533,7
Poland,POL,2019,9.794256,7
Poland,POL,2020,9.292864,9
Poland,POL,2021,8.703693,9
Poland,POL,2022,8.049342,6
Poland,POL,2023,7.214127,1
Portugal,PRT,1940,24.476364,2
Portugal,PRT,1941,23.84782,4
Portugal,PRT,1942,24.124985,3
Portugal,PRT,1943,25.331276,2
Portugal,PRT,1944,25.532648,1
Portugal,PRT,1945,26.276596,1
Portugal,PRT,1946,25.602785,1
Portugal,PRT,1947,24.7057,1
Portugal,PRT,1948,26.954868,3
Portugal,PRT,1949,25.566566,1
Portugal,PRT,1950,24.4639,1
Portugal,PRT,1951,24.607044,1
Portugal,PRT,1952,24.855072,3
Portugal,PRT,1953,23.64239,1
Portugal,PRT,1954,22.976728,1
Portugal,PRT,1955,24.277742,1
Portugal,PRT,1956,23.322477,3
Portugal,PRT,1957,24.241404,4
Portugal,PRT,1958,24.221775,3
Portugal,PRT,1959,24.138819,3
Portugal,PRT,1960,24.107027,3
Portugal,PRT,1961,24.461151,3
Portugal,PRT,1962,24.737013,2
Portugal,PRT,1963,23.812313,3
Portugal,PRT,1964,24.380419,3
Portugal,PRT,1965,23.61563,3
Portugal,PRT,1966,23.269379,3
Portugal,PRT,1967,22.778786,3
Portugal,PRT,1968,22.047457,9
Portugal,PRT,1969,21.560385,9
Portugal,PRT,1970,19.790457,9
Portugal,PRT,1971,21.901888,9
Portugal,PRT,1972,19.918802,9
Portugal,PRT,1973,19.369196,1
Portugal,PRT,1974,19.06802,9
Portugal,PRT,1975,19.652765,9
Portugal,PRT,1976,20.151428,9
Portugal,PRT,1977,19.27221,5
Portugal,PRT,1978,17.585487,5
Portugal,PRT,1979,16.640799,5
Portugal,PRT,1980,16.25973,5
Portugal,PRT,1981,15.470456,5
Portugal,PRT,1982,15.283397,5
Portugal,PRT,1983,14.538698,5
Portugal,PRT,1984,14.336896,5
Portugal,PRT,1985,13.063485,5
Portugal,PRT,1986,12.668696,5
Portugal,PRT,1987,12.300451,6
Portugal,PRT,1988,12.183863,9
Portugal,PRT,1989,11.828115,5
Portugal,PRT,1990,11.618342,5
Portugal,PRT,1991,11.644291,9
Portugal,PRT,1992,11.530277,9
Portugal,PRT,1993,11.4232435,7
Portugal,PRT,1994,10.926488,5
Portugal,PRT,1995,10.681789,5
Portugal,PRT,1996,10.961397,9
Portugal,PRT,1997,11.184928,5
Portugal,PRT,1998,11.1786375,9
Portugal,PRT,1999,11.370796,9
Portugal,PRT,2000,11.7002735,9
Portugal,PRT,2001,10.911831,5
Portugal,PRT,2002,10.999969,9
Portugal,PRT,2003,10.765115,9
Portugal,PRT,2004,10.423752,9
Portugal,PRT,2005,10.402744,9
Portugal,PRT,2006,10.008007,9
Portugal,PRT,2007,9.7124,9
Portugal,PRT,2008,9.882475,9
Portugal,PRT,2009,9.388542,9
Portugal,PRT,2010,9.553424,9
Portugal,PRT,2011,9.137095,9
Portugal,PRT,2012,8.506269,9
Portugal,PRT,2013,7.878554,9
Portugal,PRT,2014,7.8836503,9
Portugal,PRT,2015,8.222152,9
Portugal,PRT,2016,8.400175,9
Portugal,PRT,2017,8.326016,11
Portugal,PRT,2018,8.417067,9
Portugal,PRT,2019,8.37666,9
Portugal,PRT,2020,8.146148,9
Portugal,PRT,2021,7.6557546,9
Portugal,PRT,2022,8.028641,9
Portugal,PRT,2023,8.148713,9
Russia,RUS,1959,23.779371,1
Russia,RUS,1960,23.343977,1
Russia,RUS,1961,22.016985,1
Russia,RUS,1962,20.260654,1
Russia,RUS,1963,18.817045,1
Russia,RUS,1964,16.95844,1
Russia,RUS,1965,15.771319,1
Russia,RUS,1966,15.3984585,1
Russia,RUS,1967,14.463652,1
Russia,RUS,1968,14.110318,1
Russia,RUS,1969,14.280005,5
Russia,RUS,1970,14.637351,4
Russia,RUS,1971,15.12226,1
Russia,RUS,1972,15.341957,6
Russia,RUS,1973,15.1032915,1
Russia,RUS,1974,15.662463,6
Russia,RUS,1975,15.761231,6
Russia,RUS,1976,15.955543,6
Russia,RUS,1977,15.917083,4
Russia,RUS,1978,15.969948,6
Russia,RUS,1979,15.858717,6
Russia,RUS,1980,15.947501,6
Russia,RUS,1981,16.110332,6
Russia,RUS,1982,16.679327,6
Russia,RUS,1983,17.642023,6
Russia,RUS,1984,17.02613,6
Russia,RUS,1985,16.66996,7
Russia,RUS,1986,17.327858,7
Russia,RUS,1987,17.273933,6
Russia,RUS,1988,16.09117,6
Russia,RUS,1989,14.700022,6
Russia,RUS,1990,13.470807,6
Russia,RUS,1991,12.106472,1
Russia,RUS,1992,10.691771,1
Russia,RUS,1993,9.378335,1
Russia,RUS,1994,9.590659,3
Russia,RUS,1995,9.266389,1
Russia,RUS,1996,8.873592,4
Russia,RUS,1997,8.581899,1
Russia,RUS,1998,8.7547455,6
Russia,RUS,1999,8.299368,6
Russia,RUS,2000,8.691556,6
Russia,RUS,2001,9.028768,7
Russia,RUS,2002,9.664347,7
Russia,RUS,2003,10.192636,7
Russia,RUS,2004,10.413513,6
Russia,RUS,2005,10.140003,7
Russia,RUS,2006,10.335868,8
Russia,RUS,2007,11.275938,8
Russia,RUS,2008,12.010777,7
Russia,RUS,2009,12.343835,7
Russia,RUS,2010,12.523762,7
Russia,RUS,2011,12.5765505,7
Russia,RUS,2012,13.296224,8
Russia,RUS,2013,13.225434,7
Russia,RUS,2014,13.521615,7
Scotland,,1855,33.196472,
Scotland,,1856,35.71204,
Scotland,,1857,35.71041,
Scotland,,1858,35.409508,
Scotland,,1859,35.782375,
Scotland,,1860,35.01265,
Scotland,,1861,35.094173,
Scotland,,1862,34.639866,
Scotland,,1863,35.02497,
Scotland,,1864,35.654457,
Scotland,,1865,35.565357,
Scotland,,1866,35.39066,
Scotland,,1867,35.15574,
Scotland,,1868,35.233677,
Scotland,,1869,34.20802,
Scotland,,1870,34.56879,
Scotland,,1871,34.558586,
Scotland,,1872,35.06022,
Scotland,,1873,34.966457,
Scotland,,1874,35.76818,
Scotland,,1875,35.367634,
Scotland,,1876,35.86447,
Scotland,,1877,35.50393,
Scotland,,1878,35.0571,
Scotland,,1879,34.37894,
Scotland,,1880,33.682384,
Scotland,,1881,33.821,
Scotland,,1882,33.53147,
Scotland,,1883,32.77525,
Scotland,,1884,33.75563,
Scotland,,1885,32.660004,
Scotland,,1886,32.855026,
Scotland,,1887,31.691883,
Scotland,,1888,31.174726,
Scotland,,1889,30.8159,
Scotland,,1890,30.302025,
Scotland,,1891,31.296604,
Scotland,,1892,30.851585,
Scotland,,1893,31.014858,
Scotland,,1894,30.030575,
Scotland,,1895,30.188324,
Scotland,,1896,30.53214,
Scotland,,1897,30.075914,
Scotland,,1898,30.215942,
Scotland,,1899,29.851084,
Scotland,,1900,29.692617,
Scotland,,1901,29.610588,
Scotland,,1902,29.436111,
Scotland,,1903,29.500603,
Scotland,,1904,29.06977,
Scotland,,1905,28.609356,
Scotland,,1906,28.531897,
Scotland,,1907,27.656034,
Scotland,,1908,28.0363,
Scotland,,1909,27.29586,
Scotland,,1910,26.168972,
Scotland,,1911,25.600698,
Scotland,,1912,25.845568,
Scotland,,1913,25.433702,
Scotland,,1914,26.142076,
Scotland,,1915,23.985113,
Scotland,,1916,23.018064,
Scotland,,1917,20.299208,
Scotland,,1918,20.477337,
Scotland,,1919,22.046246,
Scotland,,1920,28.20105,
Scotland,,1921,25.256762,
Scotland,,1922,23.519836,
Scotland,,1923,22.868252,
Scotland,,1924,21.918465,
Scotland,,1925,21.405157,
Scotland,,1926,21.056053,
Scotland,,1927,19.89542,
Scotland,,1928,19.963713,
Scotland,,1929,19.184639,
Scotland,,1930,19.574926,
Scotland,,1931,19.067707,
Scotland,,1932,18.68567,
Scotland,,1933,17.657728,
Scotland,,1934,18.032469,
Scotland,,1935,17.772877,
Scotland,,1936,17.92067,
Scotland,,1937,17.650805,
Scotland,,1938,17.774427,
Scotland,,1939,17.372986,
Scotland,,1940,17.529089,
Scotland,,1941,18.566051,
Scotland,,1942,18.942276,
Scotland,,1943,20.107327,
Scotland,,1944,20.59275,
Scotland,,1945,18.638262,
Scotland,,1946,21.823181,
Scotland,,1947,22.705212,
Scotland,,1948,19.749565,
Scotland,,1949,18.783278,
Scotland,,1950,18.129272,
Scotland,,1951,17.737686,
Scotland,,1952,17.719912,
Scotland,,1953,17.820478,
Scotland,,1954,18.088894,3
Scotland,,1955,18.112871,4
Scotland,,1956,18.627172,3
Scotland,,1957,19.125301,4
Scotland,,1958,19.377686,4
Scotland,,1959,19.25908,1
Scotland,,1960,19.586014,4
Scotland,,1961,19.522251,5
Scotland,,1962,20.0947,3
Scotland,,1963,19.735294,4
Scotland,,1964,20.03721,4
Scotland,,1965,19.317331,3
Scotland,,1966,18.540094,8
Scotland,,1967,18.503885,3
Scotland,,1968,18.192892,1
Scotland,,1969,17.314726,1
Scotland,,1970,16.75983,4
Scotland,,1971,16.602493,3
Scotland,,1972,15.011144,3
Scotland,,1973,14.218691,1
Scotland,,1974,13.382405,1
Scotland,,1975,12.973801,4
Scotland,,1976,12.398916,3
Scotland,,1977,11.919155,10
Scotland,,1978,12.316046,10
Scotland,,1979,13.124397,10
Scotland,,1980,13.251137,10
Scotland,,1981,13.313455,3
Scotland,,1982,12.798249,3
Scotland,,1983,12.62128,6
Scotland,,1984,12.65838,10
Scotland,,1985,12.98896,10
Scotland,,1986,12.854396,4
Scotland,,1987,12.974847,6
Scotland,,1988,13.013244,3
Scotland,,1989,12.501317,3
Scotland,,1990,12.989452,10
Scotland,,1991,13.187555,10
Scotland,,1992,12.939505,7
Scotland,,1993,12.445126,3
Scotland,,1994,12.098232,6
Scotland,,1995,11.767452,10
Scotland,,1996,11.6324,10
Scotland,,1997,11.682899,4
Scotland,,1998,11.284037,6
Scotland,,1999,10.868692,6
Scotland,,2000,10.480492,5
Scotland,,2001,10.378379,1
Scotland,,2002,10.128369,10
Scotland,,2003,10.353682,7
Scotland,,2004,10.636068,6
Scotland,,2005,10.676613,8
Scotland,,2006,10.88066,10
Scotland,,2007,11.661041,10
Scotland,,2008,11.146418,1
Scotland,,2009,11.322272,7
Scotland,,2010,11.209755,6
Scotland,,2011,11.098738,8
Scotland,,2012,10.943813,10
Scotland,,2013,10.546251,1
Scotland,,2014,10.656554,10
Scotland,,2015,10.316145,7
Scotland,,2016,10.161892,6
Scotland,,2017,9.822859,8
Scotland,,2018,9.516523,1
Scotland,,2019,9.227507,1
Scotland,,2020,8.646257,7
Scotland,,2021,8.824188,11
Scotland,,2022,8.643658,11
Slovakia,SVK,1950,29.002325,3
Slovakia,SVK,1951,28.819773,3
Slovakia,SVK,1952,28.344908,3
Slovakia,SVK,1953,27.342066,3
Slovakia,SVK,1954,26.616854,9
Slovakia,SVK,1955,26.402052,3
Slovakia,SVK,1956,25.957016,3
Slovakia,SVK,1957,24.930359,4
Slovakia,SVK,1958,23.498241,3
Slovakia,SVK,1959,21.80633,3
Slovakia,SVK,1960,21.597307,3
Slovakia,SVK,1961,21.025919,3
Slovakia,SVK,1962,19.903282,4
Slovakia,SVK,1963,20.48206,4
Slovakia,SVK,1964,20.204313,3
Slovakia,SVK,1965,19.394918,5
Slovakia,SVK,1966,18.584593,4
Slovakia,SVK,1967,17.550148,3
Slovakia,SVK,1968,17.161396,3
Slovakia,SVK,1969,17.813416,3
Slovakia,SVK,1970,17.899076,7
Slovakia,SVK,1971,18.298082,4
Slovakia,SVK,1972,19.185497,6
Slovakia,SVK,1973,20.125063,7
Slovakia,SVK,1974,20.921375,5
Slovakia,SVK,1975,20.718254,4
Slovakia,SVK,1976,20.96245,6
Slovakia,SVK,1977,20.685373,5
Slovakia,SVK,1978,20.616755,5
Slovakia,SVK,1979,20.425468,4
Slovakia,SVK,1980,19.192745,7
Slovakia,SVK,1981,18.68253,7
Slovakia,SVK,1982,18.410702,6
Slovakia,SVK,1983,18.169708,7
Slovakia,SVK,1984,17.81497,5
Slovakia,SVK,1985,17.568867,7
Slovakia,SVK,1986,16.879623,7
Slovakia,SVK,1987,16.188623,3
Slovakia,SVK,1988,15.965545,3
Slovakia,SVK,1989,15.299004,7
Slovakia,SVK,1990,15.223524,7
Slovakia,SVK,1991,14.911316,7
Slovakia,SVK,1992,14.103832,7
Slovakia,SVK,1993,13.789486,7
Slovakia,SVK,1994,12.447118,3
Slovakia,SVK,1995,11.48941,3
Slovakia,SVK,1996,11.228374,5
Slovakia,SVK,1997,11.021947,7
Slovakia,SVK,1998,10.723559,9
Slovakia,SVK,1999,10.462932,9
Slovakia,SVK,2000,10.2572975,8
Slovakia,SVK,2001,9.508921,6
Slovakia,SVK,2002,9.456474,9
Slovakia,SVK,2003,9.620666,7
Slovakia,SVK,2004,10.000084,9
Slovakia,SVK,2005,10.123999,2
Slovakia,SVK,2006,10.024363,9
Slovakia,SVK,2007,10.119129,6
Slovakia,SVK,2008,10.662516,7
Slovakia,SVK,2009,11.368428,9
Slovakia,SVK,2010,11.1991415,1
Slovakia,SVK,2011,11.2620945,9
Slovakia,SVK,2012,10.271648,9
Slovakia,SVK,2013,10.128079,9
Slovakia,SVK,2014,10.158333,7
Slovakia,SVK,2015,10.253702,9
Slovakia,SVK,2016,10.605246,9
Slovakia,SVK,2017,10.663801,8
Slovakia,SVK,2018,10.588442,9
Slovakia,SVK,2019,10.467404,7
Slovenia,SVN,1983,14.208691,6
Slovenia,SVN,1984,13.651709,3
Slovenia,SVN,1985,13.409708,4
Slovenia,SVN,1986,13.157486,12
Slovenia,SVN,1987,12.903025,7
Slovenia,SVN,1988,12.654566,3
Slovenia,SVN,1989,11.755825,2
Slovenia,SVN,1990,11.207395,7
Slovenia,SVN,1991,10.792717,4
Slovenia,SVN,1992,9.997203,7
Slovenia,SVN,1993,9.926342,9
Slovenia,SVN,1994,9.783695,3
Slovenia,SVN,1995,9.541112,9
Slovenia,SVN,1996,9.441153,7
Slovenia,SVN,1997,9.142572,5
Slovenia,SVN,1998,8.996197,9
Slovenia,SVN,1999,8.86275,9
Slovenia,SVN,2000,9.14725,9
Slovenia,SVN,2001,8.782768,7
Slovenia,SVN,2002,8.777899,9
Slovenia,SVN,2003,8.684027,7
Slovenia,SVN,2004,8.999237,9
Slovenia,SVN,2005,9.0916605,9
Slovenia,SVN,2006,9.45235,10
Slovenia,SVN,2007,9.862535,6
Slovenia,SVN,2008,10.772398,7
Slovenia,SVN,2009,10.756971,7
Slovenia,SVN,2010,10.917306,9
Slovenia,SVN,2011,10.70673,8
Slovenia,SVN,2012,10.6744795,9
Slovenia,SVN,2013,10.254892,9
Slovenia,SVN,2014,10.26971,7
Slovenia,SVN,2015,10.006554,7
Slovenia,SVN,2016,9.856619,9
Slovenia,SVN,2017,9.797951,8
Slovenia,SVN,2018,9.475841,7
Slovenia,SVN,2019,9.288503,7
South Korea,KOR,2003,10.265164,2
South Korea,KOR,2004,9.858934,1
South Korea,KOR,2005,9.03109,1
South Korea,KOR,2006,9.262544,2
South Korea,KOR,2007,10.142254,9
South Korea,KOR,2008,9.45775,1
South Korea,KOR,2009,8.980972,1
South Korea,KOR,2010,9.447823,9
South Korea,KOR,2011,9.429532,1
South Korea,KOR,2012,9.646155,1
South Korea,KOR,2013,8.65194,1
South Korea,KOR,2014,8.595651,1
South Korea,KOR,2015,8.620678,1
South Korea,KOR,2016,7.9598455,1
South Korea,KOR,2017,6.9902997,1
South Korea,KOR,2018,6.374235,1
South Korea,KOR,2019,5.8974934,1
South Korea,KOR,2020,5.303803,1
South Korea,KOR,2021,5.0744386,1
South Korea,KOR,2022,4.8558826,1
South Korea,KOR,2023,4.4927287,1
Spain,ESP,1908,33.478523,2
Spain,ESP,1909,32.751278,2
Spain,ESP,1910,32.367065,2
Spain,ESP,1911,31.385387,2
Spain,ESP,1912,31.57927,2
Spain,ESP,1913,30.26417,2
Spain,ESP,1914,29.527327,2
Spain,ESP,1915,30.404985,2
Spain,ESP,1916,28.579033,2
Spain,ESP,1917,28.488636,2
Spain,ESP,1918,28.766685,2
Spain,ESP,1919,27.582167,2
Spain,ESP,1920,29.162245,2
Spain,ESP,1921,30.368755,2
Spain,ESP,1922,30.400167,2
Spain,ESP,1923,30.379269,2
Spain,ESP,1924,29.625463,2
Spain,ESP,1925,28.927088,2
Spain,ESP,1926,29.460356,2
Spain,ESP,1927,27.913422,2
Spain,ESP,1928,28.922756,2
Spain,ESP,1929,28.031239,2
Spain,ESP,1930,28.240942,2
Spain,ESP,1931,27.596657,2
Spain,ESP,1932,28.126148,2
Spain,ESP,1933,27.614319,2
Spain,ESP,1934,26.001236,2
Spain,ESP,1935,25.467253,2
Spain,ESP,1936,24.383179,3
Spain,ESP,1937,22.237808,3
Spain,ESP,1938,19.74816,2
Spain,ESP,1939,16.333641,1
Spain,ESP,1940,24.37078,3
Spain,ESP,1941,19.629889,2
Spain,ESP,1942,20.366339,9
Spain,ESP,1943,23.1723,3
Spain,ESP,1944,22.770338,3
Spain,ESP,1945,23.293346,1
Spain,ESP,1946,21.714396,1
Spain,ESP,1947,21.660973,9
Spain,ESP,1948,23.406956,2
Spain,ESP,1949,21.682362,2
Spain,ESP,1950,20.180855,3
Spain,ESP,1951,20.177639,2
Spain,ESP,1952,20.961794,2
Spain,ESP,1953,20.659237,2
Spain,ESP,1954,20.101774,2
Spain,ESP,1955,20.670504,3
Spain,ESP,1956,20.816076,2
Spain,ESP,1957,21.965189,2
Spain,ESP,1958,21.986898,4
Spain,ESP,1959,21.81166,2
Spain,ESP,1960,21.896925,2
Spain,ESP,1961,21.437616,4
Spain,ESP,1962,21.329239,1
Spain,ESP,1963,21.511044,4
Spain,ESP,1964,22.107124,4
Spain,ESP,1965,21.178831,9
Spain,ESP,1966,20.747808,9
Spain,ESP,1967,20.839527,9
Spain,ESP,1968,20.226048,7
Spain,ESP,1969,20.0032,9
Spain,ESP,1970,19.729324,6
Spain,ESP,1971,19.798054,9
Spain,ESP,1972,19.591818,5
Spain,ESP,1973,19.3878,5
Spain,ESP,1974,19.628744,7
Spain,ESP,1975,18.794374,5
Spain,ESP,1976,18.824951,9
Spain,ESP,1977,18.042892,5
Spain,ESP,1978,17.333897,5
Spain,ESP,1979,16.240404,5
Spain,ESP,1980,15.281254,5
Spain,ESP,1981,14.149311,5
Spain,ESP,1982,13.605473,5
Spain,ESP,1983,12.729476,5
Spain,ESP,1984,12.36064,5
Spain,ESP,1985,11.87063,5
Spain,ESP,1986,11.373841,9
Spain,ESP,1987,11.033277,9
Spain,ESP,1988,10.800183,9
Spain,ESP,1989,10.510398,4
Spain,ESP,1990,10.317076,7
Spain,ESP,1991,10.169414,9
Spain,ESP,1992,10.147864,9
Spain,ESP,1993,9.810599,9
Spain,ESP,1994,9.350313,4
Spain,ESP,1995,9.1500845,7
Spain,ESP,1996,9.069705,12
Spain,ESP,1997,9.189153,4
Spain,ESP,1998,9.048632,9
Spain,ESP,1999,9.374642,9
Spain,ESP,2000,9.760985,9
Spain,ESP,2001,9.92212,10
Spain,ESP,2002,10.167012,9
Spain,ESP,2003,10.5211315,9
Spain,ESP,2004,10.641161,9
Spain,ESP,2005,10.727427,9
Spain,ESP,2006,10.929582,10
Spain,ESP,2007,10.962424,9
Spain,ESP,2008,11.350621,9
Spain,ESP,2009,10.677012,9
Spain,ESP,2010,10.439852,9
Spain,ESP,2011,10.086698,8
Spain,ESP,2012,9.688052,10
Spain,ESP,2013,9.0909,9
Spain,ESP,2014,9.168089,9
Spain,ESP,2015,9.016464,9
Spain,ESP,2016,8.808456,9
Spain,ESP,2017,8.417395,10
Spain,ESP,2018,7.951778,8
Spain,ESP,2019,7.6470823,9
Spain,ESP,2020,7.1993513,9
Spain,ESP,2021,7.105977,9
Spain,ESP,2022,6.9219313,11
Spain,ESP,2023,6.6510725,10
Sweden,SWE,1751,39.2103,
Sweden,SWE,1752,36.422787,
Sweden,SWE,1753,36.629494,
Sweden,SWE,1754,37.766342,
Sweden,SWE,1755,38.063225,
Sweden,SWE,1756,36.635967,
Sweden,SWE,1757,33.021915,
Sweden,SWE,1758,33.78575,
Sweden,SWE,1759,34.08352,
Sweden,SWE,1760,36.338486,
Sweden,SWE,1761,35.462837,
Sweden,SWE,1762,35.592293,
Sweden,SWE,1763,35.301548,
Sweden,SWE,1764,34.972744,
Sweden,SWE,1765,33.679478,
Sweden,SWE,1766,34.069447,
Sweden,SWE,1767,35.672176,
Sweden,SWE,1768,33.910736,
Sweden,SWE,1769,33.352108,
Sweden,SWE,1770,33.287643,
Sweden,SWE,1771,32.497856,
Sweden,SWE,1772,28.968212,
Sweden,SWE,1773,25.373236,
Sweden,SWE,1774,34.404705,
Sweden,SWE,1775,35.867756,
Sweden,SWE,1776,33.10087,
Sweden,SWE,1777,33.18134,
Sweden,SWE,1778,34.95134,
Sweden,SWE,1779,36.845688,
Sweden,SWE,1780,35.89344,
Sweden,SWE,1781,33.62763,
Sweden,SWE,1782,32.12672,
Sweden,SWE,1783,30.362392,
Sweden,SWE,1784,31.538795,
Sweden,SWE,1785,31.450937,
Sweden,SWE,1786,32.99058,
Sweden,SWE,1787,31.688923,
Sweden,SWE,1788,34.210537,
Sweden,SWE,1789,32.35411,
Sweden,SWE,1790,30.824354,
Sweden,SWE,1791,33.079453,
Sweden,SWE,1792,37.146458,
Sweden,SWE,1793,34.838688,
Sweden,SWE,1794,34.112316,
Sweden,SWE,1795,32.20268,
Sweden,SWE,1796,34.783527,
Sweden,SWE,1797,34.894547,
Sweden,SWE,1798,33.80162,
Sweden,SWE,1799,32.1008,
Sweden,SWE,1800,28.69566,
Sweden,SWE,1801,30.000275,
Sweden,SWE,1802,31.754236,
Sweden,SWE,1803,31.410269,
Sweden,SWE,1804,31.93354,
Sweden,SWE,1805,31.753803,
Sweden,SWE,1806,30.758146,
Sweden,SWE,1807,31.18761,
Sweden,SWE,1808,30.421785,
Sweden,SWE,1809,26.621466,
Sweden,SWE,1810,32.994736,
Sweden,SWE,1811,35.58014,
Sweden,SWE,1812,33.832813,
Sweden,SWE,1813,29.902012,
Sweden,SWE,1814,31.333582,
Sweden,SWE,1815,34.945057,
Sweden,SWE,1816,35.524372,
Sweden,SWE,1817,33.570442,
Sweden,SWE,1818,33.973244,
Sweden,SWE,1819,33.10003,
Sweden,SWE,1820,33.079678,
Sweden,SWE,1821,35.59908,
Sweden,SWE,1822,36.07897,
Sweden,SWE,1823,37.09505,
Sweden,SWE,1824,34.804836,
Sweden,SWE,1825,36.750957,
Sweden,SWE,1826,35.06418,
Sweden,SWE,1827,31.43714,
Sweden,SWE,1828,33.714954,
Sweden,SWE,1829,34.93562,
Sweden,SWE,1830,33.01078,
Sweden,SWE,1831,30.575272,
Sweden,SWE,1832,30.94279,
Sweden,SWE,1833,34.265343,
Sweden,SWE,1834,33.893272,
Sweden,SWE,1835,32.838108,
Sweden,SWE,1836,32.02495,
Sweden,SWE,1837,30.95815,
Sweden,SWE,1838,29.44075,
Sweden,SWE,1839,29.555931,
Sweden,SWE,1840,31.551727,
Sweden,SWE,1841,30.485868,
Sweden,SWE,1842,31.812376,
Sweden,SWE,1843,30.917606,
Sweden,SWE,1844,32.31488,
Sweden,SWE,1845,31.634811,
Sweden,SWE,1846,30.086573,
Sweden,SWE,1847,29.676712,
Sweden,SWE,1848,30.453188,
Sweden,SWE,1849,33.032146,
Sweden,SWE,1850,32.084663,
Sweden,SWE,1851,31.907116,
Sweden,SWE,1852,30.820501,
Sweden,SWE,1853,31.474262,
Sweden,SWE,1854,33.662384,
Sweden,SWE,1855,31.919882,
Sweden,SWE,1856,31.608927,
Sweden,SWE,1857,32.534176,
Sweden,SWE,1858,34.921375,
Sweden,SWE,1859,35.229206,
Sweden,SWE,1860,35.110897,
Sweden,SWE,1861,32.80374,
Sweden,SWE,1862,33.62873,
Sweden,SWE,1863,33.928272,
Sweden,SWE,1864,33.898224,
Sweden,SWE,1865,33.063457,
Sweden,SWE,1866,33.332394,
Sweden,SWE,1867,30.992111,
Sweden,SWE,1868,27.403774,
Sweden,SWE,1869,28.051727,
Sweden,SWE,1870,28.659367,
Sweden,SWE,1871,30.541588,
Sweden,SWE,1872,30.187387,
Sweden,SWE,1873,30.982382,
Sweden,SWE,1874,31.033327,
Sweden,SWE,1875,31.386457,
Sweden,SWE,1876,31.07897,
Sweden,SWE,1877,31.255226,
Sweden,SWE,1878,29.976791,
Sweden,SWE,1879,30.673979,
Sweden,SWE,1880,29.317282,
Sweden,SWE,1881,29.085287,
Sweden,SWE,1882,29.367388,
Sweden,SWE,1883,29.014317,
Sweden,SWE,1884,30.133204,
Sweden,SWE,1885,29.558828,
Sweden,SWE,1886,29.867521,
Sweden,SWE,1887,29.708824,
Sweden,SWE,1888,28.813417,
Sweden,SWE,1889,27.808931,
Sweden,SWE,1890,27.973627,
Sweden,SWE,1891,28.320896,
Sweden,SWE,1892,26.989176,
Sweden,SWE,1893,27.404776,
Sweden,SWE,1894,27.238838,
Sweden,SWE,1895,27.619658,
Sweden,SWE,1896,27.301085,
Sweden,SWE,1897,26.798891,
Sweden,SWE,1898,27.248503,
Sweden,SWE,1899,26.438753,
Sweden,SWE,1900,27.093868,
Sweden,SWE,1901,27.13341,
Sweden,SWE,1902,26.542234,
Sweden,SWE,1903,25.754269,
Sweden,SWE,1904,25.8446,
Sweden,SWE,1905,25.73677,
Sweden,SWE,1906,25.799278,
Sweden,SWE,1907,25.627148,
Sweden,SWE,1908,25.819687,
Sweden,SWE,1909,25.688307,
Sweden,SWE,1910,24.758982,
Sweden,SWE,1911,24.078241,9
Sweden,SWE,1912,23.887756,9
Sweden,SWE,1913,23.230686,9
Sweden,SWE,1914,22.956379,3
Sweden,SWE,1915,21.652586,3
Sweden,SWE,1916,21.29594,3
Sweden,SWE,1917,20.986828,3
Sweden,SWE,1918,20.32998,9
Sweden,SWE,1919,19.809078,12
Sweden,SWE,1920,23.724869,3
Sweden,SWE,1921,21.631102,3
Sweden,SWE,1922,19.639942,2
Sweden,SWE,1923,18.944304,3
Sweden,SWE,1924,18.157328,4
Sweden,SWE,1925,17.608345,5
Sweden,SWE,1926,16.849287,3
Sweden,SWE,1927,16.13085,4
Sweden,SWE,1928,16.074095,3
Sweden,SWE,1929,15.208417,3
Sweden,SWE,1930,15.3932905,4
Sweden,SWE,1931,14.827187,5
Sweden,SWE,1932,14.566569,3
Sweden,SWE,1933,13.732124,3
Sweden,SWE,1934,13.698768,3
Sweden,SWE,1935,13.781964,4
Sweden,SWE,1936,14.228653,3
Sweden,SWE,1937,14.420317,3
Sweden,SWE,1938,14.947687,4
Sweden,SWE,1939,15.431309,4
Sweden,SWE,1940,15.103079,4
Sweden,SWE,1941,15.652171,5
Sweden,SWE,1942,17.78853,5
Sweden,SWE,1943,19.415861,4
Sweden,SWE,1944,20.694891,3
Sweden,SWE,1945,20.518957,5
Sweden,SWE,1946,19.86791,4
Sweden,SWE,1947,19.039248,4
Sweden,SWE,1948,18.5151,3
Sweden,SWE,1949,17.512283,4
Sweden,SWE,1950,16.5204,4
Sweden,SWE,1951,15.633528,4
Sweden,SWE,1952,15.522851,4
Sweden,SWE,1953,15.403609,3
Sweden,SWE,1954,14.612363,4
Sweden,SWE,1955,14.832316,4
Sweden,SWE,1956,14.809305,4
Sweden,SWE,1957,14.598522,4
Sweden,SWE,1958,14.271125,4
Sweden,SWE,1959,14.086274,4
Sweden,SWE,1960,13.681951,4
Sweden,SWE,1961,13.937373,4
Sweden,SWE,1962,14.224981,4
Sweden,SWE,1963,14.892827,4
Sweden,SWE,1964,16.082,4
Sweden,SWE,1965,15.959,4
Sweden,SWE,1966,15.873639,4
Sweden,SWE,1967,15.479106,4
Sweden,SWE,1968,14.328101,4
Sweden,SWE,1969,13.568711,4
Sweden,SWE,1970,13.761146,4
Sweden,SWE,1971,14.166668,4
Sweden,SWE,1972,13.835232,4
Sweden,SWE,1973,13.489132,4
Sweden,SWE,1974,13.4907055,4
Sweden,SWE,1975,12.674064,4
Sweden,SWE,1976,11.980988,3
Sweden,SWE,1977,11.662741,3
Sweden,SWE,1978,11.279303,3
Sweden,SWE,1979,11.618734,4
Sweden,SWE,1980,11.690132,4
Sweden,SWE,1981,11.308603,4
Sweden,SWE,1982,11.143387,4
Sweden,SWE,1983,11.02123,4
Sweden,SWE,1984,11.2703495,4
Sweden,SWE,1985,11.802351,4
Sweden,SWE,1986,12.197641,4
Sweden,SWE,1987,12.491596,4
Sweden,SWE,1988,13.320538,3
Sweden,SWE,1989,13.716251,3
Sweden,SWE,1990,14.534941,4
Sweden,SWE,1991,14.404126,4
Sweden,SWE,1992,14.212356,4
Sweden,SWE,1993,13.57608,4
Sweden,SWE,1994,12.837262,4
Sweden,SWE,1995,11.73157,4
Sweden,SWE,1996,10.784338,4
Sweden,SWE,1997,10.233779,4
Sweden,SWE,1998,10.063518,4
Sweden,SWE,1999,9.95918,4
Sweden,SWE,2000,10.207044,4
Sweden,SWE,2001,10.297945,4
Sweden,SWE,2002,10.755767,4
Sweden,SWE,2003,11.091531,7
Sweden,SWE,2004,11.245756,6
Sweden,SWE,2005,11.247515,4
Sweden,SWE,2006,11.70711,3
Sweden,SWE,2007,11.788487,5
Sweden,SWE,2008,11.903587,7
Sweden,SWE,2009,12.079246,7
Sweden,SWE,2010,12.38138,6
Sweden,SWE,2011,11.871674,7
Sweden,SWE,2012,11.935751,7
Sweden,SWE,2013,11.888015,7
Sweden,SWE,2014,11.914474,4
Sweden,SWE,2015,11.785347,7
Sweden,SWE,2016,11.920679,5
Sweden,SWE,2017,11.547782,5
Sweden,SWE,2018,11.446125,4
Sweden,SWE,2019,11.195089,7
Sweden,SWE,2020,10.9493885,5
Sweden,SWE,2021,11.008986,6
Sweden,SWE,2022,10.020279,6
Sweden,SWE,2023,9.509246,5
Sweden,SWE,2024,9.33038,5
Switzerland,CHE,1876,33.038063,3
Switzerland,CHE,1877,32.262875,7
Switzerland,CHE,1878,31.543858,4
Switzerland,CHE,1879,30.763144,4
Switzerland,CHE,1880,29.881151,5
Switzerland,CHE,1881,29.980448,1
Switzerland,CHE,1882,29.00351,3
Switzerland,CHE,1883,28.659847,2
Switzerland,CHE,1884,28.408365,3
Switzerland,CHE,1885,27.858686,3
Switzerland,CHE,1886,27.918573,3
Switzerland,CHE,1887,28.009312,4
Switzerland,CHE,1888,27.853462,7
Switzerland,CHE,1889,27.76993,2
Switzerland,CHE,1890,26.627628,3
Switzerland,CHE,1891,28.1293,2
Switzerland,CHE,1892,27.703947,4
Switzerland,CHE,1893,27.991844,3
Switzerland,CHE,1894,27.468739,3
Switzerland,CHE,1895,27.483381,2
Switzerland,CHE,1896,28.312906,3
Switzerland,CHE,1897,28.489235,6
Switzerland,CHE,1898,28.676485,8
Switzerland,CHE,1899,29.158722,3
Switzerland,CHE,1900,28.740047,4
Switzerland,CHE,1901,29.23977,3
Switzerland,CHE,1902,28.683228,4
Switzerland,CHE,1903,27.507935,4
Switzerland,CHE,1904,27.470083,3
Switzerland,CHE,1905,27.074615,2
Switzerland,CHE,1906,27.030157,3
Switzerland,CHE,1907,26.383192,3
Switzerland,CHE,1908,26.5479,4
Switzerland,CHE,1909,25.637432,3
Switzerland,CHE,1910,25.197432,2
Switzerland,CHE,1911,24.31125,4
Switzerland,CHE,1912,24.403828,3
Switzerland,CHE,1913,23.588802,2
Switzerland,CHE,1914,22.814493,3
Switzerland,CHE,1915,19.625454,3
Switzerland,CHE,1916,19.081524,3
Switzerland,CHE,1917,18.614237,3
Switzerland,CHE,1918,18.7342,3
Switzerland,CHE,1919,18.6663,11
Switzerland,CHE,1920,20.987394,2
Switzerland,CHE,1921,20.8135,3
Switzerland,CHE,1922,19.522608,2
Switzerland,CHE,1923,19.23291,3
Switzerland,CHE,1924,18.602562,3
Switzerland,CHE,1925,18.27954,2
Switzerland,CHE,1926,18.079613,3
Switzerland,CHE,1927,17.343021,3
Switzerland,CHE,1928,17.296303,2
Switzerland,CHE,1929,17.084133,2
Switzerland,CHE,1930,17.241007,2
Switzerland,CHE,1931,16.770864,3
Switzerland,CHE,1932,16.7789,3
Switzerland,CHE,1933,16.42371,3
Switzerland,CHE,1934,16.264706,4
Switzerland,CHE,1935,15.958648,2
Switzerland,CHE,1936,15.549516,3
Switzerland,CHE,1937,14.882122,2
Switzerland,CHE,1938,15.127829,3
Switzerland,CHE,1939,15.074444,4
Switzerland,CHE,1940,15.077375,4
Switzerland,CHE,1941,16.850061,4
Switzerland,CHE,1942,18.359568,5
Switzerland,CHE,1943,19.194088,2
Switzerland,CHE,1944,19.63424,2
Switzerland,CHE,1945,20.151901,2
Switzerland,CHE,1946,20.125933,2
Switzerland,CHE,1947,19.535799,2
Switzerland,CHE,1948,19.290781,4
Switzerland,CHE,1949,18.500618,2
Switzerland,CHE,1950,18.160755,4
Switzerland,CHE,1951,17.362686,2
Switzerland,CHE,1952,17.482622,3
Switzerland,CHE,1953,17.139833,3
Switzerland,CHE,1954,17.065134,2
Switzerland,CHE,1955,17.166933,3
Switzerland,CHE,1956,17.463428,3
Switzerland,CHE,1957,17.816309,2
Switzerland,CHE,1958,17.70586,3
Switzerland,CHE,1959,17.775457,3
Switzerland,CHE,1960,17.819506,3
Switzerland,CHE,1961,18.513033,4
Switzerland,CHE,1962,18.937284,3
Switzerland,CHE,1963,19.503948,4
Switzerland,CHE,1964,19.633997,3
Switzerland,CHE,1965,19.183792,3
Switzerland,CHE,1966,18.649176,3
Switzerland,CHE,1967,18.045004,4
Switzerland,CHE,1968,17.42917,3
Switzerland,CHE,1969,16.794264,4
Switzerland,CHE,1970,16.082933,3
Switzerland,CHE,1971,15.542724,3
Switzerland,CHE,1972,14.652322,3
Switzerland,CHE,1973,13.917819,5
Switzerland,CHE,1974,13.357825,4
Switzerland,CHE,1975,12.345052,4
Switzerland,CHE,1976,11.739458,6
Switzerland,CHE,1977,11.5904875,3
Switzerland,CHE,1978,11.36908,4
Switzerland,CHE,1979,11.45382,4
Switzerland,CHE,1980,11.686027,4
Switzerland,CHE,1981,11.641643,4
Switzerland,CHE,1982,11.756136,4
Switzerland,CHE,1983,11.492569,5
Switzerland,CHE,1984,11.623643,7
Switzerland,CHE,1985,11.569356,3
Switzerland,CHE,1986,11.770202,4
Switzerland,CHE,1987,11.728989,6
Switzerland,CHE,1988,12.236452,3
Switzerland,CHE,1989,12.264356,7
Switzerland,CHE,1990,12.578721,9
Switzerland,CHE,1991,12.770082,9
Switzerland,CHE,1992,12.7052355,9
Switzerland,CHE,1993,12.129342,4
Switzerland,CHE,1994,11.911515,3
Switzerland,CHE,1995,11.71559,9
Switzerland,CHE,1996,11.757591,7
Switzerland,CHE,1997,11.383053,7
Switzerland,CHE,1998,11.128291,4
Switzerland,CHE,1999,11.009675,9
Switzerland,CHE,2000,10.954107,9
Switzerland,CHE,2001,10.038986,7
Switzerland,CHE,2002,9.986398,9
Switzerland,CHE,2003,9.834678,9
Switzerland,CHE,2004,9.935467,7
Switzerland,CHE,2005,9.842952,9
Switzerland,CHE,2006,9.84787,9
Switzerland,CHE,2007,9.932668,9
Switzerland,CHE,2008,10.111761,7
Switzerland,CHE,2009,10.176659,9
Switzerland,CHE,2010,10.324691,9
Switzerland,CHE,2011,10.269155,7
Switzerland,CHE,2012,10.3303995,9
Switzerland,CHE,2013,10.293068,7
Switzerland,CHE,2014,10.481032,9
Switzerland,CHE,2015,10.510452,9
Switzerland,CHE,2016,10.556252,9
Switzerland,CHE,2017,10.380313,7
Switzerland,CHE,2018,10.356233,7
Switzerland,CHE,2019,10.086093,7
Switzerland,CHE,2020,9.983753,7
Switzerland,CHE,2021,10.339847,9
Switzerland,CHE,2022,9.426344,7
Switzerland,CHE,2023,9.077996,6
Taiwan,TWN,1970,27.327051,
Taiwan,TWN,1971,25.86309,
Taiwan,TWN,1972,24.354149,
Taiwan,TWN,1973,23.966856,
Taiwan,TWN,1974,22.815296,
Taiwan,TWN,1975,22.561785,
Taiwan,TWN,1976,26.259563,
Taiwan,TWN,1977,23.845629,
Taiwan,TWN,1978,24.483717,
Taiwan,TWN,1979,24.61232,
Taiwan,TWN,1980,23.566288,
Taiwan,TWN,1981,23.28339,
Taiwan,TWN,1982,22.165133,
Taiwan,TWN,1983,20.647245,
Taiwan,TWN,1984,19.691504,
Taiwan,TWN,1985,18.04274,
Taiwan,TWN,1986,15.91264,
Taiwan,TWN,1987,16.107859,
Taiwan,TWN,1988,17.40244,
Taiwan,TWN,1989,15.730634,
Taiwan,TWN,1990,16.732319,
Taiwan,TWN,1991,15.711941,
Taiwan,TWN,1992,15.603464,
Taiwan,TWN,1993,15.679562,
Taiwan,TWN,1994,15.429641,
Taiwan,TWN,1995,15.430494,
Taiwan,TWN,1996,15.196445,
Taiwan,TWN,1997,15.108563,
Taiwan,TWN,1998,12.375569,
Taiwan,TWN,1999,12.964832,
Taiwan,TWN,2000,13.91699,
Taiwan,TWN,2001,11.585563,
Taiwan,TWN,2002,11.023121,
Taiwan,TWN,2003,10.108633,
Taiwan,TWN,2004,9.639106,
Taiwan,TWN,2005,9.107648,
Taiwan,TWN,2006,9.0433855,
Taiwan,TWN,2007,8.913423,
Taiwan,TWN,2008,8.56472,
Taiwan,TWN,2009,8.345762,
Taiwan,TWN,2010,7.2046576,
Taiwan,TWN,2011,8.568429,
Taiwan,TWN,2012,10.10634,
Taiwan,TWN,2013,8.364953,
Taiwan,TWN,2014,9.048502,
Taiwan,TWN,2015,9.097025,
Taiwan,TWN,2016,8.840004,
Taiwan,TWN,2017,8.269879,
Taiwan,TWN,2018,7.6662035,
Taiwan,TWN,2019,7.4233627,
Taiwan,TWN,2020,6.8343687,
Taiwan,TWN,2021,6.6649594,
Taiwan,TWN,2022,5.87873,
Taiwan,TWN,2023,5.755374,
Ukraine,UKR,1959,21.041346,
Ukraine,UKR,1960,20.694315,
Ukraine,UKR,1961,19.58258,
Ukraine,UKR,1962,18.853685,
Ukraine,UKR,1963,17.989052,
Ukraine,UKR,1964,16.59156,
Ukraine,UKR,1965,15.319354,
Ukraine,UKR,1966,15.649622,
Ukraine,UKR,1967,15.195626,
Ukraine,UKR,1968,14.922486,1
Ukraine,UKR,1969,14.69278,4
Ukraine,UKR,1970,15.251788,4
Ukraine,UKR,1971,15.541431,5
Ukraine,UKR,1972,15.602418,4
Ukraine,UKR,1973,14.942662,1
Ukraine,UKR,1974,15.204184,5
Ukraine,UKR,1975,15.153868,6
Ukraine,UKR,1976,15.23784,7
Ukraine,UKR,1977,14.74202,5
Ukraine,UKR,1978,14.805681,7
Ukraine,UKR,1979,14.816234,6
Ukraine,UKR,1980,14.891565,7
Ukraine,UKR,1981,14.637611,6
Ukraine,UKR,1982,14.825858,7
Ukraine,UKR,1983,15.995513,7
Ukraine,UKR,1984,15.631045,7
Ukraine,UKR,1985,15.000982,7
Ukraine,UKR,1986,15.544445,7
Ukraine,UKR,1987,14.869982,7
Ukraine,UKR,1988,14.502059,7
Ukraine,UKR,1989,13.433102,6
Ukraine,UKR,1990,12.748561,7
Ukraine,UKR,1991,12.218178,7
Ukraine,UKR,1992,11.539454,7
Ukraine,UKR,1993,10.750818,7
Ukraine,UKR,1994,10.087319,4
Ukraine,UKR,1995,9.612849,2
Ukraine,UKR,1996,9.187882,7
Ukraine,UKR,1997,8.784733,7
Ukraine,UKR,1998,8.391942,7
Ukraine,UKR,1999,7.857421,7
Ukraine,UKR,2000,7.8427744,2
Ukraine,UKR,2001,7.737994,7
Ukraine,UKR,2002,8.109695,7
Ukraine,UKR,2003,8.55196,7
Ukraine,UKR,2004,9.007489,7
Ukraine,UKR,2005,9.048333,9
Ukraine,UKR,2006,9.850583,8
Ukraine,UKR,2007,10.175628,7
Ukraine,UKR,2008,11.057418,7
Ukraine,UKR,2009,11.15405,7
Ukraine,UKR,2010,10.871784,7
Ukraine,UKR,2011,11.0247555,8
Ukraine,UKR,2012,11.45813,7
Ukraine,UKR,2013,11.101606,7
United Kingdom,GBR,1922,20.924456,
United Kingdom,GBR,1923,20.235756,
United Kingdom,GBR,1924,19.326933,
United Kingdom,GBR,1925,18.716906,
United Kingdom,GBR,1926,18.242588,
United Kingdom,GBR,1927,17.10408,
United Kingdom,GBR,1928,17.171204,
United Kingdom,GBR,1929,16.644499,
United Kingdom,GBR,1930,16.77245,
United Kingdom,GBR,1931,16.290068,
United Kingdom,GBR,1932,15.790594,
United Kingdom,GBR,1933,14.883408,
United Kingdom,GBR,1934,15.271569,
United Kingdom,GBR,1935,15.205795,
United Kingdom,GBR,1936,15.325059,
United Kingdom,GBR,1937,15.334526,
United Kingdom,GBR,1938,15.521594,5
United Kingdom,GBR,1939,15.289879,5
United Kingdom,GBR,1940,14.9925165,4
United Kingdom,GBR,1941,15.301512,9
United Kingdom,GBR,1942,17.315386,6
United Kingdom,GBR,1943,18.406406,5
United Kingdom,GBR,1944,20.082603,5
United Kingdom,GBR,1945,18.17396,5
United Kingdom,GBR,1946,21.079044,12
United Kingdom,GBR,1947,21.593071,1
United Kingdom,GBR,1948,18.586748,4
United Kingdom,GBR,1949,17.320984,4
United Kingdom,GBR,1950,16.391027,3
United Kingdom,GBR,1951,15.8318,5
United Kingdom,GBR,1952,15.735938,4
United Kingdom,GBR,1953,15.888562,5
United Kingdom,GBR,1954,15.627536,5
United Kingdom,GBR,1955,15.450331,3
United Kingdom,GBR,1956,16.086016,3
United Kingdom,GBR,1957,16.522312,5
United Kingdom,GBR,1958,16.802933,3
United Kingdom,GBR,1959,16.865242,3
United Kingdom,GBR,1960,17.527763,3
United Kingdom,GBR,1961,17.911991,3
United Kingdom,GBR,1962,18.379555,3
United Kingdom,GBR,1963,18.510601,3
United Kingdom,GBR,1964,18.848011,4
United Kingdom,GBR,1965,18.399332,3
United Kingdom,GBR,1966,17.96588,3
United Kingdom,GBR,1967,17.546305,3
United Kingdom,GBR,1968,17.187609,3
United Kingdom,GBR,1969,16.62581,3
United Kingdom,GBR,1970,16.273441,3
United Kingdom,GBR,1971,16.167135,3
United Kingdom,GBR,1972,14.890351,3
United Kingdom,GBR,1973,13.880146,3
United Kingdom,GBR,1974,13.106212,3
United Kingdom,GBR,1975,12.401089,4
United Kingdom,GBR,1976,12.010844,3
United Kingdom,GBR,1977,11.6875,9
United Kingdom,GBR,1978,12.2234335,9
United Kingdom,GBR,1979,13.06515,5
United Kingdom,GBR,1980,13.389254,7
United Kingdom,GBR,1981,12.968987,7
United Kingdom,GBR,1982,12.767453,9
United Kingdom,GBR,1983,12.813115,9
United Kingdom,GBR,1984,12.945508,9
United Kingdom,GBR,1985,13.291721,9
United Kingdom,GBR,1986,13.337048,9
United Kingdom,GBR,1987,13.670751,6
United Kingdom,GBR,1988,13.85132,9
United Kingdom,GBR,1989,13.637387,6
United Kingdom,GBR,1990,13.97306,7
United Kingdom,GBR,1991,13.819941,7
United Kingdom,GBR,1992,13.579241,7
United Kingdom,GBR,1993,13.212748,9
United Kingdom,GBR,1994,12.992046,6
United Kingdom,GBR,1995,12.633569,6
United Kingdom,GBR,1996,12.624554,9
United Kingdom,GBR,1997,12.47888,4
United Kingdom,GBR,1998,12.280824,9
United Kingdom,GBR,1999,11.955163,6
United Kingdom,GBR,2000,11.563148,7
United Kingdom,GBR,2001,11.348592,9
United Kingdom,GBR,2002,11.297851,9
United Kingdom,GBR,2003,11.69924,9
United Kingdom,GBR,2004,11.984876,9
United Kingdom,GBR,2005,12.014597,9
United Kingdom,GBR,2006,12.356948,9
United Kingdom,GBR,2007,12.689115,9
United Kingdom,GBR,2008,12.873122,9
United Kingdom,GBR,2009,12.743845,9
United Kingdom,GBR,2010,12.920534,9
United Kingdom,GBR,2011,12.822858,9
United Kingdom,GBR,2012,12.806928,9
United Kingdom,GBR,2013,12.1858015,9
United Kingdom,GBR,2014,12.1129675,9
United Kingdom,GBR,2015,11.984887,9
United Kingdom,GBR,2016,11.859113,9
United Kingdom,GBR,2017,11.478497,9
United Kingdom,GBR,2018,11.0557375,9
United Kingdom,GBR,2019,10.72423,9
United Kingdom,GBR,2020,10.219156,7
United Kingdom,GBR,2021,10.389706,9
United Kingdom,GBR,2022,10.005345,9
United States,USA,1933,18.41797,2
United States,USA,1934,19.016539,9
United States,USA,1935,18.74101,8
United States,USA,1936,18.444218,7
United States,USA,1937,18.783092,8
United States,USA,1938,19.303427,8
United States,USA,1939,18.912298,9
United States,USA,1940,19.466269,8
United States,USA,1941,20.387718,7
United States,USA,1942,22.378344,9
United States,USA,1943,23.133738,2
United States,USA,1944,21.997414,7
United States,USA,1945,21.533443,9
United States,USA,1946,25.022867,11
United States,USA,1947,26.919983,1
United States,USA,1948,25.118351,9
United States,USA,1949,24.75782,8
United States,USA,1950,24.214188,9
United States,USA,1951,25.1044,9
United States,USA,1952,25.324211,9
United States,USA,1953,25.255207,9
United States,USA,1954,25.52989,9
United States,USA,1955,25.21264,9
United States,USA,1956,25.432425,9
United States,USA,1957,25.507792,9
United States,USA,1958,24.752878,9
United States,USA,1959,24.542982,9
United States,USA,1960,23.838438,9
United States,USA,1961,23.510237,9
United States,USA,1962,22.594376,9
United States,USA,1963,21.892092,9
United States,USA,1964,21.212471,9
United States,USA,1965,19.545393,9
United States,USA,1966,18.531221,9
United States,USA,1967,17.913448,9
United States,USA,1968,17.644289,9
United States,USA,1969,17.96247,9
United States,USA,1970,18.409096,9
United States,USA,1971,17.3143,9
United States,USA,1972,15.665668,9
United States,USA,1973,14.920167,8
United States,USA,1974,14.888014,9
United States,USA,1975,14.673211,9
United States,USA,1976,14.638977,9
United States,USA,1977,15.222005,9
United States,USA,1978,15.094634,9
United States,USA,1979,15.652065,8
United States,USA,1980,15.9978485,9
United States,USA,1981,15.897529,9
United States,USA,1982,15.9693,9
United States,USA,1983,15.641223,9
United States,USA,1984,15.631558,9
United States,USA,1985,15.88115,9
United States,USA,1986,15.721415,9
United States,USA,1987,15.799229,9
United States,USA,1988,16.068504,9
United States,USA,1989,16.455856,9
United States,USA,1990,16.759493,8
United States,USA,1991,16.365059,9
United States,USA,1992,15.965838,7
United States,USA,1993,15.500126,9
United States,USA,1994,15.125297,8
United States,USA,1995,14.743569,8
United States,USA,1996,14.543577,9
United States,USA,1997,14.335906,7
United States,USA,1998,14.390073,9
United States,USA,1999,14.28979,9
United States,USA,2000,14.488312,8
United States,USA,2001,14.220398,8
United States,USA,2002,14.068099,9
United States,USA,2003,14.180298,9
United States,USA,2004,14.130786,9
United States,USA,2005,14.089122,9
United States,USA,2006,14.387116,8
United States,USA,2007,14.419686,8
United States,USA,2008,14.0560875,9
United States,USA,2009,13.545288,9
United States,USA,2010,13.003581,9
United States,USA,2011,12.754789,8
United States,USA,2012,12.661092,8
United States,USA,2013,12.505232,8
United States,USA,2014,12.593927,9
United States,USA,2015,12.47079,9
United States,USA,2016,12.278378,8
United States,USA,2017,11.915223,8
United States,USA,2018,11.649748,8
United States,USA,2019,11.456923,8
United States,USA,2020,10.957301,9
United States,USA,2021,11.04112,9
United States,USA,2022,11.01087,8
United States,USA,2023,10.720586,8
West Germany,OWID_GFR,1956,15.987907,3
West Germany,OWID_GFR,1957,16.719074,2
West Germany,OWID_GFR,1958,16.721695,3
West Germany,OWID_GFR,1959,17.3889,2
West Germany,OWID_GFR,1960,17.520418,3
West Germany,OWID_GFR,1961,18.088028,3
West Germany,OWID_GFR,1962,17.996218,3
West Germany,OWID_GFR,1963,18.410236,3
West Germany,OWID_GFR,1964,18.408854,3
West Germany,OWID_GFR,1965,17.822147,3
West Germany,OWID_GFR,1966,17.711683,3
West Germany,OWID_GFR,1967,17.0479,2
West Germany,OWID_GFR,1968,16.175724,3
West Germany,OWID_GFR,1969,14.940594,3
West Germany,OWID_GFR,1970,13.249483,3
West Germany,OWID_GFR,1971,12.763431,3
West Germany,OWID_GFR,1972,11.402395,3
West Germany,OWID_GFR,1973,10.284808,3
West Germany,OWID_GFR,1974,10.087194,5
West Germany,OWID_GFR,1975,9.687879,2
West Germany,OWID_GFR,1976,9.780272,9
West Germany,OWID_GFR,1977,9.478675,6
West Germany,OWID_GFR,1978,9.396382,5
West Germany,OWID_GFR,1979,9.491366,9
West Germany,OWID_GFR,1980,10.102571,7
West Germany,OWID_GFR,1981,10.130524,9
West Germany,OWID_GFR,1982,10.066842,9
West Germany,OWID_GFR,1983,9.65542,9
West Germany,OWID_GFR,1984,9.529747,7
West Germany,OWID_GFR,1985,9.60293,9
West Germany,OWID_GFR,1986,10.26036,9
West Germany,OWID_GFR,1987,10.502566,9
West Germany,OWID_GFR,1988,11.061814,9
West Germany,OWID_GFR,1989,11.055266,7
West Germany,OWID_GFR,1990,11.624385,9
West Germany,OWID_GFR,1991,11.365853,9
West Germany,OWID_GFR,1992,11.219402,9
West Germany,OWID_GFR,1993,11.046642,9
West Germany,OWID_GFR,1994,10.567824,9
West Germany,OWID_GFR,1995,10.389358,9
West Germany,OWID_GFR,1996,10.669821,9
West Germany,OWID_GFR,1997,10.780206,7
West Germany,OWID_GFR,1998,10.322782,9
West Germany,OWID_GFR,1999,10.047983,9
West Germany,OWID_GFR,2000,9.902078,9
West Germany,OWID_GFR,2001,9.443576,7
West Germany,OWID_GFR,2002,9.199491,9
West Germany,OWID_GFR,2003,8.98735,7
West Germany,OWID_GFR,2004,8.921508,7
West Germany,OWID_GFR,2005,8.649603,9
West Germany,OWID_GFR,2006,8.455403,9
West Germany,OWID_GFR,2007,8.584304,9
West Germany,OWID_GFR,2008,8.526518,7
West Germany,OWID_GFR,2009,8.298641,7
West Germany,OWID_GFR,2010,8.458458,9
West Germany,OWID_GFR,2011,8.2745075,9
West Germany,OWID_GFR,2012,8.408929,9
West Germany,OWID_GFR,2013,8.511952,9
West Germany,OWID_GFR,2014,8.907695,9
West Germany,OWID_GFR,2015,9.16803,9
West Germany,OWID_GFR,2016,9.722017,9
West Germany,OWID_GFR,2017,9.62158,9
West Germany,OWID_GFR,2018,9.663855,7
West Germany,OWID_GFR,2019,9.560825,7
West Germany,OWID_GFR,2020,9.525705,9