Entity,Code,Day,2021,2020,"Projected, 2020",2015,2016,2017,2018,2019,2022,2023
Albania,ALB,2020-01-31,3002,2187,2434.2,2490,2065,3129,2158,2397,3302,2173
Albania,ALB,2020-02-29,3773,2018,1961.6,2139,1905,1845,2013,1974,2774,1899
Albania,ALB,2020-03-31,3447,1993,1967.2,2051,1910,1817,2136,1990,2043,1767
Albania,ALB,2020-04-30,2419,1804,1734,1906,1652,1665,1828,1687,1711,1668
Albania,ALB,2020-05-31,1874,1803,1685,1709,1716,1660,1664,1744,1682,1696
Albania,ALB,2020-06-30,1822,1779,1614,1561,1678,1605,1576,1718,1673,1586
Albania,ALB,2020-07-31,1820,2166,1751.2,2008,1643,1788,1641,1744,1991,2000
Albania,ALB,2020-08-31,2080,2476,1694.6,1687,1578,1833,1709,1734,1907,1719
Albania,ALB,2020-09-30,2506,1982,1518.2,1569,1459,1482,1621,1528,1531,1619
Albania,ALB,2020-10-31,2559,2403,1651,1560,1743,1679,1668,1673,1672,1660
Albania,ALB,2020-11-30,2506,3854,1750.6,1728,1855,1716,1730,1792,1686,1675
Albania,ALB,2020-12-31,2772,3140,2031,2010,2184,2013,2060,1956,2026,1824
Algeria,DZA,2020-01-31,18263,17733,17633.9,,,,16409.1,17783.6,26226,17886
Algeria,DZA,2020-02-29,14860,15909,15907.4,,,,15409.1,15330.7,21528,15298
Algeria,DZA,2020-03-31,16320,15951,15834.4,,,,15227.3,15366.7,15696,15630
Algeria,DZA,2020-04-30,15774,15223,14860.4,,,,14181.8,14464.9,14177,14933
Algeria,DZA,2020-05-31,16564,14596,14849.4,,,,14159.1,14464.9,15181,14791
Algeria,DZA,2020-06-30,17883,18704,14486.4,,,,13613.6,14284.6,14366,14077
Algeria,DZA,2020-07-31,33658,33940,15266.4,,,,14704.5,14753.5,15868,19710
Algeria,DZA,2020-08-31,46177,23991,15260.9,,,,14477.3,14969.9,16363,15812
Algeria,DZA,2020-09-30,20701,17393,14303.9,,,,13500,14032.1,14476,14633
Algeria,DZA,2020-10-31,17637,19279,15295.9,,,,14727.3,14789.6,15195,15391
Algeria,DZA,2020-11-30,18333,26916,15513.4,,,,14909.1,15042.1,16492,15731
Algeria,DZA,2020-12-31,22321,21434,16526.9,,,,15818.2,16160.3,17578,18294
Andorra,AND,2020-01-31,52,34,34.6,22,27,49,38,29,,
Andorra,AND,2020-02-29,36,37,28,25,21,29,28,29,,
Andorra,AND,2020-03-31,26,40,32.4,29,31,39,36,19,,
Andorra,AND,2020-04-30,43,60,24.4,26,19,22,21,26,,
Andorra,AND,2020-05-31,32,36,21.6,26,22,17,16,19,,
Andorra,AND,2020-06-30,19,26,25.8,16,25,26,31,23,,
Andorra,AND,2020-07-31,29,29,27.4,27,32,17,23,30,,
Andorra,AND,2020-08-31,28,19,25.2,18,34,18,30,18,,
Andorra,AND,2020-09-30,26,27,25.2,25,16,23,30,24,,
Andorra,AND,2020-10-31,27,51,27.4,25,24,24,33,23,,
Andorra,AND,2020-11-30,26,19,26.2,16,24,29,24,30,,
Andorra,AND,2020-12-31,42,41,31.2,27,35,30,25,31,,
Antigua and Barbuda,ATG,2020-01-31,56,50,46.9,36,31,42,37,63,,
Antigua and Barbuda,ATG,2020-02-29,68,47,55.5,53,49,49,40,61,,
Antigua and Barbuda,ATG,2020-03-31,55,60,59.9,60,57,52,60,45,,
Antigua and Barbuda,ATG,2020-04-30,50,49,49.3,20,60,41,60,40,,
Antigua and Barbuda,ATG,2020-05-31,46,52,51.1,46,34,54,58,38,,
Antigua and Barbuda,ATG,2020-06-30,39,42,51.1,44,43,38,42,63,,
Antigua and Barbuda,ATG,2020-07-31,55,46,47.1,37,23,43,53,54,,
Antigua and Barbuda,ATG,2020-08-31,47,44,59.1,55,61,49,48,57,,
Antigua and Barbuda,ATG,2020-09-30,104,45,52.5,49,38,45,54,51,,
Antigua and Barbuda,ATG,2020-10-31,26,50,56.5,49,52,68,44,44,,
Antigua and Barbuda,ATG,2020-11-30,64,49,52.7,50,55,43,42,48,,
Antigua and Barbuda,ATG,2020-12-31,39,40,50.1,34,45,49,43,54,,
Argentina,ARG,2020-01-31,34758,25870,26546.5,25724,27659,26822,26128,26359,48452,29839
Argentina,ARG,2020-02-29,29502,24405,23877.9,22764,25435,23803,23584,23763,34011,24814
Argentina,ARG,2020-03-31,32075,26072,26044.1,25164,27029,26173,25722,26092,30818,28194
Argentina,ARG,2020-04-30,40088,24941,25996.5,25875,27201,25881,25331,25654,30033,28311
Argentina,ARG,2020-05-31,51642,26927,29426.5,27609,33224,30080,27721,28458,31995,30004
Argentina,ARG,2020-06-30,51254,28365,33231.9,29533,36162,37476,31454,31494,35461,32843
Argentina,ARG,2020-07-31,44049,35340,34508.1,33409,34485,34822,33674,36110,35978,33572
Argentina,ARG,2020-08-31,37169,37222,31925.5,31860,31373,30025,33775,32554,32741,31271
Argentina,ARG,2020-09-30,29466,40543,29315.5,29948,29634,27326,30052,29577,29831,29711
Argentina,ARG,2020-10-31,29051,40941,28196.1,28664,27928,28010,27858,28480,29860,28486
Argentina,ARG,2020-11-30,27263,34895,25610.9,25670,25703,25239,25617,25785,27919,26839
Argentina,ARG,2020-12-31,29835,32073,26806.3,27220,26673,26684,26685,26729,30873,29544
Armenia,ARM,2020-01-31,3013,2567,2585.9,2582,2722,3027,2534,2773,2676,2495
Armenia,ARM,2020-02-29,2418,2434,2238.5,2363,2576,2442,2273,2247,3239,2056
Armenia,ARM,2020-03-31,2836,2288,2307.9,2763,2349,2568,2215,2353,2679,2220
Armenia,ARM,2020-04-30,3361,2156,2078.7,2442,2243,2246,1968,2203,1993,1951
Armenia,ARM,2020-05-31,2633,2103,2112.7,2197,2247,2323,2220,2285,2100,1985
Armenia,ARM,2020-06-30,2290,2869,1936.5,2288,2169,2103,1902,1929,1879,1773
Armenia,ARM,2020-07-31,2247,2719,2009.9,2176,2103,2063,2347,2069,1869,1793
Armenia,ARM,2020-08-31,2241,2106,1941.5,2149,2127,2174,1972,1994,2006,2136
Armenia,ARM,2020-09-30,2559,2042,1669.9,1949,1891,1712,1704,1802,2045,1706
Armenia,ARM,2020-10-31,3462,3632,1973.5,2101,2233,2142,2086,2014,1982,2045
Armenia,ARM,2020-11-30,4577,6060,2175.1,2349,2476,2263,2317,2179,2055,2032
Armenia,ARM,2020-12-31,3001,4395,2316.9,2485,2993,2304,2107,2404,2169,2121
Aruba,ABW,2020-01-31,68,69,57.7,51,64,66,70,49,,
Aruba,ABW,2020-02-29,87,56,57.5,55,64,62,63,55,,
Aruba,ABW,2020-03-31,80,74,57.9,57,70,50,60,64,,
Aruba,ABW,2020-04-30,95,60,59.3,63,71,58,66,50,,
Aruba,ABW,2020-05-31,69,47,62.1,62,80,63,62,55,,
Aruba,ABW,2020-06-30,45,60,51.9,47,62,61,49,52,,
Aruba,ABW,2020-07-31,70,47,54.5,42,63,58,65,56,,
Aruba,ABW,2020-08-31,120,63,55.3,55,62,63,55,53,,
Aruba,ABW,2020-09-30,92,82,51.3,53,50,63,46,56,,
Aruba,ABW,2020-10-31,93,71,55.3,48,64,56,57,63,,
Aruba,ABW,2020-11-30,78,57,58.7,68,61,56,68,52,,
Aruba,ABW,2020-12-31,67,57,60.7,78,70,51,56,60,,
Australia,AUS,2020-01-05,3033,2930,2969.5,2926,2799,2895,2819,2969,3336,3497
Australia,AUS,2020-01-12,2953,2903,2962.7,2772,2879,2897,2828,2997,3742,3286
Australia,AUS,2020-01-19,3150,2915,2932.7,2771,2841,2806,2764,3041,3895,3331
Australia,AUS,2020-01-26,2946,3010,2923.1,2768,2678,2887,2884,2958,3790,3227
Australia,AUS,2020-02-02,3073,2911,2893.1,2680,2825,2744,2885,2890,3751,3372
Australia,AUS,2020-02-09,2967,2918,2929.9,2880,2736,2911,2724,2959,3572,3213
Australia,AUS,2020-02-16,2939,3032,2914.1,2749,2747,2849,2825,2960,3423,3302
Australia,AUS,2020-02-23,3052,3059,2972.9,2741,2773,2958,2857,3095,3415,3245
Australia,AUS,2020-03-01,3072,3091,2948.3,2788,2738,2909,2859,3008,3387,3304
Australia,AUS,2020-03-08,3121,2999,2986.7,2846,2822,3018,2882,2926,3217,3382
Australia,AUS,2020-03-15,3090,2977,2924.3,2738,2769,2785,2879,3010,3357,3416
Australia,AUS,2020-03-22,3043,3097,2959.9,2830,2853,2885,2871,2921,3359,3326
Australia,AUS,2020-03-29,3093,3144,2976.7,2812,2829,2858,2939,3005,3421,3304
Australia,AUS,2020-04-05,2960,3219,2994.1,2849,2946,2989,2785,2963,3456,3283
Australia,AUS,2020-04-12,3260,3140,3039.5,2963,2934,2966,2828,3066,3383,3481
Australia,AUS,2020-04-19,3248,3085,3043.3,2877,2872,3012,2965,3051,3488,3540
Australia,AUS,2020-04-26,3277,3047,3034.1,2997,2866,3011,2840,3016,3503,3506
Australia,AUS,2020-05-03,3371,3031,3067.9,3042,2854,2963,3021,3020,3684,3534
Australia,AUS,2020-05-10,3372,3162,3187.9,3082,2958,3108,3148,3203,3801,3782
Australia,AUS,2020-05-17,3364,3154,3186.5,3074,2975,3091,3133,3219,3664,3810
Australia,AUS,2020-05-24,3518,3217,3262.3,2990,3170,3173,3253,3285,3786,3837
Australia,AUS,2020-05-31,3384,3178,3279.3,3033,3164,3203,3199,3357,3929,3940
Australia,AUS,2020-06-07,3568,3114,3349.3,3112,3273,3263,3301,3357,4050,3723
Australia,AUS,2020-06-14,3495,3130,3297.3,3139,3051,3266,3129,3460,4146,3634
Australia,AUS,2020-06-21,3459,3066,3326.7,3092,3200,3232,3254,3416,4012,3861
Australia,AUS,2020-06-28,3469,3058,3380.1,3157,3253,3313,3310,3427,3920,3762
Australia,AUS,2020-07-05,3547,3221,3457.7,3222,3331,3468,3376,3451,4128,3835
Australia,AUS,2020-07-12,3602,3202,3439.9,3356,3334,3504,3214,3350,4132,3724
Australia,AUS,2020-07-19,3627,3206,3526.3,3347,3310,3700,3376,3458,4160,3745
Australia,AUS,2020-07-26,3671,3335,3546.7,3362,3339,3634,3467,3491,4171,3755
Australia,AUS,2020-08-02,3479,3355,3502.7,3399,3298,3749,3287,3340,4221,3655
Australia,AUS,2020-08-09,3445,3400,3524.1,3400,3362,3734,3209,3476,4134,3647
Australia,AUS,2020-08-16,3510,3479,3572.7,3468,3462,3674,3375,3444,3949,3702
Australia,AUS,2020-08-23,3424,3312,3594.7,3532,3455,3670,3354,3524,3897,3548
Australia,AUS,2020-08-30,3498,3288,3603.7,3359,3484,3844,3450,3443,3744,3524
Australia,AUS,2020-09-06,3421,3295,3537.7,3478,3336,3620,3313,3500,3790,3476
Australia,AUS,2020-09-13,3496,3239,3453.1,3359,3291,3697,3111,3367,3709,3563
Australia,AUS,2020-09-20,3370,3103,3402.3,3310,3172,3603,3151,3334,3690,3382
Australia,AUS,2020-09-27,3535,3146,3281.1,3152,3232,3338,3143,3100,3426,3467
Australia,AUS,2020-10-04,3411,3190,3283.1,3110,3198,3283,3137,3247,3514,3367
Australia,AUS,2020-10-11,3362,3045,3236.5,3069,3172,3184,3155,3162,3478,3546
Australia,AUS,2020-10-18,3363,3007,3181.5,2991,3161,3075,3091,3149,3553,3335
Australia,AUS,2020-10-25,3342,2968,3117.1,2916,3124,2972,2983,3150,3329,3339
Australia,AUS,2020-11-01,3314,3038,3108.3,2899,3073,3014,3032,3082,3398,3463
Australia,AUS,2020-11-08,3192,3034,3059.3,2891,3123,2873,3001,2971,3513,3534
Australia,AUS,2020-11-15,3342,3138,3011.7,2775,2959,2947,2903,3034,3466,3542
Australia,AUS,2020-11-22,3266,3045,3041.9,2878,3024,2896,2991,2980,3513,3410
Australia,AUS,2020-11-29,3265,2960,3006.1,2866,2895,2882,2959,2988,3452,3470
Australia,AUS,2020-12-06,3198,3113,2970.5,2815,2753,2921,2965,2957,3611,3440
Australia,AUS,2020-12-13,3279,3008,3039.5,2887,2909,2976,2990,2995,3572,3395
Australia,AUS,2020-12-20,3392,3049,2996.9,2811,2933,2914,2935,2950,3610,3439
Australia,AUS,2020-12-27,3235,3069,2938.5,2730,2920,2775,2945,2882,3456,3368
Australia,AUS,2021-01-03,,2995,2938.5,,,,,,,
Austria,AUT,2020-01-05,1953,1607,1828.2,1704,1634,2293,1767,1647,1756,2355
Austria,AUT,2020-01-12,1954,1691,1876.2,1768,1626,2340,1842,1709,1679,2115
Austria,AUT,2020-01-19,2003,1791,1805.6,1837,1608,2060,1786,1641,1816,1838
Austria,AUT,2020-01-26,1940,1773,1766.2,1792,1578,1938,1714,1713,1766,1772
Austria,AUT,2020-02-02,1860,1941,1837.8,1837,1609,2045,1870,1732,1792,1766
Austria,AUT,2020-02-09,1743,1675,1856,1926,1650,1874,1938,1796,1858,1673
Austria,AUT,2020-02-16,1715,1714,1832,1992,1621,1750,1881,1820,1916,1765
Austria,AUT,2020-02-23,1661,1718,1841.2,2020,1581,1807,1951,1751,1847,1858
Austria,AUT,2020-03-01,1579,1761,1834.8,1883,1714,1696,2021,1764,1957,1846
Austria,AUT,2020-03-08,1747,1734,1772.8,1846,1532,1614,1965,1811,1848,1843
Austria,AUT,2020-03-15,1691,1714,1730.6,1763,1516,1542,1946,1790,1918,1808
Austria,AUT,2020-03-22,1649,1828,1617.2,1696,1499,1535,1641,1619,2000,1750
Austria,AUT,2020-03-29,1769,1756,1665,1725,1598,1489,1766,1651,1953,1690
Austria,AUT,2020-04-05,1662,1821,1604.6,1604,1562,1537,1617,1607,1964,1686
Austria,AUT,2020-04-12,1694,1794,1565.4,1563,1520,1532,1560,1556,1813,1670
Austria,AUT,2020-04-19,1689,1691,1542.6,1614,1413,1475,1557,1558,1655,1726
Austria,AUT,2020-04-26,1691,1580,1489.4,1547,1460,1440,1383,1521,1687,1638
Austria,AUT,2020-05-03,1657,1472,1483.8,1453,1447,1527,1434,1462,1650,1586
Austria,AUT,2020-05-10,1601,1516,1458.6,1452,1486,1434,1372,1453,1574,1612
Austria,AUT,2020-05-17,1520,1480,1482.2,1461,1453,1501,1342,1558,1601,1524
Austria,AUT,2020-05-24,1486,1477,1440.8,1396,1505,1327,1383,1497,1531,1534
Austria,AUT,2020-05-31,1602,1410,1433.6,1304,1402,1456,1415,1495,1578,1521
Austria,AUT,2020-06-07,1557,1483,1431.6,1437,1360,1312,1433,1520,1589,1476
Austria,AUT,2020-06-14,1598,1457,1462.6,1502,1348,1421,1392,1554,1629,1526
Austria,AUT,2020-06-21,1652,1406,1426.8,1285,1452,1476,1401,1424,1652,1571
Austria,AUT,2020-06-28,1504,1433,1419,1374,1338,1419,1414,1454,1655,1400
Austria,AUT,2020-07-05,1469,1554,1454.4,1487,1328,1413,1441,1507,1597,1512
Austria,AUT,2020-07-12,1454,1378,1396.6,1476,1323,1346,1404,1338,1561,1536
Austria,AUT,2020-07-19,1574,1439,1489,1475,1458,1475,1511,1430,1847,1532
Austria,AUT,2020-07-26,1530,1445,1508,1633,1424,1375,1455,1557,1732,1446
Austria,AUT,2020-08-02,1455,1522,1524,1446,1390,1616,1615,1457,1661,1423
Austria,AUT,2020-08-09,1621,1427,1445.4,1500,1359,1334,1532,1406,1560,1538
Austria,AUT,2020-08-16,1621,1603,1479.8,1692,1394,1380,1430,1407,1685,1542
Austria,AUT,2020-08-23,1567,1467,1453,1376,1408,1472,1460,1453,1550,1603
Austria,AUT,2020-08-30,1542,1488,1446,1476,1414,1329,1414,1501,1454,1407
Austria,AUT,2020-09-06,1627,1518,1396.4,1389,1380,1318,1376,1423,1544,1521
Austria,AUT,2020-09-13,1580,1562,1444,1447,1392,1426,1452,1407,1589,1580
Austria,AUT,2020-09-20,1577,1560,1442.2,1459,1376,1407,1421,1452,1652,1497
Austria,AUT,2020-09-27,1675,1531,1490.8,1410,1442,1496,1436,1574,1727,1493
Austria,AUT,2020-10-04,1600,1573,1529.6,1494,1469,1481,1553,1555,1870,1563
Austria,AUT,2020-10-11,1632,1620,1538.2,1409,1556,1529,1509,1592,1764,1622
Austria,AUT,2020-10-18,1721,1612,1524.4,1481,1607,1453,1488,1497,1766,1649
Austria,AUT,2020-10-25,1887,1772,1528.2,1498,1522,1489,1491,1545,1829,1753
Austria,AUT,2020-11-01,1943,1886,1532.2,1433,1484,1551,1561,1536,1718,1722
Austria,AUT,2020-11-08,2052,2004,1528.6,1460,1541,1490,1501,1555,1733,1749
Austria,AUT,2020-11-15,2111,2283,1571.6,1527,1616,1505,1556,1558,1780,1806
Austria,AUT,2020-11-22,2152,2401,1557.2,1486,1550,1570,1531,1553,1744,1814
Austria,AUT,2020-11-29,2201,2428,1565.4,1488,1601,1531,1525,1586,1872,1969
Austria,AUT,2020-12-06,2120,2544,1622.2,1509,1619,1632,1656,1599,1901,1869
Austria,AUT,2020-12-13,1930,2478,1626,1517,1670,1554,1626,1667,2175,1963
Austria,AUT,2020-12-20,1856,2255,1672.8,1538,1847,1653,1639,1591,2284,2064
Austria,AUT,2020-12-27,1864,2123,1754.4,1545,2160,1646,1689,1636,2298,1946
Austria,AUT,2021-01-03,,2000,1754.4,,,,,,,
Azerbaijan,AZE,2020-01-31,7972,5177,5451.4,5000,4953,6085,5284,5423,6009,5810
Azerbaijan,AZE,2020-02-29,5366,5039,4981.4,4400,4978,4985,5216,4816,6548,5381
Azerbaijan,AZE,2020-03-31,5676,5792,4706.8,4200,4566,4790,4903,4563,6166,5481
Azerbaijan,AZE,2020-04-30,7400,4511,5298.4,5600,5229,4824,5003,5324,5025,4533
Azerbaijan,AZE,2020-05-31,5435,4294,4813.2,4600,4574,4954,4871,4555,4350,4945
Azerbaijan,AZE,2020-06-30,5198,6203,4261.2,4300,4135,3839,4015,4505,4491,4015
Azerbaijan,AZE,2020-07-31,5087,6410,5004.8,4700,4586,4804,5520,4902,4594,4977
Azerbaijan,AZE,2020-08-31,6499,5049,4669.8,4400,4761,4723,4684,4269,4575,5330
Azerbaijan,AZE,2020-09-30,7540,4520,4172.6,3800,4221,4085,4144,4101,4614,4544
Azerbaijan,AZE,2020-10-31,5978,5774,4614.8,4500,4524,4606,4546,4386,4085,5024
Azerbaijan,AZE,2020-11-30,7610,8378,4726.2,4500,5056,4623,4547,4393,5224,4754
Azerbaijan,AZE,2020-12-31,7117,14500,4959,4700,5065,4791,4517,5210,5129,5356
Bahamas,BHS,2020-01-31,234,249,245,199,196,225,250,226,,
Bahamas,BHS,2020-02-29,219,214,237.8,209,216,203,209,223,,
Bahamas,BHS,2020-03-31,239,222,235,196,201,213,236,200,,
Bahamas,BHS,2020-04-30,235,218,213.4,178,191,177,211,181,,
Bahamas,BHS,2020-05-31,234,197,224,196,183,208,195,209,,
Bahamas,BHS,2020-06-30,233,200,218.4,174,196,182,218,193,,
Bahamas,BHS,2020-07-31,335,263,235.8,195,201,188,238,228,,
Bahamas,BHS,2020-08-31,525,327,236.4,192,194,216,225,226,,
Bahamas,BHS,2020-09-30,488,312,228,178,171,187,193,282,,
Bahamas,BHS,2020-10-31,397,318,218.6,189,192,205,178,200,,
Bahamas,BHS,2020-11-30,240,259,222,175,181,211,201,213,,
Bahamas,BHS,2020-12-31,270,237,230,175,168,217,203,258,,
Barbados,BRB,2020-01-31,173,255,284.4,336,216,310,222,263,297,310
Barbados,BRB,2020-02-29,220,224,230.4,187,208,206,232,244,285,288
Barbados,BRB,2020-03-31,322,244,224.6,224,164,236,218,206,422,279
Barbados,BRB,2020-04-30,189,183,222.2,202,242,197,143,252,293,206
Barbados,BRB,2020-05-31,221,245,255.6,185,239,192,296,291,275,333
Barbados,BRB,2020-06-30,246,238,217.6,183,217,212,193,208,287,307
Barbados,BRB,2020-07-31,143,229,228.6,210,187,205,221,245,178,231
Barbados,BRB,2020-08-31,248,233,213,175,205,194,201,215,295,306
Barbados,BRB,2020-09-30,236,187,239,248,219,214,188,251,255,272
Barbados,BRB,2020-10-31,279,225,249,221,238,252,239,220,277,
Barbados,BRB,2020-11-30,298,209,235,177,242,224,191,266,238,
Barbados,BRB,2020-12-31,320,241,223.2,222,207,190,187,235,252,
Belarus,BLR,2020-01-31,15788,10725,11507.1,11366,11322,11978,10659,11904,14344,11240
Belarus,BLR,2020-02-29,13169,9622,9953.9,10005,9764,10188,9391,10115,14792,8832
Belarus,BLR,2020-03-31,14174,10690,10841.1,11148,10260,10205,12080,10206,14002,10178
Belarus,BLR,2020-04-30,12758,10886,10298.9,10410,9817,9793,10825,10343,9912,8988
Belarus,BLR,2020-05-31,12610,11966,10341.7,10210,10453,10142,9940,10657,10063,10569
Belarus,BLR,2020-06-30,13311,13016,9387.5,9399,9629,9304,9036,9263,9456,9659
Belarus,BLR,2020-07-31,12206,11108,9562.3,9342,9377,9272,9525,9989,8547,9276
Belarus,BLR,2020-08-31,11652,10270,9306.5,9678,9134,9134,9215,9065,9337,9646
Belarus,BLR,2020-09-30,14859,11466,9187.7,8964,9073,9233,9249,9113,9579,8788
Belarus,BLR,2020-10-31,22162,12600,10455.3,10202,10364,10629,10256,10519,9762,10254
Belarus,BLR,2020-11-30,20063,15521,9597.9,9286,9969,9509,9545,9374,9678,11345
Belarus,BLR,2020-12-31,15073,18437,10227.1,10015,10207,9916,10326,10365,10592,11048
Belgium,BEL,2020-01-05,2466,2234,2385.3,2461,2244,2557,2382,2308,2359,2801
Belgium,BEL,2020-01-12,2396,2388,2426.5,2525,2234,2735,2317,2347,2220,2666
Belgium,BEL,2020-01-19,2437,2314,2417.7,2526,2295,2645,2336,2312,2356,2346
Belgium,BEL,2020-01-26,2430,2204,2417.3,2510,2263,2691,2253,2395,2528,2327
Belgium,BEL,2020-02-02,2275,2356,2504.9,2644,2180,2950,2355,2421,2629,2381
Belgium,BEL,2020-02-09,2224,2169,2483.3,2727,2127,2691,2353,2544,2554,2332
Belgium,BEL,2020-02-16,2316,2307,2518.5,2892,2121,2631,2565,2409,2445,2415
Belgium,BEL,2020-02-23,2137,2301,2482.7,2774,2230,2389,2628,2418,2293,2298
Belgium,BEL,2020-03-01,2015,2249,2539.7,2643,2336,2315,3002,2428,2163,2327
Belgium,BEL,2020-03-08,2155,2212,2447.7,2457,2264,2138,3016,2389,2412,2404
Belgium,BEL,2020-03-15,2101,2234,2339.5,2380,2248,2036,2724,2335,2387,2307
Belgium,BEL,2020-03-22,2115,2554,2317.1,2380,2364,2106,2594,2167,2397,2255
Belgium,BEL,2020-03-29,2217,3198,2221.7,2270,2273,2068,2460,2063,2505,2241
Belgium,BEL,2020-04-05,2205,4021,2114.5,2163,2080,1969,2203,2183,2540,2106
Belgium,BEL,2020-04-12,2165,4292,2090.1,2218,2160,1954,2175,1969,2439,2082
Belgium,BEL,2020-04-19,2211,3703,2046.3,2152,2049,1917,2044,2095,2337,2042
Belgium,BEL,2020-04-26,2201,3039,2027.1,2087,1996,2079,1953,2046,2202,1967
Belgium,BEL,2020-05-03,2251,2429,2007.1,2005,2087,2091,1867,2011,2241,1974
Belgium,BEL,2020-05-10,2076,2390,2025.1,2063,2065,2009,1980,2034,2055,2074
Belgium,BEL,2020-05-17,2027,2042,1976.1,1976,1926,2110,1860,2034,2090,2040
Belgium,BEL,2020-05-24,1995,2082,1965.1,1950,1946,2009,1951,1995,1917,1926
Belgium,BEL,2020-05-31,1992,1983,1926.3,1905,1885,1981,1953,1933,2040,1937
Belgium,BEL,2020-06-07,1878,1799,1872.9,1942,1856,1815,1811,1966,1932,2117
Belgium,BEL,2020-06-14,1964,1899,1855.5,2003,1851,1868,1734,1847,2107,2137
Belgium,BEL,2020-06-21,1780,1822,1917.5,1900,1920,2101,1779,1913,2024,1923
Belgium,BEL,2020-06-28,1928,1968,1891.9,1888,1846,1821,1950,1980,1955,1918
Belgium,BEL,2020-07-05,1829,1768,2018.1,2301,1899,1901,2080,1935,2028,1938
Belgium,BEL,2020-07-12,1906,1682,1856.7,1908,1933,1847,1833,1788,2051,1970
Belgium,BEL,2020-07-19,1999,1859,1899.7,1797,2030,1827,1988,1882,2143,1758
Belgium,BEL,2020-07-26,1890,1810,1990.7,1740,1917,1897,2107,2318,2012,1856
Belgium,BEL,2020-08-02,1877,1947,1880.3,1777,1801,1808,2125,1916,2060,1779
Belgium,BEL,2020-08-09,1890,2046,1870.3,1997,1788,1826,2000,1766,2142,1915
Belgium,BEL,2020-08-16,1840,2882,1850.1,1852,1976,1784,1887,1777,2102,1953
Belgium,BEL,2020-08-23,1861,2215,1896.7,1755,2120,1951,1824,1859,2070,1954
Belgium,BEL,2020-08-30,1954,1879,1902.9,1919,1866,1924,1825,2006,1983,1829
Belgium,BEL,2020-09-06,2012,1891,1842.9,1775,1835,1883,1909,1838,1996,2020
Belgium,BEL,2020-09-13,1895,1825,1859.3,1917,1938,1823,1811,1833,1902,2086
Belgium,BEL,2020-09-20,1885,2004,1877.7,1844,1769,1908,1970,1923,2040,1874
Belgium,BEL,2020-09-27,1939,1916,1902.5,1932,1906,1963,1831,1906,2086,1975
Belgium,BEL,2020-10-04,2054,1920,1963.9,1973,1904,1955,1965,2048,2217,1980
Belgium,BEL,2020-10-11,2221,2060,2014.9,2019,2065,2059,2006,1951,2215,1990
Belgium,BEL,2020-10-18,2335,2157,1999.9,2059,2041,2007,1957,1961,2198,2130
Belgium,BEL,2020-10-25,2327,2629,1986.7,2038,2025,1913,1918,2065,2166,2183
Belgium,BEL,2020-11-01,2276,3282,1978.3,2095,2088,1892,1907,1935,2002,2061
Belgium,BEL,2020-11-08,2382,3689,2001.5,1951,2093,1939,2049,2001,2051,2066
Belgium,BEL,2020-11-15,2397,3432,2038.9,1934,2177,2078,2017,2014,2070,2225
Belgium,BEL,2020-11-22,2485,3179,2099.7,2020,2143,2114,2060,2187,2209,2222
Belgium,BEL,2020-11-29,2728,2893,2099.1,2021,2191,2080,2107,2122,2241,2281
Belgium,BEL,2020-12-06,2604,2704,2159.5,1992,2221,2276,2173,2161,2497,2419
Belgium,BEL,2020-12-13,2534,2780,2215.9,2113,2221,2325,2233,2213,2632,2462
Belgium,BEL,2020-12-20,2431,2736,2250.5,2085,2321,2272,2263,2337,3039,2457
Belgium,BEL,2020-12-27,2448,2617,2235.3,2031,2418,2350,2251,2152,2859,2439
Belgium,BEL,2021-01-03,,2441,2235.3,,,,,,,
Belize,BLZ,2020-01-31,198,178,176.8,149,153,161,188,177,230,
Belize,BLZ,2020-02-29,184,166,161.4,147,149,141,162,152,225,
Belize,BLZ,2020-03-31,171,166,185.2,167,196,169,163,175,174,
Belize,BLZ,2020-04-30,143,145,169.8,171,152,158,162,150,196,
Belize,BLZ,2020-05-31,170,157,165.4,166,132,162,158,153,178,
Belize,BLZ,2020-06-30,178,168,162.6,127,161,171,146,152,174,
Belize,BLZ,2020-07-31,165,156,162.4,156,133,173,145,149,197,
Belize,BLZ,2020-08-31,242,156,162.4,124,164,157,147,164,192,
Belize,BLZ,2020-09-30,255,149,166.8,151,161,142,152,172,171,
Belize,BLZ,2020-10-31,287,189,167.8,147,142,154,171,169,184,
Belize,BLZ,2020-11-30,314,253,167.8,156,140,155,156,176,193,
Belize,BLZ,2020-12-31,182,275,182,151,146,187,165,205,195,
Bermuda,BMU,2020-01-31,67,39,53.9,53,45,44,56,52,56,66
Bermuda,BMU,2020-02-29,52,50,46.5,44,44,36,46,43,52,46
Bermuda,BMU,2020-03-31,66,58,47.3,41,37,48,39,52,58,59
Bermuda,BMU,2020-04-30,62,64,45.1,44,36,38,38,50,54,53
Bermuda,BMU,2020-05-31,55,48,45.9,37,42,40,43,48,47,43
Bermuda,BMU,2020-06-30,44,39,48.5,52,47,42,38,44,36,45
Bermuda,BMU,2020-07-31,45,40,45.3,39,47,38,46,37,47,50
Bermuda,BMU,2020-08-31,50,42,44.9,34,41,36,47,47,43,54
Bermuda,BMU,2020-09-30,98,63,40.1,36,40,34,32,39,46,31
Bermuda,BMU,2020-10-31,77,33,44.7,39,41,41,48,35,45,60
Bermuda,BMU,2020-11-30,57,45,42.9,31,33,39,46,46,46,56
Bermuda,BMU,2020-12-31,54,45,45.5,28,39,45,54,42,55,59
Bhutan,BTN,2020-01-31,296,322,323.1,,,,,323,344,355
Bhutan,BTN,2020-02-29,269,289,251.1,,,,,251,310,303
Bhutan,BTN,2020-03-31,277,273,303.1,,,,,303,318,256
Bhutan,BTN,2020-04-30,262,240,233.1,,,,,233,333,267
Bhutan,BTN,2020-05-31,252,223,255.1,,,,,255,296,299
Bhutan,BTN,2020-06-30,266,214,281.1,,,,,281,254,296
Bhutan,BTN,2020-07-31,241,224,247.1,,,,,247,270,321
Bhutan,BTN,2020-08-31,256,249,257.1,,,,,257,280,291
Bhutan,BTN,2020-09-30,226,274,255.1,,,,,255,251,257
Bhutan,BTN,2020-10-31,246,262,249.1,,,,,249,304,331
Bhutan,BTN,2020-11-30,289,284,232.1,,,,,232,341,285
Bhutan,BTN,2020-12-31,312,255,334.1,,,,,334,304,318
Bolivia,BOL,2020-01-31,10243,5016,4554.6,4225,4597,4260,4322,4626,10039,
Bolivia,BOL,2020-02-29,7579,4641,4126.6,3697,4195,3836,4124,4038,,
Bolivia,BOL,2020-03-31,6186,5014,4471.2,4215,4273,4405,4255,4465,,
Bolivia,BOL,2020-04-30,5817,3608,4278.8,4029,4115,4279,4060,4168,,
Bolivia,BOL,2020-05-31,9296,5065,4557.4,4315,4538,4411,4423,4357,,
Bolivia,BOL,2020-06-30,10881,9528,4681.2,4350,4724,4412,4583,4594,,
Bolivia,BOL,2020-07-31,7834,17007,4705.6,4529,4417,4372,4717,4750,,
Bolivia,BOL,2020-08-31,6249,8809,4572.8,4310,4294,4248,4655,4614,,
Bolivia,BOL,2020-09-30,5202,5572,4353.6,4146,4052,4211,4260,4356,,
Bolivia,BOL,2020-10-31,5179,5288,4443.8,4321,4216,4264,4255,4420,,
Bolivia,BOL,2020-11-30,5340,4936,4252.2,4056,4158,3960,4258,4086,,
Bolivia,BOL,2020-12-31,6739,5128,4541.8,4285,4297,4188,4476,4720,,
Bosnia and Herzegovina,BIH,2020-01-31,3452,2800,3398.8,4082,3539,3443,2774,3444,3985,3071
Bosnia and Herzegovina,BIH,2020-02-29,3454,3203,3315.2,3464,3139,3372,3377,3512,5060,2974
Bosnia and Herzegovina,BIH,2020-03-31,4787,2970,3366.2,3657,3360,3223,3640,3239,3931,3270
Bosnia and Herzegovina,BIH,2020-04-30,6051,3207,3011,3257,2995,2783,3186,3122,2970,2771
Bosnia and Herzegovina,BIH,2020-05-31,4223,2938,2998.8,3059,2941,3078,2964,3240,3000,2929
Bosnia and Herzegovina,BIH,2020-06-30,3276,2953,2764.6,2831,2866,2899,2698,2817,2705,2598
Bosnia and Herzegovina,BIH,2020-07-31,3067,3066,2809,3150,2732,2766,2716,2969,2779,2701
Bosnia and Herzegovina,BIH,2020-08-31,3019,3329,2853.8,2823,2851,2975,3003,2905,3182,2781
Bosnia and Herzegovina,BIH,2020-09-30,3779,3459,2669.6,2767,2725,2637,2824,2683,3075,2712
Bosnia and Herzegovina,BIH,2020-10-31,4125,3506,3014.8,3015,3095,2958,3124,3170,2864,2785
Bosnia and Herzegovina,BIH,2020-11-30,4615,5410,2936,3001,2994,3115,2895,2963,2887,2966
Bosnia and Herzegovina,BIH,2020-12-31,4655,5962,3069.4,3044,3334,3087,3104,3066,3227,2876
Brazil,BRA,2020-01-31,151728,110932,111655.7,106695,106199,105899,106838,110373,166126,119742
Brazil,BRA,2020-02-29,137029,104255,101103.5,90612,102818,97082,94994,97737,133972,107506
Brazil,BRA,2020-03-31,209406,117888,112833.5,102473,111631,108850,109390,109549,121423,122717
Brazil,BRA,2020-04-30,196654,123596,112959.5,105114,112127,107063,107849,110370,116992,123434
Brazil,BRA,2020-05-31,182945,154511,120041.9,114042,115315,114774,115068,118736,131226,132061
Brazil,BRA,2020-06-30,172187,140663,119786.5,109240,117216,114324,116967,118911,135693,131328
Brazil,BRA,2020-07-31,158549,145262,124114.1,112975,118151,122610,119675,124885,137561,133682
Brazil,BRA,2020-08-31,143594,141329,117867.9,107510,111120,114698,115169,118568,126129,125647
Brazil,BRA,2020-09-30,125984,127115,111368.9,103152,102873,107336,108897,112312,118621,120802
Brazil,BRA,2020-10-31,125180,128797,112673.3,104756,107472,109666,107666,111532,120206,123001
Brazil,BRA,2020-11-30,119930,122598,106825.1,100873,99625,102390,103328,105635,115041,123878
Brazil,BRA,2020-12-31,132436,139878,112855.3,106733,105227,107971,110878,111193,121276,121855
Brunei,BRN,2020-01-31,124,183,156.2,120,148,155,168,140,195,170
Brunei,BRN,2020-02-29,145,151,135,97,117,131,130,150,139,163
Brunei,BRN,2020-03-31,159,151,149.8,140,129,148,142,140,274,176
Brunei,BRN,2020-04-30,148,138,147.6,121,125,126,159,157,197,165
Brunei,BRN,2020-05-31,140,136,147.2,137,128,136,137,148,185,176
Brunei,BRN,2020-06-30,164,182,127.4,125,127,105,99,131,214,158
Brunei,BRN,2020-07-31,155,140,148.8,134,111,173,124,152,189,164
Brunei,BRN,2020-08-31,54,148,157.4,131,165,166,139,136,215,156
Brunei,BRN,2020-09-30,59,122,154.6,147,138,144,124,170,180,170
Brunei,BRN,2020-10-31,132,133,160.2,142,166,151,160,132,206,154
Brunei,BRN,2020-11-30,313,128,133.4,115,129,139,98,136,168,177
Brunei,BRN,2020-12-31,272,140,151.2,138,149,122,132,165,160,174
Bulgaria,BGR,2020-01-05,2628,2091,2565.9,2501,2441,3174,2274,2530,3170,2304
Bulgaria,BGR,2020-01-12,2489,2262,2556.9,2512,2283,3220,2166,2694,3166,2268
Bulgaria,BGR,2020-01-19,2525,2166,2510.7,2419,2280,2817,2374,2754,3276,2380
Bulgaria,BGR,2020-01-26,2464,2375,2490.7,2339,2367,2627,2362,2849,3501,2105
Bulgaria,BGR,2020-02-02,2388,2414,2442.3,2335,2303,2526,2564,2574,3649,2056
Bulgaria,BGR,2020-02-09,2371,2328,2294.9,2295,2222,2349,2454,2245,3651,2152
Bulgaria,BGR,2020-02-16,2494,2286,2278.3,2341,2103,2357,2381,2300,3470,2261
Bulgaria,BGR,2020-02-23,2589,2142,2269.1,2535,2093,2310,2235,2263,3046,2087
Bulgaria,BGR,2020-03-01,2755,2152,2261.9,2561,1957,2141,2468,2273,2712,1980
Bulgaria,BGR,2020-03-08,3020,2011,2250.7,2469,2091,2233,2384,2167,2671,1926
Bulgaria,BGR,2020-03-15,3391,2000,2184.3,2438,2096,2117,2238,2123,2442,1956
Bulgaria,BGR,2020-03-22,3686,1970,2145.3,2362,2025,2118,2162,2150,2504,1919
Bulgaria,BGR,2020-03-29,4044,1999,2124.7,2374,2100,2100,2060,2080,2394,1972
Bulgaria,BGR,2020-04-05,3787,1951,2114.3,2265,2125,2084,2076,2112,2311,1834
Bulgaria,BGR,2020-04-12,3738,1920,2056.3,2265,1925,2028,2062,2092,2148,1892
Bulgaria,BGR,2020-04-19,3437,2024,2048.1,2242,1944,2118,1992,2035,2059,1970
Bulgaria,BGR,2020-04-26,3139,1981,2034.3,2135,1968,2035,2073,2051,2144,1862
Bulgaria,BGR,2020-05-03,2801,1891,1994.9,2161,2031,1956,1936,1981,1893,1853
Bulgaria,BGR,2020-05-10,2552,1913,2012.3,2106,2054,1985,1887,2120,2024,1834
Bulgaria,BGR,2020-05-17,2362,2087,1951.5,1981,1990,1977,1920,1980,1983,1842
Bulgaria,BGR,2020-05-24,2184,1898,1956.9,1984,2010,1985,1895,2001,1975,1915
Bulgaria,BGR,2020-05-31,2098,1799,1935.5,1837,1992,2054,1918,1967,1900,1836
Bulgaria,BGR,2020-06-07,2054,1922,1900.7,1969,1782,1960,1952,1931,1767,1834
Bulgaria,BGR,2020-06-14,2030,1951,1916.3,1980,2012,1917,1771,1992,1780,1692
Bulgaria,BGR,2020-06-21,2291,1930,1943.5,1904,2143,1957,1777,2027,1858,1938
Bulgaria,BGR,2020-06-28,2139,1904,1941.1,1838,1959,2294,1795,1910,1873,1631
Bulgaria,BGR,2020-07-05,2099,2138,1879.9,1825,1806,2010,1896,1953,1860,1726
Bulgaria,BGR,2020-07-12,2091,2043,1922.5,2028,1966,1923,1966,1820,1928,1918
Bulgaria,BGR,2020-07-19,1936,1846,1854.9,1900,1826,1797,1975,1867,2003,2075
Bulgaria,BGR,2020-07-26,2104,1987,1953.1,2101,1901,1916,1977,1961,2164,1818
Bulgaria,BGR,2020-08-02,2242,2161,1944.9,2138,1971,1946,1904,1856,2155,1801
Bulgaria,BGR,2020-08-09,2243,2059,1916.3,1999,1806,2062,1909,1896,2054,1689
Bulgaria,BGR,2020-08-16,2085,1975,1840.9,1939,1804,1772,1860,1920,2073,1764
Bulgaria,BGR,2020-08-23,2348,1911,1816.1,1784,1865,1763,1825,1934,1984,1903
Bulgaria,BGR,2020-08-30,2479,1937,1799.7,1838,1759,1805,1826,1861,1862,1731
Bulgaria,BGR,2020-09-06,2658,1946,1797.7,1975,1756,1766,1845,1737,1937,1628
Bulgaria,BGR,2020-09-13,2900,1912,1798.9,1727,1819,1944,1844,1751,1903,1718
Bulgaria,BGR,2020-09-20,2776,1849,1795.5,1886,1806,1701,1886,1789,1844,1736
Bulgaria,BGR,2020-09-27,2842,1844,1785.1,1728,1862,1710,1889,1827,1973,1742
Bulgaria,BGR,2020-10-04,3073,1986,1930.7,1832,2023,1934,2067,1888,1969,1714
Bulgaria,BGR,2020-10-11,3403,2084,1966.9,1930,2109,1958,2040,1888,1996,1907
Bulgaria,BGR,2020-10-18,3841,2157,2040.7,2012,2111,2067,2134,1970,2095,1946
Bulgaria,BGR,2020-10-25,4049,2372,2035.1,2065,2135,2061,2094,1911,2122,2020
Bulgaria,BGR,2020-11-01,4171,2732,2068.7,2188,2078,2063,2065,2040,2160,1941
Bulgaria,BGR,2020-11-08,4092,3236,2084.9,2092,2141,2014,2074,2194,2092,1990
Bulgaria,BGR,2020-11-15,3987,3948,2107.1,2221,2129,2112,2137,2027,2143,2042
Bulgaria,BGR,2020-11-22,3657,4407,2062.1,2116,2096,2072,2163,1954,1945,2124
Bulgaria,BGR,2020-11-29,3491,4739,2086.9,2027,2148,2062,2212,2076,2020,2083
Bulgaria,BGR,2020-12-06,3310,4753,2136.5,2008,2299,2021,2319,2126,2143,2010
Bulgaria,BGR,2020-12-13,3132,4370,2175.5,2127,2277,2109,2343,2112,2120,2059
Bulgaria,BGR,2020-12-20,3100,3945,2208.9,2178,2435,2041,2345,2136,2122,2023
Bulgaria,BGR,2020-12-27,3084,3242,2336.1,2158,2807,2252,2434,2120,2219,2251
Bulgaria,BGR,2021-01-03,,2968,2336.1,,,,,,,
Canada,CAN,2020-01-05,6820,6230,6415.1,6235,5250,6185,6630,6095,7155,7085
Canada,CAN,2020-01-12,6785,6210,6454.1,6255,5470,6250,6655,5940,7805,7020
Canada,CAN,2020-01-19,6760,6130,6413.1,6190,5330,6290,6550,5995,8040,6840
Canada,CAN,2020-01-26,6690,6165,6321.1,6045,5415,6060,6430,5935,7760,6570
Canada,CAN,2020-02-02,6485,5855,6108.1,5685,5230,5860,6230,5835,7445,6500
Canada,CAN,2020-02-09,6120,5910,6111.1,5745,5240,6030,6035,5810,7120,6685
Canada,CAN,2020-02-16,6080,5735,6105.1,5655,5430,5870,6020,5860,6740,6415
Canada,CAN,2020-02-23,5990,5685,6056.1,5535,5495,5720,6025,5785,6430,6280
Canada,CAN,2020-03-01,5990,5775,5981.1,5535,5585,5555,5790,5735,6340,6510
Canada,CAN,2020-03-08,5790,5765,5994.1,5555,5445,5605,5920,5745,6140,6370
Canada,CAN,2020-03-15,5645,5675,5888.1,5415,5360,5625,5665,5660,6040,6370
Canada,CAN,2020-03-22,5760,5870,5864.1,5330,5480,5565,5625,5635,5900,6265
Canada,CAN,2020-03-29,5690,5940,5809.1,5255,5325,5490,5700,5570,5860,6295
Canada,CAN,2020-04-05,5880,6310,5757.1,5260,5280,5400,5610,5550,6240,6140
Canada,CAN,2020-04-12,5745,6590,5665.1,5055,5185,5265,5565,5560,6115,6195
Canada,CAN,2020-04-19,5765,6630,5666.1,5265,5155,5230,5395,5575,6110,6110
Canada,CAN,2020-04-26,5980,6930,5612.1,5120,5080,5245,5470,5430,6140,6250
Canada,CAN,2020-05-03,5910,6895,5631.1,5050,5200,5280,5400,5525,6290,6095
Canada,CAN,2020-05-10,5815,6445,5541.1,5070,4990,5210,5300,5420,6450,6110
Canada,CAN,2020-05-17,5825,6120,5421.1,4955,4900,4970,5205,5375,6000,5865
Canada,CAN,2020-05-24,5370,5925,5376.1,4830,4870,4990,5145,5330,5910,5770
Canada,CAN,2020-05-31,5660,5890,5316.1,4865,4845,4885,5080,5210,5870,6065
Canada,CAN,2020-06-07,5360,5540,5267.1,4625,4680,5055,5095,5180,5850,5630
Canada,CAN,2020-06-14,5415,5200,5259.1,4685,4680,4900,5080,5245,5755,5915
Canada,CAN,2020-06-21,5340,5310,5215.1,4625,4830,4800,5110,5010,5605,5900
Canada,CAN,2020-06-28,6175,5290,5247.1,4660,4805,4965,5055,5050,5815,5830
Canada,CAN,2020-07-05,5420,5155,5266.1,4610,4730,4920,5215,5165,5815,5765
Canada,CAN,2020-07-12,5415,5400,5219.1,4625,4660,4835,5100,5165,6080,5715
Canada,CAN,2020-07-19,5420,5275,5151.1,4575,4720,4865,4815,5075,6085,5675
Canada,CAN,2020-07-26,5560,5280,5193.1,4550,4755,4920,4970,5090,6030,5860
Canada,CAN,2020-08-02,5570,5235,5185.1,4730,4700,4870,4975,4955,6030,5820
Canada,CAN,2020-08-09,5490,5240,5207.1,4520,4895,4960,4960,4980,6095,5765
Canada,CAN,2020-08-16,5755,5415,5182.1,4515,4885,4760,4995,5065,6040,5830
Canada,CAN,2020-08-23,5660,5425,5192.1,4635,4735,4905,4925,5060,6000,5970
Canada,CAN,2020-08-30,5835,5240,5234.1,4600,4820,4945,4975,5130,6150,5960
Canada,CAN,2020-09-06,6115,5435,5276.1,4665,4760,5040,5115,5090,6030,5870
Canada,CAN,2020-09-13,5990,5320,5265.1,4600,4905,5045,5080,5000,6060,6005
Canada,CAN,2020-09-20,5980,5465,5297.1,4735,4845,5010,5145,5040,6215,6045
Canada,CAN,2020-09-27,6070,5740,5426.1,4785,4970,5080,5210,5395,6455,6255
Canada,CAN,2020-10-04,6030,5695,5523.1,4880,5130,5145,5300,5450,6550,6595
Canada,CAN,2020-10-11,6195,5785,5554.1,5025,5195,5185,5340,5320,6465,6500
Canada,CAN,2020-10-18,6205,5725,5645.1,5080,5200,5185,5415,5640,6630,6515
Canada,CAN,2020-10-25,6080,5750,5632.1,5045,5235,5190,5465,5540,6725,6220
Canada,CAN,2020-11-01,6280,5905,5710.1,5025,5315,5455,5535,5525,6800,6715
Canada,CAN,2020-11-08,6390,6265,5656.1,4955,5115,5430,5470,5615,6640,6795
Canada,CAN,2020-11-15,6190,6135,5678.1,5040,5075,5425,5485,5655,6820,6715
Canada,CAN,2020-11-22,6265,6135,5711.1,5050,5295,5455,5450,5595,7010,6565
Canada,CAN,2020-11-29,6365,6295,5732.1,4970,5325,5465,5535,5665,7175,6980
Canada,CAN,2020-12-06,6235,6500,5771.1,5175,5165,5450,5635,5740,7160,6935
Canada,CAN,2020-12-13,6440,6575,5877.1,5270,5505,5670,5525,5715,7005,6975
Canada,CAN,2020-12-20,6560,6440,5946.1,5035,5765,5890,5680,5650,7105,6980
Canada,CAN,2020-12-27,6540,6665,6037.1,5035,5825,6020,5700,5905,7350,7075
Canada,CAN,2021-01-03,,6765,6037.1,,,,,,,
Cape Verde,CPV,2020-01-31,243,250,254,273,231,243,262,228,374,
Cape Verde,CPV,2020-02-29,243,226,225.2,235,196,194,278,190,230,
Cape Verde,CPV,2020-03-31,265,212,256.4,275,212,241,276,245,249,
Cape Verde,CPV,2020-04-30,322,221,215,194,218,187,242,201,216,
Cape Verde,CPV,2020-05-31,277,206,208.8,191,195,202,215,208,228,
Cape Verde,CPV,2020-06-30,241,245,203.6,189,183,170,229,214,214,
Cape Verde,CPV,2020-07-31,249,227,222.6,233,195,210,210,232,280,
Cape Verde,CPV,2020-08-31,276,259,250.2,253,250,235,242,238,259,
Cape Verde,CPV,2020-09-30,315,283,233.6,234,222,218,219,242,278,
Cape Verde,CPV,2020-10-31,245,293,236,241,248,202,193,263,245,
Cape Verde,CPV,2020-11-30,233,264,225.4,223,197,187,231,256,234,
Cape Verde,CPV,2020-12-31,269,273,239.6,220,244,208,239,254,225,
Chile,CHL,2020-01-05,2446,2112,2020.2,,1884,1880,1946,2020,2481,2390
Chile,CHL,2020-01-12,2439,2052,1931.4,,1885,1868,1804,1818,2490,2236
Chile,CHL,2020-01-19,2701,2056,1981.4,,1917,2034,1805,1819,2418,2312
Chile,CHL,2020-01-26,2559,1963,1998.2,,1838,2083,1776,1945,2665,2212
Chile,CHL,2020-02-02,2634,1969,2002.7,,1913,1891,1895,1961,2912,2248
Chile,CHL,2020-02-09,2506,1991,1924.9,,1719,1789,1818,2023,3036,2329
Chile,CHL,2020-02-16,2502,1908,1921.2,,1760,1813,1886,1875,3242,2132
Chile,CHL,2020-02-23,2608,1900,1968.2,,1813,1969,1809,1931,3266,2134
Chile,CHL,2020-03-01,2660,1884,1870.4,,1757,1730,1782,1862,3103,2252
Chile,CHL,2020-03-08,2656,1885,1877.4,,1754,1739,1871,1795,2877,2193
Chile,CHL,2020-03-15,2549,1927,1883.4,,1771,1755,1790,1867,2680,2217
Chile,CHL,2020-03-22,2740,2007,1895.2,,1760,1771,1822,1877,2557,2262
Chile,CHL,2020-03-29,2829,2004,1929.2,,1755,1800,1963,1848,2481,2166
Chile,CHL,2020-04-05,2850,2080,1974.4,,1790,1895,1903,1959,2468,2151
Chile,CHL,2020-04-12,2899,2009,2039.7,,1945,1951,1939,1973,2253,2182
Chile,CHL,2020-04-19,2663,2085,1996.9,,1889,1847,1921,1980,2420,2277
Chile,CHL,2020-04-26,2786,2095,2072.9,,2020,1971,1917,2033,2290,2324
Chile,CHL,2020-05-03,2732,2085,2067.9,,1885,1965,1976,2095,2443,2291
Chile,CHL,2020-05-10,2766,2341,2044.2,,1965,1922,1867,2072,2518,2465
Chile,CHL,2020-05-17,2934,2436,2125.4,,1953,2027,2024,2147,2498,2487
Chile,CHL,2020-05-24,3081,2933,2264.7,,2044,2210,2090,2364,2467,2473
Chile,CHL,2020-05-31,3018,3394,2296.4,,2021,2336,2124,2354,2893,2584
Chile,CHL,2020-06-07,3132,3896,2398.7,,2176,2376,2368,2324,2770,2494
Chile,CHL,2020-06-14,3184,3983,2503.2,,2162,2640,2431,2429,2879,2615
Chile,CHL,2020-06-21,3195,3732,2513.4,,2340,2639,2247,2477,2817,2606
Chile,CHL,2020-06-28,3323,3518,2529.7,,2377,2527,2360,2504,2886,2444
Chile,CHL,2020-07-05,3120,3070,2478.2,,2381,2387,2336,2458,3008,2454
Chile,CHL,2020-07-12,3044,2967,2448.7,,2483,2309,2276,2376,3058,2579
Chile,CHL,2020-07-19,2868,2814,2512.7,,2527,2419,2334,2420,3077,2503
Chile,CHL,2020-07-26,2747,2698,2458.2,,2303,2339,2497,2343,2676,2391
Chile,CHL,2020-08-02,2639,2653,2431.9,,2232,2289,2515,2341,2628,2316
Chile,CHL,2020-08-09,2628,2517,2365.9,,2201,2198,2449,2265,2664,2388
Chile,CHL,2020-08-16,2614,2431,2333.2,,2205,2175,2306,2296,2734,2404
Chile,CHL,2020-08-23,2362,2595,2311.2,,2144,2122,2389,2239,2631,2268
Chile,CHL,2020-08-30,2339,2479,2243.9,,2117,2148,2179,2181,2613,2445
Chile,CHL,2020-09-06,2399,2395,2301.2,,2328,2106,2239,2181,2520,2371
Chile,CHL,2020-09-13,2390,2404,2242.4,,2086,2181,2142,2210,2536,2416
Chile,CHL,2020-09-20,2361,2401,2302.4,,2156,2260,2219,2224,2641,2468
Chile,CHL,2020-09-27,2250,2367,2210.9,,2073,2104,2046,2270,2402,2507
Chile,CHL,2020-10-04,2328,2340,2156.9,,1968,2088,2058,2163,2388,2328
Chile,CHL,2020-10-11,2366,2398,2093.2,,1926,1987,1986,2123,2333,2375
Chile,CHL,2020-10-18,2224,2307,2069.2,,1891,1966,2002,2067,2339,2344
Chile,CHL,2020-10-25,2408,2303,2045.7,,1906,1871,2030,2025,2364,2225
Chile,CHL,2020-11-01,2251,2267,2030.7,,1956,1836,1942,2038,2522,2363
Chile,CHL,2020-11-08,2401,2242,2035.2,,1811,1979,1961,2039,2444,2374
Chile,CHL,2020-11-15,2366,2124,1986.4,,1809,1827,1946,2013,2471,2274
Chile,CHL,2020-11-22,2409,2190,2031.2,,1840,1936,1995,2003,2604,2371
Chile,CHL,2020-11-29,2546,2205,1983.7,,1829,1853,1924,1978,2318,2238
Chile,CHL,2020-12-06,2401,2181,1938.2,,1809,1863,1852,1878,2498,2257
Chile,CHL,2020-12-13,2445,2206,1978.4,,1864,1897,1910,1892,2538,2130
Chile,CHL,2020-12-20,2475,2184,1971.4,,1827,1804,1941,1963,2367,2294
Chile,CHL,2020-12-27,2512,2395,1899.7,,1643,1708,1887,2010,2782,2277
Chile,CHL,2021-01-03,,2404,1899.7,,,,,,,
Colombia,COL,2020-01-05,8054,5019,5103.9,4725,4442,4601,4683,5311,6405,5219
Colombia,COL,2020-01-12,8537,5050,4887.1,4565,4405,4614,4431,4663,7083,5238
Colombia,COL,2020-01-19,8573,4937,4905.1,4506,4363,4512,4589,4798,7901,5224
Colombia,COL,2020-01-26,7753,4793,4771.5,4264,4222,4440,4608,4566,8288,5200
Colombia,COL,2020-02-02,7103,4651,4661.7,4170,4152,4272,4450,4507,7751,4953
Colombia,COL,2020-02-09,6401,4760,4606.3,4072,4095,4291,4367,4449,6910,4991
Colombia,COL,2020-02-16,5969,4736,4558.1,4052,4108,4142,4296,4435,6120,4908
Colombia,COL,2020-02-23,5620,4729,4553.7,4091,4072,4174,4225,4449,5456,5011
Colombia,COL,2020-03-01,5624,4565,4590.9,4112,4175,4142,4337,4431,5195,5118
Colombia,COL,2020-03-08,5368,4567,4631.5,4094,4206,4223,4471,4406,5076,4898
Colombia,COL,2020-03-15,5654,4480,4669.1,4246,4200,4122,4564,4456,4972,4990
Colombia,COL,2020-03-22,6015,4529,4614.5,4057,4244,4130,4410,4474,4972,5103
Colombia,COL,2020-03-29,6557,4358,4629.9,4176,4066,4477,4209,4464,4888,5051
Colombia,COL,2020-04-05,7279,4219,4601.7,4052,4098,4319,4349,4433,4917,
Colombia,COL,2020-04-12,8519,4276,4582.1,4047,4137,4151,4308,4510,4784,
Colombia,COL,2020-04-19,8872,4376,4583.5,4040,4196,4230,4311,4383,4994,
Colombia,COL,2020-04-26,8850,4359,4588.7,4018,4092,4275,4387,4414,4940,
Colombia,COL,2020-05-03,8965,4304,4652.7,4167,4154,4042,4507,4636,5180,
Colombia,COL,2020-05-10,9061,4488,4690.9,4223,4301,4158,4436,4579,5129,
Colombia,COL,2020-05-17,9142,4613,4838.7,4245,4611,4488,4695,4397,5118,
Colombia,COL,2020-05-24,9390,4727,4797.3,4142,4509,4316,4625,4637,5167,
Colombia,COL,2020-05-31,9874,4772,4805.9,4010,4549,4467,4714,4532,5302,
Colombia,COL,2020-06-07,10199,5190,4862.7,4078,4525,4313,4816,4824,5348,
Colombia,COL,2020-06-14,10558,5385,4828.5,4119,4513,4303,4757,4693,5394,
Colombia,COL,2020-06-21,10606,5828,4872.7,4254,4484,4142,4813,4913,5419,
Colombia,COL,2020-06-28,10412,6166,4915.7,4322,4515,4379,4839,4766,5892,
Colombia,COL,2020-07-05,9705,6291,4878.9,4346,4316,4366,4789,4820,5960,
Colombia,COL,2020-07-12,8895,6796,4862.7,4313,4295,4372,4739,4837,5967,
Colombia,COL,2020-07-19,7761,7377,4761.5,4105,4072,4305,4695,4873,5443,
Colombia,COL,2020-07-26,7150,7767,4640.7,3945,4156,4231,4491,4623,5473,
Colombia,COL,2020-08-02,6385,8131,4678.7,4053,4143,4335,4429,4676,5301,
Colombia,COL,2020-08-09,5891,7926,4758.5,4281,4263,4234,4574,4683,5271,
Colombia,COL,2020-08-16,5673,7693,4717.3,4067,4154,4356,4607,4645,5065,
Colombia,COL,2020-08-23,5383,7193,4651.7,3967,4019,4193,4457,4865,5182,
Colombia,COL,2020-08-30,5136,6845,4671.9,4065,4103,4215,4427,4792,5225,
Colombia,COL,2020-09-06,5099,6613,4664.7,4205,4061,4224,4414,4662,5147,
Colombia,COL,2020-09-13,5028,6427,4629.9,4113,4000,4329,4382,4568,4894,
Colombia,COL,2020-09-20,5259,6290,4690.3,4186,4164,4345,4400,4599,4891,
Colombia,COL,2020-09-27,5051,6200,4574.1,4190,3998,4248,4285,4392,4871,
Colombia,COL,2020-10-04,5180,6053,4624.5,4201,4043,4282,4257,4582,4986,
Colombia,COL,2020-10-11,5105,6227,4658.5,4143,4162,4351,4339,4540,5045,
Colombia,COL,2020-10-18,5041,6226,4641.9,4022,4127,4416,4306,4581,5115,
Colombia,COL,2020-10-25,5080,6349,4562.9,4004,4049,4151,4253,4600,4992,
Colombia,COL,2020-11-01,5156,6124,4676.7,4209,4021,4273,4391,4732,5000,
Colombia,COL,2020-11-08,5317,6301,4694.5,4138,4155,4399,4317,4706,4948,
Colombia,COL,2020-11-15,5316,6169,4702.9,4334,4111,4191,4472,4649,5040,
Colombia,COL,2020-11-22,5309,6281,4733.3,4276,4237,4251,4407,4738,5314,
Colombia,COL,2020-11-29,5523,6313,4772.5,4260,4178,4363,4595,4709,5233,
Colombia,COL,2020-12-06,5635,6250,4907.5,4330,4438,4541,4713,4758,5383,
Colombia,COL,2020-12-13,5510,6682,4908.5,4295,4571,4456,4719,4744,5391,
Colombia,COL,2020-12-20,5901,6724,4933.3,4273,4566,4518,4744,4808,5561,
Colombia,COL,2020-12-27,5959,7237,5095.3,4522,4747,4542,4935,4973,5727,
Colombia,COL,2021-01-03,,7881,5095.3,,,,,,,
Costa Rica,CRI,2020-01-31,2676,2089,2214.8,1926,1977,2147,1973,2090,2506,2516
Costa Rica,CRI,2020-02-29,2076,1958,1878.2,1544,1720,1639,1773,1754,2495,2121
Costa Rica,CRI,2020-03-31,2274,2064,2066.4,1764,1818,1886,1956,1947,2401,2410
Costa Rica,CRI,2020-04-30,2314,1814,2026.4,1670,1813,1827,1870,1991,2128,2324
Costa Rica,CRI,2020-05-31,3022,1871,2099,1711,1851,1869,2061,2042,2467,2348
Costa Rica,CRI,2020-06-30,2636,1856,2104,1680,1773,1818,2013,2275,2502,2482
Costa Rica,CRI,2020-07-31,2486,2045,2094,1694,1882,1961,1936,2036,2556,2644
Costa Rica,CRI,2020-08-31,2742,2297,2115,1760,1866,1965,2017,2006,2435,2432
Costa Rica,CRI,2020-09-30,3169,2500,2065.2,1660,1702,1980,2027,1996,2343,2353
Costa Rica,CRI,2020-10-31,2958,2495,2146.2,1762,1921,2042,1971,2074,2295,2485
Costa Rica,CRI,2020-11-30,2360,2395,2145.2,1791,2021,2037,1933,1983,2304,2440
Costa Rica,CRI,2020-12-31,2368,2821,2346.2,2077,2259,2080,2256,2098,2499,2634
Croatia,HRV,2020-01-05,1338,1033,1186.7,1177,1115,1465,1128,1154,1411,1269
Croatia,HRV,2020-01-12,1355,1056,1237.3,1254,1032,1621,1165,1220,1407,1155
Croatia,HRV,2020-01-19,1307,1016,1232.1,1276,1074,1475,1203,1238,1452,1127
Croatia,HRV,2020-01-26,1242,1134,1212.9,1231,1114,1369,1137,1319,1549,1112
Croatia,HRV,2020-02-02,1198,1094,1173.9,1215,1024,1304,1146,1286,1607,1128
Croatia,HRV,2020-02-09,1159,1059,1139.1,1287,1063,1164,1154,1133,1415,1078
Croatia,HRV,2020-02-16,1116,1091,1118.1,1306,989,1118,1157,1126,1420,1115
Croatia,HRV,2020-02-23,1095,1045,1094.9,1301,980,1072,1134,1093,1233,1085
Croatia,HRV,2020-03-01,1029,1021,1096.1,1239,987,1104,1225,1031,1212,980
Croatia,HRV,2020-03-08,1076,1056,1107.1,1215,1047,983,1266,1130,1130,961
Croatia,HRV,2020-03-15,1021,1082,1070.9,1208,1034,1035,1165,1018,1176,941
Croatia,HRV,2020-03-22,1138,1094,1042.9,1232,1008,1038,1072,970,1086,974
Croatia,HRV,2020-03-29,1227,1122,1016.5,1085,1086,969,1061,987,1096,927
Croatia,HRV,2020-04-05,1273,1012,1025.3,1137,1003,995,1065,1032,1074,974
Croatia,HRV,2020-04-12,1287,1001,974.7,1078,966,970,1007,958,1084,978
Croatia,HRV,2020-04-19,1310,978,941.7,1026,931,996,947,914,1038,984
Croatia,HRV,2020-04-26,1340,868,992.3,1041,940,1025,1028,1033,993,947
Croatia,HRV,2020-05-03,1243,909,948.5,1019,1005,999,878,947,1025,954
Croatia,HRV,2020-05-10,1253,880,927.1,1011,912,925,935,958,1015,891
Croatia,HRV,2020-05-17,1102,908,920.1,926,987,931,919,943,865,904
Croatia,HRV,2020-05-24,1045,904,924.1,947,1003,894,930,952,896,928
Croatia,HRV,2020-05-31,1144,848,907.9,855,963,984,950,893,926,905
Croatia,HRV,2020-06-07,1055,972,928.5,998,903,906,917,1024,946,891
Croatia,HRV,2020-06-14,1027,979,919.7,1000,906,857,901,1040,870,821
Croatia,HRV,2020-06-21,1115,889,900.5,875,975,1004,845,909,984,970
Croatia,HRV,2020-06-28,976,927,891.5,880,906,933,884,960,1012,894
Croatia,HRV,2020-07-05,1001,970,930.5,996,874,973,985,930,1040,869
Croatia,HRV,2020-07-12,984,919,928.3,1010,910,1010,947,870,944,930
Croatia,HRV,2020-07-19,906,888,934.1,1049,904,979,911,933,1112,979
Croatia,HRV,2020-07-26,1061,974,966.1,1230,942,863,916,985,1107,915
Croatia,HRV,2020-08-02,949,1059,940.3,918,874,1106,1044,865,1080,935
Croatia,HRV,2020-08-09,1057,956,936.5,1040,804,1022,1030,892,989,819
Croatia,HRV,2020-08-16,993,926,916.1,1066,930,850,956,884,960,996
Croatia,HRV,2020-08-23,959,921,883.1,827,951,876,939,928,1030,968
Croatia,HRV,2020-08-30,1041,972,893.9,929,911,917,879,939,955,903
Croatia,HRV,2020-09-06,1085,931,865.3,911,897,875,918,831,972,922
Croatia,HRV,2020-09-13,1106,1000,878.1,909,903,862,929,893,905,856
Croatia,HRV,2020-09-20,1077,975,909.3,1057,876,918,926,875,913,923
Croatia,HRV,2020-09-27,1105,963,923.9,891,1008,969,913,944,1078,908
Croatia,HRV,2020-10-04,1093,1065,940.1,927,958,965,1035,921,1026,946
Croatia,HRV,2020-10-11,1129,970,952.7,914,1029,994,957,975,996,923
Croatia,HRV,2020-10-18,1217,1096,924.7,945,944,939,959,942,979,955
Croatia,HRV,2020-10-25,1323,1136,935.9,949,968,945,1004,919,989,964
Croatia,HRV,2020-11-01,1402,1156,941.7,953,971,1000,950,940,972,930
Croatia,HRV,2020-11-08,1534,1287,954.5,1004,1006,977,925,966,1017,890
Croatia,HRV,2020-11-15,1566,1361,959.9,951,984,985,986,999,976,976
Croatia,HRV,2020-11-22,1720,1489,935.1,938,1007,940,981,915,1039,969
Croatia,HRV,2020-11-29,1635,1484,953.7,955,975,1020,1009,915,1034,1044
Croatia,HRV,2020-12-06,1566,1713,990.5,982,1067,1038,982,989,1090,1146
Croatia,HRV,2020-12-13,1538,1761,1024.7,953,1157,1028,1070,1021,1127,1125
Croatia,HRV,2020-12-20,1497,1785,1027.1,938,1188,989,1078,1048,1245,1224
Croatia,HRV,2020-12-27,1481,1681,1084.3,1033,1263,1093,1114,1024,1278,1162
Croatia,HRV,2021-01-03,,1526,1084.3,,,,,,,
Cuba,CUB,2020-01-31,11968,9920,9958.3,8543,9045,9009,10745,9249,12121,10716
Cuba,CUB,2020-02-29,10689,9134,9111.1,8692,8574,7825,8762,8502,10401,8634
Cuba,CUB,2020-03-31,10609,10022,9267.5,7986,8596,8362,9387,8806,9161,9472
Cuba,CUB,2020-04-30,10333,9330,8789.7,8019,7648,8164,8357,8560,9086,8894
Cuba,CUB,2020-05-31,10545,8544,9006.1,7953,7962,8321,8503,9091,8736,9495
Cuba,CUB,2020-06-30,10642,8722,9182.9,7821,7790,8723,8874,9506,9426,10264
Cuba,CUB,2020-07-31,18454,9290,9877.9,8631,8473,10302,9278,9505,11119,10654
Cuba,CUB,2020-08-31,28668,9405,9504.7,8312,8390,9748,8454,9419,10612,9907
Cuba,CUB,2020-09-30,22924,8349,8952.1,7946,7985,8771,7849,9009,9534,9042
Cuba,CUB,2020-10-31,12585,9081,9279.3,8717,8220,8919,8281,9059,9813,9731
Cuba,CUB,2020-11-30,10009,9460,9269.1,8277,8644,8956,8369,8899,9389,9539
Cuba,CUB,2020-12-31,10249,11192,9745.1,8794,8061,9849,9337,9484,10710,11391
Cyprus,CYP,2020-01-05,170,152,136.9,126,113,155,127,133,193,160
Cyprus,CYP,2020-01-12,129,157,148.9,137,122,176,120,159,175,166
Cyprus,CYP,2020-01-19,141,160,143.3,155,122,151,103,155,211,148
Cyprus,CYP,2020-01-26,166,157,151.9,154,125,161,131,158,179,158
Cyprus,CYP,2020-02-02,158,166,152.9,145,136,160,139,154,199,149
Cyprus,CYP,2020-02-09,120,149,163.7,157,132,175,164,160,186,170
Cyprus,CYP,2020-02-16,142,114,144.1,134,136,169,110,141,175,158
Cyprus,CYP,2020-02-23,133,145,136.5,129,92,143,151,137,175,187
Cyprus,CYP,2020-03-01,125,143,141.9,143,116,139,141,140,149,180
Cyprus,CYP,2020-03-08,123,119,131.1,141,89,136,129,130,147,149
Cyprus,CYP,2020-03-15,137,130,129.5,151,108,117,106,135,162,138
Cyprus,CYP,2020-03-22,128,139,128.9,119,107,149,124,115,188,130
Cyprus,CYP,2020-03-29,138,139,119.1,108,118,105,109,125,201,112
Cyprus,CYP,2020-04-05,152,132,125.9,112,123,125,124,115,183,123
Cyprus,CYP,2020-04-12,166,111,118.7,122,109,97,123,112,155,117
Cyprus,CYP,2020-04-19,149,122,120.3,113,90,123,120,125,122,118
Cyprus,CYP,2020-04-26,147,117,123.9,128,95,120,120,126,139,134
Cyprus,CYP,2020-05-03,155,121,121.3,118,102,104,117,135,120,120
Cyprus,CYP,2020-05-10,113,111,109.1,106,99,110,99,101,116,114
Cyprus,CYP,2020-05-17,100,139,102.9,92,95,97,90,110,124,114
Cyprus,CYP,2020-05-24,121,185,113.5,95,91,112,111,128,120,115
Cyprus,CYP,2020-05-31,119,108,107.7,86,80,109,95,138,104,105
Cyprus,CYP,2020-06-07,110,124,100.3,93,86,110,90,92,106,128
Cyprus,CYP,2020-06-14,114,92,96.7,103,79,85,85,101,120,113
Cyprus,CYP,2020-06-21,112,101,113.5,98,125,89,109,116,106,115
Cyprus,CYP,2020-06-28,140,107,107.5,117,91,109,93,97,112,116
Cyprus,CYP,2020-07-05,133,114,105.9,81,90,112,96,120,117,113
Cyprus,CYP,2020-07-12,142,110,120.1,101,104,132,99,134,154,127
Cyprus,CYP,2020-07-19,151,106,104.9,112,88,94,106,94,109,144
Cyprus,CYP,2020-07-26,163,116,105.5,116,96,101,109,75,148,143
Cyprus,CYP,2020-08-02,175,117,108.9,111,100,93,106,104,116,103
Cyprus,CYP,2020-08-09,170,91,113.1,109,102,105,95,124,138,118
Cyprus,CYP,2020-08-16,135,101,98.1,93,94,84,99,90,102,120
Cyprus,CYP,2020-08-23,150,108,106.7,105,85,90,109,114,107,111
Cyprus,CYP,2020-08-30,146,110,113.3,92,109,96,121,118,118,115
Cyprus,CYP,2020-09-06,127,95,103.1,121,90,81,85,108,106,107
Cyprus,CYP,2020-09-13,133,125,111.3,100,101,106,107,112,116,105
Cyprus,CYP,2020-09-20,120,101,102.1,102,108,74,108,88,101,131
Cyprus,CYP,2020-09-27,128,103,103.9,97,81,113,98,100,116,110
Cyprus,CYP,2020-10-04,120,113,103.9,84,91,96,105,113,139,123
Cyprus,CYP,2020-10-11,131,107,105.9,73,96,111,101,118,97,115
Cyprus,CYP,2020-10-18,122,107,105.3,95,88,104,105,104,106,124
Cyprus,CYP,2020-10-25,114,114,103.5,99,98,98,92,100,130,118
Cyprus,CYP,2020-11-01,104,113,112.5,103,110,100,113,106,139,112
Cyprus,CYP,2020-11-08,137,117,106.3,88,110,94,114,95,128,123
Cyprus,CYP,2020-11-15,164,128,120.9,111,108,119,118,118,154,117
Cyprus,CYP,2020-11-22,139,113,109.7,106,112,101,98,101,121,121
Cyprus,CYP,2020-11-29,155,137,122.9,123,107,101,120,133,153,132
Cyprus,CYP,2020-12-06,145,141,122.1,109,111,135,106,119,137,128
Cyprus,CYP,2020-12-13,168,156,119.9,113,107,111,117,121,141,136
Cyprus,CYP,2020-12-20,154,156,136.9,124,130,119,126,155,149,131
Cyprus,CYP,2020-12-27,185,142,128.7,118,151,113,115,116,174,157
Cyprus,CYP,2021-01-03,,169,128.7,,,,,,,
Czechia,CZE,2020-01-05,3846,2305,2408.2,2378,2222,2763,2143,2321,2553,2919
Czechia,CZE,2020-01-12,3751,2325,2385.4,2432,2054,2811,2126,2290,2553,2609
Czechia,CZE,2020-01-19,3598,2244,2431.8,2396,2175,2833,2230,2311,2358,2481
Czechia,CZE,2020-01-26,3449,2337,2429,2499,2116,2761,2190,2365,2372,2297
Czechia,CZE,2020-02-02,3274,2364,2448.4,2580,2137,2598,2216,2497,2627,2327
Czechia,CZE,2020-02-09,3443,2355,2509.2,2598,2245,2640,2404,2445,2676,2280
Czechia,CZE,2020-02-16,3472,2391,2541.8,2732,2160,2492,2602,2509,2614,2318
Czechia,CZE,2020-02-23,3631,2350,2543.8,2684,2214,2357,2754,2496,2496,2280
Czechia,CZE,2020-03-01,3919,2360,2508.6,2609,2235,2353,2819,2313,2405,2290
Czechia,CZE,2020-03-08,4028,2294,2453.8,2357,2096,2225,2994,2383,2385,2311
Czechia,CZE,2020-03-15,3835,2295,2373.6,2291,2155,2164,2782,2262,2301,2199
Czechia,CZE,2020-03-22,3470,2325,2308.6,2273,2148,2103,2607,2198,2452,2248
Czechia,CZE,2020-03-29,3389,2297,2241.8,2222,2191,2075,2383,2124,2503,2166
Czechia,CZE,2020-04-05,2947,2320,2204.6,2209,2138,2069,2262,2131,2415,2097
Czechia,CZE,2020-04-12,2639,2244,2159.2,2111,2075,1994,2257,2145,2304,2205
Czechia,CZE,2020-04-19,2511,2125,2108.8,2183,1949,2043,2061,2094,2311,2133
Czechia,CZE,2020-04-26,2475,2036,2153,2193,2114,2051,2090,2103,2240,2056
Czechia,CZE,2020-05-03,2305,2109,2070.2,2041,1982,2041,2022,2051,2258,2096
Czechia,CZE,2020-05-10,2247,1999,2065.6,1988,2001,2074,1958,2093,2182,1960
Czechia,CZE,2020-05-17,2052,2026,2024.4,1983,1964,1974,1962,2025,2031,2016
Czechia,CZE,2020-05-24,1959,1919,2029.4,1993,2000,1932,2013,1995,1889,1941
Czechia,CZE,2020-05-31,2054,1939,2081.2,2029,2042,2033,1995,2093,2047,1938
Czechia,CZE,2020-06-07,1967,2135,1999.2,1995,1893,1836,2038,2020,2057,1969
Czechia,CZE,2020-06-14,2055,1983,2000.2,1886,1915,1978,1863,2145,1973,1933
Czechia,CZE,2020-06-21,2002,2022,1990.8,1761,1993,2042,1964,1980,1973,2095
Czechia,CZE,2020-06-28,1887,2082,2004,1890,1970,1939,1940,2067,2161,1914
Czechia,CZE,2020-07-05,1935,2111,2025.6,2050,1886,1953,1979,2046,1872,1959
Czechia,CZE,2020-07-12,2030,1999,2030.8,2139,1918,1886,2041,1956,1956,2050
Czechia,CZE,2020-07-19,1959,1989,2036.6,1943,1981,1972,2039,2034,2310,1937
Czechia,CZE,2020-07-26,2107,2088,2071.8,2109,1942,1770,2153,2171,2183,1846
Czechia,CZE,2020-08-02,1912,2227,2078.6,1886,1827,2077,2379,2010,2198,1865
Czechia,CZE,2020-08-09,2032,2166,2062.6,2156,1839,1959,2118,2027,2157,1970
Czechia,CZE,2020-08-16,1983,2187,2098.8,2521,1949,1861,1923,2026,2180,2111
Czechia,CZE,2020-08-23,1955,2104,2004.8,1813,2043,1939,2004,2011,2103,2178
Czechia,CZE,2020-08-30,1999,2033,1999.2,1963,1918,1848,1902,2151,2023,1898
Czechia,CZE,2020-09-06,2074,2038,2000.8,1989,1980,1920,1979,1922,2158,1905
Czechia,CZE,2020-09-13,2125,2089,2003,1922,1930,1991,2014,1944,2219,1958
Czechia,CZE,2020-09-20,2098,2220,2030.6,1961,1834,2058,2056,2030,2281,2006
Czechia,CZE,2020-09-27,2074,2392,2061,1915,1988,2125,1906,2157,2349,1936
Czechia,CZE,2020-10-04,2112,2381,2144.6,2007,1991,2235,2123,2153,2397,2042
Czechia,CZE,2020-10-11,2217,2609,2152.2,2035,2083,2156,2076,2197,2335,2186
Czechia,CZE,2020-10-18,2311,2946,2115.6,2080,2142,2029,2014,2099,2298,2170
Czechia,CZE,2020-10-25,2570,3647,2122.2,2098,2035,2101,2024,2139,2279,2206
Czechia,CZE,2020-11-01,2691,4226,2098.8,2016,1997,2053,2148,2066,2151,2131
Czechia,CZE,2020-11-08,2883,4238,2079.6,2020,1968,2040,2046,2110,2210,2150
Czechia,CZE,2020-11-15,3047,3852,2130,2023,2134,2057,1991,2231,2200,2316
Czechia,CZE,2020-11-22,3235,3424,2131.6,1975,2084,2071,2141,2173,2239,2286
Czechia,CZE,2020-11-29,3388,3169,2132.6,1979,2125,2116,2095,2134,2414,2360
Czechia,CZE,2020-12-06,3370,3100,2161.4,2019,2200,2102,2194,2078,2426,2439
Czechia,CZE,2020-12-13,3132,3104,2203,2048,2204,2187,2136,2226,2707,2425
Czechia,CZE,2020-12-20,2937,3242,2265.6,2009,2435,2119,2303,2248,2969,2462
Czechia,CZE,2020-12-27,2769,3214,2290.8,2029,2620,2201,2145,2245,3099,2469
Czechia,CZE,2021-01-03,,3518,2290.8,,,,,,,
Denmark,DNK,2020-01-05,1234,1117,1151.4,1127,1103,1113,1134,1130,1350,1364
Denmark,DNK,2020-01-12,1213,1150,1145,1108,1065,1111,1136,1155,1210,1297
Denmark,DNK,2020-01-19,1270,1071,1132.4,1093,1046,1099,1156,1118,1179,1186
Denmark,DNK,2020-01-26,1218,1033,1130,1068,1124,1104,1119,1085,1180,1146
Denmark,DNK,2020-02-02,1206,1094,1179.2,1086,1083,1211,1157,1209,1209,1170
Denmark,DNK,2020-02-09,1114,1079,1168.8,1118,1040,1100,1186,1250,1281,1122
Denmark,DNK,2020-02-16,1062,1059,1197.4,1106,1062,1228,1265,1176,1267,1152
Denmark,DNK,2020-02-23,970,1034,1186.2,1131,1124,1156,1260,1110,1254,1180
Denmark,DNK,2020-03-01,974,1025,1212.4,1177,1143,1179,1323,1090,1231,1123
Denmark,DNK,2020-03-08,1052,1061,1199.6,1210,1149,1101,1337,1051,1222,1199
Denmark,DNK,2020-03-15,968,1066,1188.2,1184,1159,1132,1253,1063,1189,1174
Denmark,DNK,2020-03-22,1034,1140,1152.2,1086,1074,1126,1286,1039,1223,1135
Denmark,DNK,2020-03-29,973,1112,1115.2,1093,1084,1041,1186,1022,1198,1105
Denmark,DNK,2020-04-05,975,1156,1085.6,1044,1023,988,1138,1085,1197,1167
Denmark,DNK,2020-04-12,1029,1143,1098.6,1081,1071,1009,1164,1018,1159,1130
Denmark,DNK,2020-04-19,1060,1078,1055.4,1052,1010,967,1052,1046,1082,1139
Denmark,DNK,2020-04-26,1014,1086,1013.2,934,985,974,1008,1015,1129,1114
Denmark,DNK,2020-05-03,1120,1048,1064.8,996,1042,1059,1010,1067,1095,1094
Denmark,DNK,2020-05-10,1046,1027,1043.8,978,1023,1015,1025,1028,1019,1140
Denmark,DNK,2020-05-17,1049,951,1002.8,921,935,1022,1012,974,1070,1053
Denmark,DNK,2020-05-24,1032,994,998.2,974,975,969,953,970,994,1014
Denmark,DNK,2020-05-31,1031,968,999.2,977,953,956,977,983,1054,991
Denmark,DNK,2020-06-07,1053,962,1001.4,959,913,985,1009,991,1046,1019
Denmark,DNK,2020-06-14,1000,1000,1004,1017,920,1023,941,969,1037,1035
Denmark,DNK,2020-06-21,1006,948,999.8,913,983,980,958,1015,1115,1071
Denmark,DNK,2020-06-28,1061,984,959.8,897,897,938,915,1002,1130,946
Denmark,DNK,2020-07-05,956,996,972.6,942,924,905,1007,935,1028,1075
Denmark,DNK,2020-07-12,1075,957,972.8,951,898,941,971,953,1014,1074
Denmark,DNK,2020-07-19,1051,1026,988,917,971,931,994,977,1101,1002
Denmark,DNK,2020-07-26,1057,944,1009.2,951,962,925,1091,967,1069,1028
Denmark,DNK,2020-08-02,1134,983,995.8,947,902,934,1084,962,1091,1022
Denmark,DNK,2020-08-09,1085,957,986.4,929,956,932,1029,936,1074,1034
Denmark,DNK,2020-08-16,1048,993,974.2,953,914,906,1017,931,1148,1025
Denmark,DNK,2020-08-23,1064,995,999.2,926,971,953,990,1006,1119,1003
Denmark,DNK,2020-08-30,1052,953,971,901,922,951,935,996,993,1021
Denmark,DNK,2020-09-06,1093,985,972,879,955,918,975,983,1053,1118
Denmark,DNK,2020-09-13,1050,984,980.2,913,932,991,949,966,1002,1046
Denmark,DNK,2020-09-20,1051,1082,995.2,942,904,979,994,1007,1033,1010
Denmark,DNK,2020-09-27,1139,974,1009,963,983,983,950,1016,1100,1074
Denmark,DNK,2020-10-04,1064,996,1000.4,959,910,978,1033,972,1140,1033
Denmark,DNK,2020-10-11,1161,938,1021.8,927,1022,985,992,1033,1085,1072
Denmark,DNK,2020-10-18,1130,1008,1012.8,948,1040,970,958,998,1145,1074
Denmark,DNK,2020-10-25,1138,1096,1013.8,997,989,934,973,1026,1103,1109
Denmark,DNK,2020-11-01,1141,979,1016.6,993,1003,976,1007,954,1018,1204
Denmark,DNK,2020-11-08,1142,1026,1026.4,971,1017,956,992,1046,1091,1115
Denmark,DNK,2020-11-15,1132,1097,1048.2,985,1045,1070,954,1037,1064,1143
Denmark,DNK,2020-11-22,1209,1082,1049.2,986,1046,1011,996,1057,1145,1132
Denmark,DNK,2020-11-29,1215,1097,1071.8,1083,1010,1027,994,1095,1166,1204
Denmark,DNK,2020-12-06,1266,1105,1110.8,1105,1043,1067,1085,1104,1209,1254
Denmark,DNK,2020-12-13,1261,1095,1100.6,1033,1067,1102,1044,1107,1360,1350
Denmark,DNK,2020-12-20,1286,1273,1086,1024,1060,1058,1096,1042,1421,1318
Denmark,DNK,2020-12-27,1275,1212,1094.2,994,1149,1134,1006,1038,1385,1209
Denmark,DNK,2021-01-03,,1259,1094.2,,,,,,,
Dominican Republic,DOM,2020-01-31,4880,4253,3964,3665,3851,4185,3676,3866,5743,4140
Dominican Republic,DOM,2020-02-29,3785,3760,3620.4,3232,3633,3521,3632,3507,3605,3649
Dominican Republic,DOM,2020-03-31,4027,3692,3950.2,3666,3796,3745,4171,3796,3641,4042
Dominican Republic,DOM,2020-04-30,3818,3361,3618,3456,3519,3450,3589,3499,3425,3724
Dominican Republic,DOM,2020-05-31,4510,3276,3653,3290,3593,3680,3451,3674,3800,3718
Dominican Republic,DOM,2020-06-30,5031,4026,3615.8,3263,3789,3444,3358,3648,3736,3917
Dominican Republic,DOM,2020-07-31,4359,5200,3772.2,3445,3713,3583,3569,3974,3696,3923
Dominican Republic,DOM,2020-08-31,3970,4747,3646.4,3413,3607,3488,3415,3732,3638,3766
Dominican Republic,DOM,2020-09-30,3909,3692,3622,3427,3460,3403,3355,3888,3565,3692
Dominican Republic,DOM,2020-10-31,4499,3699,3844.6,3797,3706,3697,3542,3904,3736,3765
Dominican Republic,DOM,2020-11-30,4267,3754,3785.2,3623,3837,3603,3583,3703,3830,3659
Dominican Republic,DOM,2020-12-31,4127,4324,3937.4,3806,3931,3804,3645,3924,4176,3953
Ecuador,ECU,2020-01-05,2016,1372,1506.3,1327,1241,1351,1502,1540,1960,1733
Ecuador,ECU,2020-01-12,2204,1567,1506.1,1234,1270,1426,1496,1534,2297,1663
Ecuador,ECU,2020-01-19,2349,1518,1495.1,1305,1250,1359,1492,1499,2674,1663
Ecuador,ECU,2020-01-26,2219,1462,1484.7,1176,1265,1303,1581,1528,2536,1659
Ecuador,ECU,2020-02-02,2246,1365,1470.7,1184,1339,1364,1418,1478,2404,1666
Ecuador,ECU,2020-02-09,2222,1432,1503.3,1208,1391,1423,1395,1529,2066,1618
Ecuador,ECU,2020-02-16,2258,1512,1502.5,1301,1264,1400,1502,1475,1840,1689
Ecuador,ECU,2020-02-23,2286,1483,1499.7,1272,1291,1473,1451,1441,1698,1654
Ecuador,ECU,2020-03-01,2232,1548,1502.5,1238,1327,1497,1413,1467,1812,1599
Ecuador,ECU,2020-03-08,2434,1445,1568.9,1332,1470,1527,1432,1513,1630,1726
Ecuador,ECU,2020-03-15,2642,1477,1538.9,1286,1434,1500,1399,1505,1641,1724
Ecuador,ECU,2020-03-22,2724,1538,1488.9,1231,1389,1491,1283,1480,1745,1835
Ecuador,ECU,2020-03-29,2870,3779,1490.7,1180,1466,1477,1330,1430,1691,1719
Ecuador,ECU,2020-04-05,3063,7263,1517.7,1330,1399,1441,1383,1465,1627,1731
Ecuador,ECU,2020-04-12,3158,6440,1609.5,1321,1987,1411,1369,1389,1618,1746
Ecuador,ECU,2020-04-19,3276,4527,1466.1,1253,1302,1454,1334,1417,1629,1652
Ecuador,ECU,2020-04-26,3102,3527,1445.3,1310,1259,1321,1316,1450,1549,1746
Ecuador,ECU,2020-05-03,2911,2872,1470.7,1287,1363,1363,1356,1414,1547,1822
Ecuador,ECU,2020-05-10,2593,2637,1415.9,1288,1238,1394,1274,1315,1621,1726
Ecuador,ECU,2020-05-17,2398,2332,1457.9,1335,1248,1352,1429,1355,1576,1719
Ecuador,ECU,2020-05-24,2192,2207,1432.5,1340,1260,1357,1286,1349,1613,1722
Ecuador,ECU,2020-05-31,2006,2134,1441.9,1366,1293,1362,1248,1370,1607,1704
Ecuador,ECU,2020-06-07,1989,2097,1455.1,1345,1276,1364,1370,1350,1691,1727
Ecuador,ECU,2020-06-14,1944,2189,1425.1,1238,1242,1344,1357,1374,1658,1642
Ecuador,ECU,2020-06-21,1925,2158,1445.1,1322,1333,1306,1309,1385,1708,1793
Ecuador,ECU,2020-06-28,1840,2148,1447.3,1318,1241,1342,1388,1377,1671,1695
Ecuador,ECU,2020-07-05,1891,2249,1453.5,1291,1237,1313,1415,1441,1651,1682
Ecuador,ECU,2020-07-12,1822,2437,1418.9,1243,1226,1379,1368,1308,1715,1729
Ecuador,ECU,2020-07-19,1746,2540,1431.7,1285,1258,1317,1324,1404,1738,1711
Ecuador,ECU,2020-07-26,1775,2579,1398.3,1213,1248,1312,1283,1365,1761,1630
Ecuador,ECU,2020-08-02,1634,2548,1436.7,1236,1243,1386,1376,1372,1725,1631
Ecuador,ECU,2020-08-09,1597,2491,1427.5,1235,1308,1262,1355,1407,1805,1658
Ecuador,ECU,2020-08-16,1560,2382,1442.3,1221,1238,1306,1440,1436,1730,1601
Ecuador,ECU,2020-08-23,1620,2202,1405.7,1252,1267,1222,1318,1399,1692,1644
Ecuador,ECU,2020-08-30,1589,2091,1470.1,1252,1346,1294,1444,1444,1655,1621
Ecuador,ECU,2020-09-06,1534,2073,1421.7,1209,1213,1258,1361,1497,1563,1674
Ecuador,ECU,2020-09-13,1557,1954,1405.7,1166,1245,1227,1373,1447,1626,1574
Ecuador,ECU,2020-09-20,1504,1887,1400.7,1196,1280,1259,1296,1402,1567,1687
Ecuador,ECU,2020-09-27,1618,1790,1408.1,1240,1250,1230,1352,1398,1575,1687
Ecuador,ECU,2020-10-04,1516,1704,1433.9,1252,1309,1310,1403,1325,1576,1733
Ecuador,ECU,2020-10-11,1564,1834,1398.3,1234,1303,1220,1315,1349,1575,1613
Ecuador,ECU,2020-10-18,1489,1719,1402.5,1226,1226,1293,1326,1371,1562,1618
Ecuador,ECU,2020-10-25,1481,1761,1404.1,1278,1270,1285,1311,1306,1556,1708
Ecuador,ECU,2020-11-01,1486,1685,1435.5,1210,1282,1319,1370,1426,1641,1738
Ecuador,ECU,2020-11-08,1595,1676,1460.3,1201,1395,1309,1394,1432,1488,1701
Ecuador,ECU,2020-11-15,1618,1767,1422.3,1229,1303,1288,1337,1384,1561,1718
Ecuador,ECU,2020-11-22,1603,1816,1407.7,1180,1242,1261,1344,1441,1647,1837
Ecuador,ECU,2020-11-29,1539,1723,1412.7,1224,1232,1325,1331,1381,1739,1746
Ecuador,ECU,2020-12-06,1649,1803,1434.5,1248,1295,1329,1380,1350,1714,1724
Ecuador,ECU,2020-12-13,1660,1670,1456.7,1260,1267,1260,1447,1479,1744,1765
Ecuador,ECU,2020-12-20,1750,1788,1477.9,1257,1370,1341,1492,1359,1843,1822
Ecuador,ECU,2020-12-27,1814,1783,1445.9,1242,1447,1342,1501,1127,1872,1832
Ecuador,ECU,2021-01-03,,1923,1445.9,,,,,,,
Egypt,EGY,2020-01-31,71603,57080,58496.4,59713,58640,58898,54283,61321,68942,53437
Egypt,EGY,2020-02-29,54573,49638,48131.6,47678,49103,47982,46845,49423,68110,50847
Egypt,EGY,2020-03-31,61669,48662,46177.2,46524,44270,45686,47022,47757,53356,48268
Egypt,EGY,2020-04-30,69065,42138,42313.4,41648,41935,41655,43399,43303,44755,45779
Egypt,EGY,2020-05-31,75308,56068,43524,42771,43144,42754,44473,44851,44479,45400
Egypt,EGY,2020-06-30,55302,78847,43161.4,40798,44891,40513,44510,45468,42588,43400
Egypt,EGY,2020-07-31,51966,61165,47027.6,46374,45934,49581,46202,47420,46466,53600
Egypt,EGY,2020-08-31,58087,56500,49543.2,65363,44924,45737,46458,45607,48003,52900
Egypt,EGY,2020-09-30,57297,49304,42510.4,44519,41001,40863,43907,42635,42214,47300
Egypt,EGY,2020-10-31,65518,45966,42833.4,42403,42853,42394,44052,42838,48000,44700
Egypt,EGY,2020-11-30,61185,50542,43820.8,43253,44610,42684,44667,44263,47094,47600
Egypt,EGY,2020-12-31,60351,68853,53080.4,52835,54843,48461,53942,55694,52686,54300
El Salvador,SLV,2020-01-31,,4545,4413.2,4361,4604,4075,4474,4478,,
El Salvador,SLV,2020-02-29,,3102,3224.2,2957,3706,2947,3201,3236,,
El Salvador,SLV,2020-03-31,,2610,3275,3078,3470,3466,2723,3564,,
El Salvador,SLV,2020-04-30,,1906,3477.4,3395,3550,2971,3875,3522,,
El Salvador,SLV,2020-05-31,,2082,3663.8,3479,3680,3595,3677,3814,,
El Salvador,SLV,2020-06-30,,5930,3679.4,3843,3412,4144,3447,3477,,
El Salvador,SLV,2020-07-31,,8467,3889,4062,3209,4080,4015,4005,,
El Salvador,SLV,2020-08-31,,5210,3491,3629,3427,3483,3456,3386,,
El Salvador,SLV,2020-09-30,,,3432.4,3757,3210,3157,3235,3729,,
El Salvador,SLV,2020-10-31,,,3773.6,3699,3368,3635,3891,4201,,
El Salvador,SLV,2020-11-30,,,3441.6,3727,3258,3488,3267,3394,,
El Salvador,SLV,2020-12-31,,,2639.2,3080,2565,2669,2303,2505,,
England and Wales,,2020-01-05,17751,12253,,12284,13045,11989,12721,10955,12262,14983
England and Wales,,2020-01-12,18042,14057,,16237,11497,13715,15050,12609,13311,17381
England and Wales,,2020-01-19,18676,12990,,14866,11470,13610,14256,11860,12776,15804
England and Wales,,2020-01-26,18448,11853,,13934,11312,12877,13935,11740,12401,14137
England and Wales,,2020-02-02,17192,11612,,12900,11042,12485,13285,11297,11862,13412
England and Wales,,2020-02-09,15354,10984,,12039,11154,12261,12490,11660,11558,12672
England and Wales,,2020-02-16,13809,10948,,11822,10589,11644,12246,11824,11271,12031
England and Wales,,2020-02-23,12614,10840,,11433,11056,11793,12142,11295,11150,11952
England and Wales,,2020-03-01,11592,10815,,11471,11283,11245,10854,11044,11225,12049
England and Wales,,2020-03-08,10987,10892,,11467,11005,11077,12997,10898,11227,11410
England and Wales,,2020-03-15,10311,11017,,10949,11015,10697,12788,10567,10927,12133
England and Wales,,2020-03-22,10045,10646,,10568,9626,10325,11913,10402,10745,12052
England and Wales,,2020-03-29,8201,11142,,10492,10281,10027,9941,9867,9840,11584
England and Wales,,2020-04-05,9098,16387,,9061,11599,9938,10794,10126,10687,10089
England and Wales,,2020-04-12,9098,18516,,10089,11414,8491,12301,10291,9919,9978
England and Wales,,2020-04-19,9941,22351,,11639,10925,9637,11223,9025,10680,12420
England and Wales,,2020-04-26,9692,21997,,10597,10412,10908,10306,10059,12441,12152
England and Wales,,2020-05-03,7986,17953,,10111,9133,9064,10153,11207,9941,10143
England and Wales,,2020-05-10,10164,12657,,8861,10633,10690,8624,9055,12048,10367
England and Wales,,2020-05-17,9860,14573,,10290,9953,10288,10141,10272,11520,11654
England and Wales,,2020-05-24,9628,12288,,9996,9738,10035,9636,10284,10860,11111
England and Wales,,2020-05-31,7778,9824,,8213,7909,8332,8147,8260,6825,8839
England and Wales,,2020-06-07,10204,10709,,10145,9873,9763,9950,10140,11742,10940
England and Wales,,2020-06-14,9459,9976,,9547,9384,9363,9343,9445,10844,10700
England and Wales,,2020-06-21,8690,9339,,9308,9361,9627,9256,9458,10836,10472
England and Wales,,2020-06-28,8808,8979,,9183,9227,9331,9212,9511,10357,10373
England and Wales,,2020-07-05,9752,9140,,9199,9138,9261,9258,9062,10232,9736
England and Wales,,2020-07-12,9697,8690,,9015,9387,9375,9293,9179,10515,10030
England and Wales,,2020-07-19,9744,8823,,8797,9344,9111,9127,9080,10978,9659
England and Wales,,2020-07-26,10135,8891,,8791,9331,8882,9141,9112,11013,9684
England and Wales,,2020-08-02,10187,8946,,8616,9176,8938,9161,9271,10698,10038
England and Wales,,2020-08-09,10372,8945,,8860,9161,9038,9319,9122,10355,9991
England and Wales,,2020-08-16,10013,9392,,9146,9070,9295,8830,9093,10982,10063
England and Wales,,2020-08-23,10268,9631,,9121,9318,9382,8978,8994,10942,10086
England and Wales,,2020-08-30,8797,9032,,9023,7921,8146,7865,8242,8868,8441
England and Wales,,2020-09-06,11035,7739,,7878,9397,9493,9445,9695,10753,10168
England and Wales,,2020-09-13,11009,9811,,9254,9123,9453,9191,9513,10673,10355
England and Wales,,2020-09-20,10684,9522,,9097,8945,9534,9305,9440,8751,10384
England and Wales,,2020-09-27,10510,9634,,9526,8993,9689,9150,9517,10960,9979
England and Wales,,2020-10-04,10807,9945,,9410,9287,9776,9503,9799,11207,10103
England and Wales,,2020-10-11,11177,9954,,9775,9717,9939,9649,9973,11699,10544
England and Wales,,2020-10-18,11308,10534,,9508,9768,10029,9864,10156,11938,10388
England and Wales,,2020-10-25,10987,10739,,9710,9724,9739,9603,10021,11245,10445
England and Wales,,2020-11-01,11550,10887,,9593,10152,9983,9529,10164,11795,10983
England and Wales,,2020-11-08,12050,11812,,9984,10467,10344,10151,10697,11538,11489
England and Wales,,2020-11-15,12103,12254,,9935,10690,10274,10193,10650,11579,11243
England and Wales,,2020-11-22,11467,12535,,9829,10602,10612,9957,10882,11483,11385
England and Wales,,2020-11-29,11659,12456,,9820,10438,10536,10033,10958,11307,11328
England and Wales,,2020-12-06,11930,12303,,10361,11223,10781,10287,10816,11694,11318
England and Wales,,2020-12-13,12400,12292,,10257,10528,11217,10550,11188,12389,11960
England and Wales,,2020-12-20,13013,13011,,10688,11486,12514,11116,11926,14530,13213
England and Wales,,2020-12-27,8477,11520,,8630,8002,8481,7131,7533,9517,7447
England and Wales,,2021-01-03,,10069,,,,,,,,
Estonia,EST,2020-01-05,378,294,347.3,354,322,364,328,351,381,388
Estonia,EST,2020-01-12,392,326,348.3,340,334,393,319,338,372,407
Estonia,EST,2020-01-19,406,308,334.3,294,301,386,290,383,333,373
Estonia,EST,2020-01-26,353,299,339.1,321,335,360,338,324,357,334
Estonia,EST,2020-02-02,348,307,343.1,329,319,392,333,325,390,318
Estonia,EST,2020-02-09,376,271,344.3,332,353,351,343,325,374,310
Estonia,EST,2020-02-16,342,322,325.1,324,276,344,347,317,429,335
Estonia,EST,2020-02-23,405,331,342.1,332,313,337,389,322,438,296
Estonia,EST,2020-03-01,418,315,336.9,324,317,304,391,331,400,294
Estonia,EST,2020-03-08,420,293,337.9,355,293,328,391,305,383,309
Estonia,EST,2020-03-15,421,340,327.1,341,303,296,384,294,362,287
Estonia,EST,2020-03-22,403,311,315.3,331,263,304,361,300,346,287
Estonia,EST,2020-03-29,406,325,320.3,317,323,322,326,296,326,309
Estonia,EST,2020-04-05,404,312,302.7,304,312,286,337,257,317,283
Estonia,EST,2020-04-12,386,310,307.5,311,307,293,319,290,303,300
Estonia,EST,2020-04-19,367,309,302.9,297,298,285,318,299,316,328
Estonia,EST,2020-04-26,313,319,288.7,302,295,267,276,286,275,312
Estonia,EST,2020-05-03,341,304,292.9,265,304,308,269,301,305,303
Estonia,EST,2020-05-10,344,307,291.1,278,299,319,268,274,321,303
Estonia,EST,2020-05-17,318,285,308.7,333,288,292,300,313,285,298
Estonia,EST,2020-05-24,320,278,290.1,283,276,290,281,303,280,261
Estonia,EST,2020-05-31,295,301,277.9,285,277,268,266,276,283,294
Estonia,EST,2020-06-07,302,269,283.1,289,258,293,262,296,325,309
Estonia,EST,2020-06-14,302,273,272.3,267,276,262,282,257,296,309
Estonia,EST,2020-06-21,395,279,275.5,285,270,247,277,281,333,315
Estonia,EST,2020-06-28,310,287,266.3,239,263,272,261,279,336,250
Estonia,EST,2020-07-05,367,268,265.7,277,251,290,230,263,306,268
Estonia,EST,2020-07-12,319,270,268.9,250,270,249,280,278,296,279
Estonia,EST,2020-07-19,279,284,273.5,236,276,242,310,286,298,287
Estonia,EST,2020-07-26,280,296,284.1,238,264,296,291,314,311,254
Estonia,EST,2020-08-02,308,304,271.5,259,232,272,321,256,314,270
Estonia,EST,2020-08-09,305,281,289.7,276,280,304,302,269,276,251
Estonia,EST,2020-08-16,291,295,281.7,289,285,260,234,323,313,286
Estonia,EST,2020-08-23,292,265,267.7,261,278,270,261,251,302,271
Estonia,EST,2020-08-30,325,298,275.7,259,271,305,255,271,279,271
Estonia,EST,2020-09-06,339,280,269.3,248,283,259,278,261,290,286
Estonia,EST,2020-09-13,297,256,276.1,301,278,265,265,254,336,249
Estonia,EST,2020-09-20,346,312,285.1,285,295,267,284,277,313,276
Estonia,EST,2020-09-27,346,330,290.1,292,305,271,283,282,353,272
Estonia,EST,2020-10-04,342,301,290.3,301,282,273,273,305,306,260
Estonia,EST,2020-10-11,348,274,288.9,316,284,269,301,257,310,323
Estonia,EST,2020-10-18,355,309,295.9,296,313,285,282,286,282,339
Estonia,EST,2020-10-25,414,304,299.1,279,313,291,299,296,314,313
Estonia,EST,2020-11-01,419,267,297.9,270,303,324,282,293,345,321
Estonia,EST,2020-11-08,392,287,283.3,277,330,262,259,271,331,304
Estonia,EST,2020-11-15,397,291,294.5,285,299,299,284,288,338,333
Estonia,EST,2020-11-22,416,317,284.1,256,292,267,289,299,298,314
Estonia,EST,2020-11-29,363,334,296.3,282,284,324,283,291,316,322
Estonia,EST,2020-12-06,379,339,299.7,258,286,294,316,327,372,349
Estonia,EST,2020-12-13,373,348,304.3,305,312,264,319,304,397,365
Estonia,EST,2020-12-20,375,344,313.7,318,309,301,318,305,374,415
Estonia,EST,2020-12-27,284,360,317.9,267,364,310,329,302,365,363
Estonia,EST,2021-01-03,,368,317.9,,,,,,,
Faroe Islands,FRO,2020-01-31,39,31,43,41,44,39,43,38,40,42
Faroe Islands,FRO,2020-02-29,36,24,34.4,29,26,43,33,31,51,41
Faroe Islands,FRO,2020-03-31,25,30,41.4,32,46,43,35,41,56,21
Faroe Islands,FRO,2020-04-30,40,40,33,35,26,35,27,32,38,37
Faroe Islands,FRO,2020-05-31,32,18,38.4,37,36,38,38,33,46,37
Faroe Islands,FRO,2020-06-30,30,36,32.8,35,33,23,30,33,35,33
Faroe Islands,FRO,2020-07-31,36,31,33.6,28,32,32,29,37,46,31
Faroe Islands,FRO,2020-08-31,31,28,35,25,39,43,28,30,43,31
Faroe Islands,FRO,2020-09-30,34,27,32.2,29,19,38,35,30,31,36
Faroe Islands,FRO,2020-10-31,31,30,32.6,28,21,38,31,35,29,37
Faroe Islands,FRO,2020-11-30,43,38,33,30,26,37,31,31,35,30
Faroe Islands,FRO,2020-12-31,53,33,36.8,30,31,39,34,40,37,35
Fiji,FJI,2020-01-31,730.4,634.5,648,,,,,,,
Fiji,FJI,2020-02-29,654.5,563.7,600,,,,,,,
Fiji,FJI,2020-03-31,663.4,694.2,634,,,,,,,
Fiji,FJI,2020-04-30,625.4,674.3,650,,,,,,,
Fiji,FJI,2020-05-31,605.3,627.8,630,,,,,,,
Fiji,FJI,2020-06-30,728.3,652.1,584,,,,,,,
Fiji,FJI,2020-07-31,1124.1,658.8,614,,,,,,,
Fiji,FJI,2020-08-31,1048,698.7,641,,,,,,,
Fiji,FJI,2020-09-30,714.8,641.1,594,,,,,,,
Fiji,FJI,2020-10-31,663.4,590.2,582,,,,,,,
Fiji,FJI,2020-11-30,607.5,645.5,550,,,,,,,
Fiji,FJI,2020-12-31,650,703.1,596,,,,,,,
Finland,FIN,2020-01-05,1104,1047,1186.4,1084,1184,1273,1072,1213,1278,1367
Finland,FIN,2020-01-12,1130,1069,1201.6,1159,1192,1335,1091,1125,1283,1332
Finland,FIN,2020-01-19,1204,1061,1193.6,1151,1249,1208,1083,1171,1403,1242
Finland,FIN,2020-01-26,1159,1040,1148.4,1040,1186,1145,1131,1134,1245,1195
Finland,FIN,2020-02-02,1103,1074,1158.8,1062,1183,1116,1186,1141,1314,1195
Finland,FIN,2020-02-09,1056,1115,1144.2,1062,1167,1106,1110,1170,1354,1153
Finland,FIN,2020-02-16,1160,1098,1120,1093,1047,1122,1143,1089,1265,1149
Finland,FIN,2020-02-23,1133,1091,1116.4,1075,1046,1124,1173,1058,1167,1153
Finland,FIN,2020-03-01,1091,1050,1141.4,1126,1075,1083,1247,1070,1245,1104
Finland,FIN,2020-03-08,1050,1106,1123.8,1134,1023,1048,1223,1085,1263,1085
Finland,FIN,2020-03-15,1090,1105,1124,1047,1041,1021,1251,1154,1243,1106
Finland,FIN,2020-03-22,1021,1122,1108.8,1015,1095,1065,1216,1047,1233,1072
Finland,FIN,2020-03-29,1053,1108,1085.2,1012,1097,985,1154,1072,1275,1150
Finland,FIN,2020-04-05,1056,1110,1098.2,1070,980,1059,1243,1033,1309,1194
Finland,FIN,2020-04-12,1033,1181,1068.6,1075,1010,998,1096,1058,1277,1159
Finland,FIN,2020-04-19,1055,1094,1079,1040,1060,1055,1110,1024,1241,1226
Finland,FIN,2020-04-26,1009,1142,1036.6,1075,968,1006,1027,1001,1230,1136
Finland,FIN,2020-05-03,1068,1131,1059,1021,976,1079,1023,1090,1210,1139
Finland,FIN,2020-05-10,1116,1074,1012.6,1009,947,1049,980,972,1160,1141
Finland,FIN,2020-05-17,1009,1104,992,926,963,999,973,993,1112,1105
Finland,FIN,2020-05-24,996,957,979.8,939,1023,995,909,927,1081,1120
Finland,FIN,2020-05-31,1013,990,971.6,947,980,980,926,919,1070,1092
Finland,FIN,2020-06-07,981,984,987.4,907,913,1014,944,1053,1021,1107
Finland,FIN,2020-06-14,1009,1003,971.2,927,947,1021,921,934,1041,1155
Finland,FIN,2020-06-21,1080,1068,988.2,987,939,993,954,962,1066,1049
Finland,FIN,2020-06-28,1009,1021,971.8,924,995,993,946,895,1143,1093
Finland,FIN,2020-07-05,1092,996,967,1016,874,929,961,949,1090,986
Finland,FIN,2020-07-12,1148,944,964.2,885,940,921,986,983,1002,1040
Finland,FIN,2020-07-19,1015,1021,980.8,902,949,925,1060,962,1110,1048
Finland,FIN,2020-07-26,1028,964,994.6,902,952,944,1047,1022,1097,952
Finland,FIN,2020-08-02,1063,982,959.8,883,902,923,1063,922,1114,1027
Finland,FIN,2020-08-09,1100,954,946,874,919,954,919,958,1183,1063
Finland,FIN,2020-08-16,1081,977,971.6,956,946,943,984,923,1190,1012
Finland,FIN,2020-08-23,1066,1016,979.8,946,1006,906,943,992,1097,1049
Finland,FIN,2020-08-30,1079,989,984.2,957,991,954,947,966,1060,1006
Finland,FIN,2020-09-06,1148,979,988.4,917,991,1001,941,986,1193,1117
Finland,FIN,2020-09-13,1064,1124,986.2,966,922,1040,907,990,1232,1106
Finland,FIN,2020-09-20,1121,1046,1007.8,977,1012,940,997,1007,1146,1123
Finland,FIN,2020-09-27,1134,1089,1012,938,983,974,1012,1047,1173,1119
Finland,FIN,2020-10-04,1138,977,1037.6,957,986,1030,1059,1050,1211,1159
Finland,FIN,2020-10-11,1187,984,1044,982,1074,964,1004,1090,1232,1208
Finland,FIN,2020-10-18,1200,1074,1036.6,1025,994,1024,982,1052,1245,1220
Finland,FIN,2020-10-25,1129,1070,1056,1045,1025,1024,999,1081,1251,1266
Finland,FIN,2020-11-01,1088,1132,1053.8,967,1040,1034,1021,1101,1259,1414
Finland,FIN,2020-11-08,1161,1043,1029.8,967,1071,977,1031,997,1236,1440
Finland,FIN,2020-11-15,1193,1025,1016,1005,1006,966,983,1014,1239,1355
Finland,FIN,2020-11-22,1229,1119,1044.4,1054,1099,998,995,970,1278,1483
Finland,FIN,2020-11-29,1231,1108,1053.8,1069,1044,988,1038,1024,1204,1430
Finland,FIN,2020-12-06,1300,1119,1079.2,1082,1034,1014,1063,1097,1361,1397
Finland,FIN,2020-12-13,1225,1106,1081.8,1060,1069,1056,1065,1053,1405,1376
Finland,FIN,2020-12-20,1236,1148,1109.4,1019,1168,1112,1037,1105,1445,1414
Finland,FIN,2020-12-27,1336,1129,1183.6,1106,1321,1103,1193,1089,1465,1301
Finland,FIN,2021-01-03,,1177,1183.6,,,,,,,
France,FRA,2020-01-05,14678,12737,13739.2,12804,11944,15509,14154,12814,14569,15481
France,FRA,2020-01-12,14638,13200,13857.2,13142,12032,15696,13590,13355,14547,14138
France,FRA,2020-01-19,15151,12598,13504.2,12803,12141,14700,13157,13249,14464,13529
France,FRA,2020-01-26,14786,12331,13365,12617,11824,14783,12464,13666,15082,13297
France,FRA,2020-02-02,14437,12541,13365.4,13281,11734,14282,12132,13927,15113,13004
France,FRA,2020-02-09,14162,12407,13483.8,13963,11827,13405,12697,14056,14309,12910
France,FRA,2020-02-16,14133,12261,13318.2,14666,11615,12610,12645,13584,13715,12689
France,FRA,2020-02-23,13323,11835,13187.2,14326,11522,11980,13136,13501,12747,12514
France,FRA,2020-03-01,12966,12042,13216.4,13592,12033,11712,14212,13062,12791,12485
France,FRA,2020-03-08,12801,12139,12917.8,12930,11920,11482,14327,12459,12576,12700
France,FRA,2020-03-15,12967,12554,12331,12264,12055,11013,13156,11696,12387,12316
France,FRA,2020-03-22,12782,13939,12039.2,11901,11867,10722,12687,11548,12428,11713
France,FRA,2020-03-29,13241,16188,11936.6,11684,11978,10795,12443,11312,12846,11611
France,FRA,2020-04-05,13003,18805,11674.4,11130,11614,10674,12014,11469,13090,11639
France,FRA,2020-04-12,13087,17563,11467.8,11239,11231,10664,11716,11018,13227,11730
France,FRA,2020-04-19,13223,15396,11322,10884,10694,10675,11603,11283,12717,11906
France,FRA,2020-04-26,12749,12821,11211.6,10790,10725,11027,10788,11257,12120,11813
France,FRA,2020-05-03,12505,11260,11071.2,10593,10831,10881,10696,10884,12053,11444
France,FRA,2020-05-10,11506,11030,10933.4,10480,10697,10691,10332,10996,11533,10961
France,FRA,2020-05-17,11245,10755,10827.4,10110,10542,10635,10399,10980,11296,11038
France,FRA,2020-05-24,11057,11116,10825.2,10026,10461,10604,10781,10783,10386,11443
France,FRA,2020-05-31,10820,10434,10559.8,10137,10043,10145,10512,10491,11060,11227
France,FRA,2020-06-07,10679,10392,10501.8,10416,10291,9851,10138,10342,10583,11300
France,FRA,2020-06-14,10860,10360,10387.4,10172,9904,10091,9978,10321,11361,10913
France,FRA,2020-06-21,9863,10427,10659.6,9862,10404,10864,10203,10494,10999,10734
France,FRA,2020-06-28,10136,11111,10680.4,10160,10073,9677,10894,11127,10479,10179
France,FRA,2020-07-05,10496,10020,11040.8,11190,10440,10584,10777,10742,11483,10611
France,FRA,2020-07-12,10332,10316,10512.8,10315,10156,10109,10255,10258,12516,10661
France,FRA,2020-07-19,11503,10129,10738.8,10181,10914,10289,10509,10330,13059,10445
France,FRA,2020-07-26,10676,10542,10730.8,9911,9838,10172,10923,11339,11672,10547
France,FRA,2020-08-02,10546,10866,10450.8,9698,9807,10405,10765,10108,11921,10175
France,FRA,2020-08-09,11584,10748,10552.8,10478,9820,9918,10731,10346,12087,11045
France,FRA,2020-08-16,11223,11767,10317.2,9935,10176,10083,9930,9991,11336,11131
France,FRA,2020-08-23,10927,10490,10590.2,9851,10497,10394,10388,10350,11153,11508
France,FRA,2020-08-30,11473,10503,10576.4,10094,10053,10300,10140,10824,11091,11021
France,FRA,2020-09-06,11734,10623,10372.6,9829,10195,9776,10497,10095,10832,11464
France,FRA,2020-09-13,10951,11199,10650.4,10157,10192,10368,10532,10532,10887,11015
France,FRA,2020-09-20,10915,11781,10908.8,10320,10259,11081,10520,10893,11533,10706
France,FRA,2020-09-27,11314,10868,10922.6,10408,10498,11239,10453,10544,12082,11232
France,FRA,2020-10-04,11410,11856,11168.6,10758,10669,10974,11061,10910,12440,11371
France,FRA,2020-10-11,12072,11841,11442,11100,11289,11099,11134,11117,12420,11637
France,FRA,2020-10-18,11985,12167,11305.6,10906,11384,10839,10780,11148,12574,11956
France,FRA,2020-10-25,12255,13689,11451.4,11293,11360,10946,10999,11188,12083,12508
France,FRA,2020-11-01,11683,14613,11467.8,11121,11158,11003,11194,11392,11704,12334
France,FRA,2020-11-08,12136,15609,11583.4,10762,11332,11314,11484,11554,12124,12340
France,FRA,2020-11-15,12262,15467,11596.4,10395,11689,11411,11249,11767,12825,12304
France,FRA,2020-11-22,12856,14993,11717,10489,11426,11631,11459,12109,13036,12418
France,FRA,2020-11-29,13512,14697,11844.6,10952,11402,11771,11595,12032,13301,13075
France,FRA,2020-12-06,13985,14533,11966,11125,11935,12031,11324,11944,14689,13812
France,FRA,2020-12-13,13907,14504,12256.2,11185,12273,12623,11501,12228,15687,13632
France,FRA,2020-12-20,14600,14106,12599.4,11207,13241,12704,12021,12353,16901,13775
France,FRA,2020-12-27,14737,13801,12912.8,11096,14411,13483,11954,12149,16505,14031
France,FRA,2021-01-03,,14365,12912.8,,,,,,,
French Guiana,GUF,2020-01-05,21,21,22,14,18,19,18,29,27,19
French Guiana,GUF,2020-01-12,25,12,19.8,17,18,15,21,16,27,23
French Guiana,GUF,2020-01-19,18,17,22.6,18,14,20,26,23,39,24
French Guiana,GUF,2020-01-26,22,21,22.6,26,21,23,10,21,36,22
French Guiana,GUF,2020-02-02,22,18,18.6,14,9,15,22,21,23,21
French Guiana,GUF,2020-02-09,20,10,18.4,17,11,18,19,15,21,29
French Guiana,GUF,2020-02-16,21,15,20,11,13,22,15,27,28,30
French Guiana,GUF,2020-02-23,22,17,17.8,17,6,17,25,12,21,31
French Guiana,GUF,2020-03-01,18,14,18.4,12,10,17,18,23,23,24
French Guiana,GUF,2020-03-08,24,16,17.6,12,15,17,11,21,20,16
French Guiana,GUF,2020-03-15,29,23,16.2,15,7,15,12,20,22,19
French Guiana,GUF,2020-03-22,30,12,19.6,11,12,24,17,22,11,16
French Guiana,GUF,2020-03-29,26,23,17.8,10,12,14,19,22,15,24
French Guiana,GUF,2020-04-05,20,12,21.8,21,12,24,17,23,18,23
French Guiana,GUF,2020-04-12,14,12,21.2,19,18,17,23,17,30,19
French Guiana,GUF,2020-04-19,18,7,23.8,20,22,23,16,26,21,22
French Guiana,GUF,2020-04-26,13,16,21.2,17,22,16,21,18,19,18
French Guiana,GUF,2020-05-03,20,9,20.8,18,20,7,25,22,22,23
French Guiana,GUF,2020-05-10,18,15,18.2,10,14,23,14,18,21,12
French Guiana,GUF,2020-05-17,24,16,16.4,15,9,19,17,10,20,23
French Guiana,GUF,2020-05-24,24,13,21.8,18,23,27,14,15,19,21
French Guiana,GUF,2020-05-31,25,13,20,10,24,20,11,23,18,31
French Guiana,GUF,2020-06-07,30,20,18.4,13,20,21,10,16,18,26
French Guiana,GUF,2020-06-14,32,17,17.4,11,14,17,11,22,25,30
French Guiana,GUF,2020-06-21,35,32,18.4,9,20,14,16,21,20,24
French Guiana,GUF,2020-06-28,21,25,19.8,15,19,21,18,14,25,12
French Guiana,GUF,2020-07-05,35,25,21.4,21,19,20,16,19,26,22
French Guiana,GUF,2020-07-12,32,24,19.2,20,17,13,18,16,14,23
French Guiana,GUF,2020-07-19,31,33,23.8,12,25,25,18,27,21,24
French Guiana,GUF,2020-07-26,31,22,20.2,16,16,15,13,29,24,29
French Guiana,GUF,2020-08-02,37,22,22.4,17,20,24,16,23,21,25
French Guiana,GUF,2020-08-09,24,19,20.2,22,15,21,13,18,28,18
French Guiana,GUF,2020-08-16,34,14,20.6,21,20,15,22,13,23,18
French Guiana,GUF,2020-08-23,39,23,18.2,12,20,15,13,19,21,24
French Guiana,GUF,2020-08-30,32,24,19.2,9,19,15,16,25,22,27
French Guiana,GUF,2020-09-06,28,16,17.4,19,10,13,21,12,16,24
French Guiana,GUF,2020-09-13,38,10,20.6,20,20,18,19,14,21,20
French Guiana,GUF,2020-09-20,44,22,19.6,6,31,12,20,17,23,24
French Guiana,GUF,2020-09-27,40,16,18.2,19,17,15,12,16,20,33
French Guiana,GUF,2020-10-04,34,19,18.8,14,21,15,9,23,20,26
French Guiana,GUF,2020-10-11,28,19,16,12,11,21,11,13,25,23
French Guiana,GUF,2020-10-18,26,23,17,11,14,13,22,13,21,26
French Guiana,GUF,2020-10-25,36,18,20.2,12,25,23,11,18,12,17
French Guiana,GUF,2020-11-01,29,26,16.8,15,13,11,12,21,14,18
French Guiana,GUF,2020-11-08,26,17,19.2,18,18,13,20,15,15,24
French Guiana,GUF,2020-11-15,19,11,22.2,16,18,26,15,24,22,20
French Guiana,GUF,2020-11-22,20,21,16,14,17,8,15,14,25,26
French Guiana,GUF,2020-11-29,13,20,19.6,20,16,9,19,22,26,25
French Guiana,GUF,2020-12-06,22,21,18.4,15,17,14,13,21,13,20
French Guiana,GUF,2020-12-13,18,16,22,17,17,16,25,23,23,28
French Guiana,GUF,2020-12-20,22,16,20.4,16,20,16,19,19,25,22
French Guiana,GUF,2020-12-27,23,20,17.8,15,13,19,13,17,36,23
French Guiana,GUF,2021-01-03,,15,17.8,,,,,,,
French Polynesia,PYF,2020-01-31,161,125,148.2,155,111,132,153,124,164,144
French Polynesia,PYF,2020-02-29,146,138,133.4,95,111,139,132,124,139,146
French Polynesia,PYF,2020-03-31,122,153,144.6,105,120,141,128,163,149,159
French Polynesia,PYF,2020-04-30,128,143,152.4,131,126,179,143,117,139,149
French Polynesia,PYF,2020-05-31,115,125,137.6,120,112,134,133,123,131,154
French Polynesia,PYF,2020-06-30,123,129,129,94,110,106,151,118,136,136
French Polynesia,PYF,2020-07-31,139,114,141.4,118,124,136,120,143,120,152
French Polynesia,PYF,2020-08-31,567,116,146.2,124,113,131,150,147,131,145
French Polynesia,PYF,2020-09-30,355,136,126.4,125,122,98,110,111,159,145
French Polynesia,PYF,2020-10-31,140,141,135.6,111,114,126,123,138,127,151
French Polynesia,PYF,2020-11-30,146,180,140.6,104,110,156,152,115,151,150
French Polynesia,PYF,2020-12-31,136,179,141,127,121,130,121,140,153,176
Georgia,GEO,2020-01-31,5134,4630,4585.7,4575,4878,5346,4304,4972,5628,4428
Georgia,GEO,2020-02-29,3892,4136,3875.5,4177,4538,4129,3812,3868,5634,3722
Georgia,GEO,2020-03-31,4318,4001,4148.7,4725,4413,4362,4219,4171,4939,3671
Georgia,GEO,2020-04-30,4170,3644,3885.1,4325,4070,4133,3976,4068,3792,3628
Georgia,GEO,2020-05-31,4557,3860,3817.9,4270,4184,3853,3875,4054,3705,3586
Georgia,GEO,2020-06-30,4120,3523,3474.3,3687,3763,3665,3696,3707,3352,3263
Georgia,GEO,2020-07-31,4203,3706,3401.1,3762,3511,3604,3806,3469,3548,3264
Georgia,GEO,2020-08-31,5977,3361,3481.9,3836,4220,3533,3493,3474,3705,3539
Georgia,GEO,2020-09-30,5309,3299,3131.1,3444,3678,3239,3225,3216,3363,3112
Georgia,GEO,2020-10-31,5610,4085,3590.1,3852,4058,3866,3720,3601,3466,3548
Georgia,GEO,2020-11-30,6563,5929,3815.9,4118,4128,3932,4087,3961,3733,3440
Georgia,GEO,2020-12-31,6053,6363,4220.5,4350,5330,4160,4311,4098,4253,3555
Germany,DEU,2020-01-05,24919,18883,19643.7,18713,18467,20918,19342,18686,20870,25464
Germany,DEU,2020-01-12,24532,19408,19964.9,19283,18439,22070,18770,19170,19921,22713
Germany,DEU,2020-01-19,24129,18953,19961.1,19500,18627,21236,19187,19163,19845,21253
Germany,DEU,2020-01-26,22674,18827,20180.9,19346,18707,22083,19171,19505,20224,20657
Germany,DEU,2020-02-02,21773,19774,20862.3,20716,18493,23640,19558,19812,20698,21083
Germany,DEU,2020-02-09,20946,19038,20869.9,20905,18541,22744,20086,19981,20495,20547
Germany,DEU,2020-02-16,20493,19648,21411.5,22395,18483,22683,21254,20150,21165,20996
Germany,DEU,2020-02-23,18979,18953,21866.9,23264,18475,22266,22888,20349,20375,20901
Germany,DEU,2020-03-01,18455,19505,22374.3,23598,18926,20930,25535,20790,20811,21053
Germany,DEU,2020-03-08,18606,19667,21862.9,22002,18888,19102,26777,20453,21251,21935
Germany,DEU,2020-03-15,18374,19849,20935.7,20770,18971,18665,24385,19795,21357,21828
Germany,DEU,2020-03-22,18437,19722,20072.1,20009,18826,17640,22777,19016,21236,21332
Germany,DEU,2020-03-29,18520,19678,19402.9,19106,18617,17731,20906,18562,20883,20730
Germany,DEU,2020-04-05,18873,20662,18948.3,18668,18244,17028,20038,18671,20953,19974
Germany,DEU,2020-04-12,19098,20502,18362.3,18089,17712,16901,19165,17852,20253,20157
Germany,DEU,2020-04-19,19282,19261,17940.3,18116,16775,16637,17992,18089,19579,19861
Germany,DEU,2020-04-26,19555,18557,17886.9,17668,17053,17634,17093,17894,19361,19310
Germany,DEU,2020-05-03,19329,17920,17423.1,17114,16901,17129,16789,17090,19225,19055
Germany,DEU,2020-05-10,18579,17651,17696.1,17072,17629,17343,17226,17118,19265,18896
Germany,DEU,2020-05-17,17811,17001,17261.5,16732,16601,17079,16488,17315,18565,18385
Germany,DEU,2020-05-24,17193,17163,16950.5,16330,16286,16451,16513,17080,17232,18416
Germany,DEU,2020-05-31,18191,16776,17100.1,16200,16346,16902,17039,16921,18104,18032
Germany,DEU,2020-06-07,17442,17262,16943.9,16777,15799,15846,16714,17491,17960,18389
Germany,DEU,2020-06-14,19076,16601,16446.9,16272,15717,16087,15582,16484,18497,17857
Germany,DEU,2020-06-21,17191,16401,16784.5,15619,16910,16819,15843,16639,19059,18097
Germany,DEU,2020-06-28,17013,17293,16901.3,16152,15699,16076,16569,17918,18562,17059
Germany,DEU,2020-07-05,16994,16457,17434.3,19252,16229,16424,16622,16552,18155,17168
Germany,DEU,2020-07-12,17662,16142,16723.5,17361,16172,15603,16070,16319,19019,17758
Germany,DEU,2020-07-19,17613,16537,17134.3,16447,16985,16589,16702,16856,20987,16779
Germany,DEU,2020-07-26,17211,16887,17709.9,16272,16157,16058,18340,19630,20297,16976
Germany,DEU,2020-08-02,17021,17433,17372.5,15432,15439,16494,20371,17034,19972,16885
Germany,DEU,2020-08-09,17560,17470,17006.5,16651,15487,15784,18478,16540,19832,17479
Germany,DEU,2020-08-16,17501,19720,16840.7,16881,16258,16148,16890,15934,19932,18498
Germany,DEU,2020-08-23,17151,17559,16645.5,15233,17147,15880,16612,16263,18992,18159
Germany,DEU,2020-08-30,17341,16656,16802.3,16117,16101,16064,16000,17637,18294,16772
Germany,DEU,2020-09-06,18879,16789,16389.3,15654,16116,15706,16390,15988,18777,18151
Germany,DEU,2020-09-13,18057,17155,16631.5,15952,16372,16146,16292,16303,18276,17928
Germany,DEU,2020-09-20,18157,17555,16677.7,16034,15606,16505,16651,16500,19121,17392
Germany,DEU,2020-09-27,18129,17446,16842.7,15667,16336,16747,15969,17402,20402,17670
Germany,DEU,2020-10-04,18209,17614,17011.7,16429,16352,16664,16622,16899,20627,18216
Germany,DEU,2020-10-11,18949,17501,17684.9,16776,17427,17470,16993,17666,21790,18803
Germany,DEU,2020-10-18,19761,17754,17588.7,16848,17599,17139,16552,17713,21819,19492
Germany,DEU,2020-10-25,20387,18588,17602.7,17341,17586,17059,16608,17327,21449,20291
Germany,DEU,2020-11-01,20426,18584,17522.5,16795,17580,16762,16895,17488,19933,20392
Germany,DEU,2020-11-08,21071,19007,17946.5,17024,17782,17371,17604,17859,20188,20621
Germany,DEU,2020-11-15,22344,19727,17995.9,16618,18591,17594,16842,18242,20825,20837
Germany,DEU,2020-11-22,23273,20182,18169.7,16849,17911,17676,17785,18535,21451,21099
Germany,DEU,2020-11-29,24185,21304,18317.9,16802,18146,17877,18091,18581,22273,22058
Germany,DEU,2020-12-06,24032,22604,18734.9,17009,18793,18295,18342,19143,24125,23006
Germany,DEU,2020-12-13,23009,24003,18715.9,17054,18885,18504,17943,19101,25977,22700
Germany,DEU,2020-12-20,22479,24724,19085.7,17408,19376,18500,18990,19062,28682,23168
Germany,DEU,2020-12-27,22174,25554,18764.5,17176,19744,18652,17954,18204,27291,22130
Germany,DEU,2021-01-03,,25541,18764.5,,,,,,,
Gibraltar,GIB,2020-01-31,89,34,33.8,25,31,26,39,36,,
Gibraltar,GIB,2020-02-29,,27,29,26,30,22,29,26,,
Gibraltar,GIB,2020-03-31,,24,25.2,22,23,17,25,27,,
Gibraltar,GIB,2020-04-30,,21,23.2,21,20,13,28,22,,
Gibraltar,GIB,2020-05-31,,12,23.6,19,17,28,27,15,,
Gibraltar,GIB,2020-06-30,,16,22.8,19,22,23,21,17,,
Gibraltar,GIB,2020-07-31,,23,20.2,15,16,17,21,20,,
Gibraltar,GIB,2020-08-31,,22,24,22,18,24,23,21,,
Gibraltar,GIB,2020-09-30,,23,25.2,16,22,29,30,17,,
Gibraltar,GIB,2020-10-31,,25,24.8,19,23,27,22,21,,
Gibraltar,GIB,2020-11-30,,26,22,12,24,25,21,16,,
Gibraltar,GIB,2020-12-31,,17,31,25,25,35,28,30,,
Greece,GRC,2020-01-05,2650,2749,2843.4,2645,2637,3425,2533,2706,3278,3021
Greece,GRC,2020-01-12,2497,2910,3032,3013,2638,3680,2453,3105,3378,3086
Greece,GRC,2020-01-19,2651,2863,2934.6,3053,2601,3364,2345,3039,3269,2960
Greece,GRC,2020-01-26,2625,2772,2895.6,3065,2652,3082,2548,2860,3677,2847
Greece,GRC,2020-02-02,2493,2990,2839.6,2778,2649,3002,2605,2893,3558,2799
Greece,GRC,2020-02-09,2463,2849,2729.8,2665,2594,2790,2557,2772,3241,2860
Greece,GRC,2020-02-16,2535,2782,2593,2551,2436,2675,2469,2563,3065,2885
Greece,GRC,2020-02-23,2668,2470,2570.4,2690,2215,2523,2493,2660,2797,2745
Greece,GRC,2020-03-01,2724,2543,2595.6,2790,2139,2399,2610,2769,2847,2700
Greece,GRC,2020-03-08,2657,2644,2520.8,2629,2248,2405,2532,2519,2846,2525
Greece,GRC,2020-03-15,2788,2596,2480.4,2547,2255,2444,2415,2470,3046,2365
Greece,GRC,2020-03-22,2759,2550,2418.4,2457,2185,2458,2330,2391,3042,2429
Greece,GRC,2020-03-29,2930,2439,2371.2,2376,2259,2253,2365,2332,3037,2445
Greece,GRC,2020-04-05,2898,2454,2410.6,2390,2275,2363,2341,2413,2872,2278
Greece,GRC,2020-04-12,2971,2362,2386,2408,2227,2363,2349,2312,2806,2361
Greece,GRC,2020-04-19,2663,2268,2340.6,2426,2100,2367,2319,2220,2624,2368
Greece,GRC,2020-04-26,2805,2205,2299,2240,2081,2325,2175,2403,2647,2368
Greece,GRC,2020-05-03,2937,2307,2331,2287,2246,2265,2226,2360,2336,2373
Greece,GRC,2020-05-10,2439,2127,2253.8,2327,2209,2159,1980,2323,2485,2251
Greece,GRC,2020-05-17,2501,2472,2163.4,2015,2121,2030,2112,2268,2398,2232
Greece,GRC,2020-05-24,2584,2329,2123.4,2075,2027,2013,2021,2210,2423,2259
Greece,GRC,2020-05-31,2318,1963,2225.4,1941,2199,2212,2223,2281,2596,2209
Greece,GRC,2020-06-07,2393,2101,2213.6,2090,1999,2121,2302,2285,2369,2309
Greece,GRC,2020-06-14,2314,2211,2284.6,2107,2175,2136,2188,2546,2276,2094
Greece,GRC,2020-06-21,2960,2352,2409.2,2235,2914,2170,2080,2376,2477,2284
Greece,GRC,2020-06-28,3154,2180,2341.4,1922,2318,2732,2045,2419,2526,2154
Greece,GRC,2020-07-05,2703,2670,2324.6,1917,2155,2542,2361,2377,2740,2368
Greece,GRC,2020-07-12,2702,2304,2312.8,2271,2186,2418,2160,2258,2580,2424
Greece,GRC,2020-07-19,2451,2136,2200.8,2197,1993,2090,2356,2097,2654,2989
Greece,GRC,2020-07-26,2827,2237,2334.8,2443,2285,2143,2195,2337,3222,2959
Greece,GRC,2020-08-02,3895,2714,2399.6,2479,2324,2307,2231,2386,3088,2350
Greece,GRC,2020-08-09,2954,2529,2452,2372,2212,2726,2288,2391,2765,2126
Greece,GRC,2020-08-16,2673,2368,2313.8,2242,2122,2288,2285,2361,2626,2384
Greece,GRC,2020-08-23,2781,2361,2195.4,2081,2049,2052,2260,2264,2383,2619
Greece,GRC,2020-08-30,2567,2298,2189.8,2055,2013,2076,2178,2356,2399,2351
Greece,GRC,2020-09-06,2522,2316,2176.4,2276,2041,1976,2196,2122,2249,2161
Greece,GRC,2020-09-13,2721,2274,2105.8,2040,1971,2100,2063,2084,2260,2250
Greece,GRC,2020-09-20,2440,2275,2065,1982,1882,1980,2100,2110,2098,2271
Greece,GRC,2020-09-27,2442,2156,2039.4,1919,1972,1926,2022,2087,2394,2193
Greece,GRC,2020-10-04,2456,2224,2122.2,1849,2081,2076,2176,2158,2192,2116
Greece,GRC,2020-10-11,2489,2213,2183.6,2101,2047,2185,2244,2070,2253,2083
Greece,GRC,2020-10-18,2514,2144,2197.2,2056,2142,2230,2164,2123,2280,2241
Greece,GRC,2020-10-25,2722,2224,2221.6,2072,2177,2157,2261,2170,2441,2289
Greece,GRC,2020-11-01,2995,2413,2283.8,2202,2148,2214,2301,2283,2462,2201
Greece,GRC,2020-11-08,2853,2549,2360.4,2337,2349,2310,2232,2303,2415,2162
Greece,GRC,2020-11-15,2990,2785,2350.4,2363,2244,2266,2392,2216,2596,2180
Greece,GRC,2020-11-22,3174,3149,2385.6,2253,2431,2319,2438,2216,2479,2428
Greece,GRC,2020-11-29,3177,3298,2389.8,2222,2413,2336,2312,2395,2752,2551
Greece,GRC,2020-12-06,3344,3338,2423.6,2131,2475,2278,2451,2512,2716,2403
Greece,GRC,2020-12-13,3293,3115,2482.4,2306,2414,2455,2503,2463,2588,2682
Greece,GRC,2020-12-20,3296,2938,2544.2,2387,2716,2367,2535,2445,2699,2746
Greece,GRC,2020-12-27,3310,2767,2642.6,2480,2875,2496,2632,2459,3045,2937
Greece,GRC,2021-01-03,,2686,2642.6,,,,,,,
Greenland,GRL,2020-01-31,48,36,48.6,44,36,50,48,46,50,46
Greenland,GRL,2020-02-29,52,48,44,33,44,49,25,50,52,50
Greenland,GRL,2020-03-31,39,44,51.8,45,35,56,49,55,26,50
Greenland,GRL,2020-04-30,45,30,47.2,39,42,27,62,47,47,33
Greenland,GRL,2020-05-31,27,35,46.4,41,46,42,52,32,41,42
Greenland,GRL,2020-06-30,45,49,46,41,36,40,45,49,34,34
Greenland,GRL,2020-07-31,57,39,43.2,39,42,45,31,40,44,52
Greenland,GRL,2020-08-31,50,49,43.4,39,36,34,49,40,54,50
Greenland,GRL,2020-09-30,48,53,46,34,43,41,34,59,42,43
Greenland,GRL,2020-10-31,44,32,38.4,29,37,37,28,42,50,37
Greenland,GRL,2020-11-30,27,45,39.2,35,34,36,30,42,48,45
Greenland,GRL,2020-12-31,49,61,50,53,56,42,34,46,37,52
Guadeloupe,GLP,2020-01-05,75,80,68.2,56,53,60,68,74,64,81
Guadeloupe,GLP,2020-01-12,80,50,65,43,63,63,60,66,87,82
Guadeloupe,GLP,2020-01-19,80,56,70,51,61,70,72,66,87,78
Guadeloupe,GLP,2020-01-26,55,69,62.8,50,63,48,53,70,106,85
Guadeloupe,GLP,2020-02-02,69,61,72,59,64,59,69,79,118,67
Guadeloupe,GLP,2020-02-09,52,57,70,59,60,56,68,77,92,65
Guadeloupe,GLP,2020-02-16,58,74,67.8,57,50,65,59,78,92,67
Guadeloupe,GLP,2020-02-23,81,81,57.4,56,53,52,48,48,73,68
Guadeloupe,GLP,2020-03-01,65,75,74,70,63,59,71,77,74,75
Guadeloupe,GLP,2020-03-08,60,67,65.2,48,69,41,74,64,71,78
Guadeloupe,GLP,2020-03-15,65,67,70,61,63,58,69,69,69,72
Guadeloupe,GLP,2020-03-22,76,69,67.6,67,53,69,63,56,68,70
Guadeloupe,GLP,2020-03-29,65,65,68.4,59,60,50,66,77,75,65
Guadeloupe,GLP,2020-04-05,71,72,65.4,54,57,46,75,65,73,59
Guadeloupe,GLP,2020-04-12,80,60,60.4,37,70,58,45,62,68,56
Guadeloupe,GLP,2020-04-19,80,74,61.6,46,49,57,58,68,65,67
Guadeloupe,GLP,2020-04-26,64,72,65.2,48,61,53,75,59,64,56
Guadeloupe,GLP,2020-05-03,68,76,59.2,52,61,56,52,45,71,65
Guadeloupe,GLP,2020-05-10,70,62,64.2,54,56,59,60,62,65,86
Guadeloupe,GLP,2020-05-17,83,68,70.2,51,75,55,78,62,78,74
Guadeloupe,GLP,2020-05-24,68,72,66.2,38,57,77,50,79,82,68
Guadeloupe,GLP,2020-05-31,63,56,62.6,55,62,58,56,52,94,92
Guadeloupe,GLP,2020-06-07,80,59,64.4,45,68,60,52,67,80,94
Guadeloupe,GLP,2020-06-14,75,63,74.6,61,68,68,70,76,92,83
Guadeloupe,GLP,2020-06-21,61,59,68.4,67,57,57,60,71,83,79
Guadeloupe,GLP,2020-06-28,70,70,72,54,64,69,67,76,76,78
Guadeloupe,GLP,2020-07-05,70,61,64.8,50,69,57,54,64,57,74
Guadeloupe,GLP,2020-07-12,68,66,70,54,73,65,57,71,74,70
Guadeloupe,GLP,2020-07-19,74,55,65.8,69,55,52,55,68,91,95
Guadeloupe,GLP,2020-07-26,79,65,72.6,60,69,59,74,71,88,69
Guadeloupe,GLP,2020-08-02,135,72,65.4,66,60,71,54,46,78,80
Guadeloupe,GLP,2020-08-09,207,73,68.2,64,56,58,77,56,75,62
Guadeloupe,GLP,2020-08-16,311,84,68.2,55,69,57,56,74,77,81
Guadeloupe,GLP,2020-08-23,290,64,70.8,68,69,55,51,81,77,78
Guadeloupe,GLP,2020-08-30,192,87,71,44,90,63,57,71,88,91
Guadeloupe,GLP,2020-09-06,161,83,61.4,56,49,55,51,66,79,81
Guadeloupe,GLP,2020-09-13,96,87,74,62,67,61,74,76,84,82
Guadeloupe,GLP,2020-09-20,104,105,69.8,47,51,85,79,57,78,101
Guadeloupe,GLP,2020-09-27,83,89,63.4,66,59,60,45,57,59,68
Guadeloupe,GLP,2020-10-04,67,89,71.4,67,62,63,60,75,65,61
Guadeloupe,GLP,2020-10-11,74,88,68.4,72,54,68,60,58,63,66
Guadeloupe,GLP,2020-10-18,64,95,61,50,52,51,53,69,75,68
Guadeloupe,GLP,2020-10-25,66,90,65.2,50,64,57,61,64,72,75
Guadeloupe,GLP,2020-11-01,62,74,62.6,46,64,57,59,57,55,60
Guadeloupe,GLP,2020-11-08,58,72,64,49,78,51,49,63,65,72
Guadeloupe,GLP,2020-11-15,73,60,65,60,61,77,45,52,70,63
Guadeloupe,GLP,2020-11-22,63,53,60.4,44,54,55,62,57,75,71
Guadeloupe,GLP,2020-11-29,53,70,61.6,46,47,67,65,53,78,67
Guadeloupe,GLP,2020-12-06,66,68,64.4,56,53,65,61,57,78,73
Guadeloupe,GLP,2020-12-13,55,64,66.4,62,72,41,68,59,63,76
Guadeloupe,GLP,2020-12-20,72,57,65.2,65,41,61,58,71,77,63
Guadeloupe,GLP,2020-12-27,64,60,71,57,74,68,54,72,91,56
Guadeloupe,GLP,2021-01-03,,55,71,,,,,,,
Guatemala,GTM,2020-01-05,1904,1757,1714.1,1690,1562,1597,1716,1716,2074,1895
Guatemala,GTM,2020-01-12,1930,1670,1691.5,1616,1619,1606,1668,1659,2127,1853
Guatemala,GTM,2020-01-19,1898,1663,1672.9,1604,1581,1501,1746,1643,2194,1825
Guatemala,GTM,2020-01-26,1837,1607,1615.5,1480,1640,1477,1593,1598,2044,1786
Guatemala,GTM,2020-02-02,1776,1599,1597.3,1441,1593,1556,1537,1570,2157,1710
Guatemala,GTM,2020-02-09,1785,1610,1619.3,1512,1684,1525,1520,1566,2203,1831
Guatemala,GTM,2020-02-16,1706,1586,1642.1,1549,1718,1550,1498,1606,2249,1726
Guatemala,GTM,2020-02-23,1748,1517,1634.1,1623,1573,1563,1487,1635,2098,1766
Guatemala,GTM,2020-03-01,1811,1565,1594.5,1511,1603,1547,1448,1574,2057,1825
Guatemala,GTM,2020-03-08,1769,1581,1637.5,1537,1586,1665,1498,1612,1983,1670
Guatemala,GTM,2020-03-15,1798,1478,1635.1,1543,1677,1546,1526,1594,1904,1800
Guatemala,GTM,2020-03-22,1970,1394,1646.5,1458,1758,1662,1506,1559,1812,1756
Guatemala,GTM,2020-03-29,1965,1329,1721.7,1502,1805,1648,1632,1732,1828,1716
Guatemala,GTM,2020-04-05,2064,1305,1661.7,1523,1664,1699,1524,1609,1734,1860
Guatemala,GTM,2020-04-12,2221,1259,1640.1,1493,1629,1587,1520,1682,1718,1814
Guatemala,GTM,2020-04-19,2191,1314,1666.7,1579,1519,1626,1687,1633,1705,1912
Guatemala,GTM,2020-04-26,2184,1405,1726.3,1636,1627,1707,1689,1683,1625,1869
Guatemala,GTM,2020-05-03,2133,1351,1667.9,1550,1600,1543,1637,1720,1704,1964
Guatemala,GTM,2020-05-10,2092,1375,1633.5,1610,1622,1518,1449,1679,1660,2010
Guatemala,GTM,2020-05-17,2135,1402,1656.5,1550,1651,1545,1552,1695,1629,1896
Guatemala,GTM,2020-05-24,2079,1470,1622.1,1528,1572,1503,1596,1622,1629,1872
Guatemala,GTM,2020-05-31,2157,1542,1607.3,1542,1543,1499,1612,1551,1683,1873
Guatemala,GTM,2020-06-07,2209,1890,1688.9,1541,1617,1588,1686,1723,1623,1965
Guatemala,GTM,2020-06-14,2156,1946,1633.5,1496,1530,1565,1635,1652,1610,1950
Guatemala,GTM,2020-06-21,2188,2113,1687.9,1558,1595,1620,1659,1718,1744,1856
Guatemala,GTM,2020-06-28,2360,2352,1676.1,1549,1547,1550,1707,1738,1822,1869
Guatemala,GTM,2020-07-05,2467,2626,1692.1,1538,1611,1592,1613,1817,1863,1834
Guatemala,GTM,2020-07-12,2537,2961,1669.5,1516,1580,1620,1633,1709,1896,1927
Guatemala,GTM,2020-07-19,2675,2785,1672.1,1577,1556,1597,1671,1670,1814,1893
Guatemala,GTM,2020-07-26,2732,2710,1679.9,1585,1579,1644,1643,1659,1782,1829
Guatemala,GTM,2020-08-02,2823,2576,1655.1,1574,1577,1577,1563,1695,1759,1866
Guatemala,GTM,2020-08-09,2981,2386,1664.3,1580,1599,1650,1612,1591,1826,1834
Guatemala,GTM,2020-08-16,3329,2225,1595.3,1491,1513,1575,1478,1630,1681,1833
Guatemala,GTM,2020-08-23,3556,2128,1635.1,1548,1515,1543,1586,1694,1740,1832
Guatemala,GTM,2020-08-30,3686,2127,1619.7,1615,1509,1528,1493,1664,1639,1801
Guatemala,GTM,2020-09-06,3855,2029,1622.5,1498,1563,1587,1587,1588,1715,1859
Guatemala,GTM,2020-09-13,3697,1957,1626.1,1522,1557,1602,1584,1576,1677,1881
Guatemala,GTM,2020-09-20,3206,1932,1638.5,1629,1561,1526,1548,1639,1772,1879
Guatemala,GTM,2020-09-27,2956,1907,1620.7,1524,1572,1504,1581,1633,1742,1723
Guatemala,GTM,2020-10-04,2649,1812,1685.3,1767,1650,1541,1577,1602,1769,1854
Guatemala,GTM,2020-10-11,2412,1926,1652.7,1641,1488,1554,1644,1647,1752,1820
Guatemala,GTM,2020-10-18,2108,1819,1627.7,1470,1471,1610,1642,1656,1690,1767
Guatemala,GTM,2020-10-25,1984,1787,1614.9,1492,1625,1483,1534,1651,1761,1842
Guatemala,GTM,2020-11-01,1933,1821,1652.7,1625,1520,1544,1678,1607,1734,1866
Guatemala,GTM,2020-11-08,1807,1866,1610.7,1580,1476,1467,1608,1633,1738,1860
Guatemala,GTM,2020-11-15,1783,1820,1589.9,1564,1447,1411,1577,1661,1771,1765
Guatemala,GTM,2020-11-22,1714,1876,1592.1,1480,1556,1494,1556,1585,1796,1861
Guatemala,GTM,2020-11-29,1802,1862,1565.5,1445,1457,1518,1568,1550,1801,1753
Guatemala,GTM,2020-12-06,1732,1765,1576.1,1549,1461,1478,1529,1574,1877,1752
Guatemala,GTM,2020-12-13,1792,1866,1620.7,1543,1421,1697,1582,1571,1974,1745
Guatemala,GTM,2020-12-20,1817,1851,1614.3,1491,1479,1565,1620,1627,1905,1953
Guatemala,GTM,2020-12-27,2064,1898,1705.3,1595,1682,1534,1782,1644,1968,1946
Guatemala,GTM,2021-01-03,,2049,1705.3,,,,,,,
Hong Kong,HKG,2020-01-31,5278,4749,4703,4838,4316,4203,4607,4777,4775,6380
Hong Kong,HKG,2020-02-29,4124,4789,4472.2,4329,4699,3917,4660,3982,6142,4432
Hong Kong,HKG,2020-03-31,4318,4171,4444.6,4197,4589,4183,4264,4216,12185,4302
Hong Kong,HKG,2020-04-30,4096,3899,4056.4,3720,4067,3785,3862,4074,5527,4281
Hong Kong,HKG,2020-05-31,4173,4091,4029.4,3792,3996,3819,3738,4028,4287,4899
Hong Kong,HKG,2020-06-30,4022,3728,3805.4,3684,3471,3710,3551,3837,3830,4528
Hong Kong,HKG,2020-07-31,4141,4117,3958.2,3665,3606,4176,3608,3962,4092,4395
Hong Kong,HKG,2020-08-31,4063,4177,3854.6,3519,3535,3872,3714,3859,4175,4380
Hong Kong,HKG,2020-09-30,3877,3849,3652.2,3418,3375,3500,3478,3716,4223,4293
Hong Kong,HKG,2020-10-31,4256,4184,3922.2,3678,3602,3789,3844,3924,4334,4258
Hong Kong,HKG,2020-11-30,4252,4125,3810.6,3302,3643,3605,3783,3946,4249,4074
Hong Kong,HKG,2020-12-31,4754,4787,4388.6,3966,4006,4270,4291,4636,5873,4509
Hungary,HUN,2020-01-05,3222,2612,2885.1,2800,2823,3155,2595,3054,3132,2796
Hungary,HUN,2020-01-12,3204,2585,2918.1,3005,2640,3311,2546,3090,2900,2652
Hungary,HUN,2020-01-19,3044,2584,2924.3,2900,2562,3449,2675,3037,2858,2648
Hungary,HUN,2020-01-26,2867,2723,3016.3,3005,2615,3574,2655,3234,2934,2496
Hungary,HUN,2020-02-02,2884,2802,3055.9,3067,2483,3616,2731,3384,3136,2674
Hungary,HUN,2020-02-09,2888,2637,3068.1,3350,2640,3256,2833,3263,3172,2698
Hungary,HUN,2020-02-16,2926,2751,2983.1,3280,2575,2991,3037,3034,3190,2854
Hungary,HUN,2020-02-23,3172,2585,2955.5,3349,2491,2890,3161,2888,3012,2832
Hungary,HUN,2020-03-01,3271,2781,2893.5,3120,2535,2668,3237,2909,2888,2714
Hungary,HUN,2020-03-08,3809,2606,2811.7,2962,2496,2671,3218,2713,2759,2759
Hungary,HUN,2020-03-15,4301,2578,2708.9,2777,2438,2582,3016,2733,2863,2775
Hungary,HUN,2020-03-22,4568,2801,2634.9,2764,2481,2584,2878,2469,2763,2713
Hungary,HUN,2020-03-29,4534,2592,2591.3,2690,2537,2546,2774,2411,2777,2590
Hungary,HUN,2020-04-05,4139,2528,2510.3,2639,2456,2422,2622,2414,2740,2464
Hungary,HUN,2020-04-12,3532,2575,2477.9,2612,2318,2492,2576,2393,2535,2513
Hungary,HUN,2020-04-19,3251,2509,2429.9,2612,2349,2527,2336,2327,2608,2432
Hungary,HUN,2020-04-26,2970,2359,2436.5,2598,2364,2480,2300,2442,2610,2322
Hungary,HUN,2020-05-03,2724,2249,2366.7,2467,2279,2479,2294,2316,2438,2371
Hungary,HUN,2020-05-10,2552,2292,2314.3,2420,2370,2340,2160,2283,2380,2228
Hungary,HUN,2020-05-17,2392,2346,2271.5,2293,2381,2323,2154,2208,2238,2310
Hungary,HUN,2020-05-24,2334,2110,2275.5,2274,2261,2209,2352,2283,2175,2276
Hungary,HUN,2020-05-31,2410,2191,2286.3,2177,2285,2382,2393,2196,2337,2201
Hungary,HUN,2020-06-07,2375,2399,2261.9,2434,2235,2126,2228,2288,2326,2190
Hungary,HUN,2020-06-14,2370,2288,2291.7,2298,2151,2145,2243,2623,2073,2168
Hungary,HUN,2020-06-21,2678,2068,2249.7,2067,2481,2297,2188,2217,2319,2327
Hungary,HUN,2020-06-28,2389,2269,2193.1,2141,2303,2136,2140,2247,2736,2074
Hungary,HUN,2020-07-05,2362,2317,2218.7,2383,2102,2143,2225,2242,2272,2149
Hungary,HUN,2020-07-12,2424,2169,2280.7,2491,2276,2288,2285,2065,2181,2385
Hungary,HUN,2020-07-19,2110,2110,2278.9,2358,2210,2271,2265,2292,2641,2215
Hungary,HUN,2020-07-26,2505,2153,2380.1,2625,2277,2140,2389,2471,2516,2142
Hungary,HUN,2020-08-02,2190,2362,2309.1,2020,2221,2657,2479,2170,2346,2004
Hungary,HUN,2020-08-09,2351,2311,2284.5,2378,2120,2292,2419,2215,2392,2029
Hungary,HUN,2020-08-16,2204,2268,2306.3,2747,2222,2147,2199,2218,2575,2378
Hungary,HUN,2020-08-23,2167,2224,2190.9,2002,2241,2155,2323,2235,2343,2446
Hungary,HUN,2020-08-30,2272,2203,2293.3,2282,2320,2239,2254,2373,2220,2137
Hungary,HUN,2020-09-06,2408,2221,2223.3,2220,2246,2186,2267,2199,2339,2175
Hungary,HUN,2020-09-13,2470,2333,2271.1,2192,2365,2290,2356,2154,2271,2239
Hungary,HUN,2020-09-20,2373,2472,2315.7,2379,2263,2312,2385,2241,2503,2173
Hungary,HUN,2020-09-27,2426,2457,2355.1,2147,2423,2351,2362,2494,2770,2101
Hungary,HUN,2020-10-04,2534,2562,2401.1,2192,2447,2428,2498,2442,2585,2325
Hungary,HUN,2020-10-11,2665,2563,2451.7,2332,2538,2496,2512,2382,2623,2534
Hungary,HUN,2020-10-18,2668,2758,2427.5,2463,2493,2357,2432,2394,2522,2504
Hungary,HUN,2020-10-25,2975,2989,2412.9,2437,2527,2338,2409,2355,2582,2587
Hungary,HUN,2020-11-01,3332,3185,2385.9,2418,2458,2397,2361,2297,2507,2490
Hungary,HUN,2020-11-08,3530,3551,2404.7,2425,2471,2324,2362,2443,2521,2418
Hungary,HUN,2020-11-15,3673,3963,2397.1,2315,2483,2423,2408,2358,2560,2463
Hungary,HUN,2020-11-22,4030,3950,2467.3,2440,2539,2503,2555,2301,2617,2599
Hungary,HUN,2020-11-29,4151,4067,2455.7,2389,2540,2437,2559,2355,2647,2660
Hungary,HUN,2020-12-06,3965,4169,2575.1,2385,2635,2655,2644,2558,2849,2827
Hungary,HUN,2020-12-13,3657,4089,2556.9,2418,2585,2580,2677,2526,2803,2871
Hungary,HUN,2020-12-20,3448,3733,2637.5,2406,2845,2605,2797,2536,2882,2988
Hungary,HUN,2020-12-27,3356,3752,2678.3,2514,2897,2628,2860,2494,2994,2830
Hungary,HUN,2021-01-03,,3485,2678.3,,,,,,,
Iceland,ISL,2020-01-05,45,57,46.6,49,44,35,62,39,51,67
Iceland,ISL,2020-01-12,57,55,48.6,42,56,53,47,41,54,55
Iceland,ISL,2020-01-19,48,52,45.2,44,51,46,41,40,64,56
Iceland,ISL,2020-01-26,42,55,45.4,48,35,53,50,37,42,62
Iceland,ISL,2020-02-02,42,39,46.4,44,46,48,47,43,50,45
Iceland,ISL,2020-02-09,46,47,48.6,57,45,55,46,36,49,60
Iceland,ISL,2020-02-16,55,49,48,50,39,56,44,47,55,50
Iceland,ISL,2020-02-23,46,48,47,47,40,46,57,41,70,48
Iceland,ISL,2020-03-01,46,43,44.4,47,39,35,50,47,78,50
Iceland,ISL,2020-03-08,40,50,45.2,41,51,40,43,47,72,43
Iceland,ISL,2020-03-15,42,42,46,46,44,42,37,57,67,55
Iceland,ISL,2020-03-22,37,39,42.4,45,42,48,36,37,58,39
Iceland,ISL,2020-03-29,52,43,48,42,43,48,55,48,67,48
Iceland,ISL,2020-04-05,40,50,44.2,41,48,35,55,38,56,41
Iceland,ISL,2020-04-12,54,50,45.2,39,47,43,51,42,49,44
Iceland,ISL,2020-04-19,45,60,49.4,47,53,51,45,47,47,34
Iceland,ISL,2020-04-26,47,35,45.2,41,49,38,41,53,49,56
Iceland,ISL,2020-05-03,54,44,41,41,37,46,32,45,51,35
Iceland,ISL,2020-05-10,41,37,42.4,37,39,45,43,44,46,42
Iceland,ISL,2020-05-17,42,42,43.2,53,34,41,38,46,46,50
Iceland,ISL,2020-05-24,35,50,44.4,50,40,41,51,36,46,51
Iceland,ISL,2020-05-31,38,50,43.4,39,45,41,50,38,42,41
Iceland,ISL,2020-06-07,45,34,45.8,37,45,44,54,45,44,36
Iceland,ISL,2020-06-14,52,40,40.4,41,40,40,35,42,57,49
Iceland,ISL,2020-06-21,44,31,38.2,32,33,47,36,39,47,53
Iceland,ISL,2020-06-28,45,35,48,32,48,43,52,61,50,54
Iceland,ISL,2020-07-05,43,35,43.8,42,46,47,40,40,65,53
Iceland,ISL,2020-07-12,47,46,39,35,41,35,38,42,55,39
Iceland,ISL,2020-07-19,38,42,40,33,54,46,33,30,51,48
Iceland,ISL,2020-07-26,56,35,45.8,56,43,40,30,56,56,51
Iceland,ISL,2020-08-02,47,36,36.8,42,33,31,41,33,42,50
Iceland,ISL,2020-08-09,47,37,39.6,32,43,38,45,36,51,44
Iceland,ISL,2020-08-16,44,43,39.8,49,44,40,25,37,40,44
Iceland,ISL,2020-08-23,45,34,44.4,46,37,44,38,53,43,39
Iceland,ISL,2020-08-30,36,28,36.8,25,42,40,37,36,35,47
Iceland,ISL,2020-09-06,43,55,40,48,37,36,41,34,50,64
Iceland,ISL,2020-09-13,43,41,43.4,38,51,45,46,33,42,52
Iceland,ISL,2020-09-20,32,45,42.8,38,57,36,33,46,54,42
Iceland,ISL,2020-09-27,35,37,50.8,45,55,47,50,53,48,45
Iceland,ISL,2020-10-04,42,38,43.2,32,47,35,42,56,50,51
Iceland,ISL,2020-10-11,43,53,43.2,27,41,45,51,48,48,38
Iceland,ISL,2020-10-18,31,47,43,39,50,47,37,38,37,61
Iceland,ISL,2020-10-25,39,50,46.8,52,48,38,54,38,42,64
Iceland,ISL,2020-11-01,50,56,42.2,38,40,39,40,50,39,58
Iceland,ISL,2020-11-08,58,50,39.2,30,48,37,39,38,57,46
Iceland,ISL,2020-11-15,41,53,47.8,45,49,51,45,45,52,54
Iceland,ISL,2020-11-22,43,45,45,43,38,47,42,51,52,44
Iceland,ISL,2020-11-29,43,35,44.8,53,30,47,32,58,36,50
Iceland,ISL,2020-12-06,45,39,42.6,35,43,43,43,45,53,55
Iceland,ISL,2020-12-13,61,46,43.2,40,48,36,42,46,49,50
Iceland,ISL,2020-12-20,50,43,44.6,45,52,44,42,36,74,51
Iceland,ISL,2020-12-27,56,53,42.8,33,45,37,46,49,62,61
Iceland,ISL,2021-01-03,,46,42.8,,,,,,,
Iran,IRN,2020-01-05,8929,7868.7,8400.2,7917.9,8300.9,7494.6,8203.6,8154.9,8076.9,
Iran,IRN,2020-01-12,8628.3,7527.1,8106.2,7478.6,7580.6,7207.3,8065.1,8268.9,8504,
Iran,IRN,2020-01-19,8651.4,7717.3,8205.6,7367.1,7510.1,7607,8326.1,8285,7958,
Iran,IRN,2020-01-26,8933.9,7509.4,8169.8,7374.9,7484.3,7665.3,8301,8092.7,8549,
Iran,IRN,2020-02-02,8426.1,7443.1,8005.4,7915.1,6993.9,7166.6,7971,8049.3,8609.9,
Iran,IRN,2020-02-09,7880.7,8022.6,7774.2,7543,6748.7,6907.1,8136.6,7604.4,9085,
Iran,IRN,2020-02-16,8528.4,7343.6,7649.6,7082.4,7830.7,7024.4,7346.1,7033.1,9876.7,
Iran,IRN,2020-02-23,8304.3,8151,7929.8,8118.9,7394.1,6971.9,7520,7713.7,11144.3,
Iran,IRN,2020-03-01,8672.1,7895.3,7696.8,7586.7,6717.1,6939,7852.9,7457.4,10155.6,
Iran,IRN,2020-03-08,8497.3,8737,7692.4,7386.3,6972.3,7569,7284.7,7318.4,10159.3,
Iran,IRN,2020-03-15,8648.3,9865.7,7134.6,7511.9,6101.9,6435.6,6607.3,7086.7,,
Iran,IRN,2020-03-22,5860.7,10799.7,6262.8,6942.6,4347.7,4998.3,6257.7,6837.7,5391.6,
Iran,IRN,2020-03-29,9754.9,8696.7,7701.6,4848.9,8276.1,8816.1,7961.7,6674.1,11806.3,
Iran,IRN,2020-04-05,10664.1,8087.9,7104.4,7176.3,7531,6595.3,6297.4,5990.3,7825.9,
Iran,IRN,2020-04-12,10997.9,10126.3,7834.2,8076.9,6424.9,6960.4,7205.4,8573.7,7892.4,
Iran,IRN,2020-04-19,12153.1,9272.4,7311.2,7192.3,6632.9,7269.7,6600.4,6930.9,7499.6,
Iran,IRN,2020-04-26,12372.7,8380.7,7431.8,6961.6,7107.3,7067.9,7047.1,7044.7,7016,
Iran,IRN,2020-05-03,10916.4,8146.1,7095,6644.1,6261.7,6895.9,6475.3,7267.3,6255,
Iran,IRN,2020-05-10,10800.3,7577.6,7171.4,6256.9,6802.7,6687.9,7089.4,7090.1,7980.9,
Iran,IRN,2020-05-17,11003.9,7311.3,6990.4,6337.6,6640.1,6704,6720.1,6618.4,7279.7,
Iran,IRN,2020-05-24,10225,7493.6,7073.2,6200.7,6477.7,7018.6,6879.3,6859.7,7633.9,
Iran,IRN,2020-05-31,9352,6933.6,6821.2,6269.1,6629.1,6810.7,6169.4,6296.4,7712.1,
Iran,IRN,2020-06-07,9142.4,7831.1,6327.2,5743.1,6296.4,6189.7,5679.1,5796.4,7111.3,
Iran,IRN,2020-06-14,9257.1,9429.4,7491.4,6892.3,6485,6799.9,7236.6,8112.9,7706.3,
Iran,IRN,2020-06-21,8625.9,8421,7030.4,6732.7,6312.4,6458.4,6592.4,7125,7362.3,
Iran,IRN,2020-06-28,8929.7,9823.3,7005,6826.9,5986.3,6046.1,7107.9,7127.3,7355,
Iran,IRN,2020-07-05,8708,9477.4,7122.4,6254.4,6007.7,7194.7,6991.6,7233.7,7204.3,
Iran,IRN,2020-07-12,9588.6,9826.1,7249.2,6079,7409.6,6619.7,7053.4,7153,7184.9,
Iran,IRN,2020-07-19,9209.3,10213.9,7213.4,6457.1,6729.7,6358.1,7388.1,7202.4,7660,
Iran,IRN,2020-07-26,11563.9,10512.1,7342.4,6025.9,6870.7,7120.6,7339.4,7425.9,8788,
Iran,IRN,2020-08-02,13007.6,11327.3,7270.6,7007.3,6284,6540,7289.1,7300.4,8142.9,
Iran,IRN,2020-08-09,12663.3,10651.7,7099.4,6611.9,6534,6540,6953,6926.6,7850.4,
Iran,IRN,2020-08-16,14426.4,9549.9,6859.6,6279,6632,6524.6,6526.1,6404.1,9391.7,
Iran,IRN,2020-08-23,18497.7,9726.1,7013.4,7027.7,6634.1,6627.3,6066.7,6780.1,8572.9,
Iran,IRN,2020-08-30,16214.1,9369.7,7224.6,6563.3,6681.7,6682.3,6795.7,7469.4,8411.4,
Iran,IRN,2020-09-06,15295,8351.4,7108.6,6529.4,6547.7,6644,7148.9,6742.4,7878.3,
Iran,IRN,2020-09-13,13196.3,9179.1,6669.2,6517.3,6026.1,6405.9,6293.6,6172.6,7330.7,
Iran,IRN,2020-09-20,11972.4,9046,6921.8,6133.7,6406,6531.3,6165.3,7441.9,7225.6,
Iran,IRN,2020-09-27,10955.1,9571.6,7514.2,6078.3,7168.1,6873.6,8111.7,7408.1,7154.1,
Iran,IRN,2020-10-04,9807.7,10081.1,7216.8,7083.4,6427.7,6362.1,7031.6,7248.9,7614.1,
Iran,IRN,2020-10-11,11203.6,10211.3,7154.6,6747.9,6226.6,6883.4,6894,7090,,
Iran,IRN,2020-10-18,10237,11648,7336,6352.9,7411.7,6889.1,7000.3,7095.7,,
Iran,IRN,2020-10-25,9756.4,11606.9,7452.4,6398.3,7546,7417.3,6918.1,7050.6,,
Iran,IRN,2020-11-01,9705.6,13075.6,7264.4,6696,7350.4,6935.9,6449.6,6959.4,,
Iran,IRN,2020-11-08,9219.1,14019.1,7513.6,7071.3,7186,6611.9,6699.4,8068.3,,
Iran,IRN,2020-11-15,8931.6,15608.4,7968,6789,7143.4,7285.3,7991.6,8699.3,,
Iran,IRN,2020-11-22,9013.4,14411.7,7744.6,6972.6,6892.3,7142,7213.1,8571.4,,
Iran,IRN,2020-11-29,9067.7,13887,8121.6,6875.6,7498.3,7430.4,7463,9409.3,,
Iran,IRN,2020-12-06,8492.4,12210.7,8232.8,6458.9,9006.1,7377.7,7574.6,8816.3,,
Iran,IRN,2020-12-13,8262.6,11198.1,8213.8,7337.6,7880.7,7940.4,7382,8597.4,,
Iran,IRN,2020-12-20,8391.7,10653.7,8280.8,7888.3,7931.3,7879.6,7509.7,8264.3,,
Iran,IRN,2020-12-27,8194.4,9764.3,8585.6,8381.4,8025.7,8319,8288.3,7982,,
Iran,IRN,2021-01-03,,9316,8585.6,,,,,,,
Ireland,IRL,2020-01-05,804,723,733.5,620,700,798,813,661,754,979
Ireland,IRL,2020-01-12,947,761,752.1,685,686,808,807,699,693,950
Ireland,IRL,2020-01-19,1028,673,742.1,673,696,802,818,646,753,824
Ireland,IRL,2020-01-26,999,659,718.5,651,713,719,723,711,702,767
Ireland,IRL,2020-02-02,915,656,708.5,695,644,659,767,702,706,690
Ireland,IRL,2020-02-09,876,670,691.5,674,666,619,731,692,709,712
Ireland,IRL,2020-02-16,779,695,691.3,680,670,628,722,681,691,686
Ireland,IRL,2020-02-23,691,669,659.1,694,616,650,658,602,698,666
Ireland,IRL,2020-03-01,650,663,673.7,690,655,604,709,635,687,643
Ireland,IRL,2020-03-08,577,652,683.1,690,647,630,741,632,699,767
Ireland,IRL,2020-03-15,578,636,633.3,649,622,571,657,592,662,750
Ireland,IRL,2020-03-22,602,666,626.7,636,668,568,638,548,686,692
Ireland,IRL,2020-03-29,632,718,625.9,632,616,555,642,609,680,632
Ireland,IRL,2020-04-05,577,880,615.3,606,626,556,647,566,741,703
Ireland,IRL,2020-04-12,614,947,609.5,606,607,554,591,614,782,678
Ireland,IRL,2020-04-19,600,893,589.5,575,533,565,608,591,694,675
Ireland,IRL,2020-04-26,604,785,591.5,564,593,583,576,566,683,687
Ireland,IRL,2020-05-03,638,699,585.9,574,601,549,533,597,616,659
Ireland,IRL,2020-05-10,608,664,569.5,563,546,543,498,622,674,676
Ireland,IRL,2020-05-17,580,625,568.1,602,529,536,531,567,675,635
Ireland,IRL,2020-05-24,608,569,573.5,551,554,547,577,563,677,636
Ireland,IRL,2020-05-31,585,588,574.7,560,559,505,561,613,620,642
Ireland,IRL,2020-06-07,573,529,536.7,511,548,485,534,530,624,612
Ireland,IRL,2020-06-14,522,545,553.5,545,512,536,535,564,646,654
Ireland,IRL,2020-06-21,532,521,548.1,522,505,531,495,612,639,612
Ireland,IRL,2020-06-28,593,524,541.3,507,507,510,576,531,642,603
Ireland,IRL,2020-07-05,540,485,549.7,511,509,520,560,573,632,636
Ireland,IRL,2020-07-12,606,518,522.9,510,518,492,513,506,639,606
Ireland,IRL,2020-07-19,668,579,536.3,490,546,511,537,522,616,611
Ireland,IRL,2020-07-26,563,522,516.9,460,526,488,515,520,645,594
Ireland,IRL,2020-08-02,570,477,505.9,471,477,518,494,494,617,631
Ireland,IRL,2020-08-09,620,539,520.7,521,493,521,515,478,633,610
Ireland,IRL,2020-08-16,595,539,526.9,544,523,489,473,530,603,651
Ireland,IRL,2020-08-23,586,549,538.5,546,483,534,508,546,622,669
Ireland,IRL,2020-08-30,617,555,538.9,479,508,543,535,554,588,630
Ireland,IRL,2020-09-06,649,546,548.3,552,545,520,514,535,627,651
Ireland,IRL,2020-09-13,586,616,567.5,550,543,563,545,561,589,634
Ireland,IRL,2020-09-20,620,515,551.3,485,532,562,550,552,618,627
Ireland,IRL,2020-09-27,702,552,566.9,585,553,527,530,564,680,608
Ireland,IRL,2020-10-04,630,621,564.1,529,527,559,563,567,640,696
Ireland,IRL,2020-10-11,668,624,576.5,574,546,573,545,569,698,639
Ireland,IRL,2020-10-18,692,611,587.9,573,538,581,588,584,673,714
Ireland,IRL,2020-10-25,672,632,603.5,598,578,612,547,607,702,701
Ireland,IRL,2020-11-01,746,657,571.9,561,513,529,559,622,681,647
Ireland,IRL,2020-11-08,717,596,592.5,550,549,582,618,588,700,684
Ireland,IRL,2020-11-15,676,646,621.3,548,652,638,580,613,707,685
Ireland,IRL,2020-11-22,733,589,603.1,535,596,579,583,647,718,738
Ireland,IRL,2020-11-29,701,580,601.5,528,638,560,579,627,714,631
Ireland,IRL,2020-12-06,726,625,631.3,563,676,614,596,632,763,755
Ireland,IRL,2020-12-13,695,613,666.5,621,664,679,619,674,826,766
Ireland,IRL,2020-12-20,762,626,669.7,606,678,663,594,732,950,747
Ireland,IRL,2020-12-27,692,651,693.1,600,728,744,601,717,1011,735
Ireland,IRL,2021-01-03,,700,693.1,,,,,,,
Israel,ISR,2020-01-05,1212,1092,1035.7,936,1012,1128,1011,970,1071,1105
Israel,ISR,2020-01-12,1264,1010,1078.5,1020,1019,1156,999,1077,1212,1048
Israel,ISR,2020-01-19,1278,1099,1057.7,988,945,1092,1016,1126,1396,1069
Israel,ISR,2020-01-26,1298,1001,1073.5,1068,956,1073,1006,1143,1488,1132
Israel,ISR,2020-02-02,1253,991,1080.3,1071,1097,1030,1015,1067,1573,1019
Israel,ISR,2020-02-09,1182,944,1076.3,1049,1077,1091,989,1054,1460,1057
Israel,ISR,2020-02-16,1089,965,1011.9,1040,1007,908,1010,973,1291,1075
Israel,ISR,2020-02-23,1011,989,1008.7,1019,905,991,974,1033,1197,1058
Israel,ISR,2020-03-01,987,905,985.3,984,896,980,934,1011,1106,1084
Israel,ISR,2020-03-08,1042,930,964.3,1023,838,927,909,1003,1022,996
Israel,ISR,2020-03-15,1063,965,946.3,955,833,919,907,996,1029,1014
Israel,ISR,2020-03-22,998,893,887.3,830,789,885,868,943,1019,1008
Israel,ISR,2020-03-29,922,983,913.3,935,810,903,872,925,1135,901
Israel,ISR,2020-04-05,1010,1029,893.1,883,930,833,846,852,1063,995
Israel,ISR,2020-04-12,928,878,860.1,811,830,856,790,892,891,960
Israel,ISR,2020-04-19,876,928,848.9,754,832,854,803,880,926,948
Israel,ISR,2020-04-26,895,901,876.5,822,834,912,799,894,928,909
Israel,ISR,2020-05-03,860,831,840.1,773,765,758,812,971,938,875
Israel,ISR,2020-05-10,907,857,841.5,848,746,848,797,847,872,922
Israel,ISR,2020-05-17,879,847,825.5,777,769,794,820,846,849,906
Israel,ISR,2020-05-24,839,961,823.1,822,780,736,818,838,883,927
Israel,ISR,2020-05-31,798,837,812.3,757,799,792,763,829,843,901
Israel,ISR,2020-06-07,785,810,798.5,725,748,820,820,758,869,819
Israel,ISR,2020-06-14,807,785,777.3,718,765,735,718,829,866,777
Israel,ISR,2020-06-21,867,792,788.1,751,736,740,821,771,836,855
Israel,ISR,2020-06-28,841,779,783.1,767,736,797,762,732,922,816
Israel,ISR,2020-07-05,837,780,794.5,770,734,768,788,791,963,832
Israel,ISR,2020-07-12,750,838,782.9,743,759,760,812,719,927,787
Israel,ISR,2020-07-19,903,836,781.5,733,739,759,779,776,941,808
Israel,ISR,2020-07-26,890,817,814.3,782,773,795,798,802,983,764
Israel,ISR,2020-08-02,948,938,789.9,723,806,768,752,779,900,875
Israel,ISR,2020-08-09,1021,858,808.1,864,730,754,774,797,919,898
Israel,ISR,2020-08-16,1045,944,790.9,742,775,747,780,789,877,845
Israel,ISR,2020-08-23,1048,913,799.9,816,750,730,831,751,884,818
Israel,ISR,2020-08-30,1083,899,802.5,747,750,754,799,841,858,845
Israel,ISR,2020-09-06,992,897,793.1,763,754,737,805,785,858,865
Israel,ISR,2020-09-13,1034,963,786.5,761,742,723,787,798,845,850
Israel,ISR,2020-09-20,955,1004,796.5,800,768,737,798,758,854,912
Israel,ISR,2020-09-27,960,1026,804.9,749,767,788,782,817,903,907
Israel,ISR,2020-10-04,962,1011,810.3,784,802,763,783,798,925,1974
Israel,ISR,2020-10-11,922,1114,822.3,798,792,784,814,802,869,939
Israel,ISR,2020-10-18,977,1080,846.3,831,756,865,807,851,889,945
Israel,ISR,2020-10-25,885,1047,842.7,788,791,826,877,810,887,947
Israel,ISR,2020-11-01,908,932,855.7,795,808,819,901,834,880,880
Israel,ISR,2020-11-08,946,905,858.5,812,800,774,878,907,902,873
Israel,ISR,2020-11-15,859,814,876.7,863,820,879,843,857,876,866
Israel,ISR,2020-11-22,843,930,861.7,832,870,827,859,799,931,860
Israel,ISR,2020-11-29,895,930,922.9,852,982,880,870,909,941,942
Israel,ISR,2020-12-06,969,927,890.5,791,937,862,865,876,951,1013
Israel,ISR,2020-12-13,1025,966,964.3,946,1001,913,899,941,1068,976
Israel,ISR,2020-12-20,1009,1007,957.9,898,962,936,939,933,1024,1034
Israel,ISR,2020-12-27,1104,1016,998.5,954,1067,919,898,1033,1018,1062
Israel,ISR,2021-01-03,,1137,998.5,,,,,,,
Italy,ITA,2020-01-05,16831,13483,15387.1,15178,13517,18072,16245,14168,15960,15520
Italy,ITA,2020-01-12,16921,13974,15684.3,15811,13055,18990,15947,14863,16909,15133
Italy,ITA,2020-01-19,17209,14049,15462.5,15480,13545,17973,15234,15325,17035,14908
Italy,ITA,2020-01-26,16383,13989,14922.1,14922,13388,16487,14698,15360,17347,15051
Italy,ITA,2020-02-02,15657,13900,14817.1,15228,12997,15747,14551,15807,16852,14967
Italy,ITA,2020-02-09,14324,13537,14343.3,15640,13168,14081,13844,15228,15581,14913
Italy,ITA,2020-02-16,14965,13641,14181.7,15510,12685,13852,14034,15072,14667,15190
Italy,ITA,2020-02-23,14443,13257,13920.7,15149,12709,13290,14026,14674,13896,14239
Italy,ITA,2020-03-01,14751,13696,13846.1,14544,12772,13148,14406,14605,13932,13252
Italy,ITA,2020-03-08,15259,14706,13550.5,14211,12845,12917,14197,13827,14089,13500
Italy,ITA,2020-03-15,15559,18234,13184.3,13846,12887,12783,13306,13344,14045,12616
Italy,ITA,2020-03-22,15982,21929,12681.9,13455,12525,12602,12417,12655,13686,12483
Italy,ITA,2020-03-29,15929,23457,12637.1,13126,12725,12300,12793,12486,13824,12222
Italy,ITA,2020-04-05,15219,20901,12368.9,12832,12291,11848,12404,12714,13739,12204
Italy,ITA,2020-04-12,14646,18949,12143.9,12811,11822,12084,12140,12107,13541,12684
Italy,ITA,2020-04-19,14576,16757,11953.5,12781,11594,11553,11917,12167,13064,12633
Italy,ITA,2020-04-26,13761,14725,11766.1,12046,11420,11972,11742,11895,12801,12083
Italy,ITA,2020-05-03,12813,13156,11585.7,11946,11595,12050,11060,11522,12648,11658
Italy,ITA,2020-05-10,12428,12604,11588.5,12177,11422,11859,11030,11699,12725,11323
Italy,ITA,2020-05-17,12188,11976,11253.5,11518,10950,11635,10857,11552,12495,11082
Italy,ITA,2020-05-24,12005,11447,11361.7,11058,11509,11538,11329,11619,12295,11858
Italy,ITA,2020-05-31,11957,10982,11133.3,10848,10842,11554,11317,11350,11661,11093
Italy,ITA,2020-06-07,11874,11144,11396.1,12060,11030,10878,10996,12261,11671,11007
Italy,ITA,2020-06-14,11716,10708,11307.1,11447,10766,11494,11091,11982,12022,10806
Italy,ITA,2020-06-21,12871,11123,11173.3,10591,11442,11700,11003,11375,12443,11695
Italy,ITA,2020-06-28,12419,12070,11238.3,10808,11247,11164,10550,12667,13308,10926
Italy,ITA,2020-07-05,12039,12396,11501.5,11819,11293,11170,11146,12324,14052,11119
Italy,ITA,2020-07-12,11693,11484,11744.9,13269,11324,11642,11117,11617,13535,11960
Italy,ITA,2020-07-19,11999,10923,11508.9,13303,11170,11117,11180,11019,15706,13693
Italy,ITA,2020-07-26,12850,11393,11919.9,14555,11042,11091,11132,12024,16109,13353
Italy,ITA,2020-08-02,12646,12724,11809.5,12009,10991,13013,12305,10974,14636,11455
Italy,ITA,2020-08-09,13752,12115,12162.7,12595,10606,13993,12469,11395,13141,10915
Italy,ITA,2020-08-16,12889,12410,11349.7,11716,11144,11673,11204,11256,12569,11693
Italy,ITA,2020-08-23,12075,11914,10944.9,10619,11193,10922,11189,11046,11943,12976
Italy,ITA,2020-08-30,12021,11761,10897.7,11116,10748,11110,10851,10908,11679,11114
Italy,ITA,2020-09-06,12142,11262,10716.9,11352,10479,10542,11008,10448,11896,11307
Italy,ITA,2020-09-13,12231,11627,10775.7,10629,10584,10787,11098,11025,11643,11354
Italy,ITA,2020-09-20,11633,11821,10898.9,11358,10321,10976,11177,10907,11480,11100
Italy,ITA,2020-09-27,11534,11179,10976.3,10687,11094,11456,10903,10986,12133,11284
Italy,ITA,2020-10-04,11378,12017,11228.3,11228,11158,11562,11485,10953,12442,11440
Italy,ITA,2020-10-11,12515,12246,11761.3,11624,12362,12010,11614,11441,12392,11417
Italy,ITA,2020-10-18,13072,12746,11642.9,11389,12060,11902,11593,11515,12536,11522
Italy,ITA,2020-10-25,12703,14547,11798.9,11834,11816,11929,11891,11769,12520,11842
Italy,ITA,2020-11-01,12743,15659,11553.5,11722,11744,11761,11551,11234,12112,11684
Italy,ITA,2020-11-08,12794,17335,11855.5,11850,11889,12238,11805,11740,12908,12230
Italy,ITA,2020-11-15,12781,18647,12054.9,11629,12476,12478,11811,12125,13558,12981
Italy,ITA,2020-11-22,12751,18784,12101.7,11689,12146,12418,12532,11968,13720,13116
Italy,ITA,2020-11-29,13879,18887,12133.7,11738,12205,12555,12391,12024,14704,14017
Italy,ITA,2020-12-06,14237,17995,12497.3,12501,12543,13051,12739,11897,15180,13994
Italy,ITA,2020-12-13,14972,17482,12900.5,12491,13262,13501,12827,12666,15497,14596
Italy,ITA,2020-12-20,15214,17073,13366.7,12463,14861,13467,13306,12981,15433,15367
Italy,ITA,2020-12-27,15021,15703,13916.9,12560,16489,14956,13426,12398,15515,15828
Italy,ITA,2021-01-03,,16338,13916.9,,,,,,,
Jamaica,JAM,2020-01-31,1843,1881,1830.3,1884,1716,1804,1908,1417,2401,2011
Jamaica,JAM,2020-02-29,1808,1504,1745.3,1610,1705,1526,1643,1820,2187,1438
Jamaica,JAM,2020-03-31,2440,1523,1848.3,1702,1812,1732,1741,1832,1848,2076
Jamaica,JAM,2020-04-30,2510,1501,1697.5,1595,1486,1446,1795,1743,1602,1617
Jamaica,JAM,2020-05-31,1776,1550,1733.7,1470,1591,1732,1672,1781,1791,1946
Jamaica,JAM,2020-06-30,1957,1664,1738.5,1640,1648,1701,1606,1675,1879,1902
Jamaica,JAM,2020-07-31,1738,1735,1812.3,1704,1654,1655,1756,1870,1697,1911
Jamaica,JAM,2020-08-31,2001,1639,1736.9,1487,1680,1785,1591,1719,1968,2017
Jamaica,JAM,2020-09-30,4445,1788,1683.3,1551,1618,1576,1447,1802,1817,1764
Jamaica,JAM,2020-10-31,2698,1868,1719.5,1527,1563,1619,1654,1812,1680,1800
Jamaica,JAM,2020-11-30,2026,1746,1715.1,1508,1696,1603,1546,1800,1770,1769
Jamaica,JAM,2020-12-31,1730,1837,1627.1,1572,1590,1481,1403,1667,1598,1641
Japan,JPN,2020-01-31,140844,132622,140439.8,134256,124668,134174,137773,140223,143992,168970
Japan,JPN,2020-02-29,118984,117010,122475,110042,114527,116534,122855,117312,138474,135857
Japan,JPN,2020-03-31,123579,119161,123993.2,113860,116072,120019,120575,118335,139571,134156
Japan,JPN,2020-04-30,118169,113362,114288.8,104886,105264,108422,108977,112790,121799,123040
Japan,JPN,2020-05-31,118634,108380,111925.2,102731,103261,106278,106196,110055,121473,122193
Japan,JPN,2020-06-30,108734,100423,103944.2,94569,95443,97844,98406,102354,111904,113500
Japan,JPN,2020-07-31,112222,104849,109103.8,99448,99203,102387,106782,106594,117568,120524
Japan,JPN,2020-08-31,117804,111591,111308,101081,103353,103617,105948,111436,135649,130848
Japan,JPN,2020-09-30,115706,107468,108570.6,98242,100240,100893,104679,107694,127040,127242
Japan,JPN,2020-10-31,120781,118038,117133.4,107928,109608,110422,112320,114284,131840,133993
Japan,JPN,2020-11-30,122806,118455,120136.4,106616,113856,115170,114473,119462,134336,133823
Japan,JPN,2020-12-31,134026,133185,129229.6,116851,122663,124807,123486,127236,158387,146357
Jordan,JOR,2020-01-31,3184,3226,2896.1,2840,,2751,2753,2914,3599,2795
Jordan,JOR,2020-02-29,2840,2490,2372.3,2270,,2371,2244,2278,3350,2555
Jordan,JOR,2020-03-31,5482,2486,2440.6,2426,,2351,2522,2137,2963,2665
Jordan,JOR,2020-04-30,4688,2084,2242.3,2400,,2088,2172,1983,2362,2423
Jordan,JOR,2020-05-31,3130,2350,2213.1,2179,,2082,2157,2108,2213,2302
Jordan,JOR,2020-06-30,2512,2068,2091.1,1868,,2044,1981,2145,2119,2118
Jordan,JOR,2020-07-31,2635,2113,2212.3,2148,,2183,2042,2150,2256,2350
Jordan,JOR,2020-08-31,2773,2202,2251.1,2209,,2016,2068,2385,2341,2341
Jordan,JOR,2020-09-30,2415,2290,2210.6,2093,,1988,1998,2437,2139,2125
Jordan,JOR,2020-10-31,2610,3414,2402.3,2077,,2081,2199,2926,2238,2153
Jordan,JOR,2020-11-30,3130,4960,2467.3,2230,,2178,2232,2903,2493,2304
Jordan,JOR,2020-12-31,3934,3390,2704.8,2510,,2630,2667,2686,2750,2973
Kazakhstan,KAZ,2020-01-31,12478,11867,12272.7,11759,12128,12867,11786,12402,13262,12147
Kazakhstan,KAZ,2020-02-29,11186,10842,10566.3,9504,11136,10475,10527,10768,13793,9667
Kazakhstan,KAZ,2020-03-31,12476,8511,11053.9,10587,11180,10980,11519,10582,11034,10810
Kazakhstan,KAZ,2020-04-30,13317,4441,11122.1,12051,10564,9994,10963,11617,9572,9504
Kazakhstan,KAZ,2020-05-31,14202,14358,11189.1,10282,11086,11339,11634,11183,10764,11127
Kazakhstan,KAZ,2020-06-30,12904,14949,10863.7,11336,11128,11039,10333,10061,10722,10346
Kazakhstan,KAZ,2020-07-31,16700,28178,11641.3,12977,10471,10628,11289,12420,10628,11243
Kazakhstan,KAZ,2020-08-31,24342,17835,10570.9,10127,11111,10755,9963,10477,11644,11145
Kazakhstan,KAZ,2020-09-30,19975,13672,10610.7,10880,10846,10282,10089,10535,10247,10152
Kazakhstan,KAZ,2020-10-31,16002,12489,11110.7,10473,10596,11020,11363,11680,10473,11148
Kazakhstan,KAZ,2020-11-30,15862,12388,10724.3,10442,11153,10439,10780,10386,10857,10716
Kazakhstan,KAZ,2020-12-31,13913,13083,10747.5,10434,11017,10218,10269,11378,11713,12591
Kosovo,OWID_KOS,2020-01-31,1252,906,889.8,762,744,826,874,873,900,871
Kosovo,OWID_KOS,2020-02-29,1007,805,814,704,667,750,804,775,987,786
Kosovo,OWID_KOS,2020-03-31,1350,831,848,729,729,707,808,897,763,763
Kosovo,OWID_KOS,2020-04-30,1338,739,791.6,711,718,690,700,769,742,749
Kosovo,OWID_KOS,2020-05-31,943,841,791.8,723,708,701,714,743,746,727
Kosovo,OWID_KOS,2020-06-30,814,854,747.8,573,653,680,720,743,640,662
Kosovo,OWID_KOS,2020-07-31,777,1426,748.4,632,632,652,695,761,736,754
Kosovo,OWID_KOS,2020-08-31,1284,1426,786.8,621,705,692,772,774,717,742
Kosovo,OWID_KOS,2020-09-30,1535,915,756.4,654,650,691,700,717,663,726
Kosovo,OWID_KOS,2020-10-31,893,984,811.6,690,704,751,768,775,737,718
Kosovo,OWID_KOS,2020-11-30,802,1610,793,664,718,744,692,777,748,749
Kosovo,OWID_KOS,2020-12-31,1024,1650,878,739,867,837,751,826,758,770
Kuwait,KWT,2020-01-31,764,599,721.8,596,619,686,708,735,872,714
Kuwait,KWT,2020-02-29,749,607,597.8,504,522,530,575,593,854,656
Kuwait,KWT,2020-03-31,1037,636,635.4,552,551,543,574,692,680,678
Kuwait,KWT,2020-04-30,1098,702,591,523,495,514,550,608,593,599
Kuwait,KWT,2020-05-31,991,1347,596.2,566,510,556,509,575,608,612
Kuwait,KWT,2020-06-30,1032,1235,585.2,558,447,519,548,589,631,577
Kuwait,KWT,2020-07-31,1461,1047,583.6,509,518,544,505,577,643,600
Kuwait,KWT,2020-08-31,1135,907,560.6,476,468,496,535,563,644,585
Kuwait,KWT,2020-09-30,738,878,566.4,481,472,529,526,559,561,542
Kuwait,KWT,2020-10-31,602,906,577.4,490,476,511,583,562,621,611
Kuwait,KWT,2020-11-30,634,903,642.4,567,575,614,570,621,646,629
Kuwait,KWT,2020-12-31,697,802,700.4,659,685,637,624,632,688,633
Kyrgyzstan,KGZ,2020-01-31,2988,3082,2962.8,3051,3188,3147,2781,3085,2871,2817
Kyrgyzstan,KGZ,2020-02-29,2621,2900,2539.2,2840,2567,2572,2565,2590,2977,2513
Kyrgyzstan,KGZ,2020-03-31,3137,2390,2710.4,3041,2705,2751,2887,2606,2955,2734
Kyrgyzstan,KGZ,2020-04-30,3024,1263,2636.6,2727,2684,2634,2749,2827,2568,2162
Kyrgyzstan,KGZ,2020-05-31,2868,2919,2732,2890,2749,2882,2775,2802,2307,2680
Kyrgyzstan,KGZ,2020-06-30,3375,3559,2566.2,2915,2819,2564,2594,2377,3683,2592
Kyrgyzstan,KGZ,2020-07-31,3835,4045,2835.6,3086,2701,2858,2912,3059,2578,2575
Kyrgyzstan,KGZ,2020-08-31,3810,4572,2586.4,2847,2641,2573,2646,2663,2907,2681
Kyrgyzstan,KGZ,2020-09-30,3307,3411,2483.2,2694,2597,2547,2432,2584,2799,2350
Kyrgyzstan,KGZ,2020-10-31,3257,3423,2718.8,2867,2776,2777,2803,2809,1656,2692
Kyrgyzstan,KGZ,2020-11-30,3381,4154,2707.6,2878,2791,2816,2804,2687,931,2786
Kyrgyzstan,KGZ,2020-12-31,3590,4259,3016,2969,3257,3045,3041,3206,3169,2918
Latvia,LVA,2020-01-05,840,603,605,617,684,606,567,586,692,717
Latvia,LVA,2020-01-12,825,591,612.4,608,649,616,555,669,692,750
Latvia,LVA,2020-01-19,795,537,623.8,622,634,631,598,669,661,642
Latvia,LVA,2020-01-26,791,555,607.6,618,670,567,606,612,599,602
Latvia,LVA,2020-02-02,765,560,598.6,624,551,630,587,636,673,582
Latvia,LVA,2020-02-09,709,534,581,573,557,623,568,619,681,571
Latvia,LVA,2020-02-16,682,545,598.8,623,581,637,589,599,736,617
Latvia,LVA,2020-02-23,668,543,617.6,596,565,695,671,596,676,623
Latvia,LVA,2020-03-01,603,523,622.2,607,608,652,707,572,707,564
Latvia,LVA,2020-03-08,610,507,613.4,605,582,641,699,575,663,537
Latvia,LVA,2020-03-15,631,549,586.6,600,604,567,664,533,697,503
Latvia,LVA,2020-03-22,586,546,596.8,565,577,614,706,557,676,571
Latvia,LVA,2020-03-29,611,532,589,555,606,570,687,562,612,498
Latvia,LVA,2020-04-05,558,571,575.6,565,575,602,648,523,610,511
Latvia,LVA,2020-04-12,596,567,568.4,600,566,553,606,552,574,552
Latvia,LVA,2020-04-19,603,514,544.8,570,544,554,582,509,568,594
Latvia,LVA,2020-04-26,630,554,539.4,580,537,534,517,564,569,540
Latvia,LVA,2020-05-03,609,522,503.6,516,520,560,502,455,533,518
Latvia,LVA,2020-05-10,657,453,534.2,513,545,549,554,545,537,515
Latvia,LVA,2020-05-17,609,587,523.8,547,537,543,526,501,545,516
Latvia,LVA,2020-05-24,572,538,515,535,527,488,527,533,530,463
Latvia,LVA,2020-05-31,570,506,519,535,558,510,537,490,538,494
Latvia,LVA,2020-06-07,640,505,495.8,521,492,551,452,498,528,452
Latvia,LVA,2020-06-14,526,523,473.6,459,503,498,455,488,513,515
Latvia,LVA,2020-06-21,714,514,522.2,549,586,515,491,505,558,535
Latvia,LVA,2020-06-28,618,560,492.6,523,527,484,495,469,609,498
Latvia,LVA,2020-07-05,589,516,489,584,464,457,492,483,477,424
Latvia,LVA,2020-07-12,632,472,500.4,487,490,533,534,493,484,430
Latvia,LVA,2020-07-19,513,526,523.6,525,490,516,587,535,512,476
Latvia,LVA,2020-07-26,552,494,489.8,508,474,482,528,492,527,437
Latvia,LVA,2020-08-02,552,493,488,494,465,468,592,456,540,479
Latvia,LVA,2020-08-09,496,501,470.8,523,474,460,484,448,513,483
Latvia,LVA,2020-08-16,553,524,486.8,520,524,501,440,484,573,498
Latvia,LVA,2020-08-23,503,530,489.4,520,550,476,483,453,498,452
Latvia,LVA,2020-08-30,535,473,473.6,470,466,508,486,473,494,439
Latvia,LVA,2020-09-06,605,481,469,438,494,471,521,456,519,453
Latvia,LVA,2020-09-13,561,481,496,478,514,552,466,505,534,484
Latvia,LVA,2020-09-20,624,487,498,505,509,535,513,463,547,474
Latvia,LVA,2020-09-27,654,536,522.8,528,522,534,503,562,586,492
Latvia,LVA,2020-10-04,665,543,530.2,488,550,569,545,534,588,490
Latvia,LVA,2020-10-11,779,508,515.4,514,537,528,501,532,591,497
Latvia,LVA,2020-10-18,925,557,530.2,555,593,525,502,511,551,562
Latvia,LVA,2020-10-25,921,575,514.8,572,478,534,514,511,558,567
Latvia,LVA,2020-11-01,927,559,532.2,550,556,543,538,509,534,577
Latvia,LVA,2020-11-08,895,558,504.8,500,538,500,535,486,510,505
Latvia,LVA,2020-11-15,840,572,521,544,522,572,521,481,590,568
Latvia,LVA,2020-11-22,726,600,530,520,571,560,496,538,593,595
Latvia,LVA,2020-11-29,682,618,530.4,518,534,555,532,548,569,595
Latvia,LVA,2020-12-06,697,669,540.8,537,534,552,572,544,600,638
Latvia,LVA,2020-12-13,655,711,542.4,523,528,578,560,558,680,621
Latvia,LVA,2020-12-20,669,730,582.4,567,610,594,613,563,717,614
Latvia,LVA,2020-12-27,706,820,577,597,571,566,589,597,791,587
Latvia,LVA,2021-01-03,,763,577,,,,,,,
Lebanon,LBN,2020-01-31,4116,2803,2449.3,2291,2360,2688,2275,2654,,
Lebanon,LBN,2020-02-29,3947,2506,2295.5,2211,2381,2506,2179,2222,,
Lebanon,LBN,2020-03-31,4299,2241,2452.5,2502,2329,2599,2454,2400,,
Lebanon,LBN,2020-04-30,3368,1852,2083.9,2183,1987,2141,1983,2147,,
Lebanon,LBN,2020-05-31,2335,2202,2125.9,2043,1600,2282,2513,2213,,
Lebanon,LBN,2020-06-30,1912,1841,1930.1,1904,2034,1853,1893,1988,,
Lebanon,LBN,2020-07-31,2064,1955,1910.1,1850,1734,2077,1925,1986,,
Lebanon,LBN,2020-08-31,2475,2158,1883.9,2006,1867,2110,1708,1750,,
Lebanon,LBN,2020-09-30,2369,2237,1751.7,1888,1925,1512,1700,1755,,
Lebanon,LBN,2020-10-31,2229,2788,2149.7,2126,2133,2217,2415,1879,,
Lebanon,LBN,2020-11-30,2557,2882,2007.9,1975,2161,1957,2035,1933,,
Lebanon,LBN,2020-12-31,3054,3171,2064.7,2296,2106,1905,2016,2022,,
Liechtenstein,LIE,2020-01-31,31,19,25.6,25,33,27,25,15,35,31
Liechtenstein,LIE,2020-02-29,23,30,20.8,22,19,15,20,25,28,21
Liechtenstein,LIE,2020-03-31,16,23,28,30,23,26,36,22,28,26
Liechtenstein,LIE,2020-04-30,29,22,20.8,17,20,15,22,27,19,21
Liechtenstein,LIE,2020-05-31,24,21,19,14,22,19,17,20,19,22
Liechtenstein,LIE,2020-06-30,11,18,20,19,12,22,23,21,19,21
Liechtenstein,LIE,2020-07-31,26,19,22.2,25,27,16,20,20,28,11
Liechtenstein,LIE,2020-08-31,20,23,23.2,22,23,17,28,23,17,22
Liechtenstein,LIE,2020-09-30,18,30,21.4,24,24,15,22,19,23,17
Liechtenstein,LIE,2020-10-31,20,23,23,18,25,29,17,23,17,18
Liechtenstein,LIE,2020-11-30,25,39,22.6,21,17,19,25,28,24,33
Liechtenstein,LIE,2020-12-31,28,52,22.4,15,26,29,19,20,22,27
Lithuania,LTU,2020-01-05,1200,812,815.1,844,845,958,826,842,956,993
Lithuania,LTU,2020-01-12,1195,803,825.7,827,896,979,788,878,941,914
Lithuania,LTU,2020-01-19,1095,787,872.1,905,936,970,879,910,972,814
Lithuania,LTU,2020-01-26,1089,786,863.3,853,906,953,862,982,917,846
Lithuania,LTU,2020-02-02,974,762,863.7,881,913,958,911,895,886,757
Lithuania,LTU,2020-02-09,984,764,851.7,873,891,923,957,854,1036,701
Lithuania,LTU,2020-02-16,933,809,828.3,921,836,877,947,800,981,555
Lithuania,LTU,2020-02-23,784,707,848.3,918,862,905,965,831,947,760
Lithuania,LTU,2020-03-01,873,807,816.7,922,826,828,964,783,891,746
Lithuania,LTU,2020-03-08,898,773,793.5,911,820,790,903,783,897,781
Lithuania,LTU,2020-03-15,825,773,771.5,896,826,763,858,754,891,746
Lithuania,LTU,2020-03-22,832,804,756.5,909,766,765,802,780,887,758
Lithuania,LTU,2020-03-29,771,816,738.5,859,824,771,800,678,840,682
Lithuania,LTU,2020-04-05,896,775,747.7,849,790,757,856,726,814,703
Lithuania,LTU,2020-04-12,842,803,741.1,867,804,761,790,723,792,739
Lithuania,LTU,2020-04-19,870,784,737.3,890,793,749,785,709,884,715
Lithuania,LTU,2020-04-26,823,786,715.3,791,773,778,701,773,802,682
Lithuania,LTU,2020-05-03,881,769,701.1,783,767,742,739,714,771,700
Lithuania,LTU,2020-05-10,866,717,714.9,796,757,793,777,691,717,782
Lithuania,LTU,2020-05-17,837,733,688.3,763,723,762,726,707,737,703
Lithuania,LTU,2020-05-24,817,715,728.5,802,813,771,708,788,733,707
Lithuania,LTU,2020-05-31,832,745,702.5,780,843,691,730,708,628,678
Lithuania,LTU,2020-06-07,816,735,694.1,850,727,723,622,788,757,664
Lithuania,LTU,2020-06-14,804,820,663.7,740,664,703,688,763,735,724
Lithuania,LTU,2020-06-21,917,760,662.9,749,760,723,662,660,745,699
Lithuania,LTU,2020-06-28,687,811,681.1,691,860,700,648,746,884,619
Lithuania,LTU,2020-07-05,825,689,648.7,827,688,668,623,677,688,665
Lithuania,LTU,2020-07-12,883,703,654.1,762,675,711,691,671,653,635
Lithuania,LTU,2020-07-19,700,764,656.7,689,723,697,733,681,692,655
Lithuania,LTU,2020-07-26,752,757,691.1,723,785,741,719,727,722,683
Lithuania,LTU,2020-08-02,722,723,648.5,727,690,647,807,611,770,634
Lithuania,LTU,2020-08-09,788,726,671.1,822,665,707,736,665,689,628
Lithuania,LTU,2020-08-16,804,746,649.5,753,715,680,678,661,875,696
Lithuania,LTU,2020-08-23,789,763,629.3,657,760,595,694,680,784,666
Lithuania,LTU,2020-08-30,771,721,653.1,704,735,728,623,715,670,633
Lithuania,LTU,2020-09-06,866,673,628.7,697,709,688,627,662,679,633
Lithuania,LTU,2020-09-13,916,729,605.3,654,653,679,645,635,783,691
Lithuania,LTU,2020-09-20,973,721,647.7,733,732,714,658,641,708,676
Lithuania,LTU,2020-09-27,1014,784,668.5,726,743,723,682,708,826,693
Lithuania,LTU,2020-10-04,1009,744,688.9,741,760,768,701,714,839,640
Lithuania,LTU,2020-10-11,1081,785,688.5,738,795,742,729,678,784,708
Lithuania,LTU,2020-10-18,1087,836,729.9,859,814,773,711,732,852,712
Lithuania,LTU,2020-10-25,1110,845,723.7,857,810,777,753,661,742,774
Lithuania,LTU,2020-11-01,1049,853,705.1,806,794,788,706,671,699,793
Lithuania,LTU,2020-11-08,1032,877,691.9,739,822,732,686,720,744,745
Lithuania,LTU,2020-11-15,973,952,699.9,815,802,784,681,657,735,741
Lithuania,LTU,2020-11-22,993,1099,698.5,757,776,770,727,702,801,823
Lithuania,LTU,2020-11-29,964,1109,701.9,761,752,721,741,774,788,770
Lithuania,LTU,2020-12-06,965,1238,722.5,786,752,790,843,681,879,836
Lithuania,LTU,2020-12-13,998,1220,696.9,773,759,693,773,726,930,832
Lithuania,LTU,2020-12-20,1075,1371,734.7,786,856,781,770,720,966,831
Lithuania,LTU,2020-12-27,983,1395,774.5,870,873,800,821,748,1041,841
Lithuania,LTU,2021-01-03,,1343,774.5,,,,,,,
Luxembourg,LUX,2020-01-05,102,62,92.6,81,75,95,85,98,98,136
Luxembourg,LUX,2020-01-12,94,85,100.4,87,81,123,100,82,89,103
Luxembourg,LUX,2020-01-19,89,92,93.2,80,85,107,84,81,82,89
Luxembourg,LUX,2020-01-26,109,86,95,94,83,101,85,83,93,91
Luxembourg,LUX,2020-02-02,93,89,103,100,79,110,96,101,90,75
Luxembourg,LUX,2020-02-09,89,90,102.8,100,72,92,115,106,96,91
Luxembourg,LUX,2020-02-16,92,70,103,92,85,86,111,112,98,82
Luxembourg,LUX,2020-02-23,87,85,96.2,115,65,71,112,89,109,81
Luxembourg,LUX,2020-03-01,86,74,93.4,88,82,67,111,90,91,80
Luxembourg,LUX,2020-03-08,114,92,107.8,112,91,89,135,83,89,85
Luxembourg,LUX,2020-03-15,116,87,87.4,84,86,75,85,78,84,96
Luxembourg,LUX,2020-03-22,78,87,91.8,73,91,89,94,83,84,73
Luxembourg,LUX,2020-03-29,77,113,92,88,82,99,70,92,91,89
Luxembourg,LUX,2020-04-05,89,91,89.4,91,78,97,75,77,92,91
Luxembourg,LUX,2020-04-12,73,116,77.4,75,70,63,80,70,86,86
Luxembourg,LUX,2020-04-19,82,88,84.8,80,71,83,83,78,97,92
Luxembourg,LUX,2020-04-26,93,83,80,72,63,90,64,82,94,72
Luxembourg,LUX,2020-05-03,79,69,77.6,61,76,74,67,81,73,101
Luxembourg,LUX,2020-05-10,63,87,76.2,68,68,73,77,66,79,94
Luxembourg,LUX,2020-05-17,85,80,77.2,65,77,63,75,77,77,82
Luxembourg,LUX,2020-05-24,68,77,82.2,62,82,72,84,82,63,73
Luxembourg,LUX,2020-05-31,64,77,75,77,72,64,53,80,95,74
Luxembourg,LUX,2020-06-07,80,73,79.6,71,62,76,89,71,72,71
Luxembourg,LUX,2020-06-14,85,70,80.4,65,81,86,74,67,87,75
Luxembourg,LUX,2020-06-21,69,78,72.4,76,71,66,57,63,73,76
Luxembourg,LUX,2020-06-28,87,67,74.6,54,49,72,77,92,60,67
Luxembourg,LUX,2020-07-05,78,70,81,87,70,71,77,71,85,74
Luxembourg,LUX,2020-07-12,85,73,86.2,88,80,85,63,86,85,60
Luxembourg,LUX,2020-07-19,67,73,78,69,77,76,69,70,80,72
Luxembourg,LUX,2020-07-26,64,71,80.6,57,74,83,88,72,94,84
Luxembourg,LUX,2020-08-02,75,91,80.8,73,64,66,100,72,87,79
Luxembourg,LUX,2020-08-09,75,93,80.4,68,69,59,95,82,85,71
Luxembourg,LUX,2020-08-16,63,99,79.8,71,72,67,81,79,89,84
Luxembourg,LUX,2020-08-23,72,72,73,73,69,71,58,65,67,80
Luxembourg,LUX,2020-08-30,84,61,81.8,70,85,76,72,77,68,77
Luxembourg,LUX,2020-09-06,92,86,81.8,73,71,75,88,73,74,78
Luxembourg,LUX,2020-09-13,72,73,79.6,80,73,78,60,78,81,87
Luxembourg,LUX,2020-09-20,69,87,73.2,65,61,79,60,72,72,63
Luxembourg,LUX,2020-09-27,90,75,86.6,70,77,88,84,85,83,95
Luxembourg,LUX,2020-10-04,95,82,83,65,69,78,91,83,85,85
Luxembourg,LUX,2020-10-11,67,69,90.6,68,85,94,90,87,93,99
Luxembourg,LUX,2020-10-18,79,87,80.6,66,80,80,86,62,90,90
Luxembourg,LUX,2020-10-25,113,93,80.2,73,71,84,61,83,77,81
Luxembourg,LUX,2020-11-01,102,98,91,84,72,84,83,103,84,100
Luxembourg,LUX,2020-11-08,101,113,88.8,74,76,77,98,90,81,101
Luxembourg,LUX,2020-11-15,89,117,85,67,82,75,70,102,81,92
Luxembourg,LUX,2020-11-22,100,126,90.8,78,73,96,89,89,92,76
Luxembourg,LUX,2020-11-29,105,134,80,61,79,70,72,89,96,87
Luxembourg,LUX,2020-12-06,90,110,84.4,59,81,97,69,87,86,96
Luxembourg,LUX,2020-12-13,89,126,88.6,76,86,78,85,89,76,96
Luxembourg,LUX,2020-12-20,109,105,89.6,83,76,85,92,83,92,95
Luxembourg,LUX,2020-12-27,122,117,90,56,93,96,81,95,118,86
Luxembourg,LUX,2021-01-03,,98,90,,,,,,,
Macao,MAC,2020-01-31,212,201,218.1,193,250,167,188,245,206,818
Macao,MAC,2020-02-29,193,187,184.3,163,203,151,170,187,191,199
Macao,MAC,2020-03-31,188,167,195.7,186,205,189,165,186,218,208
Macao,MAC,2020-04-30,187,189,182.9,167,185,168,156,191,210,203
Macao,MAC,2020-05-31,181,165,182.3,132,206,176,163,187,203,211
Macao,MAC,2020-06-30,194,178,181.9,181,175,178,157,171,228,197
Macao,MAC,2020-07-31,178,187,193.1,170,198,179,180,191,205,177
Macao,MAC,2020-08-31,201,206,188.1,163,148,212,174,196,202,177
Macao,MAC,2020-09-30,178,184,171.5,162,140,154,164,190,163,197
Macao,MAC,2020-10-31,196,184,174.9,158,157,187,177,148,190,183
Macao,MAC,2020-11-30,181,192,177.3,141,191,162,177,168,203,193
Macao,MAC,2020-12-31,231,190,208.1,186,190,197,198,222,785,218
Malaysia,MYS,2020-01-31,16184,16028,15447.5,14073,13281,14333,14960,14872,16799,16767
Malaysia,MYS,2020-02-29,14332,13827,14331.5,12247,12885,13412,13996,13399,15934,15324
Malaysia,MYS,2020-03-31,15391,14676,15593.7,13397,14660,14458,14985,14750,21611,16602
Malaysia,MYS,2020-04-30,14895,13038,14791.9,12310,13861,13718,14224,14128,16577,16752
Malaysia,MYS,2020-05-31,18089,13886,15222.9,13152,13658,14633,14413,14540,17013,18206
Malaysia,MYS,2020-06-30,17756,13317,14868.5,12824,13038,13995,14033,14734,16376,16276
Malaysia,MYS,2020-07-31,24520,13659,15424.3,13497,13982,14613,14461,14850,19112,16742
Malaysia,MYS,2020-08-31,26799,13950,15023.7,13312,13906,13576,14278,14328,16380,16389
Malaysia,MYS,2020-09-30,22287,13249,14266.9,12299,13026,13295,13417,13579,16349,14307
Malaysia,MYS,2020-10-31,19439,13880,14820.9,12969,13083,14229,13823,14282,16405,15891
Malaysia,MYS,2020-11-30,17165,12846,14685.9,12529,13050,13303,14144,14685,16684,15969
Malaysia,MYS,2020-12-31,17712,14151,15633.1,13177,13771,14603,15297,15599,17285,17473
Maldives,MDV,2020-01-31,98,114,102.7,94,122,97,114,110,,
Maldives,MDV,2020-02-29,102,96,93.7,91,121,104,98,78,,
Maldives,MDV,2020-03-31,104,109,112.9,107,129,134,117,101,,
Maldives,MDV,2020-04-30,129,91,96.5,114,97,109,99,87,,
Maldives,MDV,2020-05-31,186,109,92.7,87,104,94,113,89,,
Maldives,MDV,2020-06-30,178,91,86.9,88,98,103,89,80,,
Maldives,MDV,2020-07-31,115,115,87.1,73,83,105,100,98,,
Maldives,MDV,2020-08-31,106,129,88.1,91,109,88,91,85,,
Maldives,MDV,2020-09-30,114,112,84.7,92,94,90,93,78,,
Maldives,MDV,2020-10-31,149,103,90.1,97,80,106,100,91,,
Maldives,MDV,2020-11-30,116,110,86.5,98,88,94,90,86,,
Maldives,MDV,2020-12-31,116,96,92.5,98,101,117,112,58,,
Malta,MLT,2020-01-05,93,73,101.2,85,86,103,108,99,97,100
Malta,MLT,2020-01-12,85,93,89.2,93,69,98,74,87,93,96
Malta,MLT,2020-01-19,118,107,103.8,93,82,117,86,116,124,84
Malta,MLT,2020-01-26,93,88,92.4,72,71,107,82,105,121,116
Malta,MLT,2020-02-02,90,77,91,84,73,94,77,102,112,90
Malta,MLT,2020-02-09,94,90,92.2,78,102,84,85,87,115,87
Malta,MLT,2020-02-16,110,72,87,93,63,77,99,78,103,82
Malta,MLT,2020-02-23,109,74,93.2,100,57,89,107,88,82,91
Malta,MLT,2020-03-01,108,69,86.6,95,53,63,90,107,104,90
Malta,MLT,2020-03-08,105,70,84.2,75,64,78,91,88,100,91
Malta,MLT,2020-03-15,94,90,77.8,95,60,60,77,72,84,93
Malta,MLT,2020-03-22,86,105,81.2,81,66,71,76,87,80,68
Malta,MLT,2020-03-29,77,81,72.6,76,57,74,56,75,81,69
Malta,MLT,2020-04-05,66,75,76.8,69,68,68,79,75,106,80
Malta,MLT,2020-04-12,70,79,71.6,74,58,70,63,68,77,66
Malta,MLT,2020-04-19,65,93,72,65,58,69,68,75,85,75
Malta,MLT,2020-04-26,59,57,65.8,56,54,62,68,64,87,75
Malta,MLT,2020-05-03,70,75,71.2,63,57,66,73,72,73,80
Malta,MLT,2020-05-10,77,72,70.2,54,67,67,68,70,72,80
Malta,MLT,2020-05-17,75,71,65.4,49,61,58,71,63,71,67
Malta,MLT,2020-05-24,78,53,66.2,69,58,57,72,50,56,58
Malta,MLT,2020-05-31,53,68,70.6,54,67,65,69,73,63,67
Malta,MLT,2020-06-07,59,65,62.8,61,54,57,64,53,79,75
Malta,MLT,2020-06-14,69,58,69.2,66,53,53,75,74,80,61
Malta,MLT,2020-06-21,57,62,60.8,50,58,49,59,63,68,79
Malta,MLT,2020-06-28,94,49,63.8,50,43,65,64,72,61,61
Malta,MLT,2020-07-05,68,71,64.4,53,65,62,62,55,88,77
Malta,MLT,2020-07-12,79,66,65.2,58,73,42,60,68,76,84
Malta,MLT,2020-07-19,64,66,59.2,48,50,54,69,50,83,90
Malta,MLT,2020-07-26,62,62,67.2,68,51,62,65,65,67,133
Malta,MLT,2020-08-02,97,70,68,65,47,77,58,68,67,72
Malta,MLT,2020-08-09,97,71,68,58,57,74,54,72,79,72
Malta,MLT,2020-08-16,74,80,63,55,62,58,59,56,64,73
Malta,MLT,2020-08-23,77,83,61.2,47,65,59,64,46,55,73
Malta,MLT,2020-08-30,70,73,65,63,54,56,65,62,67,70
Malta,MLT,2020-09-06,72,71,66.8,60,65,55,55,74,75,70
Malta,MLT,2020-09-13,73,64,65.6,61,57,58,67,60,77,75
Malta,MLT,2020-09-20,50,64,58.8,53,67,40,56,53,56,63
Malta,MLT,2020-09-27,85,80,60.2,54,64,49,61,48,66,51
Malta,MLT,2020-10-04,66,84,61.6,47,58,55,60,63,75,64
Malta,MLT,2020-10-11,54,71,65.8,54,68,63,72,47,70,83
Malta,MLT,2020-10-18,87,62,68.6,67,76,61,51,63,83,61
Malta,MLT,2020-10-25,57,67,65.2,63,46,52,72,68,73,74
Malta,MLT,2020-11-01,72,90,65.4,67,60,75,49,51,80,58
Malta,MLT,2020-11-08,64,86,63.2,37,62,55,74,63,76,73
Malta,MLT,2020-11-15,82,97,72.2,60,66,78,66,66,77,62
Malta,MLT,2020-11-22,82,90,69.4,62,70,60,55,75,81,66
Malta,MLT,2020-11-29,80,93,73.8,69,62,68,69,76,66,64
Malta,MLT,2020-12-06,77,108,73,68,67,76,71,58,81,71
Malta,MLT,2020-12-13,88,102,75,61,78,76,78,57,79,84
Malta,MLT,2020-12-20,109,111,74.8,61,78,78,59,73,99,85
Malta,MLT,2020-12-27,100,114,91.2,74,81,92,100,84,86,93
Malta,MLT,2021-01-03,,90,91.2,,,,,,,
Martinique,MTQ,2020-01-05,74,51,66.9,61,62,72,55,56,84,77
Martinique,MTQ,2020-01-12,71,66,74.5,54,56,78,86,70,99,62
Martinique,MTQ,2020-01-19,65,70,72.5,58,75,66,66,69,96,74
Martinique,MTQ,2020-01-26,60,50,67.3,57,62,63,60,66,85,75
Martinique,MTQ,2020-02-02,70,72,67.9,49,62,60,74,66,101,55
Martinique,MTQ,2020-02-09,56,69,69.9,55,66,65,69,66,93,55
Martinique,MTQ,2020-02-16,69,59,72.7,78,65,56,65,71,86,68
Martinique,MTQ,2020-02-23,63,69,72.3,61,64,72,67,69,87,57
Martinique,MTQ,2020-03-01,62,56,75.5,68,72,63,68,78,96,76
Martinique,MTQ,2020-03-08,75,77,70.1,61,51,60,72,78,82,72
Martinique,MTQ,2020-03-15,69,62,70.7,64,68,75,52,66,81,72
Martinique,MTQ,2020-03-22,66,73,73.1,52,61,77,63,84,79,64
Martinique,MTQ,2020-03-29,67,66,67.7,55,69,59,64,63,71,60
Martinique,MTQ,2020-04-05,74,79,67.7,57,57,59,65,72,74,77
Martinique,MTQ,2020-04-12,61,72,64.1,71,49,51,48,73,57,68
Martinique,MTQ,2020-04-19,70,66,62.9,56,67,61,44,58,70,77
Martinique,MTQ,2020-04-26,70,60,70.7,47,70,72,72,64,71,80
Martinique,MTQ,2020-05-03,75,64,65.1,60,66,61,51,59,65,59
Martinique,MTQ,2020-05-10,51,79,63.3,47,53,59,55,74,85,84
Martinique,MTQ,2020-05-17,65,67,66.3,61,57,59,67,59,85,78
Martinique,MTQ,2020-05-24,86,61,71.3,54,65,55,70,84,95,62
Martinique,MTQ,2020-05-31,80,72,66.7,69,48,72,61,55,97,83
Martinique,MTQ,2020-06-07,75,51,71.5,62,62,65,68,72,98,76
Martinique,MTQ,2020-06-14,74,71,71.7,62,65,57,81,65,101,86
Martinique,MTQ,2020-06-21,84,79,64.7,61,58,50,58,68,99,68
Martinique,MTQ,2020-06-28,64,62,68.1,58,60,62,52,80,100,70
Martinique,MTQ,2020-07-05,82,66,74.1,58,76,76,61,71,95,63
Martinique,MTQ,2020-07-12,74,68,69.1,51,56,47,76,87,78,69
Martinique,MTQ,2020-07-19,84,65,69.9,58,55,72,66,70,52,71
Martinique,MTQ,2020-07-26,120,62,68.9,53,65,68,54,76,73,83
Martinique,MTQ,2020-08-02,181,65,71.1,58,70,63,54,82,83,84
Martinique,MTQ,2020-08-09,206,60,67.9,58,52,53,69,79,94,102
Martinique,MTQ,2020-08-16,219,75,71.3,60,78,66,59,65,66,77
Martinique,MTQ,2020-08-23,183,74,74.3,70,77,68,63,65,72,112
Martinique,MTQ,2020-08-30,182,68,64.3,48,62,69,58,56,83,99
Martinique,MTQ,2020-09-06,157,74,76.3,71,57,78,78,69,84,89
Martinique,MTQ,2020-09-13,107,93,66.1,67,58,50,62,65,86,88
Martinique,MTQ,2020-09-20,111,103,67.9,60,61,58,69,63,82,82
Martinique,MTQ,2020-09-27,88,82,62.9,59,53,55,63,56,69,85
Martinique,MTQ,2020-10-04,88,77,70.5,63,51,74,62,74,61,71
Martinique,MTQ,2020-10-11,95,74,63.3,40,57,56,62,73,69,72
Martinique,MTQ,2020-10-18,81,70,66.9,60,70,58,56,62,81,61
Martinique,MTQ,2020-10-25,80,67,63.3,51,55,63,66,53,69,75
Martinique,MTQ,2020-11-01,67,67,61.7,60,59,54,48,59,76,81
Martinique,MTQ,2020-11-08,75,66,65.5,56,63,58,49,73,89,65
Martinique,MTQ,2020-11-15,65,85,63.5,53,67,40,67,62,57,58
Martinique,MTQ,2020-11-22,89,68,62.5,43,54,54,61,72,78,69
Martinique,MTQ,2020-11-29,78,66,66.9,65,79,55,47,60,60,53
Martinique,MTQ,2020-12-06,81,59,67.5,63,63,53,67,63,70,64
Martinique,MTQ,2020-12-13,65,70,66.9,57,71,58,61,59,76,63
Martinique,MTQ,2020-12-20,93,60,74.7,60,83,65,70,67,73,75
Martinique,MTQ,2020-12-27,66,68,75.5,59,82,62,72,74,80,58
Martinique,MTQ,2021-01-03,,59,75.5,,,,,,,
Mauritius,MUS,2020-01-31,955,965,989.1,845,904,837,907,1019,1134,1004
Mauritius,MUS,2020-02-29,853,845,872.9,711,825,706,846,843,1071,930
Mauritius,MUS,2020-03-31,952,929,974.3,773,903,867,941,954,1306,931
Mauritius,MUS,2020-04-30,864,850,890.3,758,733,789,865,873,980,907
Mauritius,MUS,2020-05-31,888,893,930.7,771,858,835,868,888,1008,1054
Mauritius,MUS,2020-06-30,952,910,897.7,795,775,784,881,820,1020,912
Mauritius,MUS,2020-07-31,1012,1006,1076.9,847,1006,1001,1032,1065,1252,1003
Mauritius,MUS,2020-08-31,1178,1002,1017.9,905,883,945,905,1018,1201,991
Mauritius,MUS,2020-09-30,1203,906,993.3,829,928,898,906,972,1002,943
Mauritius,MUS,2020-10-31,1220,932,948.7,804,855,845,888,918,1002,1015
Mauritius,MUS,2020-11-30,1761,899,898.7,840,758,782,848,832,970,995
Mauritius,MUS,2020-12-31,1436,923,954.3,869,746,851,900,972,992,1154
Mayotte,MYT,2020-01-05,26,13,13.8,8,14,14,14,10,27,14
Mayotte,MYT,2020-01-12,19,17,15.8,12,9,9,25,15,29,18
Mayotte,MYT,2020-01-19,20,16,14.8,13,11,11,18,12,31,20
Mayotte,MYT,2020-01-26,23,14,18.8,15,17,19,13,21,23,14
Mayotte,MYT,2020-02-02,22,10,15.4,18,12,7,20,11,16,18
Mayotte,MYT,2020-02-09,49,28,15.8,13,18,14,14,11,13,22
Mayotte,MYT,2020-02-16,48,14,16.8,18,17,17,14,9,11,16
Mayotte,MYT,2020-02-23,46,23,13.8,9,8,15,11,17,17,14
Mayotte,MYT,2020-03-01,38,22,15,11,12,15,10,18,19,10
Mayotte,MYT,2020-03-08,34,16,17.8,13,17,26,14,10,24,22
Mayotte,MYT,2020-03-15,21,20,16,12,13,18,13,15,15,21
Mayotte,MYT,2020-03-22,20,23,14.4,5,15,15,9,19,19,15
Mayotte,MYT,2020-03-29,22,20,17.8,14,15,9,20,22,18,22
Mayotte,MYT,2020-04-05,15,29,13,8,10,15,9,14,15,16
Mayotte,MYT,2020-04-12,18,23,16,10,11,16,17,17,16,13
Mayotte,MYT,2020-04-19,18,33,14,12,11,7,9,22,17,25
Mayotte,MYT,2020-04-26,15,12,15.8,12,18,11,11,18,16,13
Mayotte,MYT,2020-05-03,8,26,17.2,5,22,13,16,21,17,16
Mayotte,MYT,2020-05-10,28,19,17.2,11,13,19,15,19,15,14
Mayotte,MYT,2020-05-17,13,24,10.6,14,4,11,7,8,18,11
Mayotte,MYT,2020-05-24,17,20,15.4,11,15,15,15,12,14,20
Mayotte,MYT,2020-05-31,21,21,11.2,6,4,12,17,8,16,18
Mayotte,MYT,2020-06-07,11,13,15.8,8,18,18,14,12,12,19
Mayotte,MYT,2020-06-14,13,22,15.6,12,14,12,14,17,19,12
Mayotte,MYT,2020-06-21,13,9,13.6,18,13,7,8,13,22,14
Mayotte,MYT,2020-06-28,16,13,14,9,11,14,15,12,15,13
Mayotte,MYT,2020-07-05,18,17,14.2,11,11,15,12,13,14,14
Mayotte,MYT,2020-07-12,14,18,12.8,10,7,9,11,18,18,18
Mayotte,MYT,2020-07-19,16,11,14.2,10,13,13,13,13,12,14
Mayotte,MYT,2020-07-26,16,18,16.8,17,19,10,15,14,12,12
Mayotte,MYT,2020-08-02,10,20,16.4,15,13,12,16,17,13,11
Mayotte,MYT,2020-08-09,18,15,13.6,10,15,10,13,11,15,14
Mayotte,MYT,2020-08-16,22,20,16.2,9,17,17,13,16,20,16
Mayotte,MYT,2020-08-23,21,19,14,8,11,13,10,19,17,17
Mayotte,MYT,2020-08-30,13,14,14,20,10,11,9,11,21,18
Mayotte,MYT,2020-09-06,21,16,19.6,22,13,14,21,19,20,24
Mayotte,MYT,2020-09-13,23,10,13.4,11,10,12,17,8,28,21
Mayotte,MYT,2020-09-20,22,16,12.2,11,12,10,11,8,25,17
Mayotte,MYT,2020-09-27,23,23,11.8,12,9,9,11,9,15,18
Mayotte,MYT,2020-10-04,18,14,18,17,15,17,12,20,16,13
Mayotte,MYT,2020-10-11,22,10,11.4,9,9,15,9,6,23,19
Mayotte,MYT,2020-10-18,15,14,14.6,8,14,12,16,14,16,15
Mayotte,MYT,2020-10-25,18,12,18.4,13,15,16,16,23,12,17
Mayotte,MYT,2020-11-01,18,14,18,17,7,23,14,20,14,9
Mayotte,MYT,2020-11-08,21,18,14.2,10,11,13,18,10,19,22
Mayotte,MYT,2020-11-15,18,15,14.2,14,17,7,10,14,24,17
Mayotte,MYT,2020-11-22,15,21,16.2,12,14,12,16,18,15,16
Mayotte,MYT,2020-11-29,15,11,14.4,4,19,11,15,14,12,23
Mayotte,MYT,2020-12-06,21,24,16.8,9,13,25,16,12,22,29
Mayotte,MYT,2020-12-13,21,19,14,13,8,10,13,17,22,26
Mayotte,MYT,2020-12-20,36,17,16.8,12,20,16,16,11,18,33
Mayotte,MYT,2020-12-27,29,22,14,10,13,18,10,10,18,24
Mayotte,MYT,2021-01-03,,14,14,,,,,,,
Mexico,MEX,2020-01-05,36896,16958,16767,15101,14299,14312,16721,17723,18378,18245
Mexico,MEX,2020-01-12,44109,17054,16604.6,15449,14540,14583,16170,16602,20392,16868
Mexico,MEX,2020-01-19,45318,16527,16441.8,14820,14557,14163,16738,16252,24684,16727
Mexico,MEX,2020-01-26,37251,15902,16155.2,14172,14902,14118,16041,15864,33466,15964
Mexico,MEX,2020-02-02,32443,15525,16108.6,13628,15160,14444,15770,15862,28189,15558
Mexico,MEX,2020-02-09,27377,16029,16121.8,13914,15691,14330,15306,15689,23865,15718
Mexico,MEX,2020-02-16,25816,15186,15830.4,13550,15725,14165,14588,15445,21140,15576
Mexico,MEX,2020-02-23,24498,14772,15548.8,13799,15034,14278,14199,14755,18203,15000
Mexico,MEX,2020-03-01,21004,14301,15325.2,13054,14797,14456,14001,14639,16446,14787
Mexico,MEX,2020-03-08,20241,14299,14959.2,12979,14351,13844,13552,14391,15856,14455
Mexico,MEX,2020-03-15,18975,14118,14679.2,12498,14025,13948,13497,13749,14828,13887
Mexico,MEX,2020-03-22,18225,13398,14604.4,13133,13418,13878,13254,13660,14139,14550
Mexico,MEX,2020-03-29,17407,13942,14311.4,12066,13411,13307,13191,13903,14532,14314
Mexico,MEX,2020-04-05,17797,13737,14392.4,12477,12710,13470,13577,14049,13911,14421
Mexico,MEX,2020-04-12,17398,14238,14023.8,12202,12422,13210,12888,13718,13983,14058
Mexico,MEX,2020-04-19,16418,15244,13889.8,11796,11939,13212,13080,13743,13776,15539
Mexico,MEX,2020-04-26,15945,17339,14060.2,12403,12481,13363,12657,13718,13133,13893
Mexico,MEX,2020-05-03,15569,19079,13983.8,11763,12723,13016,13040,13698,14189,14568
Mexico,MEX,2020-05-10,15205,20880,13932,12059,12478,12868,12784,13792,14327,14423
Mexico,MEX,2020-05-17,14765,22581,14003.4,11732,12483,13361,13172,13590,14272,14209
Mexico,MEX,2020-05-24,14853,23508,14200.8,11856,13019,13165,13125,14160,13638,14218
Mexico,MEX,2020-05-31,14475,23452,13804.8,11608,12222,12510,13567,13438,13560,14345
Mexico,MEX,2020-06-07,14675,24494,13745.2,11876,12011,12753,13025,13382,14191,14243
Mexico,MEX,2020-06-14,14898,25135,13591,11709,11994,12724,12451,13398,13919,16593
Mexico,MEX,2020-06-21,14948,25443,13790.8,11510,12117,13154,12932,13562,13894,17101
Mexico,MEX,2020-06-28,15223,25169,13582,11571,12203,12736,12610,13111,14558,13973
Mexico,MEX,2020-07-05,16134,26160,13708.8,11583,12439,12502,12845,13496,14735,13849
Mexico,MEX,2020-07-12,17250,27180,13708,11538,12241,12822,13114,13146,15741,14189
Mexico,MEX,2020-07-19,19260,27162,13824,12003,12316,12512,13334,13276,16081,14407
Mexico,MEX,2020-07-26,21777,26404,13880.2,11947,12141,12923,13455,13256,15636,13610
Mexico,MEX,2020-08-02,24788,25351,13955.6,12083,12456,12967,12997,13596,15742,15576
Mexico,MEX,2020-08-09,26958,24155,13679.4,12237,12173,12464,12602,13242,15111,14439
Mexico,MEX,2020-08-16,28630,23015,13738.8,11739,12261,12638,12767,13610,14631,13730
Mexico,MEX,2020-08-23,27792,22055,13564.4,11670,12245,12432,12503,13293,14145,13422
Mexico,MEX,2020-08-30,27428,21159,13500.4,11680,12137,12172,12811,13023,13965,13831
Mexico,MEX,2020-09-06,25488,20504,13621.4,11668,12285,12933,12556,12986,13967,13750
Mexico,MEX,2020-09-13,24215,19733,13808,11814,12491,13333,12780,12943,14047,14045
Mexico,MEX,2020-09-20,22297,19113,13967,11957,12203,13164,12994,13838,14261,14456
Mexico,MEX,2020-09-27,20815,19199,13694.2,11560,12300,12604,12807,13521,14005,17340
Mexico,MEX,2020-10-04,19658,18785,14010.6,12484,12500,13026,12931,13433,14211,13430
Mexico,MEX,2020-10-11,18423,19164,13995.6,12397,12201,13031,13232,13438,14383,13296
Mexico,MEX,2020-10-18,17245,19212,14069.6,12063,12365,13390,13115,13736,13858,13524
Mexico,MEX,2020-10-25,16700,20018,14133.6,12221,12506,13216,13435,13611,14286,13908
Mexico,MEX,2020-11-01,16755,20698,14367.2,12153,12735,13538,13772,13959,14439,14156
Mexico,MEX,2020-11-08,16681,21865,14378,12543,12478,13258,13897,14035,14534,14518
Mexico,MEX,2020-11-15,16865,22089,14556,12217,12837,13197,14612,14238,14744,14209
Mexico,MEX,2020-11-22,16361,22669,15095.6,12542,13616,13584,15202,14855,15860,14587
Mexico,MEX,2020-11-29,16595,22905,14925.4,12597,13678,14233,14647,13793,16035,15583
Mexico,MEX,2020-12-06,16406,23890,15020.4,12830,13396,14470,14833,13894,16051,14990
Mexico,MEX,2020-12-13,16708,25674,15675.6,13526,13697,16334,15216,13926,16488,15818
Mexico,MEX,2020-12-20,17278,26873,15709.4,13542,13784,15557,16440,13545,17540,
Mexico,MEX,2020-12-27,17875,29989,16576.8,14351,14313,15492,17373,15676,18918,
Mexico,MEX,2021-01-03,,33169,16576.8,,,,,,,
Moldova,MDA,2020-01-31,4128,3477,3793.5,4013,3964,4312,3623,3992,3906,3495
Moldova,MDA,2020-02-29,3691,3098,3131.3,3476,3472,3274,3094,3277,3786,2878
Moldova,MDA,2020-03-31,4908,2708,3199.3,3681,3317,3247,3468,3220,3320,3203
Moldova,MDA,2020-04-30,4345,2275,2909.5,3578,3044,2964,3032,2866,2932,2709
Moldova,MDA,2020-05-31,3378,3873,3011.5,3282,3153,3093,3038,3428,2769,2945
Moldova,MDA,2020-06-30,3024,3339,2769.7,3023,3209,2884,2844,2825,2543,2566
Moldova,MDA,2020-07-31,2946,3355,2570.1,3070,2918,2442,2653,2704,2693,2343
Moldova,MDA,2020-08-31,2499,2707,2475.1,2682,2626,2748,2545,2711,2665,2473
Moldova,MDA,2020-09-30,3574,3467,2633.3,2898,2925,2620,3002,2658,2556,2638
Moldova,MDA,2020-10-31,4764,3829,2961.3,3320,3123,3010,3261,3029,2898,2697
Moldova,MDA,2020-11-30,4713,3736,3068.5,3391,3268,3170,3411,3039,2854,2819
Moldova,MDA,2020-12-31,3416,4852,3051.3,3469,3470,3004,3205,3045,3235,
Monaco,MCO,2020-01-31,67,46,50.1,60,48,43,72,41,53,
Monaco,MCO,2020-02-29,71,36,43.3,70,37,47,37,39,34,
Monaco,MCO,2020-03-31,66,54,41.9,50,39,40,45,49,50,
Monaco,MCO,2020-04-30,40,46,39.9,42,44,33,47,47,49,
Monaco,MCO,2020-05-31,59,38,37.3,38,40,43,38,41,42,
Monaco,MCO,2020-06-30,27,40,35.9,45,42,38,31,37,40,
Monaco,MCO,2020-07-31,41,38,40.1,54,43,37,32,48,42,
Monaco,MCO,2020-08-31,46,44,36.1,38,38,36,45,37,40,
Monaco,MCO,2020-09-30,46,45,38.3,48,35,35,45,42,47,
Monaco,MCO,2020-10-31,50,50,42.3,43,56,40,39,47,47,
Monaco,MCO,2020-11-30,36,43,49.5,66,39,56,50,50,38,
Monaco,MCO,2020-12-31,58,54,40.7,38,42,46,41,50,46,
Mongolia,MNG,2020-01-31,1151,1366,1484.9,1340,1317,1357,1486,1573,1345,1430
Mongolia,MNG,2020-02-29,1237,1298,1371.1,1292,1372,1112,1370,1358,1487,1336
Mongolia,MNG,2020-03-31,1381,1292,1508.1,1445,1457,1428,1486,1373,1496,1587
Mongolia,MNG,2020-04-30,1484,1310,1415.3,1302,1411,1206,1375,1431,1558,1344
Mongolia,MNG,2020-05-31,1403,1288,1490.9,1360,1441,1362,1432,1508,1506,1323
Mongolia,MNG,2020-06-30,1715,1306,1398.7,1418,1297,1280,1367,1280,1424,1593
Mongolia,MNG,2020-07-31,1819,1402,1446.5,1318,1341,1279,1533,1410,1438,1519
Mongolia,MNG,2020-08-31,1678,1331,1436.9,1315,1355,1347,1391,1425,1609,1442
Mongolia,MNG,2020-09-30,2026,1405,1458.9,1457,1301,1360,1460,1365,1490,1347
Mongolia,MNG,2020-10-31,2302,1427,1467.1,1348,1255,1378,1461,1542,1485,1325
Mongolia,MNG,2020-11-30,1950,1278,1382.5,1294,1348,1292,1361,1266,1472,1596
Mongolia,MNG,2020-12-31,1785,1219,1563.3,1485,1286,1411,1609,1674,1671,1691
Montenegro,MNE,2020-01-05,200,86,154.2,142,126,191,155,141,188,138
Montenegro,MNE,2020-01-12,179,118,153.4,140,129,203,127,152,221,150
Montenegro,MNE,2020-01-19,194,145,154.8,148,126,189,153,142,236,142
Montenegro,MNE,2020-01-26,173,133,147,128,155,146,119,171,261,146
Montenegro,MNE,2020-02-02,203,139,150.2,134,123,173,136,169,228,118
Montenegro,MNE,2020-02-09,205,150,136.2,141,124,143,115,142,177,134
Montenegro,MNE,2020-02-16,211,130,131,126,122,120,131,140,170,145
Montenegro,MNE,2020-02-23,220,142,149.4,162,116,133,150,170,164,148
Montenegro,MNE,2020-03-01,221,119,144.4,155,130,134,158,129,130,133
Montenegro,MNE,2020-03-08,212,141,142,163,123,115,144,149,130,134
Montenegro,MNE,2020-03-15,232,113,123.6,122,118,115,126,121,129,122
Montenegro,MNE,2020-03-22,184,126,134.4,140,144,130,126,116,130,123
Montenegro,MNE,2020-03-29,222,150,120,106,115,114,135,114,127,100
Montenegro,MNE,2020-04-05,197,118,139.4,137,136,140,151,117,130,120
Montenegro,MNE,2020-04-12,187,122,122.2,114,107,127,127,120,109,139
Montenegro,MNE,2020-04-19,193,113,120.6,121,111,116,100,139,130,133
Montenegro,MNE,2020-04-26,189,101,127.2,138,112,122,125,123,112,112
Montenegro,MNE,2020-05-03,155,112,124,108,125,105,130,136,115,111
Montenegro,MNE,2020-05-10,166,95,112.6,98,119,93,127,110,127,110
Montenegro,MNE,2020-05-17,156,115,113.2,123,99,117,102,109,129,125
Montenegro,MNE,2020-05-24,111,113,114.2,98,110,121,109,117,142,130
Montenegro,MNE,2020-05-31,144,115,113.2,114,112,122,111,91,127,119
Montenegro,MNE,2020-06-07,96,112,124.6,125,128,123,110,121,123,134
Montenegro,MNE,2020-06-14,138,113,124.8,116,121,121,116,134,,118
Montenegro,MNE,2020-06-21,125,101,118.2,89,142,116,102,126,108,120
Montenegro,MNE,2020-06-28,132,115,121.8,89,120,127,126,131,116,118
Montenegro,MNE,2020-07-05,137,154,114.2,102,109,119,108,117,135,120
Montenegro,MNE,2020-07-12,116,137,117.2,136,98,117,107,112,128,121
Montenegro,MNE,2020-07-19,132,146,116.4,118,116,103,117,112,127,115
Montenegro,MNE,2020-07-26,147,156,132.8,158,123,120,124,123,143,125
Montenegro,MNE,2020-08-02,136,151,122.6,114,128,128,120,107,139,112
Montenegro,MNE,2020-08-09,182,130,126,124,100,149,129,112,125,125
Montenegro,MNE,2020-08-16,167,112,112.2,97,104,119,96,129,121,98
Montenegro,MNE,2020-08-23,181,137,113.2,85,119,103,122,121,115,107
Montenegro,MNE,2020-08-30,168,138,108.6,87,109,92,120,119,133,104
Montenegro,MNE,2020-09-06,178,148,123,125,124,102,124,124,113,133
Montenegro,MNE,2020-09-13,193,123,111.6,96,105,103,116,122,109,107
Montenegro,MNE,2020-09-20,187,131,117.2,116,117,100,125,112,113,109
Montenegro,MNE,2020-09-27,187,154,117,92,131,141,99,106,124,124
Montenegro,MNE,2020-10-04,173,149,129,138,123,114,133,121,112,118
Montenegro,MNE,2020-10-11,199,147,120,125,109,100,123,127,118,115
Montenegro,MNE,2020-10-18,169,159,119.4,116,129,103,114,119,112,97
Montenegro,MNE,2020-10-25,193,183,120.8,117,121,120,124,106,125,116
Montenegro,MNE,2020-11-01,201,176,123,131,130,108,117,113,114,111
Montenegro,MNE,2020-11-08,178,173,124.6,121,123,109,120,134,110,110
Montenegro,MNE,2020-11-15,199,163,127.8,135,123,115,125,125,127,111
Montenegro,MNE,2020-11-22,183,197,126.8,130,103,125,132,128,107,102
Montenegro,MNE,2020-11-29,202,168,124.2,89,126,124,134,132,115,111
Montenegro,MNE,2020-12-06,165,166,129.2,124,111,133,128,134,130,111
Montenegro,MNE,2020-12-13,173,163,140.4,122,159,142,116,147,115,125
Montenegro,MNE,2020-12-20,154,194,152,123,198,133,149,141,138,112
Montenegro,MNE,2020-12-27,170,192,142.2,129,193,121,146,106,132,153
Montenegro,MNE,2021-01-03,,166,142.2,,,,,,,
Namibia,NAM,2020-01-31,1715,1616,1548.2,1431,1677,1244,1520,1590,,
Namibia,NAM,2020-02-29,1703,1442,1415.8,1242,1443,1360,1365,1390,,
Namibia,NAM,2020-03-31,1818,1588,1559,1400,1444,1676,1416,1580,,
Namibia,NAM,2020-04-30,1677,1354,1528.4,1345,1505,1469,1571,1473,,
Namibia,NAM,2020-05-31,2027,1306,1641.2,1518,1544,1694,1560,1611,,
Namibia,NAM,2020-06-30,3392,1451,1665,1688,1524,1551,1724,1559,,
Namibia,NAM,2020-07-31,2767,1588,1767.8,1696,1658,1616,1736,1854,,
Namibia,NAM,2020-08-31,2015,1559,1791.2,1681,1740,1814,1652,1790,,
Namibia,NAM,2020-09-30,1727,1431,1610.2,1545,1534,1565,1529,1599,,
Namibia,NAM,2020-10-31,1727,1597,1642,1730,1448,1551,1560,1642,,
Namibia,NAM,2020-11-30,1612,1451,1595.2,1666,1380,1427,1613,1611,,
Namibia,NAM,2020-12-31,1936,1579,1612.6,1671,1291,1474,1694,1654,,
Netherlands,NLD,2020-01-05,4145,3103,3362.2,3259,3178,3568,3343,3065,3433,4035
Netherlands,NLD,2020-01-12,3850,3364,3432.2,3430,3075,3637,3359,3262,3157,3873
Netherlands,NLD,2020-01-19,3863,3157,3368.2,3378,3062,3487,3364,3152,3192,3680
Netherlands,NLD,2020-01-26,3714,3046,3415.8,3353,3201,3626,3322,3179,3200,3443
Netherlands,NLD,2020-02-02,3655,3164,3388.2,3324,3103,3574,3403,3139,3285,3623
Netherlands,NLD,2020-02-09,3551,3196,3369.4,3271,3036,3446,3513,3183,3256,3451
Netherlands,NLD,2020-02-16,3531,3198,3413,3309,3027,3417,3660,3254,3381,3549
Netherlands,NLD,2020-02-23,3205,2959,3467.8,3383,3319,3328,3691,3220,3352,3446
Netherlands,NLD,2020-03-01,3105,3098,3389.4,3210,3185,3152,3937,3065,3234,3509
Netherlands,NLD,2020-03-08,3244,3107,3417.8,3222,3151,3054,4092,3172,3388,3787
Netherlands,NLD,2020-03-15,3044,3218,3270.2,3090,3062,2843,3733,3225,3606,3676
Netherlands,NLD,2020-03-22,3046,3614,3145.8,3052,3028,2778,3430,3043,3631,3574
Netherlands,NLD,2020-03-29,3176,4458,3121.6,3085,3037,2850,3225,3013,3564,3381
Netherlands,NLD,2020-04-05,3165,5085,2990.8,2844,3010,2764,3040,2898,3574,3272
Netherlands,NLD,2020-04-12,3140,4982,2925,2888,2767,2810,2860,2902,3517,3065
Netherlands,NLD,2020-04-19,3144,4308,2910.8,2896,2751,2713,2760,3036,3235,3232
Netherlands,NLD,2020-04-26,3121,3910,2874.4,2835,2742,2778,2663,2956,3141,2904
Netherlands,NLD,2020-05-03,3008,3383,2810,2678,2754,2769,2645,2806,3130,3019
Netherlands,NLD,2020-05-10,3017,2989,2861.4,2742,2952,2802,2641,2772,3128,3000
Netherlands,NLD,2020-05-17,2990,2777,2803.6,2720,2671,2801,2606,2822,3058,2915
Netherlands,NLD,2020-05-24,2805,2770,2799.6,2568,2713,2772,2674,2873,2924,2973
Netherlands,NLD,2020-05-31,3010,2732,2789.6,2661,2682,2701,2776,2730,2965,2883
Netherlands,NLD,2020-06-07,2884,2682,2724,2598,2587,2624,2679,2734,2946,3091
Netherlands,NLD,2020-06-14,2870,2689,2709.2,2681,2620,2643,2557,2647,3012,3207
Netherlands,NLD,2020-06-21,2673,2696,2695.2,2561,2597,2627,2601,2692,3136,3021
Netherlands,NLD,2020-06-28,2792,2659,2740.2,2548,2609,2691,2619,2836,3102,2903
Netherlands,NLD,2020-07-05,2837,2638,2817.6,2849,2693,2697,2726,2725,2973,2785
Netherlands,NLD,2020-07-12,2873,2619,2713,2588,2627,2520,2671,2761,3087,2948
Netherlands,NLD,2020-07-19,2776,2528,2736.6,2568,2753,2674,2704,2586,3184,2778
Netherlands,NLD,2020-07-26,2916,2673,2767,2551,2542,2571,2767,3006,3136,2934
Netherlands,NLD,2020-08-02,2958,2666,2678.4,2493,2500,2510,2760,2731,2962,2784
Netherlands,NLD,2020-08-09,2841,2642,2706.6,2546,2558,2657,2745,2629,2986,2896
Netherlands,NLD,2020-08-16,2898,3209,2651,2531,2568,2540,2605,2613,3081,2923
Netherlands,NLD,2020-08-23,2927,2856,2679.4,2524,2701,2545,2612,2617,3041,2898
Netherlands,NLD,2020-08-30,2860,2735,2681,2530,2591,2576,2527,2783,2975,2862
Netherlands,NLD,2020-09-06,3093,2692,2646.2,2513,2584,2570,2613,2553,2937,2964
Netherlands,NLD,2020-09-13,2919,2742,2722.6,2602,2725,2707,2539,2642,2819,2918
Netherlands,NLD,2020-09-20,2890,2721,2706,2631,2500,2715,2706,2580,3016,3004
Netherlands,NLD,2020-09-27,3072,2891,2773.2,2687,2665,2669,2696,2751,3207,3083
Netherlands,NLD,2020-10-04,3072,3002,2797.8,2744,2683,2641,2806,2717,3308,3115
Netherlands,NLD,2020-10-11,3064,3022,2893,2698,2934,2763,2760,2912,3315,3098
Netherlands,NLD,2020-10-18,3275,3222,2835.6,2712,2744,2706,2739,2879,3371,3133
Netherlands,NLD,2020-10-25,3388,3448,2878.6,2833,2948,2676,2671,2867,3312,3410
Netherlands,NLD,2020-11-01,3518,3687,2870.8,2828,2731,2726,2815,2856,3235,3464
Netherlands,NLD,2020-11-08,3788,3589,2923.4,2697,2912,2797,2798,3015,3171,3516
Netherlands,NLD,2020-11-15,4005,3580,2928.6,2606,2902,2916,2761,3060,3212,3415
Netherlands,NLD,2020-11-22,4192,3335,2983,2810,2908,2917,2859,3023,3413,3299
Netherlands,NLD,2020-11-29,4395,3405,2981.2,2721,2949,2886,2907,3045,3433,3545
Netherlands,NLD,2020-12-06,4373,3530,3043,2762,3042,3027,2968,3018,3620,3590
Netherlands,NLD,2020-12-13,4053,3615,3155,2852,3129,3218,3017,3161,4001,3617
Netherlands,NLD,2020-12-20,3772,3909,3144.8,2881,3072,3079,3041,3253,4198,3889
Netherlands,NLD,2020-12-27,3681,3867,3087.2,2593,3329,3187,2901,3028,3619,3435
Netherlands,NLD,2021-01-03,,4110,3087.2,,,,,,,
New Caledonia,NCL,2020-01-31,134,132,136,126,136,110,130,139,132,129
New Caledonia,NCL,2020-02-29,120,131,122.2,124,125,125,104,94,173,137
New Caledonia,NCL,2020-03-31,120,153,135.8,118,119,137,139,127,176,167
New Caledonia,NCL,2020-04-30,140,101,134.2,109,130,140,112,141,172,171
New Caledonia,NCL,2020-05-31,131,142,142.4,129,122,114,148,160,163,152
New Caledonia,NCL,2020-06-30,142,135,137.8,127,104,131,154,134,151,152
New Caledonia,NCL,2020-07-31,147,151,156.4,120,165,132,144,182,194,175
New Caledonia,NCL,2020-08-31,170,139,153,144,155,144,125,158,170,180
New Caledonia,NCL,2020-09-30,316,102,134.6,108,139,125,140,122,153,157
New Caledonia,NCL,2020-10-31,276,132,134,113,125,129,117,147,147,140
New Caledonia,NCL,2020-11-30,146,100,132.4,130,130,121,117,125,128,139
New Caledonia,NCL,2020-12-31,141,122,124.4,117,119,123,126,98,143,165
New Zealand,NZL,2020-01-05,670,590,609,564,564,528,583,609,678,753
New Zealand,NZL,2020-01-12,631,581,627.4,566,558,601,611,604,610,670
New Zealand,NZL,2020-01-19,657,642,613.8,595,519,557,576,625,633,724
New Zealand,NZL,2020-01-26,602,609,624.2,531,541,608,653,591,646,698
New Zealand,NZL,2020-02-02,641,615,612.4,587,552,591,591,544,661,637
New Zealand,NZL,2020-02-09,647,588,606.4,567,523,564,624,557,681,635
New Zealand,NZL,2020-02-16,590,618,592.4,577,517,571,542,558,641,695
New Zealand,NZL,2020-02-23,604,622,608.2,542,568,580,583,571,627,682
New Zealand,NZL,2020-03-01,638,595,615.8,586,534,571,572,619,685,679
New Zealand,NZL,2020-03-08,618,611,617.2,550,511,599,602,627,732,687
New Zealand,NZL,2020-03-15,630,601,627.6,552,525,571,617,676,776,641
New Zealand,NZL,2020-03-22,637,619,621.8,567,515,593,605,632,750,672
New Zealand,NZL,2020-03-29,680,613,633,575,590,596,571,636,754,705
New Zealand,NZL,2020-04-05,631,629,630.8,586,551,596,584,640,699,722
New Zealand,NZL,2020-04-12,629,650,624.4,565,546,570,596,648,759,679
New Zealand,NZL,2020-04-19,640,663,655.6,554,581,592,664,690,747,741
New Zealand,NZL,2020-04-26,687,633,645,576,554,629,632,637,713,655
New Zealand,NZL,2020-05-03,657,560,650.2,578,599,632,608,637,712,664
New Zealand,NZL,2020-05-10,638,631,671.6,620,620,628,623,670,798,718
New Zealand,NZL,2020-05-17,680,616,651.8,583,575,619,655,630,758,751
New Zealand,NZL,2020-05-24,658,608,675.8,565,599,679,638,701,811,758
New Zealand,NZL,2020-05-31,682,603,699.8,593,594,682,707,726,791,734
New Zealand,NZL,2020-06-07,685,624,709.2,632,677,660,654,726,775,749
New Zealand,NZL,2020-06-14,738,642,705.8,626,608,719,678,701,858,790
New Zealand,NZL,2020-06-21,665,643,720.4,640,633,727,684,721,829,743
New Zealand,NZL,2020-06-28,662,621,715.4,625,627,695,673,760,797,736
New Zealand,NZL,2020-07-05,743,619,721.4,646,633,737,650,744,842,775
New Zealand,NZL,2020-07-12,762,617,743.4,669,688,700,667,796,888,774
New Zealand,NZL,2020-07-19,753,693,759.2,680,666,806,711,736,853,777
New Zealand,NZL,2020-07-26,757,683,768.8,710,656,839,714,728,968,712
New Zealand,NZL,2020-08-02,780,676,771,727,651,864,683,733,847,760
New Zealand,NZL,2020-08-09,788,643,775.6,720,698,810,697,756,761,712
New Zealand,NZL,2020-08-16,772,635,756.4,723,710,740,720,692,829,752
New Zealand,NZL,2020-08-23,705,655,725.8,663,665,709,725,670,758,834
New Zealand,NZL,2020-08-30,736,601,727,672,644,717,707,698,759,802
New Zealand,NZL,2020-09-06,714,630,702.6,666,616,687,682,665,754,803
New Zealand,NZL,2020-09-13,642,623,722.6,665,681,699,674,697,706,759
New Zealand,NZL,2020-09-20,654,606,712,686,652,665,692,668,754,790
New Zealand,NZL,2020-09-27,647,611,686.8,655,641,640,619,682,698,717
New Zealand,NZL,2020-10-04,643,650,682.4,595,643,637,652,688,712,736
New Zealand,NZL,2020-10-11,651,609,695.8,638,631,635,666,712,701,761
New Zealand,NZL,2020-10-18,678,615,653.4,596,594,624,647,609,749,751
New Zealand,NZL,2020-10-25,638,688,654,596,605,633,626,613,710,670
New Zealand,NZL,2020-11-01,649,584,658.4,606,599,618,626,646,714,736
New Zealand,NZL,2020-11-08,663,631,650.6,624,594,592,636,610,671,697
New Zealand,NZL,2020-11-15,667,586,627.4,545,582,589,604,620,669,700
New Zealand,NZL,2020-11-22,635,612,649.4,613,619,625,608,585,730,736
New Zealand,NZL,2020-11-29,633,650,627.8,546,596,586,574,640,634,763
New Zealand,NZL,2020-12-06,666,642,615.6,603,575,550,582,571,712,732
New Zealand,NZL,2020-12-13,604,641,640.2,575,606,596,588,639,737,707
New Zealand,NZL,2020-12-20,703,670,622,537,548,617,615,596,686,701
New Zealand,NZL,2020-12-27,623,625,624.8,567,602,625,568,565,715,737
New Zealand,NZL,2021-01-03,,675,624.8,,,,,,,
Nicaragua,NIC,2020-01-31,2315,2144,2184.3,2035,2132,2120,2014,2101,2157,2309
Nicaragua,NIC,2020-02-29,1930,1942,1852.7,1709,1756,1770,1686,1823,2407,1913
Nicaragua,NIC,2020-03-31,2190,1986,2062.5,1878,1991,1893,1990,2041,2344,2156
Nicaragua,NIC,2020-04-30,2248,2122,2064.7,1853,1968,1990,1972,2021,2068,2153
Nicaragua,NIC,2020-05-31,2545,5615,2079.1,1831,1948,1938,2037,2122,2288,2196
Nicaragua,NIC,2020-06-30,2734,5582,2096.7,1914,1907,1982,1996,2165,2385,2308
Nicaragua,NIC,2020-07-31,3174,3207,2209.5,2009,2060,2161,2103,2195,2470,2401
Nicaragua,NIC,2020-08-31,3702,2354,2199.9,2030,2082,2236,1995,2137,2190,2212
Nicaragua,NIC,2020-09-30,6242,2008,2141.5,1857,1990,2143,2001,2197,2166,2097
Nicaragua,NIC,2020-10-31,4036,2135,2227.1,2037,1983,2034,2217,2345,2183,2207
Nicaragua,NIC,2020-11-30,2347,2240,2163.9,2063,1939,2019,2168,2111,2013,2074
Nicaragua,NIC,2020-12-31,2201,2346,2207.7,2324,1982,2014,2117,2082,2187,2136
North Macedonia,MKD,2020-01-31,2471,1924,2076.5,2105,1913,2681,1747,2027,2228,1706
North Macedonia,MKD,2020-02-29,2018,1766,1753.9,1848,1750,1602,1787,1873,3037,1694
North Macedonia,MKD,2020-03-31,2757,1751,1789.3,1909,1709,1705,1789,1925,2162,1833
North Macedonia,MKD,2020-04-30,3212,1750,1603.9,1711,1640,1492,1599,1668,1668,1585
North Macedonia,MKD,2020-05-31,2166,1656,1600.5,1687,1592,1547,1531,1736,1547,1615
North Macedonia,MKD,2020-06-30,1771,1936,1508.1,1458,1607,1593,1462,1511,1537,1497
North Macedonia,MKD,2020-07-31,1724,1901,1572.7,1611,1570,1598,1542,1633,1692,1671
North Macedonia,MKD,2020-08-31,2773,1842,1555.5,1530,1552,1628,1523,1635,1831,1622
North Macedonia,MKD,2020-09-30,2736,1758,1467.5,1400,1543,1516,1537,1432,1570,1545
North Macedonia,MKD,2020-10-31,2311,2311,1696.1,1723,1790,1671,1679,1708,1686,1649
North Macedonia,MKD,2020-11-30,2236,3842,1631.1,1658,1733,1622,1651,1582,1623,1699
North Macedonia,MKD,2020-12-31,2341,3286,1802.3,1821,2022,1663,1880,1716,1795,1880
Northern Ireland,,2020-01-05,568,353,,,421,414,447,362,416,474
Northern Ireland,,2020-01-12,443,394,,372,347,432,480,368,445,515
Northern Ireland,,2020-01-19,474,411,,380,371,396,466,330,317,409
Northern Ireland,,2020-01-26,437,347,,395,354,387,425,334,336,393
Northern Ireland,,2020-02-02,462,323,,373,309,367,430,295,363,368
Northern Ireland,,2020-02-09,382,332,,345,309,333,349,317,375,337
Northern Ireland,,2020-02-16,352,306,,328,217,334,363,341,319,402
Northern Ireland,,2020-02-23,351,297,,316,421,350,365,336,327,342
Northern Ireland,,2020-03-01,319,347,,400,297,351,312,307,338,319
Northern Ireland,,2020-03-08,339,312,,344,308,354,385,340,338,334
Northern Ireland,,2020-03-15,253,324,,322,290,250,358,342,301,239
Northern Ireland,,2020-03-22,307,271,,309,302,355,326,291,365,368
Northern Ireland,,2020-03-29,288,287,,322,280,314,317,306,339,306
Northern Ireland,,2020-04-05,245,434,,218,294,306,283,284,355,340
Northern Ireland,,2020-04-12,245,435,,291,291,267,348,301,335,245
Northern Ireland,,2020-04-19,305,424,,324,293,245,280,313,260,345
Northern Ireland,,2020-04-26,291,470,,315,304,325,281,272,365,339
Northern Ireland,,2020-05-03,270,427,,331,257,257,289,355,281,298
Northern Ireland,,2020-05-10,326,336,,256,317,301,229,286,322,356
Northern Ireland,,2020-05-17,319,396,,299,258,313,268,330,312,308
Northern Ireland,,2020-05-24,265,325,,288,279,325,267,307,329,335
Northern Ireland,,2020-05-31,282,316,,257,281,254,250,242,220,235
Northern Ireland,,2020-06-07,265,304,,339,275,292,274,278,342,299
Northern Ireland,,2020-06-14,313,292,,271,296,299,275,278,298,342
Northern Ireland,,2020-06-21,319,290,,292,252,273,262,295,322,372
Northern Ireland,,2020-06-28,272,295,,301,289,294,270,260,347,264
Northern Ireland,,2020-07-05,298,289,,300,285,262,265,282,315,343
Northern Ireland,,2020-07-12,231,275,,251,237,252,172,255,249,218
Northern Ireland,,2020-07-19,306,240,,202,281,286,294,279,340,332
Northern Ireland,,2020-07-26,293,307,,272,294,287,281,269,351,329
Northern Ireland,,2020-08-02,342,273,,290,264,287,278,272,336,295
Northern Ireland,,2020-08-09,331,280,,247,268,237,269,265,301,283
Northern Ireland,,2020-08-16,343,278,,231,260,265,283,282,320,302
Northern Ireland,,2020-08-23,299,313,,251,298,268,280,270,315,325
Northern Ireland,,2020-08-30,340,303,,258,263,243,250,222,263,228
Northern Ireland,,2020-09-06,377,234,,237,273,277,265,243,314,332
Northern Ireland,,2020-09-13,374,296,,322,293,264,285,304,333,329
Northern Ireland,,2020-09-20,351,322,,283,271,290,247,280,276,338
Northern Ireland,,2020-09-27,380,323,,283,274,282,293,293,299,317
Northern Ireland,,2020-10-04,330,328,,279,306,306,322,262,311,297
Northern Ireland,,2020-10-11,337,348,,303,287,281,317,287,308,269
Northern Ireland,,2020-10-18,313,278,,296,292,289,281,315,331,310
Northern Ireland,,2020-10-25,320,391,,274,271,317,263,277,339,335
Northern Ireland,,2020-11-01,371,368,,290,275,317,252,301,373,341
Northern Ireland,,2020-11-08,403,386,,289,290,292,292,296,368,386
Northern Ireland,,2020-11-15,375,406,,297,338,322,274,335,386,364
Northern Ireland,,2020-11-22,413,396,,291,329,302,271,359,360,404
Northern Ireland,,2020-11-29,378,348,,277,299,353,293,333,338,387
Northern Ireland,,2020-12-06,368,387,,293,321,324,322,348,360,358
Northern Ireland,,2020-12-13,363,366,,341,320,371,316,352,360,374
Northern Ireland,,2020-12-20,347,350,,299,359,353,315,362,411,393
Northern Ireland,,2020-12-27,243,310,,231,199,249,195,194,238,194
Northern Ireland,,2021-01-03,,333,,,,,,,,
Norway,NOR,2020-01-05,833,862,924.9,938,870,1006,939,872,958,1105
Norway,NOR,2020-01-12,868,952,917.9,977,864,1048,872,829,912,1075
Norway,NOR,2020-01-19,861,837,907.3,913,939,928,945,812,824,912
Norway,NOR,2020-01-26,852,862,884.9,930,937,866,857,835,825,889
Norway,NOR,2020-02-02,793,816,895.1,911,881,914,881,889,922,877
Norway,NOR,2020-02-09,814,796,864.3,898,852,823,905,844,888,855
Norway,NOR,2020-02-16,769,856,875.9,866,826,845,929,914,909,842
Norway,NOR,2020-02-23,757,813,867.7,931,765,898,917,828,992,845
Norway,NOR,2020-03-01,705,836,877.7,925,873,863,907,821,974,794
Norway,NOR,2020-03-08,791,800,868.5,976,762,822,950,833,932,837
Norway,NOR,2020-03-15,788,827,828.5,836,798,805,867,837,992,851
Norway,NOR,2020-03-22,769,811,817.1,785,802,788,905,806,988,853
Norway,NOR,2020-03-29,720,854,781.7,795,759,756,807,792,895,820
Norway,NOR,2020-04-05,780,831,799.9,786,802,809,821,782,950,793
Norway,NOR,2020-04-12,751,841,785.5,795,773,776,827,757,863,812
Norway,NOR,2020-04-19,753,816,766.5,777,756,758,781,761,842,842
Norway,NOR,2020-04-26,777,777,780.1,749,755,816,781,800,843,827
Norway,NOR,2020-05-03,696,749,742.1,686,748,745,757,775,835,775
Norway,NOR,2020-05-10,709,742,736.9,729,711,733,738,774,832,817
Norway,NOR,2020-05-17,740,686,724.9,707,777,694,714,733,845,712
Norway,NOR,2020-05-24,728,740,732.1,780,713,735,692,741,753,777
Norway,NOR,2020-05-31,726,662,714.3,716,679,688,759,730,806,808
Norway,NOR,2020-06-07,729,677,714.7,758,669,724,716,707,781,781
Norway,NOR,2020-06-14,687,732,722.9,746,729,732,671,737,809,804
Norway,NOR,2020-06-21,698,739,724.7,712,725,758,704,725,893,754
Norway,NOR,2020-06-28,721,684,734.3,752,678,733,741,768,805,833
Norway,NOR,2020-07-05,770,697,749.1,721,756,756,777,736,858,752
Norway,NOR,2020-07-12,718,668,718.7,693,734,694,737,736,882,756
Norway,NOR,2020-07-19,757,754,724.1,722,686,749,722,742,867,737
Norway,NOR,2020-07-26,747,732,722.5,669,721,728,773,722,803,752
Norway,NOR,2020-08-02,767,746,694.3,663,709,691,679,730,817,794
Norway,NOR,2020-08-09,781,738,718.5,700,740,742,705,706,793,759
Norway,NOR,2020-08-16,789,735,709.3,698,717,704,694,734,830,726
Norway,NOR,2020-08-23,785,746,717.7,732,684,741,754,678,775,754
Norway,NOR,2020-08-30,792,699,733.7,720,723,731,715,780,766,761
Norway,NOR,2020-09-06,786,710,724.1,745,759,709,694,714,830,809
Norway,NOR,2020-09-13,821,786,708.9,712,715,704,706,708,802,841
Norway,NOR,2020-09-20,821,774,721.1,750,681,697,722,756,847,816
Norway,NOR,2020-09-27,806,743,738.7,709,740,713,712,820,845,831
Norway,NOR,2020-10-04,806,784,730.7,766,741,734,702,711,815,782
Norway,NOR,2020-10-11,806,743,749.9,752,731,764,715,788,860,802
Norway,NOR,2020-10-18,847,714,749.7,741,786,693,744,785,854,856
Norway,NOR,2020-10-25,895,796,761.7,752,774,793,696,794,853,840
Norway,NOR,2020-11-01,918,791,753.9,745,688,746,815,776,867,872
Norway,NOR,2020-11-08,959,777,764.5,748,810,704,776,785,845,887
Norway,NOR,2020-11-15,918,780,782.7,753,818,760,737,846,884,923
Norway,NOR,2020-11-22,948,800,779.1,745,855,791,720,785,936,982
Norway,NOR,2020-11-29,968,774,794.5,831,789,771,802,780,924,919
Norway,NOR,2020-12-06,1051,790,825.7,804,819,832,823,851,950,933
Norway,NOR,2020-12-13,979,841,824.1,816,919,844,759,783,1028,919
Norway,NOR,2020-12-20,968,823,836.3,786,923,897,802,774,1070,990
Norway,NOR,2020-12-27,929,832,876.9,833,982,891,873,806,1139,914
Norway,NOR,2021-01-03,,841,876.9,,,,,,,
Oman,OMN,2020-01-31,874,845,874.3,799,801,772,874,826,958,820
Oman,OMN,2020-02-29,795,739,741.9,546,730,744,706,684,965,674
Oman,OMN,2020-03-31,927,691,814.9,602,830,815,771,757,848,769
Oman,OMN,2020-04-30,1144,669,744.5,557,722,712,721,711,719,768
Oman,OMN,2020-05-31,1235,701,753.1,632,724,721,687,702,746,791
Oman,OMN,2020-06-30,1757,865,735.1,587,657,754,701,677,659,755
Oman,OMN,2020-07-31,1825,1060,783.3,676,750,759,733,699,818,772
Oman,OMN,2020-08-31,1021,1021,766.5,644,713,631,771,774,840,744
Oman,OMN,2020-09-30,720,1082,737.1,562,685,710,706,723,725,697
Oman,OMN,2020-10-31,773,1124,757.9,584,731,728,768,679,848,820
Oman,OMN,2020-11-30,751,917,749.5,623,710,727,715,673,764,778
Oman,OMN,2020-12-31,827,875,802.3,645,776,789,826,676,760,814
Palestine,PSE,2020-01-31,1625,1329,1347.8,,,,1159,1460,,
Palestine,PSE,2020-02-29,1324,1194,1150.8,,,,1093,1132,,
Palestine,PSE,2020-03-31,1892,1105,1155.8,,,,1003,1232,,
Palestine,PSE,2020-04-30,1794,889,1044.3,,,,963,1049,,
Palestine,PSE,2020-05-31,1556,1044,1069.8,,,,1034,1029,,
Palestine,PSE,2020-06-30,1090,883,959.8,,,,929,914,,
Palestine,PSE,2020-07-31,1046,1045,968.8,,,,979,882,,
Palestine,PSE,2020-08-31,1139,1048,1019.8,,,,986,977,,
Palestine,PSE,2020-09-30,1498,1149,928.8,,,,916,865,,
Palestine,PSE,2020-10-31,1344,1165,1000.8,,,,996,929,,
Palestine,PSE,2020-11-30,1057,1357,1067.3,,,,1103,955,,
Palestine,PSE,2020-12-31,1390,1898,1194.8,,,,1135,1178,,
Panama,PAN,2020-01-31,3147,2032,1793.2,1602,1619,1710,1586,1807,,
Panama,PAN,2020-02-29,3028,1531,1578.4,1377,1438,1501,1412,1522,,
Panama,PAN,2020-03-31,2437,1287,1707.2,1557,1587,1627,1589,1534,,
Panama,PAN,2020-04-30,1872,69,1691.6,1424,1546,1485,1657,1704,,
Panama,PAN,2020-05-31,1795,2483,1685.6,1421,1555,1545,1573,1692,,
Panama,PAN,2020-06-30,1953,2284,1732.8,1508,1624,1590,1555,1745,,
Panama,PAN,2020-07-31,2068,2742,1813.8,1509,1588,1690,1639,2001,,
Panama,PAN,2020-08-31,2142,2668,1767.8,1549,1559,1725,1651,1713,,
Panama,PAN,2020-09-30,1998,2401,1773.2,1588,1577,1642,1729,1688,,
Panama,PAN,2020-10-31,1821,2131,1800.6,1567,1575,1653,1820,1746,,
Panama,PAN,2020-11-30,,2108,1729.4,1489,1625,1623,1735,1533,,
Panama,PAN,2020-12-31,,2140,1786.8,1591,1589,1691,1774,1647,,
Paraguay,PRY,2020-01-31,3326,2863,2802.1,2456,2797,2524,2520,2714,6584,3141
Paraguay,PRY,2020-02-29,3355,2868,2507.1,2071,2604,2172,2295,2394,4048,3248
Paraguay,PRY,2020-03-31,4782,3010,2717.1,2393,2688,2329,2529,2647,3136,3782
Paraguay,PRY,2020-04-30,6449,2568,2660.9,2357,2542,2405,2486,2515,2886,3463
Paraguay,PRY,2020-05-31,7700,2676,2953.9,2628,2825,2740,2700,2877,3177,3442
Paraguay,PRY,2020-06-30,7325,2822,3237.5,2805,3267,2957,2921,3238,3580,3399
Paraguay,PRY,2020-07-31,5214,2991,3265.1,3023,3155,2860,3024,3264,3655,3131
Paraguay,PRY,2020-08-31,3803,3451,3061.5,2608,2730,2617,3249,3104,3111,2882
Paraguay,PRY,2020-09-30,2986,3414,2809.1,2436,2598,2312,2818,2882,2835,2867
Paraguay,PRY,2020-10-31,2997,3425,2743.1,2314,2520,2417,2610,2855,2883,2810
Paraguay,PRY,2020-11-30,2932,3100,2558.7,2242,2287,2250,2410,2605,2763,2670
Paraguay,PRY,2020-12-31,3536,3550,2764.5,2469,2347,2528,2750,2729,3174,3099
Peru,PER,2020-01-05,4322.6,2916.6,2855.6,,,2404.9,2671.5,3058.7,3908.2,
Peru,PER,2020-01-12,5030.9,2776.3,2848.9,,,2535.3,2663.4,2915.6,4156.6,
Peru,PER,2020-01-19,6190.5,2665.6,2859.6,,,2638.4,2582.7,2925.2,4772.7,
Peru,PER,2020-01-26,7277.4,2734.8,2879.9,,,2667.2,2625.7,2914.2,5067.8,
Peru,PER,2020-02-02,7618,2599.6,3012.2,,,2850.7,2535.6,3218.9,4994,
Peru,PER,2020-02-09,8348,2722,2906.9,,,2548.9,2575.9,3164,4571,
Peru,PER,2020-02-16,8376.2,2753.9,2947.9,,,2600.5,2722.6,3088.5,4078.5,
Peru,PER,2020-02-23,8021.5,2766.7,3054.9,,,2931,2621.7,3179.1,3721.7,
Peru,PER,2020-03-01,8138.6,2821,3139.2,,,3111.5,2619,3254.6,3644.6,
Peru,PER,2020-03-08,8013.9,2768.8,2969.6,,,2788.5,2545,3142.1,3477.6,
Peru,PER,2020-03-15,8060.5,2827.3,3032.9,,,2926.5,2651.3,3088.5,3423.4,
Peru,PER,2020-03-22,8217.8,2561.3,2956.9,,,2896.2,2651.3,2890.9,3176,
Peru,PER,2020-03-29,8574.7,2513.4,2901.9,,,2706.6,2670.2,2896.4,3138.1,
Peru,PER,2020-04-05,9193,2739,2909.6,,,2674.8,2824.9,2797.5,3224.9,
Peru,PER,2020-04-12,9148.5,2891.2,2813.6,,,2664.2,2469.6,2874.4,3131.6,
Peru,PER,2020-04-19,8946.7,3515.8,2924.2,,,2735.4,2670.2,2934.8,3206.4,
Peru,PER,2020-04-26,8352.3,4425.6,2812.2,,,2553.5,2675.5,2775.6,3128.3,
Peru,PER,2020-05-03,7780.7,5444,2929.9,,,2697.5,2861.3,2798.9,3160.9,
Peru,PER,2020-05-10,7089.7,6232.5,2832.2,,,2655.1,2693,2715.2,3314.9,
Peru,PER,2020-05-17,6571.2,6842.2,2933.9,,,2749.1,2847.8,2772.8,3126.2,
Peru,PER,2020-05-24,6106.9,7240.2,3001.2,,,2749.1,3086,2735.8,3266.1,
Peru,PER,2020-05-31,5737.1,7412.6,3019.9,,,2702.1,3073.9,2851.1,3339.8,
Peru,PER,2020-06-07,5120.9,7521.1,3144.6,,,2929.5,3157.3,2914.2,3269.3,
Peru,PER,2020-06-14,4699,7571.2,3160.9,,,2787,3285.2,2977.3,3374.6,
Peru,PER,2020-06-21,4362.7,7393.5,3262.2,,,2905.3,3353.8,3095.4,3385.4,
Peru,PER,2020-06-28,4137.1,6905,3236.2,,,2979.6,3301.4,2995.2,3512.3,
Peru,PER,2020-07-05,3907.1,6975.3,3291.2,,,3046.3,3331,3063.8,3452.6,
Peru,PER,2020-07-12,3617.5,7267.9,3153.2,,,2914.4,3119.7,2993.8,3551.4,
Peru,PER,2020-07-19,3529.7,7565.8,3234.2,,,2962.9,3213.9,3094,3633.8,
Peru,PER,2020-07-26,3434.2,7635,3258.2,,,3038.7,3196.4,3107.8,3694.5,
Peru,PER,2020-08-02,3326.8,7714.8,3207.6,,,2921.9,3207.1,3061.1,3856.2,
Peru,PER,2020-08-09,3378.9,7897.8,3277.2,,,2975,3189.6,3234,3764,
Peru,PER,2020-08-16,3182.6,7488.2,3143.6,,,2899.2,3072.6,3026.8,3761.8,
Peru,PER,2020-08-23,3370.2,6796.5,3130.9,,,2985.6,2982.4,2992.4,3497.1,
Peru,PER,2020-08-30,3243.3,6215.5,3227.2,,,2987.1,3110.2,3151.7,3638.1,
Peru,PER,2020-09-06,3132.7,5289.7,3194.6,,,3072.1,3075.3,3003.4,3526.4,
Peru,PER,2020-09-13,3133.7,4814,3206.6,,,3120.6,2989.1,3077.6,3397.3,
Peru,PER,2020-09-20,3194.5,4410.7,3255.6,,,3053.9,3033.5,3247.8,3305.1,
Peru,PER,2020-09-27,3126.2,3972.3,3265.2,,,3155.5,3130.4,3077.6,3230.3,
Peru,PER,2020-10-04,3227,3694.6,3170.9,,,2985.6,3018.7,3076.2,3165.2,
Peru,PER,2020-10-11,3134.8,3605.2,3231.2,,,3149.4,3075.3,3036.4,,
Peru,PER,2020-10-18,3111,3486,3286.2,,,3137.3,3087.4,3201.1,,
Peru,PER,2020-10-25,3037.2,3431.8,3218.2,,,3094.8,3083.3,3044.6,,
Peru,PER,2020-11-01,3192.3,3244.5,3245.9,,,3076.6,3014.7,3214.8,,
Peru,PER,2020-11-08,3087.1,3328.5,3192.9,,,3025.1,3018.7,3102.3,,
Peru,PER,2020-11-15,3038.3,3312.6,3039.6,,,2867.4,2768.4,3050.1,,
Peru,PER,2020-11-22,3128.3,3216.8,3080.9,,,3084.2,2710.5,3015.8,,
Peru,PER,2020-11-29,3233.5,3135.9,3043.9,,,2958.3,2726.7,3014.4,,
Peru,PER,2020-12-06,3336.6,3182.8,3080.2,,,2831,2888.2,3088.5,,
Peru,PER,2020-12-13,3241.1,3304.1,3118.9,,,2984.1,2917.8,3022.6,,
Peru,PER,2020-12-20,3353.9,3514.8,3099.6,,,2953.8,2931.2,2981.5,,
Peru,PER,2020-12-27,3645.7,3627.6,3180.2,,,2953.8,2966.2,3188.7,,
Peru,PER,2021-01-03,,3871.9,3180.2,,,,,,,
Philippines,PHL,2020-01-31,59993,53500,55199,50381,49293,50476,52126,57701,70323,60891
Philippines,PHL,2020-02-29,53861,46256,48657.6,44540,43931,44765,45236,48798,52633,52536
Philippines,PHL,2020-03-31,62558,45996,51114.8,46452,46493,47136,48366,51109,52464,57766
Philippines,PHL,2020-04-30,70556,44768,50462,44421,47511,46487,47626,50247,50786,55819
Philippines,PHL,2020-05-31,71920,50251,52306,46953,48648,48141,49662,52108,54427,59355
Philippines,PHL,2020-06-30,68399,48484,49310.2,44172,44862,46118,46353,49028,52456,57451
Philippines,PHL,2020-07-31,75672,54412,52063,47618,48848,48913,49424,49494,56752,59369
Philippines,PHL,2020-08-31,97880,56827,53768.8,48511,51521,51154,51375,50265,60529,58105
Philippines,PHL,2020-09-30,119758,53953,52574.4,45777,51728,47870,49444,52035,57146,55372
Philippines,PHL,2020-10-31,84428,54200,54519.6,48404,52357,49922,50917,54980,57829,59668
Philippines,PHL,2020-11-30,58202,51558,51878.2,45610,48015,48225,48736,52787,55953,59349
Philippines,PHL,2020-12-31,56202,53731,53219.2,47766,48976,50030,51444,51862,58468,59140
Poland,POL,2020-01-05,11478,8463,8800.9,7984,8215,9279,8372,8668,12003,10395
Poland,POL,2020-01-12,10974,8242,8809.9,7754,7920,10225,8078,8586,10782,9537
Poland,POL,2020-01-19,11022,8059,8836.7,7800,7683,9875,8639,8700,10000,8618
Poland,POL,2020-01-26,10397,8015,8911.9,7559,7977,9946,8793,8798,10158,8287
Poland,POL,2020-02-02,9880,8560,9168.9,7963,7970,10076,8987,9362,10554,8263
Poland,POL,2020-02-09,9927,8343,9117.3,8166,8145,9432,9088,9269,10689,8259
Poland,POL,2020-02-16,10117,8624,9175.5,8873,7928,9221,9128,9241,10399,8105
Poland,POL,2020-02-23,9894,8474,9087.1,8985,7861,9053,9333,8717,9820,8234
Poland,POL,2020-03-01,10155,8471,9085.7,9068,8002,8388,9864,8620,9213,8266
Poland,POL,2020-03-08,10835,8364,8926.7,8839,7859,7967,10094,8388,9161,8390
Poland,POL,2020-03-15,11565,8410,8704.9,8850,7824,7709,9472,8183,8780,8339
Poland,POL,2020-03-22,12605,8322,8572.7,8640,8014,7637,9061,8025,8884,8204
Poland,POL,2020-03-29,13833,8148,8442.9,8535,8025,7684,8689,7795,8898,7966
Poland,POL,2020-04-05,13797,7991,8253.9,8449,7614,7366,8571,7783,8576,7787
Poland,POL,2020-04-12,12791,7996,8101.3,8154,7510,7441,8216,7699,8433,7695
Poland,POL,2020-04-19,11996,8184,7904.1,7974,7107,7475,7748,7730,8732,7742
Poland,POL,2020-04-26,11074,7743,7914.5,7797,7157,7466,7584,8082,8289,7618
Poland,POL,2020-05-03,10084,7757,7722.3,7483,7399,7385,7373,7485,8208,7477
Poland,POL,2020-05-10,9678,7581,7582.5,7324,7229,7060,7311,7502,7901,7368
Poland,POL,2020-05-17,8679,7558,7464.3,7266,6925,7148,7061,7435,7584,7441
Poland,POL,2020-05-24,8233,7546,7562.3,7102,7254,7074,7309,7586,7472,7484
Poland,POL,2020-05-31,8157,7632,7535.7,7015,6937,7100,7695,7445,7584,7275
Poland,POL,2020-06-07,8137,7808,7503.9,7387,6611,6892,7177,7966,7740,7568
Poland,POL,2020-06-14,8347,7740,7491.5,7076,6790,6830,7035,8240,7464,7108
Poland,POL,2020-06-21,8359,7395,7458.5,6737,7563,7255,7068,7183,7765,7453
Poland,POL,2020-06-28,7543,7375,7301.7,6781,6864,7023,7002,7352,8205,6952
Poland,POL,2020-07-05,7657,7657,7315.1,7360,6599,6703,7353,7074,7067,6817
Poland,POL,2020-07-12,7883,7309,7295.1,7029,6873,6814,7160,7113,7231,7281
Poland,POL,2020-07-19,7352,7505,7362.5,6858,6661,7190,7178,7439,7990,6814
Poland,POL,2020-07-26,7825,7569,7620.1,7016,7267,6997,7674,7660,7650,7198
Poland,POL,2020-08-02,7392,7787,7506.5,6554,6658,7559,8007,7268,7781,6917
Poland,POL,2020-08-09,7579,7952,7469.5,7753,6715,6902,7305,7186,7726,6805
Poland,POL,2020-08-16,7410,8071,7305.5,7574,6804,6858,6850,6955,8457,7778
Poland,POL,2020-08-23,7404,7947,7147.3,6698,7039,6596,6877,7040,7731,7275
Poland,POL,2020-08-30,7405,7443,7431.7,6924,6996,6973,6934,7845,7318,6693
Poland,POL,2020-09-06,8078,7557,7302.7,6922,6981,6978,7189,6957,7735,7084
Poland,POL,2020-09-13,7830,7704,7239.7,6664,6744,7192,7142,6970,8082,7075
Poland,POL,2020-09-20,8087,8231,7500.7,7130,6765,7257,7474,7391,8295,7182
Poland,POL,2020-09-27,8144,8219,7713.5,6831,7351,7516,7398,7985,8851,7196
Poland,POL,2020-10-04,8478,8413,7915.9,7163,7368,8025,7848,7689,8502,7354
Poland,POL,2020-10-11,8540,9187,7866.5,7206,7456,7798,7567,7819,8565,7731
Poland,POL,2020-10-18,8856,10231,7994.1,7868,7658,7616,7539,7803,8264,7880
Poland,POL,2020-10-25,9490,12364,7896.7,7571,7499,7545,7754,7628,8060,7979
Poland,POL,2020-11-01,9921,14743,7895.3,7348,7646,7594,7765,7637,7652,8073
Poland,POL,2020-11-08,10771,16244,7793.9,7423,7492,7352,7614,7602,7626,7958
Poland,POL,2020-11-15,12040,15633,7838.1,7505,7554,7504,7590,7551,7835,7958
Poland,POL,2020-11-22,12725,14828,7930.9,7442,7706,7784,7709,7527,8078,8446
Poland,POL,2020-11-29,13386,13627,7965.1,7409,7753,7573,7927,7677,8136,8764
Poland,POL,2020-12-06,13785,12982,8173.3,7588,7977,7802,8094,7919,8633,8855
Poland,POL,2020-12-13,13831,12018,8138.7,7563,7837,7948,7917,7942,9315,8935
Poland,POL,2020-12-20,13733,11679,8317.3,7472,8297,8011,8162,8158,10183,9117
Poland,POL,2020-12-27,13541,12128,8577.9,7604,8874,8439,8537,7949,10996,8905
Poland,POL,2021-01-03,,11775,8577.9,,,,,,,
Portugal,PRT,2020-01-05,3836,2510,2846,2813,2321,3366,2851,2621,2470,2749
Portugal,PRT,2020-01-12,4618,2665,2859.6,3054,2332,2967,2803,2884,2555,2608
Portugal,PRT,2020-01-19,5044,2772,2910.2,3167,2456,2880,2805,2985,2796,2711
Portugal,PRT,2020-01-26,4818,2671,2877.4,3088,2332,2995,2693,3021,2792,2640
Portugal,PRT,2020-02-02,3973,2691,2738.4,2909,2271,2736,2619,2899,2877,2844
Portugal,PRT,2020-02-09,3394,2490,2698.6,2869,2351,2453,2783,2779,2702,2862
Portugal,PRT,2020-02-16,2862,2288,2695,2977,2345,2369,2815,2711,2705,2702
Portugal,PRT,2020-02-23,2535,2360,2559.6,2684,2296,2237,2777,2546,2474,2536
Portugal,PRT,2020-03-01,2354,2309,2514.8,2699,2391,2129,2656,2441,2400,2580
Portugal,PRT,2020-03-08,2138,2182,2390,2447,2380,2149,2387,2329,2446,2553
Portugal,PRT,2020-03-15,2115,2362,2328,2314,2288,2151,2371,2258,2424,2349
Portugal,PRT,2020-03-22,2057,2440,2264,2284,2271,2074,2234,2199,2466,2219
Portugal,PRT,2020-03-29,2133,2544,2212.2,2083,2214,2015,2356,2135,2471,2227
Portugal,PRT,2020-04-05,1996,2654,2236.8,2179,2225,2071,2354,2097,2416,2150
Portugal,PRT,2020-04-12,1966,2609,2159.6,1933,2166,2033,2276,2132,2439,2083
Portugal,PRT,2020-04-19,1916,2390,2060.4,1937,1989,1825,2197,2096,2309,2151
Portugal,PRT,2020-04-26,1893,2311,2040.4,1816,2025,1902,2117,2084,2289,2231
Portugal,PRT,2020-05-03,2046,2174,2027,1819,1954,2011,2012,2081,2219,2138
Portugal,PRT,2020-05-10,1912,2172,1970.4,1941,1849,1846,1970,1988,2454,1944
Portugal,PRT,2020-05-17,1838,2057,2008.8,1911,2045,1833,2066,1931,2354,2104
Portugal,PRT,2020-05-24,1996,2071,1968.6,1791,1971,1922,1982,1919,2342,2118
Portugal,PRT,2020-05-31,1884,2335,1967.4,1950,1983,1815,1883,1948,2391,2104
Portugal,PRT,2020-06-07,1947,2023,1931,1847,1906,1826,1977,1841,2502,2108
Portugal,PRT,2020-06-14,1987,1871,1925.2,1799,1799,1969,1928,1873,2680,2025
Portugal,PRT,2020-06-21,1854,1942,2035.6,1845,1916,2139,2104,1916,2175,2080
Portugal,PRT,2020-06-28,1954,2121,1903.4,1727,1893,1784,1936,1919,2149,2019
Portugal,PRT,2020-07-05,1953,2061,1862.2,1697,1913,1796,1765,1882,2359,1944
Portugal,PRT,2020-07-12,2058,2236,1894.4,1805,1934,1806,1771,1898,2745,1988
Portugal,PRT,2020-07-19,1960,2651,1886.6,1790,1958,1790,1816,1821,2361,1965
Portugal,PRT,2020-07-26,1979,2440,1905.4,1751,2054,1799,1824,1841,2312,1980
Portugal,PRT,2020-08-02,2066,2217,1953.2,1792,1864,1759,2250,1843,2198,2076
Portugal,PRT,2020-08-09,2089,2090,1987.2,1811,2091,1739,2199,1838,2101,2222
Portugal,PRT,2020-08-16,2129,1941,1872.8,1738,1879,1781,1939,1769,2070,2088
Portugal,PRT,2020-08-23,2095,2014,1963.4,1787,1914,1960,1960,1938,2051,2311
Portugal,PRT,2020-08-30,2083,2078,1842,1722,1873,1711,1766,1880,2054,2065
Portugal,PRT,2020-09-06,1994,2061,1895.6,1803,1864,1783,1837,1933,2048,2074
Portugal,PRT,2020-09-13,1923,2239,1838.2,1821,1707,1801,1796,1808,2092,2065
Portugal,PRT,2020-09-20,2034,2127,1870.2,1699,1835,1793,1867,1899,2121,2063
Portugal,PRT,2020-09-27,2016,1891,1912.2,1856,1852,1945,1828,1822,1922,2116
Portugal,PRT,2020-10-04,2130,2142,1960.4,1914,1856,1983,1890,1901,2138,2093
Portugal,PRT,2020-10-11,2140,2157,1920.2,1792,1879,1877,1935,1860,2146,2105
Portugal,PRT,2020-10-18,2051,2216,1989.8,1809,2026,2004,1943,1909,2108,2044
Portugal,PRT,2020-10-25,2187,2228,2034,1882,1971,1932,1996,2131,2197,2128
Portugal,PRT,2020-11-01,2135,2474,2035,1883,1939,1918,2043,2134,2240,2129
Portugal,PRT,2020-11-08,2425,2562,2079.8,1970,2040,1910,2124,2097,2336,2321
Portugal,PRT,2020-11-15,2470,2738,2128.2,1854,2127,2161,2093,2148,2356,2198
Portugal,PRT,2020-11-22,2568,2708,2167.8,1912,2197,2168,2071,2233,2513,2184
Portugal,PRT,2020-11-29,2741,2701,2250.4,2040,2388,2193,2132,2241,2665,2324
Portugal,PRT,2020-12-06,2628,2853,2290.4,2088,2363,2465,2150,2128,2836,2511
Portugal,PRT,2020-12-13,2504,3031,2332,2002,2526,2455,2129,2290,2927,2547
Portugal,PRT,2020-12-20,2596,2923,2448.2,2131,2809,2510,2249,2284,2732,2748
Portugal,PRT,2020-12-27,2539,2801,2597.4,2102,3200,2747,2367,2313,2711,3397
Portugal,PRT,2021-01-03,,3162,2597.4,,,,,,,
Puerto Rico,PRI,2020-01-05,713,545,667,637,592,695,685,664,825,698
Puerto Rico,PRI,2020-01-12,654,585,636.4,633,615,604,656,612,869,757
Puerto Rico,PRI,2020-01-19,652,660,647.2,620,615,656,646,637,869,702
Puerto Rico,PRI,2020-01-26,670,619,626,537,661,641,608,621,801,694
Puerto Rico,PRI,2020-02-02,621,576,634.6,605,682,593,617,614,667,684
Puerto Rico,PRI,2020-02-09,636,597,621.2,594,645,594,598,613,696,709
Puerto Rico,PRI,2020-02-16,645,611,605.4,579,598,569,601,618,663,722
Puerto Rico,PRI,2020-02-23,620,603,592.2,595,599,562,576,567,636,662
Puerto Rico,PRI,2020-03-01,627,619,596.2,576,513,560,690,580,634,684
Puerto Rico,PRI,2020-03-08,605,618,576.4,519,528,614,586,573,599,683
Puerto Rico,PRI,2020-03-15,633,606,580.6,559,566,543,625,548,578,667
Puerto Rico,PRI,2020-03-22,631,616,572.4,504,588,562,577,569,605,606
Puerto Rico,PRI,2020-03-29,596,639,545.6,553,510,532,540,531,636,625
Puerto Rico,PRI,2020-04-05,587,572,552.2,508,549,564,557,521,605,550
Puerto Rico,PRI,2020-04-12,646,592,549,547,527,567,515,527,615,645
Puerto Rico,PRI,2020-04-19,689,558,529.4,501,515,539,498,532,572,631
Puerto Rico,PRI,2020-04-26,622,545,543,530,503,554,496,570,643,604
Puerto Rico,PRI,2020-05-03,663,542,540.4,560,483,508,530,559,622,631
Puerto Rico,PRI,2020-05-10,663,562,543.4,517,524,525,565,524,643,651
Puerto Rico,PRI,2020-05-17,636,539,557,506,524,566,547,580,723,611
Puerto Rico,PRI,2020-05-24,622,551,566,507,551,578,517,615,613,625
Puerto Rico,PRI,2020-05-31,617,561,537.4,508,536,506,503,572,621,611
Puerto Rico,PRI,2020-06-07,578,586,542.6,473,563,521,520,574,648,739
Puerto Rico,PRI,2020-06-14,606,560,570.4,510,548,590,575,567,612,655
Puerto Rico,PRI,2020-06-21,625,590,548.6,526,527,550,492,586,659,663
Puerto Rico,PRI,2020-06-28,640,543,553,504,547,551,512,589,683,703
Puerto Rico,PRI,2020-07-05,606,556,569.4,521,584,523,574,583,701,671
Puerto Rico,PRI,2020-07-12,586,592,554.2,529,539,505,549,587,669,634
Puerto Rico,PRI,2020-07-19,588,591,551.6,545,522,545,519,565,658,656
Puerto Rico,PRI,2020-07-26,588,603,537.4,503,561,547,505,509,656,633
Puerto Rico,PRI,2020-08-02,646,644,544,504,552,587,506,509,727,693
Puerto Rico,PRI,2020-08-09,685,649,539.4,527,554,507,516,531,708,670
Puerto Rico,PRI,2020-08-16,687,667,551.4,531,535,516,548,565,609,699
Puerto Rico,PRI,2020-08-23,682,684,530.4,498,563,487,523,519,675,762
Puerto Rico,PRI,2020-08-30,691,605,532.4,480,517,539,531,533,664,
Puerto Rico,PRI,2020-09-06,713,632,556,560,569,575,498,516,587,
Puerto Rico,PRI,2020-09-13,671,625,560.8,521,533,615,506,567,606,
Puerto Rico,PRI,2020-09-20,682,612,566.6,488,545,682,512,544,736,
Puerto Rico,PRI,2020-09-27,612,625,635.6,546,571,889,552,558,674,
Puerto Rico,PRI,2020-10-04,584,594,593.4,551,538,797,511,508,668,
Puerto Rico,PRI,2020-10-11,640,648,563.4,541,537,676,476,525,676,
Puerto Rico,PRI,2020-10-18,588,613,576.2,540,545,619,547,568,666,
Puerto Rico,PRI,2020-10-25,613,600,565,502,489,696,557,519,687,
Puerto Rico,PRI,2020-11-01,622,611,547.4,484,547,588,529,527,644,
Puerto Rico,PRI,2020-11-08,617,628,570.6,507,569,604,531,580,667,
Puerto Rico,PRI,2020-11-15,614,624,572.6,515,584,616,537,549,696,
Puerto Rico,PRI,2020-11-22,580,677,607,595,561,641,595,581,747,
Puerto Rico,PRI,2020-11-29,604,682,599.4,543,586,649,541,616,695,
Puerto Rico,PRI,2020-12-06,627,677,598.6,544,638,611,586,552,723,
Puerto Rico,PRI,2020-12-13,629,679,605.8,582,598,652,609,526,722,
Puerto Rico,PRI,2020-12-20,629,711,622.6,580,680,650,571,570,725,
Puerto Rico,PRI,2020-12-27,697,689,624,574,703,613,624,544,723,
Puerto Rico,PRI,2021-01-03,,689,624,,,,,,,
Qatar,QAT,2020-01-31,212,192,192.7,210,210,192,208,168,292,236
Qatar,QAT,2020-02-29,178,198,183.5,196,185,192,207,162,228,213
Qatar,QAT,2020-03-31,250,221,187.7,191,201,186,200,185,224,233
Qatar,QAT,2020-04-30,395,166,184.5,183,191,178,208,187,218,192
Qatar,QAT,2020-05-31,273,238,197.3,218,183,214,199,197,204,211
Qatar,QAT,2020-06-30,229,303,181.9,174,199,198,173,190,178,186
Qatar,QAT,2020-07-31,209,269,174.5,176,187,171,186,177,213,218
Qatar,QAT,2020-08-31,221,209,177.3,166,191,185,212,157,229,204
Qatar,QAT,2020-09-30,168,216,180.7,187,195,173,182,191,230,217
Qatar,QAT,2020-10-31,215,226,188.5,201,191,193,199,183,221,262
Qatar,QAT,2020-11-30,203,168,196.3,194,200,204,207,201,226,243
Qatar,QAT,2020-12-31,221,221,204.9,221,214,208,204,202,226,236
Reunion,REU,2020-01-05,102,87,104.5,74,92,109,98,107,152,102
Reunion,REU,2020-01-12,107,96,101.1,108,72,96,89,98,175,95
Reunion,REU,2020-01-19,106,93,102.7,76,106,91,101,97,177,114
Reunion,REU,2020-01-26,92,106,101.5,84,84,103,100,94,162,128
Reunion,REU,2020-02-02,97,87,100.9,82,83,95,95,107,167,96
Reunion,REU,2020-02-09,109,99,95.7,82,74,95,90,95,165,111
Reunion,REU,2020-02-16,95,107,99.1,89,89,83,98,94,153,112
Reunion,REU,2020-02-23,106,83,105.1,86,102,101,95,99,112,101
Reunion,REU,2020-03-01,97,77,101.1,79,68,100,102,114,134,107
Reunion,REU,2020-03-08,119,99,99.3,94,92,75,100,93,124,95
Reunion,REU,2020-03-15,121,102,105.5,96,105,75,91,118,135,93
Reunion,REU,2020-03-22,123,102,104.1,90,105,93,97,93,117,100
Reunion,REU,2020-03-29,95,87,98.9,84,81,84,112,91,100,100
Reunion,REU,2020-04-05,107,93,92.1,98,77,66,90,87,119,102
Reunion,REU,2020-04-12,102,80,85.5,78,76,70,89,72,111,101
Reunion,REU,2020-04-19,108,102,96.9,78,83,94,91,96,100,89
Reunion,REU,2020-04-26,115,69,87.3,72,71,66,97,88,136,99
Reunion,REU,2020-05-03,101,100,90.3,75,97,81,82,74,115,92
Reunion,REU,2020-05-10,124,106,108.9,100,102,91,104,105,111,105
Reunion,REU,2020-05-17,91,84,99.1,80,88,88,111,86,118,90
Reunion,REU,2020-05-24,114,89,95.7,80,98,70,97,91,94,101
Reunion,REU,2020-05-31,133,103,89.7,69,87,77,89,84,119,97
Reunion,REU,2020-06-07,130,108,100.7,102,96,71,98,94,118,119
Reunion,REU,2020-06-14,108,120,95.5,71,92,92,99,81,95,106
Reunion,REU,2020-06-21,101,101,104.9,83,99,90,113,97,99,103
Reunion,REU,2020-06-28,134,105,107.7,111,95,88,100,102,107,107
Reunion,REU,2020-07-05,130,98,98.7,84,103,73,97,94,148,117
Reunion,REU,2020-07-12,110,101,109.5,98,98,97,100,112,112,100
Reunion,REU,2020-07-19,126,99,98.1,78,101,81,84,104,133,112
Reunion,REU,2020-07-26,99,113,114.9,105,112,92,119,104,141,116
Reunion,REU,2020-08-02,133,108,105.7,96,96,99,98,97,141,98
Reunion,REU,2020-08-09,108,99,96.7,94,81,79,99,88,155,111
Reunion,REU,2020-08-16,125,124,100.1,96,100,90,88,84,132,102
Reunion,REU,2020-08-23,121,103,100.1,82,88,101,98,89,133,85
Reunion,REU,2020-08-30,107,107,103.5,98,85,102,94,96,115,101
Reunion,REU,2020-09-06,132,105,99.9,77,104,84,88,104,123,103
Reunion,REU,2020-09-13,114,99,102.5,81,97,103,83,106,123,107
Reunion,REU,2020-09-20,90,105,102.3,96,86,99,77,111,109,115
Reunion,REU,2020-09-27,109,92,111.1,91,103,106,111,102,120,105
Reunion,REU,2020-10-04,110,109,101.7,80,94,83,109,100,105,98
Reunion,REU,2020-10-11,106,103,107.3,100,81,96,116,101,118,116
Reunion,REU,2020-10-18,112,87,107.5,80,81,118,97,119,105,142
Reunion,REU,2020-10-25,108,93,109.7,96,89,98,107,116,97,117
Reunion,REU,2020-11-01,117,98,106.9,87,90,103,112,100,118,124
Reunion,REU,2020-11-08,97,106,106.9,89,101,93,96,113,102,99
Reunion,REU,2020-11-15,127,101,94.9,72,83,99,96,82,105,110
Reunion,REU,2020-11-22,94,112,103.3,93,83,90,96,112,96,91
Reunion,REU,2020-11-29,97,101,97.7,82,87,104,83,90,115,104
Reunion,REU,2020-12-06,109,103,99.3,80,82,97,95,100,115,104
Reunion,REU,2020-12-13,124,87,91.3,85,80,95,74,80,115,126
Reunion,REU,2020-12-20,128,95,97.5,76,87,84,89,109,81,129
Reunion,REU,2020-12-27,119,108,105.9,98,95,80,94,120,137,124
Reunion,REU,2021-01-03,,114,105.9,,,,,,,
Romania,ROU,2020-01-05,6788,5346,5946.7,5803,5770,6940,5333,5802,5868,5802
Romania,ROU,2020-01-12,6531,5376,5921.7,5848,5345,6977,5201,6152,5843,5698
Romania,ROU,2020-01-19,6986,5419,5866.9,5602,5389,6482,5500,6276,6057,5527
Romania,ROU,2020-01-26,6339,5350,5836.1,5508,5514,6304,5490,6279,6623,5103
Romania,ROU,2020-02-02,6287,5432,5836.5,5560,5427,6066,5808,6236,7409,5151
Romania,ROU,2020-02-09,5952,5433,5624.3,5688,5203,5725,5668,5752,7746,5083
Romania,ROU,2020-02-16,5971,5385,5649.1,5815,5264,5721,5838,5522,7689,5223
Romania,ROU,2020-02-23,5967,5211,5674.7,6281,5186,5593,5859,5369,6934,4981
Romania,ROU,2020-03-01,6247,5341,5675.7,6139,5114,5398,6111,5531,6391,4823
Romania,ROU,2020-03-08,6410,5182,5539.9,5909,4903,5133,6152,5517,6104,4965
Romania,ROU,2020-03-15,6864,5097,5459.7,5824,5115,5079,5734,5461,5679,4801
Romania,ROU,2020-03-22,7142,5032,5372.1,5844,5090,5034,5427,5380,5643,4866
Romania,ROU,2020-03-29,7225,5180,5306.1,5865,5225,4955,5465,4935,5862,4719
Romania,ROU,2020-04-05,7193,5190,5224.9,5432,5224,4876,5300,5207,5345,4710
Romania,ROU,2020-04-12,7152,5237,5128.7,5425,4758,5030,5236,5109,5282,4710
Romania,ROU,2020-04-19,6782,5126,5061.9,5571,4860,5223,4774,4796,4965,4815
Romania,ROU,2020-04-26,6496,5092,4940.7,5282,4700,4892,4868,4876,5047,4528
Romania,ROU,2020-05-03,5891,4861,4943.1,5053,4918,4939,4675,5045,4729,4706
Romania,ROU,2020-05-10,5605,4817,4736.3,4822,4854,4665,4540,4715,4841,4557
Romania,ROU,2020-05-17,5303,4870,4676.3,4667,4646,4534,4637,4812,4611,4666
Romania,ROU,2020-05-24,4974,4560,4716.9,4769,4821,4447,4676,4786,4394,4473
Romania,ROU,2020-05-31,4847,4559,4653.5,4306,4734,4628,4861,4653,4551,4122
Romania,ROU,2020-06-07,4876,4910,4689.3,4913,4399,4709,4656,4684,4334,4373
Romania,ROU,2020-06-14,4662,5079,4727.5,4682,4819,4434,4658,4959,4281,4170
Romania,ROU,2020-06-21,5527,4677,4836.5,4410,5692,4647,4403,4945,4451,4519
Romania,ROU,2020-06-28,4818,4827,4611.9,4283,4683,5117,4194,4697,4718,3972
Romania,ROU,2020-07-05,4686,5288,4509.3,4434,4194,4381,4591,4861,4504,4163
Romania,ROU,2020-07-12,4948,4900,4526.1,4604,4501,4382,4699,4359,4299,4335
Romania,ROU,2020-07-19,4639,4727,4444.9,4416,4237,4529,4502,4455,4775,4688
Romania,ROU,2020-07-26,5007,4951,4662.9,4997,4577,4403,4505,4747,5196,4042
Romania,ROU,2020-08-02,4863,5560,4723.1,4551,4688,5085,4708,4498,5085,4127
Romania,ROU,2020-08-09,4511,5318,4542.5,4439,4159,4885,4689,4455,4935,3962
Romania,ROU,2020-08-16,4681,5272,4510.7,4503,4410,4355,4694,4506,5146,4499
Romania,ROU,2020-08-23,4600,5169,4397.5,4127,4296,4271,4542,4666,5012,4623
Romania,ROU,2020-08-30,4686,5219,4420.9,4413,4250,4405,4408,4543,4670,4393
Romania,ROU,2020-09-06,5337,5074,4402.3,4554,4471,4301,4349,4251,4500,4001
Romania,ROU,2020-09-13,5977,5024,4383.3,4040,4497,4494,4454,4346,4425,4160
Romania,ROU,2020-09-20,6364,5067,4413.7,4574,4234,4301,4520,4354,4595,4281
Romania,ROU,2020-09-27,7471,5050,4562.9,4313,4674,4366,4643,4733,4868,4191
Romania,ROU,2020-10-04,9448,5382,4847.7,4342,4768,4981,5194,4868,4681,4399
Romania,ROU,2020-10-11,10830,5796,4914.1,4598,5103,4942,5048,4794,4755,4633
Romania,ROU,2020-10-18,11641,6215,5053.1,4917,5187,4952,5318,4806,4876,4701
Romania,ROU,2020-10-25,11351,6512,4974.5,4962,5033,4895,5145,4752,4699,4713
Romania,ROU,2020-11-01,10808,7010,5031.9,4984,5092,5061,5140,4797,4661,4587
Romania,ROU,2020-11-08,8909,7754,5016.1,5129,4963,4987,4963,4953,4587,4595
Romania,ROU,2020-11-15,7957,7992,5024.1,5188,5097,4999,5082,4669,4945,4478
Romania,ROU,2020-11-22,6989,8372,5065.9,5074,5088,4991,5364,4727,4829,4735
Romania,ROU,2020-11-29,6273,8515,5087.5,4926,5126,5014,5291,4995,4689,4741
Romania,ROU,2020-12-06,5956,8602,5196.5,5043,5297,5027,5457,5073,5113,4613
Romania,ROU,2020-12-13,5754,8172,5289.1,4991,5356,5249,5461,5303,4981,4759
Romania,ROU,2020-12-20,5885,7425,5393.9,5179,5829,5176,5623,5077,5161,4808
Romania,ROU,2020-12-27,5748,7425,5548.7,5249,6253,5237,5768,5151,4805,4089
Romania,ROU,2021-01-03,,7047,5548.7,,,,,,,
Russia,RUS,2020-01-31,222794.4,161007.1,166545.1,176303.6,180445.5,179736.5,162054.2,169509.4,195628.2,166677.5
Russia,RUS,2020-02-29,170499.6,147290.4,143541.5,158059.7,152837.4,149011.6,144108.6,149014.2,198282.7,135883.5
Russia,RUS,2020-03-31,177020.9,154923,155848.7,173232.2,158985.9,154313.8,171526.9,156509.8,181112.1,150304.5
Russia,RUS,2020-04-30,163090.9,152500.1,147187.7,161394.2,152031.1,149933,161241.7,146661.5,143048.5,142202.5
Russia,RUS,2020-05-31,171291.7,173281.8,150404.7,163293,160920.7,154791,155393.3,152948.1,147854.7,147149.5
Russia,RUS,2020-06-30,188462.3,168436.1,143940.5,154992.4,155231.4,148641.4,152104.3,144056.5,137144.3,138876.5
Russia,RUS,2020-07-31,218472.9,176449.7,143165.7,152968.6,152963.5,149745.9,149905,145569.7,136548.1,142077.5
Russia,RUS,2020-08-31,208832.3,161629.9,141106.1,152152.2,153125.5,146025.3,145335.3,144215.7,142784.5,140928.5
Russia,RUS,2020-09-30,204029.6,165758.5,139011.3,148652.7,149535.1,144414.7,143231.1,144546.9,151785.8,138395.5
Russia,RUS,2020-10-31,266343,215817.7,146687.9,158129.8,156598.9,154450.9,149685.9,149899.9,151170.6,149892.5
Russia,RUS,2020-11-30,242330.2,228543.6,139324.9,151481.9,151489.9,142821,142787.8,143368,142646,145167.5
Russia,RUS,2020-12-31,208426.2,232948,149038.1,157880.7,166850.1,152239.9,151536,152007.4,170638.5,167062.5
Saint Kitts and Nevis,KNA,2020-01-31,50,29,34.8,,42,34,35,35,69,42
Saint Kitts and Nevis,KNA,2020-02-29,27,31,31.8,,25,30,27,52,40,32
Saint Kitts and Nevis,KNA,2020-03-31,27,34,34.6,,33,40,45,27,40,35
Saint Kitts and Nevis,KNA,2020-04-30,28,27,30.8,,40,29,32,29,36,38
Saint Kitts and Nevis,KNA,2020-05-31,29,35,25.8,,23,27,35,25,28,38
Saint Kitts and Nevis,KNA,2020-06-30,32,37,27.8,,33,29,27,29,39,56
Saint Kitts and Nevis,KNA,2020-07-31,32,38,31.6,,39,23,44,27,37,39
Saint Kitts and Nevis,KNA,2020-08-31,42,28,30.8,,35,31,38,26,38,37
Saint Kitts and Nevis,KNA,2020-09-30,59,29,33.3,,36,35,30,39,33,50
Saint Kitts and Nevis,KNA,2020-10-31,51,32,31.1,,33,37,33,28,36,42
Saint Kitts and Nevis,KNA,2020-11-30,39,26,24.8,,28,23,32,23,36,37
Saint Kitts and Nevis,KNA,2020-12-31,38,31,29.6,,35,38,26,26,30,36
Saint Vincent and the Grenadines,VCT,2020-01-31,85,93,85.3,86,63,89,70,80,,
Saint Vincent and the Grenadines,VCT,2020-02-29,94,76,77.9,79,69,54,71,78,,
Saint Vincent and the Grenadines,VCT,2020-03-31,68,90,84.7,70,57,71,102,85,,
Saint Vincent and the Grenadines,VCT,2020-04-30,85,87,82.9,77,63,70,83,83,,
Saint Vincent and the Grenadines,VCT,2020-05-31,87,97,79.5,73,74,70,66,76,,
Saint Vincent and the Grenadines,VCT,2020-06-30,76,82,80.1,65,81,71,73,72,,
Saint Vincent and the Grenadines,VCT,2020-07-31,90,84,95.3,67,95,95,85,96,,
Saint Vincent and the Grenadines,VCT,2020-08-31,96,91,93.5,80,79,96,81,93,,
Saint Vincent and the Grenadines,VCT,2020-09-30,109,94,95.5,80,85,89,93,92,,
Saint Vincent and the Grenadines,VCT,2020-10-31,161,85,85.7,66,79,77,87,81,,
Saint Vincent and the Grenadines,VCT,2020-11-30,102,90,83.7,70,79,68,72,91,,
Saint Vincent and the Grenadines,VCT,2020-12-31,131,80,93.1,72,110,67,82,96,,
San Marino,SMR,2020-01-31,22,23,24.4,27,16,25,28,23,33,28
San Marino,SMR,2020-02-29,32,26,22.8,17,27,33,19,15,22,29
San Marino,SMR,2020-03-31,36,50,21.8,19,19,27,23,18,19,29
San Marino,SMR,2020-04-30,28,31,23.2,24,25,19,19,26,19,21
San Marino,SMR,2020-05-31,21,25,20.8,20,15,19,24,23,23,17
San Marino,SMR,2020-06-30,20,29,22,24,21,27,11,24,22,12
San Marino,SMR,2020-07-31,24,24,19.6,19,18,24,12,22,22,19
San Marino,SMR,2020-08-31,22,21,21,16,20,22,22,22,24,23
San Marino,SMR,2020-09-30,23,18,20.4,21,14,27,19,18,15,19
San Marino,SMR,2020-10-31,26,25,19.8,10,23,22,24,17,25,27
San Marino,SMR,2020-11-30,23,26,21.6,20,23,10,25,27,19,28
San Marino,SMR,2020-12-31,35,45,22,18,32,23,18,16,20,27
Scotland,,2020-01-05,1720,1161,,1146,1394,1205,1531,1104,1231,1536
Scotland,,2020-01-12,1550,1567,,1708,1305,1379,1899,1507,1517,2052
Scotland,,2020-01-19,1559,1322,,1489,1215,1224,1629,1353,1347,1733
Scotland,,2020-01-26,1604,1226,,1381,1187,1197,1610,1208,1261,1440
Scotland,,2020-02-02,1506,1188,,1286,1205,1332,1369,1206,1260,1351
Scotland,,2020-02-09,1412,1216,,1344,1217,1200,1265,1243,1238,1330
Scotland,,2020-02-16,1422,1162,,1360,1209,1231,1315,1181,1158,1289
Scotland,,2020-02-23,1325,1162,,1320,1239,1185,1245,1245,1190,1314
Scotland,,2020-03-01,1204,1171,,1308,1150,1219,1022,1125,1192,1245
Scotland,,2020-03-08,1145,1208,,1192,1174,1146,1475,1156,1222,1304
Scotland,,2020-03-15,1114,1198,,1201,1175,1141,1220,1108,1267,1311
Scotland,,2020-03-22,1097,1196,,1149,1042,1152,1158,1101,1248,1374
Scotland,,2020-03-29,972,1079,,1171,1172,1112,1050,1086,1271,1263
Scotland,,2020-04-05,1058,1744,,1042,1166,1060,1192,1032,1236,1125
Scotland,,2020-04-12,1131,1978,,1192,1048,998,1192,1069,1051,1267
Scotland,,2020-04-19,1112,1916,,1095,1092,1111,1136,902,1256,1263
Scotland,,2020-04-26,1040,1836,,1108,1076,1121,1008,1121,1268,1205
Scotland,,2020-05-03,954,1678,,1117,1006,1050,1093,1131,1093,1166
Scotland,,2020-05-10,1076,1435,,1020,1047,1119,967,1018,1244,1083
Scotland,,2020-05-17,1042,1421,,1103,1010,1115,977,1115,1214,1228
Scotland,,2020-05-24,1098,1226,,1039,994,1063,1070,1061,1100,1086
Scotland,,2020-05-31,1055,1128,,1043,999,1015,998,1029,848,1086
Scotland,,2020-06-07,1150,1093,,1106,1023,1076,1033,1042,1207,1145
Scotland,,2020-06-14,1054,1034,,1038,988,1031,915,1028,1186,1161
Scotland,,2020-06-21,1055,1065,,1025,994,1032,993,1053,1136,1054
Scotland,,2020-06-28,1095,1008,,1032,1007,994,1046,1051,1137,1128
Scotland,,2020-07-05,1087,983,,1040,988,1040,1041,981,1102,1068
Scotland,,2020-07-12,1127,977,,1011,1022,1014,1002,1077,1184,1095
Scotland,,2020-07-19,1126,1033,,1023,1041,1025,928,964,1138,1033
Scotland,,2020-07-26,1155,962,,956,979,978,933,1041,1183,1104
Scotland,,2020-08-02,1073,1043,,985,987,1011,969,1020,1125,1106
Scotland,,2020-08-09,1099,1011,,1043,997,1002,953,1018,1138,1122
Scotland,,2020-08-16,1171,928,,969,982,1004,978,1028,1175,1104
Scotland,,2020-08-23,1129,1046,,982,1017,1045,941,1011,1086,1115
Scotland,,2020-08-30,1180,1030,,954,1039,980,930,1013,1071,1060
Scotland,,2020-09-06,1130,1050,,977,1007,1006,970,980,1129,1090
Scotland,,2020-09-13,1259,1069,,991,983,972,1020,1074,1135,1007
Scotland,,2020-09-20,1228,952,,1001,966,1049,946,1071,1001,1120
Scotland,,2020-09-27,1255,933,,1010,1009,1056,1015,1142,1250,1105
Scotland,,2020-10-04,1368,1196,,1008,1072,1016,1042,1051,1296,1145
Scotland,,2020-10-11,1345,1072,,1028,1009,1133,1081,1143,1264,1184
Scotland,,2020-10-18,1323,1134,,989,1070,1067,1031,1153,1243,1190
Scotland,,2020-10-25,1342,1187,,981,1052,1095,1019,1115,1290,1139
Scotland,,2020-11-01,1298,1262,,1116,1032,1062,1085,1101,1278,1189
Scotland,,2020-11-08,1338,1250,,1028,1043,1126,1144,1184,1235,1243
Scotland,,2020-11-15,1277,1338,,1103,1174,1175,1084,1160,1291,1256
Scotland,,2020-11-22,1286,1360,,1054,1132,1178,1058,1229,1271,1238
Scotland,,2020-11-29,1333,1329,,1115,1159,1153,1062,1163,1239,1211
Scotland,,2020-12-06,1326,1296,,1089,1188,1237,1076,1108,1301,1232
Scotland,,2020-12-13,1359,1284,,1101,1219,1335,1212,1312,1321,1292
Scotland,,2020-12-20,1337,1297,,1146,1284,1437,1216,1277,1611,1406
Scotland,,2020-12-27,1085,1205,,944,1133,1168,1058,1000,1198,1061
Scotland,,2021-01-03,,1178,,,,,,,,
Serbia,SRB,2020-01-31,10417,9886,10390.7,10121,9529,13385,9296,10075,11392,9372
Serbia,SRB,2020-02-29,10166,9205,9126.9,9316,8428,9001,9771,9571,13094,8665
Serbia,SRB,2020-03-31,12952,9050,9143.5,9794,8685,8731,9824,9136,11250,8648
Serbia,SRB,2020-04-30,12659,8710,8374.5,9099,8212,8455,8203,8356,8479,7488
Serbia,SRB,2020-05-31,10525,7943,8108.3,8253,8366,8294,7778,8303,8387,8156
Serbia,SRB,2020-06-30,9098,8222,7681.7,7754,7812,7861,7403,8031,7744,7289
Serbia,SRB,2020-07-31,8417,9959,7887.7,8635,7767,7669,7877,7943,7848,7710
Serbia,SRB,2020-08-31,8447,8626,7727.7,7861,7566,7986,7920,7758,9158,7622
Serbia,SRB,2020-09-30,11032,7646,7356.9,7584,7483,7204,7620,7346,8390,6931
Serbia,SRB,2020-10-31,14666,8580,8401.3,8433,8612,8456,8702,8256,8454,8427
Serbia,SRB,2020-11-30,15113,11914,8137.7,8249,8406,8026,8288,8172,7930,8132
Serbia,SRB,2020-12-31,12409,17109,8846.5,8579,9968,8654,8973,8511,8713,8658
Seychelles,SYC,2020-01-31,69,65,68.2,52,52,61,64,80,111,65
Seychelles,SYC,2020-02-29,78,61,65.6,50,56,65,58,67,76,68
Seychelles,SYC,2020-03-31,74,57,69.2,69,68,53,57,67,74,81
Seychelles,SYC,2020-04-30,63,59,72.6,63,72,52,77,67,76,82
Seychelles,SYC,2020-05-31,91,41,70,46,54,81,70,67,80,79
Seychelles,SYC,2020-06-30,108,52,70.2,78,53,61,72,55,80,48
Seychelles,SYC,2020-07-31,98,56,70.6,59,68,63,65,66,78,58
Seychelles,SYC,2020-08-31,66,50,67.6,60,60,78,61,47,76,72
Seychelles,SYC,2020-09-30,72,54,65.2,51,64,49,59,71,63,65
Seychelles,SYC,2020-10-31,72,43,76.4,55,71,71,90,63,81,70
Seychelles,SYC,2020-11-30,59,66,73.2,61,67,61,76,69,72,92
Seychelles,SYC,2020-12-31,75,64,70.2,59,62,53,69,76,74,99
Singapore,SGP,2020-01-31,1871,2091,1887.2,1701,1635,1768,1931,1847,1982,2280
Singapore,SGP,2020-02-29,1769,1762,1699.4,1481,1592,1577,1662,1631,2135,2096
Singapore,SGP,2020-03-31,1924,1891,1881.6,1680,1780,1779,1778,1837,2649,2269
Singapore,SGP,2020-04-30,1938,1913,1784.2,1589,1684,1661,1668,1765,2138,2358
Singapore,SGP,2020-05-31,1975,1874,1901,1725,1728,1902,1829,1767,2249,2450
Singapore,SGP,2020-06-30,1937,1761,1874.8,1827,1585,1925,1748,1735,2110,2208
Singapore,SGP,2020-07-31,1998,1759,1926.2,1781,1859,1842,1791,1804,2391,2156
Singapore,SGP,2020-08-31,1967,1860,1874.2,1689,1747,1751,1806,1824,2346,2210
Singapore,SGP,2020-09-30,1965,1751,1727.8,1554,1583,1590,1655,1703,2125,2113
Singapore,SGP,2020-10-31,2492,1770,1852,1625,1716,1759,1773,1833,2371,2265
Singapore,SGP,2020-11-30,2349,1771,1757.8,1589,1510,1666,1703,1767,2163,2052
Singapore,SGP,2020-12-31,2107,1851,1865.8,1621,1598,1685,1938,1933,2232,2431
Slovakia,SVK,2020-01-05,2089,1147,1163.7,1112,1072,1411,1094,1105,1412,1274
Slovakia,SVK,2020-01-12,2125,1109,1162.7,1187,948,1410,1150,1094,1270,1181
Slovakia,SVK,2020-01-19,1995,1086,1204.9,1210,1026,1390,1198,1176,1221,1153
Slovakia,SVK,2020-01-26,1971,1107,1165.3,1235,982,1355,1095,1135,1174,1059
Slovakia,SVK,2020-02-02,1987,1159,1225.9,1292,1045,1339,1205,1224,1254,1077
Slovakia,SVK,2020-02-09,2081,1101,1198.3,1226,1041,1202,1159,1339,1220,1067
Slovakia,SVK,2020-02-16,2009,1181,1193.3,1275,1051,1224,1140,1252,1365,1035
Slovakia,SVK,2020-02-23,1963,1088,1194.9,1266,1023,1115,1292,1254,1314,1089
Slovakia,SVK,2020-03-01,1869,1152,1196.5,1235,1003,1159,1353,1208,1395,1104
Slovakia,SVK,2020-03-08,1784,1131,1151.3,1164,1009,1002,1357,1200,1365,1130
Slovakia,SVK,2020-03-15,1677,1122,1106.7,1186,1032,1016,1165,1110,1363,1138
Slovakia,SVK,2020-03-22,1584,1187,1084.7,1102,1026,1092,1111,1068,1300,1118
Slovakia,SVK,2020-03-29,1467,1054,1056.3,1088,999,1017,1128,1025,1266,1062
Slovakia,SVK,2020-04-05,1333,1081,1020.9,1037,1017,989,1051,986,1206,975
Slovakia,SVK,2020-04-12,1309,1003,1050.5,1090,971,1024,1070,1073,1087,1059
Slovakia,SVK,2020-04-19,1253,957,1009.7,1078,1010,1008,944,984,1104,994
Slovakia,SVK,2020-04-26,1166,977,1013.7,1062,988,1023,906,1065,1119,1010
Slovakia,SVK,2020-05-03,1133,970,984.1,980,1019,955,963,979,1070,937
Slovakia,SVK,2020-05-10,1126,1005,959.3,958,988,919,952,955,1017,933
Slovakia,SVK,2020-05-17,999,979,949.1,915,934,925,1004,943,976,870
Slovakia,SVK,2020-05-24,962,953,965.5,975,1004,916,986,922,966,1027
Slovakia,SVK,2020-05-31,1001,913,958.5,926,984,949,985,924,1062,913
Slovakia,SVK,2020-06-07,1000,963,927.1,1017,885,858,922,929,1018,946
Slovakia,SVK,2020-06-14,1048,981,977.1,1004,898,918,955,1086,932,967
Slovakia,SVK,2020-06-21,1090,899,960.1,910,1056,923,891,996,1057,1018
Slovakia,SVK,2020-06-28,968,937,931.5,911,899,977,922,924,1105,941
Slovakia,SVK,2020-07-05,988,982,942.3,1007,909,915,946,910,971,959
Slovakia,SVK,2020-07-12,999,973,946.9,1006,958,900,970,876,994,999
Slovakia,SVK,2020-07-19,896,948,953.3,920,937,969,969,947,1171,951
Slovakia,SVK,2020-07-26,1027,957,1028.3,1131,933,948,1080,1025,1087,924
Slovakia,SVK,2020-08-02,953,985,980.9,861,904,1064,1110,941,1066,925
Slovakia,SVK,2020-08-09,974,1065,969.1,1025,874,990,991,941,1075,870
Slovakia,SVK,2020-08-16,1011,963,965.7,1120,937,958,931,858,1116,996
Slovakia,SVK,2020-08-23,893,960,939.7,923,909,918,961,963,1082,1058
Slovakia,SVK,2020-08-30,996,1023,959.1,934,934,931,940,1032,984,936
Slovakia,SVK,2020-09-06,1041,969,950.5,928,954,953,999,894,1017,967
Slovakia,SVK,2020-09-13,1142,1034,954.5,909,1000,951,952,936,963,983
Slovakia,SVK,2020-09-20,1154,963,983.1,1004,948,977,1019,943,1056,949
Slovakia,SVK,2020-09-27,1103,1042,996.1,947,1003,1023,1007,976,1142,953
Slovakia,SVK,2020-10-04,1214,1135,994.3,904,1029,1039,995,980,1120,931
Slovakia,SVK,2020-10-11,1202,1071,988.3,924,992,1036,1022,943,1105,1037
Slovakia,SVK,2020-10-18,1309,1204,1015.3,975,1071,1004,982,1020,1109,1066
Slovakia,SVK,2020-10-25,1450,1276,985.7,937,1064,919,1043,941,1130,1091
Slovakia,SVK,2020-11-01,1505,1362,1004.7,1031,1028,984,955,1001,1121,1036
Slovakia,SVK,2020-11-08,1675,1437,1011.7,1008,1017,990,1030,989,1037,1025
Slovakia,SVK,2020-11-15,1854,1411,1010.5,970,1063,998,994,1003,1058,1048
Slovakia,SVK,2020-11-22,1923,1371,1013.3,956,1082,997,1021,986,1132,1117
Slovakia,SVK,2020-11-29,1922,1425,1013.1,929,1067,1015,1036,994,1022,1195
Slovakia,SVK,2020-12-06,1897,1458,981.1,948,984,971,1009,969,1137,1182
Slovakia,SVK,2020-12-13,1758,1553,1016.5,952,1067,1003,1034,1002,1269,1185
Slovakia,SVK,2020-12-20,1596,1616,1091.9,1002,1200,1051,1129,1053,1398,1247
Slovakia,SVK,2020-12-27,1493,1793,1097.7,1021,1311,1082,1014,1036,1359,1246
Slovakia,SVK,2021-01-03,,2047,1097.7,,,,,,,
Slovenia,SVN,2020-01-05,606,420,455.3,408,451,479,401,469,473,539
Slovenia,SVN,2020-01-12,624,426,469.9,407,439,536,411,488,494,505
Slovenia,SVN,2020-01-19,591,430,479.5,453,411,586,398,481,463,525
Slovenia,SVN,2020-01-26,530,455,489.1,449,457,569,425,477,483,421
Slovenia,SVN,2020-02-02,526,476,501.1,432,434,599,457,515,592,471
Slovenia,SVN,2020-02-09,435,449,472.7,420,426,523,419,507,544,417
Slovenia,SVN,2020-02-16,428,502,475.7,459,421,466,490,474,562,468
Slovenia,SVN,2020-02-23,470,441,467.1,446,406,459,476,480,467,457
Slovenia,SVN,2020-03-01,442,431,473.3,449,427,439,512,471,488,427
Slovenia,SVN,2020-03-08,444,425,422.7,384,416,369,465,411,477,410
Slovenia,SVN,2020-03-15,444,437,453.1,453,411,397,479,457,461,405
Slovenia,SVN,2020-03-22,424,443,432.1,417,388,418,443,426,432,446
Slovenia,SVN,2020-03-29,442,390,438.9,460,441,413,431,381,435,389
Slovenia,SVN,2020-04-05,406,383,415.1,444,373,357,421,412,430,391
Slovenia,SVN,2020-04-12,421,424,382.5,423,339,348,390,344,430,374
Slovenia,SVN,2020-04-19,458,433,412.9,420,399,385,390,402,441,407
Slovenia,SVN,2020-04-26,383,392,393.3,388,351,371,400,388,412,381
Slovenia,SVN,2020-05-03,390,356,377.9,387,367,355,345,367,384,394
Slovenia,SVN,2020-05-10,401,381,374.3,362,358,358,367,358,395,399
Slovenia,SVN,2020-05-17,408,354,368.5,327,346,360,348,393,392,360
Slovenia,SVN,2020-05-24,390,405,367.3,318,355,347,353,395,368,405
Slovenia,SVN,2020-05-31,414,330,363.3,333,334,371,366,344,381,373
Slovenia,SVN,2020-06-07,389,345,360.1,364,347,348,360,313,367,357
Slovenia,SVN,2020-06-14,396,377,353.3,325,348,342,338,345,370,373
Slovenia,SVN,2020-06-21,381,374,359.1,323,335,348,354,367,374,411
Slovenia,SVN,2020-06-28,383,408,338.9,310,334,334,317,331,413,382
Slovenia,SVN,2020-07-05,342,371,367.9,384,347,369,322,349,382,368
Slovenia,SVN,2020-07-12,339,328,357.7,377,370,328,318,327,380,430
Slovenia,SVN,2020-07-19,332,352,368.1,381,312,354,374,351,459,357
Slovenia,SVN,2020-07-26,375,369,380.5,393,342,328,364,407,380,377
Slovenia,SVN,2020-08-02,330,393,365.9,332,319,347,399,364,418,360
Slovenia,SVN,2020-08-09,353,370,363.3,333,326,319,390,380,433,370
Slovenia,SVN,2020-08-16,327,392,366.5,373,355,354,337,345,404,379
Slovenia,SVN,2020-08-23,334,353,372.9,337,343,350,381,385,383,390
Slovenia,SVN,2020-08-30,400,341,372.7,337,373,380,365,340,330,343
Slovenia,SVN,2020-09-06,418,370,349.1,315,332,339,358,333,355,343
Slovenia,SVN,2020-09-13,405,393,371.9,309,363,340,391,388,393,355
Slovenia,SVN,2020-09-20,423,421,374.9,360,358,364,382,342,356,399
Slovenia,SVN,2020-09-27,432,354,364.1,315,355,374,342,366,410,368
Slovenia,SVN,2020-10-04,412,412,389.1,341,369,398,390,379,416,385
Slovenia,SVN,2020-10-11,453,415,395.5,391,390,370,371,387,410,401
Slovenia,SVN,2020-10-18,471,441,385.5,354,375,376,371,383,391,435
Slovenia,SVN,2020-10-25,467,514,396.3,382,395,350,417,369,394,429
Slovenia,SVN,2020-11-01,546,595,385.7,408,341,385,393,333,408,417
Slovenia,SVN,2020-11-08,585,624,386.9,379,374,380,348,385,384,399
Slovenia,SVN,2020-11-15,587,739,402.9,376,381,393,392,404,445,426
Slovenia,SVN,2020-11-22,542,731,385.9,358,366,391,384,362,458,453
Slovenia,SVN,2020-11-29,589,792,386.1,378,357,362,406,359,438,420
Slovenia,SVN,2020-12-06,528,801,414.9,370,394,399,407,436,479,487
Slovenia,SVN,2020-12-13,500,784,420.9,433,347,390,422,444,494,498
Slovenia,SVN,2020-12-20,479,717,420.3,359,413,397,427,437,566,492
Slovenia,SVN,2020-12-27,494,686,424.1,347,466,422,421,396,547,504
Slovenia,SVN,2021-01-03,,660,424.1,,,,,,,
South Africa,ZAF,2020-01-05,23422,10423,10181.9,10001,11576,9938,10251,9792,12460,10093
South Africa,ZAF,2020-01-12,24842,9646,9261.5,9603,8995,9264,9499,9595,11365,10380
South Africa,ZAF,2020-01-19,21688,9246,9042.9,9098,8961,8972,9276,9556,10362,10317
South Africa,ZAF,2020-01-26,15741,8611,8896.3,9559,9040,8971,8653,8907,9830,9848
South Africa,ZAF,2020-02-02,13781,9384,9223.1,10096,9454,9135,9014,9065,10224,9490
South Africa,ZAF,2020-02-09,12129,10064,9336.1,10090,9250,9366,9158,9465,9945,9375
South Africa,ZAF,2020-02-16,11402,9257,8998.7,9384,9309,8991,8860,9098,9604,9267
South Africa,ZAF,2020-02-23,10677,9300,8950.5,9396,9232,8870,8864,9039,9761,9454
South Africa,ZAF,2020-03-01,10921,9002,9397.1,10080,9446,9448,9181,9479,10109,9658
South Africa,ZAF,2020-03-08,10878,9806,9336.1,9571,9356,9305,9427,9670,10100,10205
South Africa,ZAF,2020-03-15,10115,9363,9117.5,9429,9261,9282,9093,9171,9689,9541
South Africa,ZAF,2020-03-22,10129,9094,9006.5,9087,9357,8763,9321,9153,9830,9691
South Africa,ZAF,2020-03-29,10586,9014,9394.3,9638,9752,9251,9690,9289,10101,9683
South Africa,ZAF,2020-04-05,10814,8745,9664.9,9922,9716,9577,10125,9633,10106,10166
South Africa,ZAF,2020-04-12,10780,8604,9427.7,9866,9815,9056,9414,9636,10976,10125
South Africa,ZAF,2020-04-19,10605,8469,9384.3,9607,9220,9754,9591,9398,10426,9799
South Africa,ZAF,2020-04-26,10898,8192,9636.9,10074,9507,9582,9779,9891,10756,10336
South Africa,ZAF,2020-05-03,11447,8258,10176.3,10658,10533,9991,10123,10225,11561,10431
South Africa,ZAF,2020-05-10,11690,8720,10168.9,10447,10493,9671,10420,10462,11602,10736
South Africa,ZAF,2020-05-17,11732,8960,10248.5,10371,10266,10549,10525,10180,11158,11129
South Africa,ZAF,2020-05-24,12256,9132,10137.7,10775,10203,9794,10193,10372,11718,11725
South Africa,ZAF,2020-05-31,13540,9810,10834.9,11881,10926,10182,10888,10946,12062,12371
South Africa,ZAF,2020-06-07,14295,10465,11485.1,12322,11350,10754,11834,11814,12356,12568
South Africa,ZAF,2020-06-14,13916,10967,11504.5,12403,11597,10655,11521,11995,12461,11965
South Africa,ZAF,2020-06-21,15710,12350,11331.7,11968,10898,10446,11600,12395,11952,11569
South Africa,ZAF,2020-06-28,17345,12943,11406.3,11886,11488,11218,11254,11834,12292,11423
South Africa,ZAF,2020-07-05,18881,13921,11616.3,11405,12167,11527,11990,11641,11936,11531
South Africa,ZAF,2020-07-12,21364,15185,11066.5,11139,11453,11262,10908,11219,11213,12057
South Africa,ZAF,2020-07-19,20402,16637,10865.1,10706,11031,11406,11223,10608,10872,11170
South Africa,ZAF,2020-07-26,19062,16508,10563.3,10062,11517,10845,10309,10732,10865,11060
South Africa,ZAF,2020-08-02,17446,15575,11059.1,11720,11649,11024,10648,10903,11193,11359
South Africa,ZAF,2020-08-09,15636,14142,10927.9,11138,11334,11052,10744,11020,10877,11227
South Africa,ZAF,2020-08-16,15772,12679,10639.9,10265,11038,11205,10689,10651,10779,10785
South Africa,ZAF,2020-08-23,14868,12339,10440.7,10260,10660,11548,10124,10260,10898,10074
South Africa,ZAF,2020-08-30,14694,11503,10419.9,10224,10794,11168,10540,10022,10826,10274
South Africa,ZAF,2020-09-06,13682,11344,10693.9,10217,10813,11441,11079,10568,11096,10410
South Africa,ZAF,2020-09-13,12176,10442,10178.5,9958,10125,10568,10758,10132,10455,10418
South Africa,ZAF,2020-09-20,11798,9966,10074.3,10143,9958,10435,10500,9984,10228,10234
South Africa,ZAF,2020-09-27,11158,10230,9969.5,10325,9985,10235,10394,9557,10359,10147
South Africa,ZAF,2020-10-04,11157,9908,10384.3,10521,10620,10694,10494,10241,11024,10531
South Africa,ZAF,2020-10-11,11030,10487,9860.5,9784,9816,10536,10067,9748,10327,9979
South Africa,ZAF,2020-10-18,10454,10546,9546.3,9381,9681,10035,9653,9630,9616,9826
South Africa,ZAF,2020-10-25,10058,10415,9575.3,9569,9753,9886,9729,9588,9289,9759
South Africa,ZAF,2020-11-01,11032,10264,9930.9,10005,10289,10476,9878,9655,9969,10405
South Africa,ZAF,2020-11-08,10983,10444,9702.9,10529,9293,9764,9660,9917,9844,10176
South Africa,ZAF,2020-11-15,10369,10830,9426.7,9441,9232,9870,9940,9299,9839,9609
South Africa,ZAF,2020-11-22,10168,10710,9298.5,9360,9313,9726,9431,9311,9647,10748
South Africa,ZAF,2020-11-29,11500,10557,9959.1,10478,10355,9819,9813,9979,10127,10548
South Africa,ZAF,2020-12-06,11313,11839,10018.1,10553,9754,10069,10062,10301,10087,10239
South Africa,ZAF,2020-12-13,11992,12749,9602.3,9928,9738,9732,9542,9720,10005,9662
South Africa,ZAF,2020-12-20,13337,14262,10245.3,10665,10325,10268,10448,10169,10217,10545
South Africa,ZAF,2020-12-27,13600,17449,10188.9,10551,9606,10082,10812,10542,10510,10243
South Africa,ZAF,2021-01-03,,20162,10188.9,,,,,,,
South Korea,KOR,2020-01-05,6217,6438,6413.6,5699,5500,5958,7000,6292,6855,7660
South Korea,KOR,2020-01-12,6332,6320,6449.2,5622,5569,5891,7135,6410,6741,7583
South Korea,KOR,2020-01-19,6189,6403,6411,5551,5595,5751,7370,6169,6723,6968
South Korea,KOR,2020-01-26,5838,6490,6333.8,5601,5659,5720,7014,6056,6740,7212
South Korea,KOR,2020-02-02,6073,6434,6338.2,5588,5717,6003,6888,5876,6646,7215
South Korea,KOR,2020-02-09,5779,6431,6177.8,5617,5915,5718,6392,5628,7046,6894
South Korea,KOR,2020-02-16,6076,6161,6179.2,5738,6053,5720,6094,5672,7081,6835
South Korea,KOR,2020-02-23,5908,5970,6224.4,5784,6028,5636,6211,5844,7844,6711
South Korea,KOR,2020-03-01,5950,6012,6193.8,6070,6105,5554,5938,5683,8877,6625
South Korea,KOR,2020-03-08,6100,5961,6121.6,6090,5679,5440,5940,5840,9684,6670
South Korea,KOR,2020-03-15,6036,5933,6039.4,6050,5653,5625,5739,5511,10526,6377
South Korea,KOR,2020-03-22,5896,5838,5936.2,6040,5550,5342,5508,5622,10588,6466
South Korea,KOR,2020-03-29,5920,5708,5918.8,5778,5522,5425,5560,5690,10332,6565
South Korea,KOR,2020-04-05,5836,5649,5925.2,5801,5456,5550,5573,5627,9686,6237
South Korea,KOR,2020-04-12,5937,5874,5771.4,5545,5173,5295,5632,5593,8927,6476
South Korea,KOR,2020-04-19,5822,5745,5841,5380,5408,5475,5621,5702,7953,6474
South Korea,KOR,2020-04-26,5767,5578,5689.2,5453,5195,5338,5471,5370,7189,6445
South Korea,KOR,2020-05-03,5859,5982,5789.4,5481,5379,5502,5519,5447,6816,6536
South Korea,KOR,2020-05-10,5943,5529,5677,5129,5236,5312,5477,5612,6776,6482
South Korea,KOR,2020-05-17,5559,5437,5697,5202,5166,5285,5451,5762,6360,6583
South Korea,KOR,2020-05-24,5780,5496,5592.6,5069,5209,5327,5312,5427,6312,6378
South Korea,KOR,2020-05-31,5659,5390,5636.2,5242,5014,5334,5436,5536,6049,6408
South Korea,KOR,2020-06-07,5707,5636,5510.8,5129,4943,5023,5439,5401,5751,6335
South Korea,KOR,2020-06-14,5639,5540,5449.8,4942,4961,5190,5208,5329,5803,6358
South Korea,KOR,2020-06-21,5724,5440,5494.2,5067,4993,5191,5220,5381,5735,6192
South Korea,KOR,2020-06-28,5707,5435,5437.2,4868,5027,5042,5196,5434,5812,6109
South Korea,KOR,2020-07-05,5690,5422,5418,4947,4883,5045,5233,5363,5912,6028
South Korea,KOR,2020-07-12,5710,5210,5377.2,4943,5033,4884,5237,5170,5865,6297
South Korea,KOR,2020-07-19,5879,5437,5369.2,4809,4834,4966,5482,5136,5712,6255
South Korea,KOR,2020-07-26,6012,5522,5496.6,4732,5166,5138,5539,5289,6198,6552
South Korea,KOR,2020-08-02,5902,5507,5592.8,5005,4899,5252,5843,5346,6418,6978
South Korea,KOR,2020-08-09,5820,5421,5571.4,4916,5190,5253,5456,5423,6485,6982
South Korea,KOR,2020-08-16,5853,5690,5427,4733,5181,5014,5332,5256,6984,6728
South Korea,KOR,2020-08-23,5822,5954,5468,4874,5161,5127,5295,5264,6989,6806
South Korea,KOR,2020-08-30,5844,5814,5455.4,4737,5129,5213,5127,5452,6998,6622
South Korea,KOR,2020-09-06,5984,5617,5546,4935,5056,5264,5343,5513,6825,6739
South Korea,KOR,2020-09-13,5968,5630,5522.8,4948,4984,5337,5480,5246,7116,6512
South Korea,KOR,2020-09-20,6016,5733,5556,5007,5192,5244,5216,5502,6650,6189
South Korea,KOR,2020-09-27,6099,5763,5643.4,4987,5375,5239,5342,5655,6515,6315
South Korea,KOR,2020-10-04,6099,5776,5756.6,5180,5328,5351,5633,5672,6459,
South Korea,KOR,2020-10-11,6117,5951,5747.2,5102,5290,5495,5577,5653,6636,
South Korea,KOR,2020-10-18,6358,5884,5891.6,5387,5275,5609,5636,5932,6755,
South Korea,KOR,2020-10-25,6562,6043,5868.2,5248,5340,5697,5604,5833,6964,
South Korea,KOR,2020-11-01,6473,6081,5887.4,5082,5492,5638,5778,5828,6882,
South Korea,KOR,2020-11-08,6490,6062,5915.6,5403,5387,5645,5790,5734,7082,
South Korea,KOR,2020-11-15,6667,6029,5903,5229,5490,5684,5494,5999,7184,
South Korea,KOR,2020-11-22,6682,5943,5901.8,5196,5343,5760,5598,5993,7019,
South Korea,KOR,2020-11-29,6955,5802,5977.4,5293,5580,5737,5667,5991,7113,
South Korea,KOR,2020-12-06,7067,6161,5986.8,5356,5510,5810,5780,5859,7383,
South Korea,KOR,2020-12-13,7236,6027,6109,5361,5648,5864,5958,6095,7485,
South Korea,KOR,2020-12-20,7234,5922,6212.6,5222,5845,6189,6140,6048,7723,
South Korea,KOR,2020-12-27,7106,6138,6251.6,5232,5941,6446,6106,5914,7741,
South Korea,KOR,2021-01-03,,6161,6251.6,,,,,,,
Spain,ESP,2020-01-05,10470,8710,9915,9605,8658,10726,11204,9127,9953,9922
Spain,ESP,2020-01-12,11858,9398,10337,10415,8671,11414,10905,10025,10670,10051
Spain,ESP,2020-01-19,12950,9917,10515,10738,8791,11334,10981,10476,10855,9903
Spain,ESP,2020-01-26,12701,9954,10180.8,10625,8491,11068,10324,10141,11205,9713
Spain,ESP,2020-02-02,11571,9974,10051,11046,8461,10636,9893,9964,10886,10167
Spain,ESP,2020-02-09,10368,9192,9770.8,10682,8556,9660,10015,9686,10103,10185
Spain,ESP,2020-02-16,9488,8839,9615.2,10857,8479,9017,10105,9363,9316,9833
Spain,ESP,2020-02-23,9032,8413,9409.4,10580,8670,8670,9656,9216,8931,9649
Spain,ESP,2020-03-01,8542,8379,9169.6,10058,8645,8371,9599,8920,8694,9597
Spain,ESP,2020-03-08,8318,8465,8868,9421,8653,8213,9203,8595,8537,9677
Spain,ESP,2020-03-15,8077,9481,8564.8,8785,8811,7906,8862,8205,8574,8932
Spain,ESP,2020-03-22,8189,12843,8288.6,8379,8291,7875,8616,8027,8523,8380
Spain,ESP,2020-03-29,8195,19828,8324.4,8366,8375,7827,8628,8171,8525,8306
Spain,ESP,2020-04-05,8080,20967,8170,8282,7998,7814,8414,8087,8714,8089
Spain,ESP,2020-04-12,7947,17325,8039.6,7894,7859,7800,8335,8055,8707,8178
Spain,ESP,2020-04-19,8084,13244,7837.2,7855,7589,7574,8112,7801,8410,8019
Spain,ESP,2020-04-26,7867,10452,7734.8,7802,7462,7661,7735,7759,8511,8114
Spain,ESP,2020-05-03,8062,9008,7569.8,7365,7606,7520,7359,7744,8524,7592
Spain,ESP,2020-05-10,7738,8458,7608.2,7464,7374,7622,7595,7731,8832,7537
Spain,ESP,2020-05-17,7606,7536,7574.4,7543,7533,7494,7511,7536,8930,7553
Spain,ESP,2020-05-24,7437,7643,7484.4,7234,7304,7666,7527,7436,8238,7755
Spain,ESP,2020-05-31,7353,7620,7324.4,7096,7255,7092,7306,7618,8167,7544
Spain,ESP,2020-06-07,7710,7144,7375.8,7364,7576,7067,7109,7508,8193,7645
Spain,ESP,2020-06-14,7799,6849,7307.2,7152,7140,7819,7154,7016,9373,7578
Spain,ESP,2020-06-21,7285,7032,7498.4,6956,7173,7991,7713,7404,8573,7435
Spain,ESP,2020-06-28,7557,7512,7423.2,7111,7345,7137,7698,7570,8606,7713
Spain,ESP,2020-07-05,7544,7635,7683.4,8146,7505,7156,7305,8050,9115,7415
Spain,ESP,2020-07-12,7563,7732,7614.4,8351,7423,7214,7366,7463,10900,7675
Spain,ESP,2020-07-19,8481,7562,7508.4,8164,7377,7259,7186,7301,11014,7827
Spain,ESP,2020-07-26,8362,7827,7415.4,7798,7295,7110,7155,7464,9968,7487
Spain,ESP,2020-08-02,8642,8589,7498.4,7349,7425,7596,7731,7136,9478,7623
Spain,ESP,2020-08-09,8860,8394,7442.6,7219,7233,7186,8003,7317,9304,7714
Spain,ESP,2020-08-16,8766,8170,7174.4,7075,7102,7118,7194,7128,8129,7803
Spain,ESP,2020-08-23,8214,7886,7078.8,6801,7184,7219,7015,6920,8197,8634
Spain,ESP,2020-08-30,7936,7954,7029.4,6954,7100,7013,6927,6898,7687,7839
Spain,ESP,2020-09-06,7895,7777,6910.2,6603,7203,6680,6906,6904,7677,7614
Spain,ESP,2020-09-13,7504,7998,6811.8,6660,6641,6730,6834,6939,7634,7322
Spain,ESP,2020-09-20,7430,8168,7013.6,6617,6956,7091,7153,6996,7411,7368
Spain,ESP,2020-09-27,7548,8064,7162.6,6898,7036,7367,7230,7027,7552,7499
Spain,ESP,2020-10-04,7526,8188,7143.2,6813,7072,7388,7210,6978,7993,7812
Spain,ESP,2020-10-11,7586,8593,7265.8,7055,7036,7234,7437,7312,7808,7577
Spain,ESP,2020-10-18,7744,8594,7323,7119,7185,7392,7350,7314,8164,7588
Spain,ESP,2020-10-25,8179,9470,7442.4,7267,7512,7308,7327,7543,7960,7703
Spain,ESP,2020-11-01,7821,9596,7578.8,7392,7244,7511,7794,7698,7681,7666
Spain,ESP,2020-11-08,8717,10316,7752.6,7412,7775,7632,8012,7677,8238,8133
Spain,ESP,2020-11-15,8793,10030,7950.8,7325,8076,8063,7999,8036,8441,8290
Spain,ESP,2020-11-22,8846,9695,8012,7397,8090,8169,7932,8217,8535,8124
Spain,ESP,2020-11-29,9386,9534,8187.8,7849,8321,8257,7929,8328,9026,8603
Spain,ESP,2020-12-06,9017,9541,8230.2,8080,8124,8620,8051,8021,9491,8471
Spain,ESP,2020-12-13,9503,9534,8562.6,8032,8612,9262,8312,8340,9511,9023
Spain,ESP,2020-12-20,9780,9287,8805,8342,8980,9628,8427,8393,9768,9843
Spain,ESP,2020-12-27,9845,9015,9107.2,8031,9855,10412,8650,8333,8384,10892
Spain,ESP,2021-01-03,,9524,9107.2,,,,,,,
Suriname,SUR,2020-01-31,383,329,371.1,329,327,329,400,376,564,
Suriname,SUR,2020-02-29,301,348,300.7,284,275,238,276,336,401,
Suriname,SUR,2020-03-31,305,306,352.9,324,332,308,372,334,356,
Suriname,SUR,2020-04-30,318,283,308.5,264,320,294,262,308,377,
Suriname,SUR,2020-05-31,497,276,324.9,308,304,288,316,314,388,
Suriname,SUR,2020-06-30,648,327,300.9,294,274,252,272,318,394,
Suriname,SUR,2020-07-31,541,337,331.5,314,277,297,339,336,370,
Suriname,SUR,2020-08-31,447,396,342.3,333,306,331,303,344,351,
Suriname,SUR,2020-09-30,609,362,341.7,292,325,321,316,360,356,
Suriname,SUR,2020-10-31,659,349,330.9,317,300,320,310,313,384,
Suriname,SUR,2020-11-30,446,308,311.9,300,273,285,306,301,360,
Suriname,SUR,2020-12-31,381,350,305.5,304,278,245,291,315,340,
Sweden,SWE,2020-01-05,2369.9,1874.5,1997.3,1932.3,1895.3,2193.6,2053.5,1992.8,2105.9,2451.2
Sweden,SWE,2020-01-12,2352.9,1945.2,1975.1,1974,1949.3,2166.6,1996.5,1869.6,2072.9,2215.2
Sweden,SWE,2020-01-19,2306.9,1885.2,1969.9,1943,1993.3,2104.6,2000.5,1888.6,2022.9,2076.2
Sweden,SWE,2020-01-26,2129.9,1784.2,1946.1,1954,2041.3,1954.6,1983.5,1877.6,2099.9,1921.2
Sweden,SWE,2020-02-02,1909.5,1900.3,1909.1,1983.1,1946.3,1925.5,1907.3,1863.4,2192.7,1875.7
Sweden,SWE,2020-02-09,1917.5,1775.6,1912.5,1876.1,1874.3,1922.6,2034.7,1935.7,2014.7,1828.2
Sweden,SWE,2020-02-16,1892.5,1871.6,1949.7,2009.1,1875.3,2051.6,2075.7,1817.7,2088.7,1803.2
Sweden,SWE,2020-02-23,1862.5,1824.6,2013.7,2115.1,1882.3,2110.6,2167.7,1873.7,1993.7,1805.2
Sweden,SWE,2020-03-01,1712.2,1825.5,2000.5,2084.7,1899.1,2031.3,2241.1,1826.2,1957.1,1877
Sweden,SWE,2020-03-08,1859.2,1872.8,1939.5,2053.3,1848.3,1872.5,2259.9,1744.8,1816.7,1899.8
Sweden,SWE,2020-03-15,1737.2,1776.8,1924.3,1944.3,1838.3,1891.5,2144.9,1883.8,1806.7,1848.8
Sweden,SWE,2020-03-22,1770.2,1911.8,1822.5,1886.3,1833.3,1734.5,2052.9,1686.8,1774.7,1791.8
Sweden,SWE,2020-03-29,1719.6,2086.8,1844.7,1942.3,1815.3,1824.5,2002.7,1719.8,1768.1,1799.8
Sweden,SWE,2020-04-05,1751.1,2429.7,1824.9,1845,1741,1836.3,2035.3,1746.7,1804.4,1762.4
Sweden,SWE,2020-04-12,1705.1,2615.7,1767.9,1859.4,1809,1761.3,1829.3,1660.7,1669.4,1803.4
Sweden,SWE,2020-04-19,1736.1,2571.7,1782.1,1854.4,1807,1810.3,1734.3,1784.7,1661.4,1835.4
Sweden,SWE,2020-04-26,1664.9,2315.7,1716.3,1774.4,1640,1814.3,1686.3,1746.7,1655.1,1799.4
Sweden,SWE,2020-05-03,1726.1,2288.4,1667.7,1666.5,1654.8,1734.9,1705.6,1658.7,1697.1,1710.8
Sweden,SWE,2020-05-10,1708.1,2235.1,1655.7,1671.7,1621.8,1762.9,1616.2,1687.4,1674.1,1636.8
Sweden,SWE,2020-05-17,1597.1,2042.1,1590.5,1678.7,1600.8,1622.9,1530.2,1601.4,1720.1,1691.8
Sweden,SWE,2020-05-24,1561.1,1971.1,1580.9,1680.7,1585.8,1684.9,1504.2,1530.4,1600.1,1589.8
Sweden,SWE,2020-05-31,1560.7,1709.1,1582.3,1637.7,1580.6,1663.1,1524.7,1586.3,1623.9,1623.8
Sweden,SWE,2020-06-07,1559.8,1802.1,1560.7,1637.2,1503.2,1595.3,1556.1,1591.6,1586.6,1665.8
Sweden,SWE,2020-06-14,1518.8,1772.1,1548.7,1629.2,1582.2,1636.3,1484.1,1491.6,1623.6,1625.8
Sweden,SWE,2020-06-21,1541.8,1721.1,1560.1,1612.2,1614.2,1537.3,1543.1,1573.6,1673.6,1636.8
Sweden,SWE,2020-06-28,1536.9,1725.1,1582.5,1545.2,1580.3,1630.7,1677.3,1559.6,1698.7,1560.5
Sweden,SWE,2020-07-05,1585,1619.8,1603.3,1694.5,1585.7,1586.4,1639.9,1591.8,1672.8,1587.7
Sweden,SWE,2020-07-12,1609,1627.3,1590.5,1580.7,1641.7,1562.4,1636.9,1612.8,1560.8,1543.7
Sweden,SWE,2020-07-19,1566,1569.3,1596.5,1549.7,1652.7,1549.4,1775.9,1536.8,1729.8,1547.7
Sweden,SWE,2020-07-26,1639.5,1596.3,1585.5,1558.7,1666.7,1521.4,1693.9,1568.8,1697.8,1618.7
Sweden,SWE,2020-08-02,1525.6,1600.1,1606.3,1609.8,1611.8,1577.8,1770.2,1543.4,1718.9,1558.6
Sweden,SWE,2020-08-09,1632.6,1616.2,1553.5,1548.7,1611.8,1594.5,1495.3,1598.5,1771.9,1589.3
Sweden,SWE,2020-08-16,1588.6,1562.2,1551.5,1559.7,1604.8,1587.5,1550.3,1536.5,1761.9,1602.3
Sweden,SWE,2020-08-23,1605.6,1623.2,1562.7,1587.7,1604.8,1569.5,1540.3,1592.5,1671.9,1608.3
Sweden,SWE,2020-08-30,1622.7,1531.2,1610.9,1482.7,1723.3,1609.1,1627.7,1692.1,1585.6,1540.8
Sweden,SWE,2020-09-06,1661.2,1564.1,1592.9,1671.1,1593,1635.1,1656.6,1488.3,1648.9,1753.2
Sweden,SWE,2020-09-13,1707.2,1574.4,1571.7,1574.8,1573,1629.1,1555.6,1606.3,1765.9,1601.2
Sweden,SWE,2020-09-20,1678.2,1560.4,1589.9,1588.8,1568,1601.1,1684.6,1587.3,1767.9,1671.2
Sweden,SWE,2020-09-27,1723.4,1610.4,1614.1,1655.8,1636.6,1571.6,1592.6,1695.3,1802.4,1623.1
Sweden,SWE,2020-10-04,1661.3,1598.6,1661.7,1673.6,1630.2,1750.5,1647.7,1687.3,1790.7,1677.3
Sweden,SWE,2020-10-11,1700.3,1597.7,1672.3,1550.5,1694.2,1737.5,1756.7,1703.6,1731.7,1864.3
Sweden,SWE,2020-10-18,1741.3,1666.7,1648.7,1596.5,1782.2,1690.5,1583.7,1671.6,1676.7,1815.3
Sweden,SWE,2020-10-25,1736.3,1624.7,1691.9,1720.5,1658.2,1686.5,1701.7,1773.6,1700.7,1875.3
Sweden,SWE,2020-11-01,1833.5,1745.2,1720.7,1681.7,1755.5,1804.1,1753.4,1689,1665.4,2009.9
Sweden,SWE,2020-11-08,1776.5,1724.1,1691.1,1682.7,1755.4,1656.9,1691.7,1750.9,1733.8,1931.7
Sweden,SWE,2020-11-15,1786.5,1919.1,1717.9,1740.7,1809.4,1801.9,1592.7,1726.9,1800.8,2016.7
Sweden,SWE,2020-11-22,1739.5,2040.1,1693.3,1708.7,1740.4,1748.9,1585.7,1764.9,1877.8,2106.7
Sweden,SWE,2020-11-29,1827.5,2010.1,1766.3,1721.7,1831.9,1787.9,1831.4,1740.2,1851.4,2093.1
Sweden,SWE,2020-12-06,1941.9,2203.7,1813.7,1834.3,1886.6,1811.6,1837.5,1779.1,2027.2,2055.7
Sweden,SWE,2020-12-13,1918.9,2173.5,1780.3,1698,1902.6,1843.6,1770.5,1767.1,2276.2,2195.7
Sweden,SWE,2020-12-20,1949.9,2355.5,1828.3,1782,1912.6,1861.6,1791.5,1874.1,2391.2,2253.7
Sweden,SWE,2020-12-27,2045.9,2372.5,1858.5,1766,2056.6,1975.6,1808.5,1766.1,2393,2166.7
Sweden,SWE,2021-01-03,,2433.7,1858.5,,,,,,,
Switzerland,CHE,2020-01-05,1907,1308,1481.4,1419,1340,1678,1560,1340,1549,1674
Switzerland,CHE,2020-01-12,1791,1366,1493,1493,1242,1731,1540,1389,1522,1541
Switzerland,CHE,2020-01-19,1761,1418,1502.2,1522,1322,1746,1494,1357,1494,1520
Switzerland,CHE,2020-01-26,1611,1417,1471.4,1480,1350,1657,1397,1403,1480,1462
Switzerland,CHE,2020-02-02,1439,1426,1480.6,1590,1345,1563,1396,1439,1478,1373
Switzerland,CHE,2020-02-09,1410,1396,1515.8,1656,1339,1592,1441,1481,1471,1392
Switzerland,CHE,2020-02-16,1299,1384,1520.2,1804,1312,1402,1458,1555,1579,1427
Switzerland,CHE,2020-02-23,1312,1369,1521.8,1772,1380,1382,1478,1527,1447,1380
Switzerland,CHE,2020-03-01,1281,1349,1535,1729,1320,1393,1636,1527,1477,1429
Switzerland,CHE,2020-03-08,1287,1357,1461,1548,1355,1348,1532,1452,1493,1476
Switzerland,CHE,2020-03-15,1229,1396,1401.6,1540,1278,1259,1482,1379,1556,1447
Switzerland,CHE,2020-03-22,1271,1530,1353.2,1433,1294,1239,1379,1351,1566,1421
Switzerland,CHE,2020-03-29,1244,1630,1296.6,1292,1269,1183,1347,1322,1557,1338
Switzerland,CHE,2020-04-05,1259,1879,1313,1300,1242,1234,1337,1382,1470,1331
Switzerland,CHE,2020-04-12,1253,1647,1248.4,1229,1224,1200,1297,1222,1349,1332
Switzerland,CHE,2020-04-19,1251,1577,1241.2,1282,1138,1180,1228,1308,1376,1317
Switzerland,CHE,2020-04-26,1276,1378,1211.8,1214,1174,1223,1145,1233,1295,1381
Switzerland,CHE,2020-05-03,1219,1250,1241.4,1275,1172,1209,1225,1256,1269,1333
Switzerland,CHE,2020-05-10,1259,1184,1209.4,1161,1149,1204,1199,1264,1241,1251
Switzerland,CHE,2020-05-17,1191,1153,1187.8,1152,1176,1207,1116,1218,1291,1218
Switzerland,CHE,2020-05-24,1209,1190,1220.2,1128,1226,1184,1222,1271,1214,1244
Switzerland,CHE,2020-05-31,1217,1102,1168.8,1096,1150,1125,1158,1245,1207,1214
Switzerland,CHE,2020-06-07,1111,1171,1175.4,1169,1104,1106,1177,1251,1216,1235
Switzerland,CHE,2020-06-14,1201,1152,1152.2,1169,1113,1119,1119,1171,1359,1195
Switzerland,CHE,2020-06-21,1191,1149,1186.4,1097,1236,1192,1127,1210,1387,1204
Switzerland,CHE,2020-06-28,1190,1180,1205.8,1197,1172,1166,1181,1243,1351,1221
Switzerland,CHE,2020-07-05,1171,1180,1203.4,1294,1091,1154,1150,1258,1344,1180
Switzerland,CHE,2020-07-12,1184,1174,1195.6,1357,1163,1086,1077,1225,1363,1255
Switzerland,CHE,2020-07-19,1219,1115,1234.6,1294,1233,1148,1222,1206,1490,1266
Switzerland,CHE,2020-07-26,1166,1156,1203.8,1168,1181,1120,1221,1259,1506,1220
Switzerland,CHE,2020-08-02,1170,1280,1184,1138,1113,1200,1261,1138,1367,1239
Switzerland,CHE,2020-08-09,1318,1172,1177.2,1212,1150,1098,1218,1138,1344,1253
Switzerland,CHE,2020-08-16,1255,1230,1176.6,1192,1165,1127,1187,1142,1322,1376
Switzerland,CHE,2020-08-23,1241,1219,1188.8,1148,1130,1203,1143,1250,1334,1401
Switzerland,CHE,2020-08-30,1336,1174,1178.6,1171,1136,1164,1206,1146,1234,1254
Switzerland,CHE,2020-09-06,1339,1167,1181,1151,1184,1151,1177,1172,1267,1357
Switzerland,CHE,2020-09-13,1347,1260,1205.4,1188,1101,1189,1230,1249,1305,1276
Switzerland,CHE,2020-09-20,1309,1243,1220.8,1129,1177,1262,1173,1293,1224,1219
Switzerland,CHE,2020-09-27,1320,1254,1229.8,1186,1210,1242,1206,1235,1474,1248
Switzerland,CHE,2020-10-04,1249,1243,1266.2,1231,1283,1290,1225,1232,1426,1309
Switzerland,CHE,2020-10-11,1313,1334,1255,1165,1268,1266,1229,1277,1453,1317
Switzerland,CHE,2020-10-18,1337,1289,1254.6,1218,1275,1206,1208,1296,1365,1422
Switzerland,CHE,2020-10-25,1375,1492,1249.6,1202,1228,1211,1232,1305,1446,1460
Switzerland,CHE,2020-11-01,1318,1695,1260.4,1284,1309,1150,1269,1220,1397,1432
Switzerland,CHE,2020-11-08,1430,2071,1268.8,1166,1280,1306,1261,1261,1405,1503
Switzerland,CHE,2020-11-15,1514,2149,1292.2,1193,1350,1248,1239,1361,1435,1573
Switzerland,CHE,2020-11-22,1589,2159,1284.8,1250,1188,1313,1273,1330,1488,1530
Switzerland,CHE,2020-11-29,1717,2123,1344.6,1252,1327,1390,1314,1370,1565,1625
Switzerland,CHE,2020-12-06,1791,2179,1326.8,1300,1289,1381,1380,1214,1626,1615
Switzerland,CHE,2020-12-13,1710,2216,1328.6,1228,1288,1348,1346,1363,1681,1567
Switzerland,CHE,2020-12-20,1585,2190,1370,1198,1430,1449,1309,1394,1773,1562
Switzerland,CHE,2020-12-27,1640,2121,1391.2,1287,1577,1364,1336,1322,1674,1513
Switzerland,CHE,2021-01-03,,1994,1391.2,,,,,,,
Taiwan,TWN,2020-01-31,16332,14673,15595.4,14310,14292,12835,16761,16622,15954,17770
Taiwan,TWN,2020-02-29,14856,16211,14686,12122,15441,14865,14493,13352,14887,18506
Taiwan,TWN,2020-03-31,16438,16083,17585.8,16092,18918,17391,17200,15171,18239,20572
Taiwan,TWN,2020-04-30,14276,14423,14754.6,14002,14520,13110,13988,14996,14655,15572
Taiwan,TWN,2020-05-31,15108,13272,14618.8,12802,14238,13914,14328,14655,17409,17530
Taiwan,TWN,2020-06-30,16639,13893,14222.4,13712,13445,14453,13043,13302,21033,17415
Taiwan,TWN,2020-07-31,15523,14533,15071.6,14475,13021,14479,14372,15854,18215,17992
Taiwan,TWN,2020-08-31,14952,13301,14732.6,12586,14195,15580,14162,13983,17830,17139
Taiwan,TWN,2020-09-30,13894,13876,13740.2,12527,12829,13436,12886,13866,16505,14610
Taiwan,TWN,2020-10-31,14415,13542,14921.8,13794,13676,13710,14922,15350,17099,16594
Taiwan,TWN,2020-11-30,15560,14141,14176.2,13010,13663,13632,13680,13739,17719,15965
Taiwan,TWN,2020-12-31,15739,15208,14788.4,14426,14167,13837,12949,15406,17685,15703
Tajikistan,TJK,2020-01-31,3273,3358,3146.9,3346,3266,3157,2807,3344,3001,3115.5
Tajikistan,TJK,2020-02-29,2449,2904,2650.5,2871,2672,2603,2608,2684,2696,2517.8
Tajikistan,TJK,2020-03-31,2884,2895,2852.7,3018,2708,2921,2918,2884,2409,2253.8
Tajikistan,TJK,2020-04-30,2633,2870,2626.3,2687,2557,2725,2701,2647,2404,3011.8
Tajikistan,TJK,2020-05-31,2677,5067,2623.9,2688,2528,2760,2653,2676,2487,2597.8
Tajikistan,TJK,2020-06-30,3037,3234,2575.9,2718,2614,2573,2526,2634,2464,2585.8
Tajikistan,TJK,2020-07-31,6268,3128,2765.1,2877,2746,2612,2898,2878,2669,2523.8
Tajikistan,TJK,2020-08-31,4566,3368,2516.5,2427,2513,2446,2594,2788,2510,2916.8
Tajikistan,TJK,2020-09-30,2659,3560,2357.7,2412,2463,2302,2283,2514,2188,2309.8
Tajikistan,TJK,2020-10-31,2829,4818,2599.7,2608,2729,2542,2704,2601,2445,2585.8
Tajikistan,TJK,2020-11-30,3037,4121,2740.9,2720,3114,2595,2683,2778,2542,2904.8
Tajikistan,TJK,2020-12-31,2800,3303,3290.5,3190,4224,2791,3324,3109,3391,3073.8
Thailand,THA,2020-01-31,46685,47125,44696.6,44867,40316,40798,44867,45329,48377,53950
Thailand,THA,2020-02-29,38228,39758,39712.8,38000,40557,36493,38000,38208,42195,44319
Thailand,THA,2020-03-31,46748,44304,41499.6,38987,42396,39080,38987,40742,53256,48199
Thailand,THA,2020-04-30,42435,40057,43236.4,39660,45129,36461,39660,47966,55398,47082
Thailand,THA,2020-05-31,45387,39674,41915.2,38708,41071,39543,38708,44240,51273,53038
Thailand,THA,2020-06-30,43522,39479,38478,36867,36132,37518,36867,37700,47056,44970
Thailand,THA,2020-07-31,48944,39817,40728.4,39105,36916,38322,39105,42888,44147,41588
Thailand,THA,2020-08-31,57125,40999,41623.6,40663,40397,40097,40663,38992,54270,48242
Thailand,THA,2020-09-30,48129,39361,40013.4,37147,38582,38148,37147,41737,47755,42890
Thailand,THA,2020-10-31,46448,41640,43310,41876,40338,41565,41876,43589,51160,48268
Thailand,THA,2020-11-30,48892,43545,40985.6,39332,38617,39861,39332,40480,49543,46446
Thailand,THA,2020-12-31,51107,45679,41862.4,38329,39983,41025,38329,44340,51535,47000
Transnistria,OWID_TRS,2020-01-31,902,605,696.1,,,725,626,728,673,
Transnistria,OWID_TRS,2020-02-29,654,518,579.8,,,551,587,592,719,
Transnistria,OWID_TRS,2020-03-31,887,620,619.4,,,598,683,568,693,
Transnistria,OWID_TRS,2020-04-30,862,461,532.8,,,513,545,531,530,
Transnistria,OWID_TRS,2020-05-31,684,596,608.8,,,586,602,629,508,
Transnistria,OWID_TRS,2020-06-30,642,564,522.8,,,529,502,528,462,
Transnistria,OWID_TRS,2020-07-31,559,550,493.1,,479,484,446,548,439,
Transnistria,OWID_TRS,2020-08-31,519,517,547.6,,572,546,533,524,494,
Transnistria,OWID_TRS,2020-09-30,591,580,485.9,,474,476,468,510,475,
Transnistria,OWID_TRS,2020-10-31,808,606,573.4,,507,576,617,578,521,
Transnistria,OWID_TRS,2020-11-30,1081,636,555.6,,600,550,533,524,,
Transnistria,OWID_TRS,2020-12-31,791,1005,577.1,,608,550,585,550,,
Tunisia,TUN,2020-01-31,10564,7946,8295.2,7522,6514,9155,7781,8090,9723,8334
Tunisia,TUN,2020-02-29,7302,7398,7450.2,7184,6011,7259,6915,7468,9585,7710
Tunisia,TUN,2020-03-31,7435,6702,7263.4,6932,6661,6394,6945,6971,7480,6745
Tunisia,TUN,2020-04-30,9027,5362,6007.6,5450,5164,5415,5657,5938,5579,5874
Tunisia,TUN,2020-05-31,8318,5065,5705.4,4923,5239,5377,5205,5369,5679,5654
Tunisia,TUN,2020-06-30,9508,5021,5464.8,4788,4656,4942,4932,5592,5595,5376
Tunisia,TUN,2020-07-31,15176,5554,6172.8,5342,5311,5696,6055,6046,7139,8925
Tunisia,TUN,2020-08-31,12466,6232,6165.4,5769,5130,6097,5376,6041,6377,6021
Tunisia,TUN,2020-09-30,7328,5741,5675.8,4998,4767,5145,5408,5647,5489,5454
Tunisia,TUN,2020-10-31,6049,8127,6003.6,5321,5086,5556,5860,5781,5501,5506
Tunisia,TUN,2020-11-30,6184,8022,6321.2,5365,5619,5965,5982,6261,5932,5527
Tunisia,TUN,2020-12-31,7650,8720,7018,6050,6138,7001,6600,6887,7254,6840
Turkey,TUR,2020-01-31,46976,42023,43707.5,34918,43871,43793,38883,48821,53911,46357
Turkey,TUR,2020-02-29,36924,35037,37089.1,32870,36355,36202,35091,36676,53136,85624
Turkey,TUR,2020-03-31,43103,37686,38206.5,37925,34455,36952,36414,37035,46412,40099
Turkey,TUR,2020-04-30,51147,38379,35864.9,34983,32661,34116,34255,35058,38586,38200
Turkey,TUR,2020-05-31,46224,35133,35815.3,33497,33261,34296,34161,35610,38201,39198
Turkey,TUR,2020-06-30,38045,33668,34665.5,30590,33897,32987,33053,34549,35463,37209
Turkey,TUR,2020-07-31,43772,38959,36828.7,33854,34628,36456,36235,34719,41048,41781
Turkey,TUR,2020-08-31,53359,42793,36396.1,34285,34491,33694,36046,35213,43121,40584
Turkey,TUR,2020-09-30,50364,43995,33854.3,31038,32071,32531,33325,32055,35607,36138
Turkey,TUR,2020-10-31,52016,42792,35891.5,32449,34485,34773,35278,34221,37406,39279
Turkey,TUR,2020-11-30,52492,57500,36232.7,33526,34743,34727,35410,34506,39116,38800
Turkey,TUR,2020-12-31,52323,61182,39003.1,35593,38046,36330,38634,38161,43458,43147
Ukraine,UKR,2020-01-31,57721,53610,56561,55287,56236,58151,53851,62196,57248,
Ukraine,UKR,2020-02-29,51391,47128,47728.6,50428,48796,47356,47088,47891,,
Ukraine,UKR,2020-03-31,64938,48326,51502.4,57059,50367,49737,54088,49177,,
Ukraine,UKR,2020-04-30,68621,46223,48520.8,54514,47510,47050,48567,47879,,
Ukraine,UKR,2020-05-31,57293,44680,50512.6,50070,49717,51274,50627,53791,,
Ukraine,UKR,2020-06-30,49077,47043,44374.6,45851,47181,44565,43796,43396,,
Ukraine,UKR,2020-07-31,46851,47297,45341.2,48291,44485,42566,46350,47930,,
Ukraine,UKR,2020-08-31,43538,44008,43646.4,42867,44871,45806,45245,42359,,
Ukraine,UKR,2020-09-30,48425,48372,41847.2,43642,42760,41966,41870,41914,,
Ukraine,UKR,2020-10-31,74282,59047,49259,48919,47994,49054,52999,50245,,
Ukraine,UKR,2020-11-30,87862,63438,47992.2,47087,49849,48332,50623,46986,,
Ukraine,UKR,2020-12-31,64264,67663,49981.2,50780,53865,48266,52561,47350,,
United Arab Emirates,ARE,2020-01-31,1091,741,843,,,,835,798,1202,1051
United Arab Emirates,ARE,2020-02-29,1308,666,798.5,,,,762,782,1006,853
United Arab Emirates,ARE,2020-03-31,1175,651,798.5,,,,780,764,1006,953
United Arab Emirates,ARE,2020-04-30,926,1064,739,,,,685,740,896,946
United Arab Emirates,ARE,2020-05-31,946,1598,736.5,,,,710,710,910,921
United Arab Emirates,ARE,2020-06-30,1163,1061,746,,,,705,734,954,923
United Arab Emirates,ARE,2020-07-31,1320,782,743,,,,723,710,1037,980
United Arab Emirates,ARE,2020-08-31,996,753,739.5,,,,684,742,907,950
United Arab Emirates,ARE,2020-09-30,743,722,744,,,,711,724,912,903
United Arab Emirates,ARE,2020-10-31,750,720,744,,,,705,730,916,931
United Arab Emirates,ARE,2020-11-30,733,817,786.5,,,,760,760,968,1002
United Arab Emirates,ARE,2020-12-31,760,782,799.5,,,,734,812,1048,1101
United Kingdom,GBR,2020-01-05,20039,13767,13695.1,,14860,13608,14699,12421,13909,16993
United Kingdom,GBR,2020-01-12,20035,16018,15846.7,18317,13149,15526,17429,14484,15273,19948
United Kingdom,GBR,2020-01-19,20709,14723,15048.7,16735,13056,15230,16351,13543,14440,17946
United Kingdom,GBR,2020-01-26,20489,13426,14520.9,15710,12853,14461,15970,13282,13998,15970
United Kingdom,GBR,2020-02-02,19160,13123,13901.9,14559,12556,14184,15084,12798,13485,15131
United Kingdom,GBR,2020-02-09,17148,12532,13570.9,13728,12680,13794,14104,13220,13171,14339
United Kingdom,GBR,2020-02-16,15583,12416,13266.5,13510,12015,13209,13924,13346,12748,13722
United Kingdom,GBR,2020-02-23,14290,12299,13213.9,13069,12716,13328,13752,12876,12667,13608
United Kingdom,GBR,2020-03-01,13115,12333,12743.3,13179,12730,12815,12188,12476,12755,13613
United Kingdom,GBR,2020-03-08,12471,12412,13129.3,13003,12487,12577,14857,12394,12787,13048
United Kingdom,GBR,2020-03-15,11678,12539,12750.3,12472,12480,12088,14366,12017,12495,13683
United Kingdom,GBR,2020-03-22,11449,12113,12069.5,12026,10970,11832,13397,11794,12358,13794
United Kingdom,GBR,2020-03-29,9461,12508,11613.3,11985,11733,11453,11308,11259,11450,13153
United Kingdom,GBR,2020-04-05,10401,18565,11744.7,10321,13059,11304,12269,11442,12278,11554
United Kingdom,GBR,2020-04-12,10474,20929,11982.3,11572,12753,9756,13841,11661,11305,11490
United Kingdom,GBR,2020-04-19,11358,24691,11913.7,13058,12310,10993,12639,10240,12196,14028
United Kingdom,GBR,2020-04-26,11023,24303,11908.3,12020,11792,12354,11595,11452,14074,13696
United Kingdom,GBR,2020-05-03,9210,20058,11376.5,11559,10396,10371,11535,12693,11315,11607
United Kingdom,GBR,2020-05-10,11566,14428,10950.3,10137,11997,12110,9820,10359,13614,11806
United Kingdom,GBR,2020-05-17,11221,16390,11612.1,11692,11221,11716,11386,11717,13046,13190
United Kingdom,GBR,2020-05-24,10991,13839,11342.1,11323,11011,11423,10973,11652,12289,12532
United Kingdom,GBR,2020-05-31,9115,11268,9511.5,9513,9189,9601,9395,9531,7893,10160
United Kingdom,GBR,2020-06-07,11619,12106,11387.5,11590,11171,11131,11257,11460,13291,12384
United Kingdom,GBR,2020-06-14,10826,11302,10765.9,10856,10668,10693,10533,10751,12328,12203
United Kingdom,GBR,2020-06-21,10064,10694,10761.9,10625,10607,10932,10511,10806,12294,11898
United Kingdom,GBR,2020-06-28,10175,10282,10667.3,10516,10523,10619,10528,10822,11841,11765
United Kingdom,GBR,2020-07-05,11137,10412,10546.1,10539,10411,10563,10564,10325,11649,11147
United Kingdom,GBR,2020-07-12,11055,9942,10574.1,10277,10646,10641,10467,10511,11948,11343
United Kingdom,GBR,2020-07-19,11176,10096,10422.1,10022,10666,10422,10349,10323,12456,11024
United Kingdom,GBR,2020-07-26,11583,10160,10375.1,10019,10604,10147,10355,10422,12547,11117
United Kingdom,GBR,2020-08-02,11602,10262,10370.7,9891,10427,10236,10408,10563,12159,11439
United Kingdom,GBR,2020-08-09,11802,10236,10425.5,10150,10426,10277,10541,10405,11794,11396
United Kingdom,GBR,2020-08-16,11527,10598,10408.9,10346,10312,10564,10091,10403,12477,11469
United Kingdom,GBR,2020-08-23,11696,10990,10496.9,10354,10633,10695,10199,10275,12343,11526
United Kingdom,GBR,2020-08-30,10317,10365,9535.5,10235,9223,9369,9045,9477,10202,9729
United Kingdom,GBR,2020-09-06,12542,9023,10494.3,9092,10677,10776,10680,10918,12196,11590
United Kingdom,GBR,2020-09-13,12642,11176,10674.1,10567,10399,10689,10496,10891,12141,11691
United Kingdom,GBR,2020-09-20,12263,10796,10610.7,10381,10182,10873,10498,10791,10028,11842
United Kingdom,GBR,2020-09-27,12145,10890,10772.1,10819,10276,11027,10458,10952,12509,11401
United Kingdom,GBR,2020-10-04,12505,11469,10953.5,10697,10665,11098,10867,11112,12814,11545
United Kingdom,GBR,2020-10-11,12859,11374,11250.1,11106,11013,11353,11047,11403,13271,11997
United Kingdom,GBR,2020-10-18,12944,11946,11287.3,10793,11130,11385,11176,11624,13512,11888
United Kingdom,GBR,2020-10-25,12649,12317,11157.9,10965,11047,11151,10885,11413,12874,11919
United Kingdom,GBR,2020-11-01,13219,12517,11316.1,10999,11459,11362,10866,11566,13446,12513
United Kingdom,GBR,2020-11-08,13791,13448,11791.1,11301,11800,11762,11587,12177,13141,13118
United Kingdom,GBR,2020-11-15,13755,13998,11866.5,11335,12202,11771,11551,12145,13256,12863
United Kingdom,GBR,2020-11-22,13166,14291,11882.7,11174,12063,12092,11286,12470,13114,13027
United Kingdom,GBR,2020-11-29,13370,14133,11864.1,11212,11896,12042,11388,12454,12884,12926
United Kingdom,GBR,2020-12-06,13624,13986,12220.5,11743,12732,12342,11685,12272,13355,12908
United Kingdom,GBR,2020-12-13,14122,13942,12389.5,11699,12067,12923,12078,12852,14070,13626
United Kingdom,GBR,2020-12-20,14697,14658,13221.3,12133,13129,14304,12647,13565,16552,15012
United Kingdom,GBR,2020-12-27,9805,13035,9295.3,9805,9334,9898,8384,8727,10953,8702
United Kingdom,GBR,2021-01-03,,11580,9295.3,,,,,,,
United States,USA,2020-01-05,86883,60030,61944.9,,55937,59890,66334,58299,79678,68963
United States,USA,2020-01-12,87230,60584,63094.9,61882,55654,61108,67493,58358,84954,66338
United States,USA,2020-01-19,83532,59212,61965.1,61261,55280,59444,64643,58218,85533,64162
United States,USA,2020-01-26,79049,59018,60857.3,58738,55709,58174,62780,57906,84940,62445
United States,USA,2020-02-02,76348,58696,60201.1,57380,54995,58530,60972,58149,81204,62731
United States,USA,2020-02-09,71382,59351,60476.1,57393,55222,59155,61110,58521,77135,62849
United States,USA,2020-02-16,69371,58696,59959.7,56535,55912,58596,59778,57998,70908,61736
United States,USA,2020-02-23,66618,58770,59317.7,56462,54975,58376,57791,58005,66066,62034
United States,USA,2020-03-01,63570,59198,59000.9,56028,55982,57354,56691,57970,64414,61310
United States,USA,2020-03-08,61751,59566,59329.9,56221,56225,57590,57092,58542,61805,60704
United States,USA,2020-03-15,60241,58545,58385.1,55374,54566,56772,56318,57916,60525,60996
United States,USA,2020-03-22,60711,59091,58030.1,54387,54772,57157,55762,57093,58514,60730
United States,USA,2020-03-29,58566,62870,57142.9,53336,53980,55832,54915,56672,57991,60097
United States,USA,2020-04-05,60880,72142,57083.7,53121,54170,55262,55289,56597,57778,59010
United States,USA,2020-04-12,59017,78945,56609.3,52785,53603,54967,55226,55486,57773,59608
United States,USA,2020-04-19,60141,76694,55770.1,52942,53254,53171,54037,54467,56655,58395
United States,USA,2020-04-26,59682,73773,54922.7,51702,51162,53391,53723,53656,57273,57739
United States,USA,2020-05-03,58889,69180,54883.1,51590,51373,52749,53737,53987,57444,58012
United States,USA,2020-05-10,58331,66708,54299.7,51758,51108,52074,52103,53476,57852,57787
United States,USA,2020-05-17,58633,64398,53813.5,50771,50554,52572,50618,53573,57591,56617
United States,USA,2020-05-24,57217,61519,53340.3,49428,50586,51091,50927,53690,57031,55738
United States,USA,2020-05-31,57345,59593,53150.5,49816,49823,51366,51042,52726,57520,56797
United States,USA,2020-06-07,57000,58804,53357.3,49132,50026,51513,51998,53138,58003,56274
United States,USA,2020-06-14,57100,57919,53152.7,49845,49995,50915,51384,52645,57700,56298
United States,USA,2020-06-21,56759,57902,52912.9,49222,49718,51313,51044,52288,58239,55795
United States,USA,2020-06-28,57397,58392,52759.3,49169,49844,50746,50852,52206,58008,55713
United States,USA,2020-07-05,57047,59698,53041.9,49334,49789,51085,51681,52341,58111,55967
United States,USA,2020-07-12,57059,61795,52593.9,49019,49730,50124,51190,51927,58393,55602
United States,USA,2020-07-19,58316,62995,52434.5,49344,49374,50222,50606,51647,59722,55725
United States,USA,2020-07-26,60180,64117,52171.7,48655,49809,49487,50269,51659,58737,55682
United States,USA,2020-08-02,63599,64118,52309.1,48673,49648,50204,50635,51406,59154,56093
United States,USA,2020-08-09,66879,63575,52431.1,48279,49829,50360,50965,51743,58562,56643
United States,USA,2020-08-16,69803,63510,52118.3,48086,49920,50290,50298,51018,58402,56621
United States,USA,2020-08-23,71976,62437,52050.5,48546,49598,49655,50456,51018,58251,56446
United States,USA,2020-08-30,73347,60978,52398.9,48615,49685,50952,50608,51155,58045,56201
United States,USA,2020-09-06,73567,60121,52643.3,48817,50192,51100,50297,51831,58657,57226
United States,USA,2020-09-13,73141,59546,52884.1,48885,50029,51815,51082,51630,58221,56675
United States,USA,2020-09-20,72037,59635,52916.9,48935,49983,51353,51580,51754,58714,56927
United States,USA,2020-09-27,71201,60506,53165.5,49329,50357,51458,50951,52753,58520,57238
United States,USA,2020-10-04,68969,59708,53710.5,48916,51512,52229,52353,52563,59545,58053
United States,USA,2020-10-11,67416,61671,54179.7,51048,52237,51695,51847,53092,59713,58398
United States,USA,2020-10-18,66923,60506,54427.5,49936,51559,52349,52974,54340,60072,58502
United States,USA,2020-10-25,66321,62089,54839.5,50761,51973,52679,53758,54047,60009,58488
United States,USA,2020-11-01,66496,63322,54968.7,50471,51862,53814,53633,54084,61006,58979
United States,USA,2020-11-08,67316,67470,55506.7,51282,52639,53376,53559,55698,61031,60301
United States,USA,2020-11-15,66814,68725,55952.3,50744,53546,53910,54696,55886,61605,59766
United States,USA,2020-11-22,67822,71538,56191.1,51489,53224,54221,54845,56197,64605,59370
United States,USA,2020-11-29,70026,73182,56460.1,51292,54610,54900,55057,55462,65752,62005
United States,USA,2020-12-06,71988,77271,57462.3,52088,55240,55739,55964,57301,66996,63358
United States,USA,2020-12-13,71173,81859,58463.1,53661,56100,57534,56383,57658,66383,62794
United States,USA,2020-12-20,72138,82797,58672.3,51948,56809,59678,56525,57422,67944,64419
United States,USA,2020-12-27,74247,84224,59471.5,52866,57782,61243,56025,58462,70162,65271
United States,USA,2021-01-03,,86853,59471.5,,,,,,,
Uruguay,URY,2020-01-31,3074,2546,2668.4,2514,2576,2565,2525,2720,3769,2867
Uruguay,URY,2020-02-29,2541,2427,2375.6,2219,2403,2265,2231,2318,3654,2428
Uruguay,URY,2020-03-31,3065,2601,2651.4,2474,2558,2624,2518,2641,3032,2681
Uruguay,URY,2020-04-30,4442,2511,2583.2,2485,2444,2507,2458,2580,2895,2777
Uruguay,URY,2020-05-31,4792,2718,2982.2,2736,3351,2732,2746,2904,3307,2997
Uruguay,URY,2020-06-30,4448,2707,3317,2948,3577,3403,3210,3005,3970,
Uruguay,URY,2020-07-31,3713,3162,3574.4,3545,3358,3415,3392,3720,3799,
Uruguay,URY,2020-08-31,3379,2952,3402.6,3100,3187,3048,3721,3515,3419,
Uruguay,URY,2020-09-30,2949,2866,3131.8,2940,2956,2833,3282,3206,3003,
Uruguay,URY,2020-10-31,2959,2721,2885.4,2804,2702,2678,2885,2916,2978,
Uruguay,URY,2020-11-30,2785,2568,2662,2544,2555,2458,2652,2659,2658,
Uruguay,URY,2020-12-31,3021,2859,2696.4,2658,2606,2645,2508,2623,2838,
Uzbekistan,UZB,2020-01-31,11921,11136,10308.6,9402,8986,11088,10089,11329,11848,10997
Uzbekistan,UZB,2020-02-29,14702,13693,13496.2,13028,13307,13834,13645,13018,14612,14888
Uzbekistan,UZB,2020-03-31,13603,12633,13591.2,12873,13515,14407,13972,12540,13951,13115
Uzbekistan,UZB,2020-04-30,12432,11613,13147.8,13276,12809,12879,12983,13143,12762,12911
Uzbekistan,UZB,2020-05-31,12440,11792,13023.2,11707,12426,13913,13263,13158,12847,13148
Uzbekistan,UZB,2020-06-30,14629,13787,12291.8,12748,12809,12598,11610,11045,14817,14563
Uzbekistan,UZB,2020-07-31,17670,17345,13861.6,13701,12118,13844,14219,14777,17269,17474
Uzbekistan,UZB,2020-08-31,21208,20706,12382.6,11387,12457,13260,11868,12292,18771,18877
Uzbekistan,UZB,2020-09-30,13456,13161,10987,10947,10493,11045,10950,10851,13351,13691
Uzbekistan,UZB,2020-10-31,13701,15629,12047.6,11651,11590,12256,12144,11948,13602,13789
Uzbekistan,UZB,2020-11-30,12981,14204,12960.2,12495,13615,13102,12667,12273,12850,13428
Uzbekistan,UZB,2020-12-31,15797,19938,18866.2,18820,20666,18497,17503,18196,15395,15876